$MeshFormat
2.2 0 8
$EndMeshFormat
$PhysicalNames
3
2 1 "Tampa"
2 2 "Paredes"
3 3 "Dominio_3D"
$EndPhysicalNames
$Nodes
1139
1 0 0 0
2 1 0 0
3 1 1 0
4 0 1 0
5 0 0 1
6 1 0 1
7 1 1 1
8 0 1 1
9 0.09999999999981468 0 0
10 0.1999999999995579 0 0
11 0.2999999999992664 0 0
12 0.399999999998975 0 0
13 0.4999999999986943 0 0
14 0.5999999999989468 0 0
15 0.69999999999921 0 0
16 0.7999999999994734 0 0
17 0.8999999999997368 0 0
18 1 0.09999999999981468 0
19 1 0.1999999999995579 0
20 1 0.2999999999992664 0
21 1 0.399999999998975 0
22 1 0.4999999999986943 0
23 1 0.5999999999989468 0
24 1 0.69999999999921 0
25 1 0.7999999999994734 0
26 1 0.8999999999997368 0
27 0.8999999999995836 1 0
28 0.7999999999999998 1 0
29 0.7000000000006934 1 0
30 0.6000000000013869 1 0
31 0.5000000000020587 1 0
32 0.4000000000016644 1 0
33 0.3000000000012483 1 0
34 0.2000000000008322 1 0
35 0.100000000000416 1 0
36 0 0.8999999999995836 0
37 0 0.7999999999999998 0
38 0 0.7000000000006934 0
39 0 0.6000000000013869 0
40 0 0.5000000000020587 0
41 0 0.4000000000016644 0
42 0 0.3000000000012483 0
43 0 0.2000000000008322 0
44 0 0.100000000000416 0
45 0.09999999999981468 0 1
46 0.1999999999995579 0 1
47 0.2999999999992664 0 1
48 0.399999999998975 0 1
49 0.4999999999986943 0 1
50 0.5999999999989468 0 1
51 0.69999999999921 0 1
52 0.7999999999994734 0 1
53 0.8999999999997368 0 1
54 1 0.09999999999981468 1
55 1 0.1999999999995579 1
56 1 0.2999999999992664 1
57 1 0.399999999998975 1
58 1 0.4999999999986943 1
59 1 0.5999999999989468 1
60 1 0.69999999999921 1
61 1 0.7999999999994734 1
62 1 0.8999999999997368 1
63 0.8999999999995836 1 1
64 0.7999999999999998 1 1
65 0.7000000000006934 1 1
66 0.6000000000013869 1 1
67 0.5000000000020587 1 1
68 0.4000000000016644 1 1
69 0.3000000000012483 1 1
70 0.2000000000008322 1 1
71 0.100000000000416 1 1
72 0 0.8999999999995836 1
73 0 0.7999999999999998 1
74 0 0.7000000000006934 1
75 0 0.6000000000013869 1
76 0 0.5000000000020587 1
77 0 0.4000000000016644 1
78 0 0.3000000000012483 1
79 0 0.2000000000008322 1
80 0 0.100000000000416 1
81 0 0 0.09999999999981468
82 0 0 0.1999999999995579
83 0 0 0.2999999999992664
84 0 0 0.399999999998975
85 0 0 0.4999999999986943
86 0 0 0.5999999999989468
87 0 0 0.69999999999921
88 0 0 0.7999999999994734
89 0 0 0.8999999999997368
90 1 0 0.09999999999981468
91 1 0 0.1999999999995579
92 1 0 0.2999999999992664
93 1 0 0.399999999998975
94 1 0 0.4999999999986943
95 1 0 0.5999999999989468
96 1 0 0.69999999999921
97 1 0 0.7999999999994734
98 1 0 0.8999999999997368
99 1 1 0.09999999999981468
100 1 1 0.1999999999995579
101 1 1 0.2999999999992664
102 1 1 0.399999999998975
103 1 1 0.4999999999986943
104 1 1 0.5999999999989468
105 1 1 0.69999999999921
106 1 1 0.7999999999994734
107 1 1 0.8999999999997368
108 0 1 0.09999999999981468
109 0 1 0.1999999999995579
110 0 1 0.2999999999992664
111 0 1 0.399999999998975
112 0 1 0.4999999999986943
113 0 1 0.5999999999989468
114 0 1 0.69999999999921
115 0 1 0.7999999999994734
116 0 1 0.8999999999997368
117 0.4500000000018615 0.9133974596216763 0
118 0.09236792741065175 0.4605742807381246 0
119 0.5499999999988205 0.08660254037843168 0
120 0.9152217186777627 0.5468402906274977 0
121 0.6500000000008004 0.9133974596219512 0
122 0.08885430207258679 0.6509201999022066 0
123 0.9133974596218085 0.3499999999991207 0
124 0.3475303635242556 0.08190748804974732 0
125 0.9103703875043379 0.7586725654707316 0
126 0.250817301762687 0.9138693290130382 0
127 0.7459788032314766 0.07959225689678909 0
128 0.0866025403788042 0.2500000000010402 0
129 0.0905697247447483 0.8408174380938657 0
130 0.8495762630717529 0.9153227954948183 0
131 0.1504237369277892 0.08467720450543255 0
132 0.9170502595852439 0.1505932316990231 0
133 0.3501362169619657 0.9134761045201358 0
134 0.4000227028286922 0.8268080267265112 0
135 0.5000037838059685 0.8267971038241898 0
136 0.4500044144404198 0.7401949275428534 0
137 0.5500013663751488 0.7401931677420533 0
138 0.5000009634704363 0.6535903947466355 0
139 0.3996660322685218 0.6539624100660315 0
140 0.449289026215022 0.5674132367139484 0
141 0.5498816649485161 0.5670583805869819 0
142 0.4998617818618977 0.4804675945786104 0
143 0.5999572411359391 0.480410410952493 0
144 0.3992029949383344 0.4808333042715238 0
145 0.4498441294682416 0.3938707812513985 0
146 0.3508014145113756 0.3944261231392705 0
147 0.6499731510146841 0.5670034207262443 0
148 0.7044542185661735 0.4836609274158972 0
149 0.6507352432846274 0.3943325211712254 0
150 0.2989417123120315 0.4807819782420579 0
151 0.4001075906650128 0.307301755256043 0
152 0.3000000000029337 0.307179676975351 0
153 0.49999195335689 0.3072147840053007 0
154 0.4500000000024977 0.2205771365973904 0
155 0.7516124797967327 0.5701303236396055 0
156 0.7002642718023645 0.6541163631790481 0
157 0.7535358109397496 0.3987254670893925 0
158 0.7000000000012367 0.3071796769756577 0
159 0.8000000000003893 0.6535898384882716 0
160 0.7471434102059789 0.7386054505286089 0
161 0.5500000000021418 0.2205771365975504 0
162 0.8109810542586329 0.304753609815471 0
163 0.7487737367126539 0.221562758607786 0
164 0.3001627035935244 0.826888856205148 0
165 0.1994089234458853 0.8296981761685949 0
166 0.2499286045088537 0.7410578833522046 0
167 0.1494939110587456 0.743160148246927 0
168 0.1967429917984386 0.6534863612147317 0
169 0.147506470839524 0.5596891567283324 0
170 0.2461396475416217 0.5647585225755521 0
171 0.2006125504552571 0.4738835212418009 0
172 0.1629581819743507 0.380388647536347 0
173 0.3488732355465847 0.5672558538991082 0
174 0.6000008583640313 0.8267954148199791 0
175 0.8994183955992584 0.6528983889292924 0
176 0.6499999999991333 0.08660254037864006 0
177 0.9157740970141774 0.4494733817703519 0
178 0.8167956118738319 0.4899817334731323 0
179 0.4498499977837827 0.08393456559302379 0
180 0.5500007736960177 0.9133979063146327 0
181 0.2471893802660856 0.0840732970607298 0
182 0.1856343100128922 0.1794039491425673 0
183 0.9132469817449552 0.250891140252 0
184 0.6000202362686521 0.6536923509744799 0
185 0.7499293771789075 0.9137183489341745 0
186 0.3492006954957152 0.2288327370242559 0
187 0.5500650581848783 0.3939126281557884 0
188 0.6495716905027349 0.7400329444146917 0
189 0.6994408893754028 0.8265574229272836 0
190 0.6001320424719059 0.3072989805838409 0
191 0.8150407418201521 0.8183024367054089 0
192 0.6500000000016617 0.2205771365975227 0
193 0.349964076273998 0.740782962569714 0
194 0.298552431323003 0.6535506656128903 0
195 0.1530678781041704 0.9178724624824317 0
196 0.9167537064254059 0.8508718537559956 0
197 0.08296629115975593 0.1498875452108657 0
198 0.1890575670468489 0.2940842362157939 0
199 0.8440933898604551 0.09385434397709347 0
200 0.2503952377171328 0.3884573638917702 0
201 0.07972803913531326 0.3493512757062616 0
202 0.8380531170040464 0.1999999999995611 0
203 0.8406928938275631 0.3992789991981975 0
204 0.2898261153518072 0.1633999302292043 0
205 0.06578358757521614 0.7469795572487384 0
206 0.699999999999216 0.1535898384871377 0
207 0.5999999999988376 0.1535898384867516 0
208 0.4999999999989005 0.1535898384865984 0
209 0.3977345286928264 0.1553736159967034 0
210 0.8325961894321569 0.7301442841501401 0
211 0.06525626353167122 0.5500000000017229 0
212 0.8366096411895949 0.5826881150315598 0
213 0.261387261226549 0.2359890604552143 0
214 0.926794919243098 0.9267949192431389 0
215 0.07320508075687601 0.9267949192431241 0
216 0.9267949192432317 0.07320508075664824 0
217 0.07320508075662228 0.07320508075678341 0
218 0.7753798093615696 0.1497198395936735 0
219 0.4500000000018615 0.9133974596216763 1
220 0.09236792741065178 0.4605742807381246 1
221 0.5499999999988205 0.08660254037843168 1
222 0.9152217186777626 0.5468402906274978 1
223 0.6500000000008002 0.9133974596219514 1
224 0.08885430207258679 0.6509201999022066 1
225 0.9133974596218085 0.3499999999991207 1
226 0.3475303635242559 0.08190748804974742 1
227 0.9103703875043376 0.7586725654707323 1
228 0.250817301762687 0.9138693290130382 1
229 0.7459788032314766 0.07959225689678907 1
230 0.0866025403788042 0.2500000000010402 1
231 0.0905697247447483 0.8408174380938657 1
232 0.8495762630717529 0.9153227954948184 1
233 0.1504237369277892 0.08467720450543255 1
234 0.9170502595852439 0.1505932316990231 1
235 0.3501362169619657 0.9134761045201359 1
236 0.4000227028286921 0.8268080267265111 1
237 0.5000037838059685 0.8267971038241898 1
238 0.4500044144404198 0.7401949275428534 1
239 0.5500013663751491 0.7401931677420539 1
240 0.5000009634704367 0.6535903947466357 1
241 0.399666032268522 0.6539624100660313 1
242 0.4492890262150225 0.5674132367139484 1
243 0.549881664948517 0.5670583805869822 1
244 0.4998617818618987 0.4804675945786105 1
245 0.5999572411359402 0.4804104109524934 1
246 0.3992029949383352 0.4808333042715238 1
247 0.4498441294682426 0.3938707812513985 1
248 0.3508014145113767 0.3944261231392703 1
249 0.6499731510146849 0.5670034207262451 1
250 0.7044542185661744 0.4836609274158979 1
251 0.6507352432846287 0.3943325211712259 1
252 0.298941712312032 0.4807819782420578 1
253 0.400107590665014 0.3073017552560429 1
254 0.3000000000029349 0.3071796769753507 1
255 0.4999919533568913 0.3072147840053006 1
256 0.450000000002499 0.2205771365973903 1
257 0.7516124797967332 0.5701303236396065 1
258 0.7002642718023648 0.6541163631790493 1
259 0.7535358109397506 0.398725467089393 1
260 0.7000000000012385 0.3071796769756586 1
261 0.8000000000003892 0.6535898384882736 1
262 0.7471434102059786 0.7386054505286099 1
263 0.550000000002143 0.2205771365975504 1
264 0.810981054258634 0.3047536098154716 1
265 0.7487737367126555 0.2215627586077867 1
266 0.3001627035935242 0.8268888562051476 1
267 0.1994089234458853 0.8296981761685946 1
268 0.2499286045088535 0.7410578833522043 1
269 0.1494939110587456 0.7431601482469269 1
270 0.1967429917984385 0.6534863612147316 1
271 0.1475064708395241 0.5596891567283325 1
272 0.2461396475416221 0.5647585225755519 1
273 0.2006125504552573 0.4738835212418007 1
274 0.1629581819743507 0.380388647536347 1
275 0.3488732355465848 0.567255853899108 1
276 0.6000008583640311 0.8267954148199792 1
277 0.8994183955992581 0.6528983889292933 1
278 0.6499999999991333 0.08660254037864006 1
279 0.9157740970141776 0.449473381770352 1
280 0.8167956118738324 0.4899817334731327 1
281 0.4498499977837828 0.08393456559302377 1
282 0.5500007736960177 0.9133979063146327 1
283 0.2471893802660858 0.08407329706072986 1
284 0.1856343100128923 0.1794039491425674 1
285 0.9132469817449556 0.2508911402520001 1
286 0.6000202362686526 0.6536923509744805 1
287 0.7499293771789072 0.9137183489341748 1
288 0.3492006954957162 0.2288327370242559 1
289 0.5500650581848794 0.3939126281557886 1
290 0.6495716905027349 0.7400329444146923 1
291 0.6994408893754027 0.8265574229272842 1
292 0.6001320424719074 0.3072989805838413 1
293 0.8150407418201518 0.8183024367054095 1
294 0.6500000000016634 0.2205771365975236 1
295 0.3499640762739977 0.7407829625697137 1
296 0.2985524313230031 0.6535506656128901 1
297 0.1530678781041704 0.9178724624824317 1
298 0.9167537064254057 0.8508718537559959 1
299 0.08296629115975596 0.1498875452108657 1
300 0.1890575670468492 0.2940842362157939 1
301 0.8440933898604551 0.09385434397709347 1
302 0.2503952377171335 0.3884573638917701 1
303 0.07972803913531329 0.3493512757062616 1
304 0.8380531170040472 0.1999999999995609 1
305 0.8406928938275637 0.3992789991981978 1
306 0.2898261153518077 0.1633999302292045 1
307 0.06578358757521614 0.7469795572487384 1
308 0.6999999999992159 0.1535898384871375 1
309 0.5999999999988376 0.153589838486751 1
310 0.4999999999989005 0.1535898384865978 1
311 0.3977345286928269 0.1553736159967033 1
312 0.8325961894321562 0.7301442841501418 1
313 0.06525626353167122 0.5500000000017229 1
314 0.8366096411895951 0.5826881150315607 1
315 0.2613872612265494 0.2359890604552143 1
316 0.926794919243098 0.9267949192431389 1
317 0.07320508075687601 0.9267949192431241 1
318 0.9267949192432317 0.07320508075664824 1
319 0.07320508075662228 0.07320508075678341 1
320 0.77537980936157 0.1497198395936735 1
321 0.9063935249342827 0 0.5371453199814612
322 0.084529946161989 0 0.5499999999989176
323 0.5499999999988205 0 0.08660254037843168
324 0.5499999999988205 0 0.9133974596215684
325 0.3499999999991207 0 0.9133974596218085
326 0.9111456979278021 0 0.3490798000978425
327 0.349999999999261 0 0.08660254037836645
328 0.08660254037822965 0 0.3499999999991196
329 0.7459788032312815 0 0.9204077431031712
330 0.74918269823785 0 0.08613067098679325
331 0.08872509776482641 0 0.7479584671620674
332 0.9133974596213281 0 0.7499999999993416
333 0.09579126446562804 0 0.1586114968074342
334 0.1554440545892929 0 0.9045047171895592
335 0.9094302752555378 0 0.1591825619056849
336 0.6498637830387111 0 0.08652389547987371
337 0.59997729717208 0 0.1731919732737184
338 0.4999962161945332 0 0.1732028961761792
339 0.5499955855602826 0 0.2598050724577097
340 0.4499986336252649 0 0.2598068322586007
341 0.4999990365301697 0 0.3464096052542116
342 0.5999174080527002 0 0.3466502786211393
343 0.5496696851947194 0 0.4332352959170103
344 0.449944786953525 0 0.4330497081857518
345 0.4999357453571978 0 0.5196585089895515
346 0.59955749490298 0 0.5198770653672872
347 0.3999999999990511 0 0.5196152422694611
348 0.449989290891918 0 0.606224993767709
349 0.3499982151479468 0 0.6062189845009595
350 0.3419550924741466 0 0.4198483028041596
351 0.3999979176725723 0 0.6928217251881074
352 0.4999978680931104 0 0.6928217585729799
353 0.2999999999991517 0 0.6928203230258132
354 0.449999999998746 0 0.7794228634041307
355 0.2473288018934416 0 0.6019124788032688
356 0.5499999999984667 0 0.7794228634041744
357 0.5999996446808273 0 0.6928205622838349
358 0.6499999999982498 0 0.779422863404264
359 0.6999999407786632 0 0.6928203629023258
360 0.748106759457984 0 0.7782898879385638
361 0.81446735765175 0 0.6972482962090601
362 0.749999999998243 0 0.6062177826476344
363 0.1850575253824538 0 0.6959926318443196
364 0.2509833274242939 0 0.778472502094153
365 0.6998372964073754 0 0.173111143794815
366 0.8005910765548736 0 0.1703018238311082
367 0.7500713954925275 0 0.2600483729744991
368 0.8505060889423365 0 0.2569715489345008
369 0.8031252185797368 0 0.3479067056149363
370 0.8526567171612022 0 0.4387063540671197
371 0.7526115583239942 0 0.4356764281009692
372 0.8043381969724902 0 0.5218429415833736
373 0.7006378745061054 0 0.3473663519404847
374 0.08660254037864125 0 0.6499999999991316
375 0.6499999999991102 0 0.9133974596213461
376 0.9133974596213464 0 0.6499999999991098
377 0.3999991416361786 0 0.1732045851804918
378 0.355939736885621 0 0.2563778842937301
379 0.08625710800888815 0 0.4499999999989144
380 0.1722646344771203 0 0.3984708169970322
381 0.1695537564289627 0 0.3057979319592308
382 0.2539874175436339 0 0.3584304333002107
383 0.1865229116895826 0 0.5086890628647932
384 0.4499999999990178 0 0.9133974596215974
385 0.4499992263044104 0 0.08660209368557817
386 0.3020261101947596 0 0.1720350689393936
387 0.2511549867933263 0 0.08593566901694027
388 0.2026535623711094 0 0.1644450555919414
389 0.9170502595848429 0 0.8494067683002628
390 0.3499999999990185 0 0.779422863404086
391 0.2540998849575219 0 0.9184537499728967
392 0.4045433583123358 0 0.3408191993669668
393 0.5499133406540605 0 0.6062701119381978
394 0.2999999999993335 0 0.5196152422693847
395 0.08462916347170649 0 0.2574180701462096
396 0.6498513822157719 0 0.6063050336574303
397 0.6499999999984583 0 0.259807621135104
398 0.6999256458344332 0 0.5200448002723101
399 0.6492674546231985 0 0.4339554729719101
400 0.8469321218960886 0 0.0821275375173586
401 0.07989182588240547 0 0.8465153990185108
402 0.1538008157310268 0 0.08036621702884006
403 0.8440933898600986 0 0.9061456560226262
404 0.2553210724921069 0 0.2570761954771818
405 0.2545103758280323 0 0.4408249019872138
406 0.8380531170026227 0 0.7999999999994716
407 0.1619767221836654 0 0.7998342905169969
408 0.1580083451012216 0 0.6013188347020861
409 0.8381612435381129 0 0.6031707719915393
410 0.9342164124251353 0 0.2530467821873705
411 0.3999999999989577 0 0.8464101615128952
412 0.2999999999992662 0 0.8464101615129855
413 0.4999999999987178 0 0.8464101615128508
414 0.5999999999985813 0 0.8464101615127811
415 0.6999999999981233 0 0.846410161512484
416 0.9345603367226498 0 0.4486948914060565
417 0.07320508075672444 0 0.07320508075672444
418 0.9267949192429035 0 0.9267949192429035
419 0.07320508075664814 0 0.9267949192432313
420 0.9267949192432317 0 0.07320508075664824
421 0.2229734999244709 0 0.848642249187521
422 0.7752464139100219 0 0.8502506897152634
423 0.3268450471284222 0 0.3283614711470024
424 0.1573274050552539 0 0.2297269486629796
425 1 0.9063935249342827 0.5371453199814612
426 1 0.084529946161989 0.5499999999989176
427 1 0.5499999999988205 0.08660254037843168
428 1 0.5499999999988205 0.9133974596215684
429 1 0.3499999999991207 0.9133974596218085
430 1 0.9111456979278021 0.3490798000978425
431 1 0.349999999999261 0.08660254037836645
432 1 0.08660254037822965 0.3499999999991196
433 1 0.7459788032312815 0.9204077431031712
434 1 0.74918269823785 0.08613067098679325
435 1 0.08872509776482641 0.7479584671620674
436 1 0.9133974596213281 0.7499999999993416
437 1 0.09579126446562804 0.1586114968074342
438 1 0.1554440545892929 0.9045047171895592
439 1 0.9094302752555378 0.1591825619056849
440 1 0.6498637830387111 0.08652389547987371
441 1 0.59997729717208 0.1731919732737184
442 1 0.4999962161945332 0.1732028961761792
443 1 0.5499955855602826 0.2598050724577097
444 1 0.4499986336252649 0.2598068322586007
445 1 0.4999990365301697 0.3464096052542116
446 1 0.5999174080527002 0.3466502786211393
447 1 0.5496696851947194 0.4332352959170103
448 1 0.449944786953525 0.4330497081857518
449 1 0.4999357453571978 0.5196585089895515
450 1 0.59955749490298 0.5198770653672872
451 1 0.3999999999990511 0.5196152422694611
452 1 0.449989290891918 0.606224993767709
453 1 0.3499982151479468 0.6062189845009595
454 1 0.3419550924741466 0.4198483028041596
455 1 0.3999979176725723 0.6928217251881074
456 1 0.4999978680931104 0.6928217585729799
457 1 0.2999999999991517 0.6928203230258132
458 1 0.449999999998746 0.7794228634041307
459 1 0.2473288018934416 0.6019124788032688
460 1 0.5499999999984667 0.7794228634041744
461 1 0.5999996446808273 0.6928205622838349
462 1 0.6499999999982498 0.779422863404264
463 1 0.6999999407786632 0.6928203629023258
464 1 0.748106759457984 0.7782898879385638
465 1 0.81446735765175 0.6972482962090601
466 1 0.749999999998243 0.6062177826476344
467 1 0.1850575253824538 0.6959926318443196
468 1 0.2509833274242939 0.778472502094153
469 1 0.6998372964073754 0.173111143794815
470 1 0.8005910765548736 0.1703018238311082
471 1 0.7500713954925275 0.2600483729744991
472 1 0.8505060889423365 0.2569715489345008
473 1 0.8031252185797368 0.3479067056149363
474 1 0.8526567171612022 0.4387063540671197
475 1 0.7526115583239942 0.4356764281009692
476 1 0.8043381969724902 0.5218429415833736
477 1 0.7006378745061054 0.3473663519404847
478 1 0.08660254037864125 0.6499999999991316
479 1 0.6499999999991102 0.9133974596213461
480 1 0.9133974596213464 0.6499999999991098
481 1 0.3999991416361786 0.1732045851804918
482 1 0.355939736885621 0.2563778842937301
483 1 0.08625710800888815 0.4499999999989144
484 1 0.1722646344771203 0.3984708169970322
485 1 0.1695537564289627 0.3057979319592308
486 1 0.2539874175436339 0.3584304333002107
487 1 0.1865229116895826 0.5086890628647932
488 1 0.4499999999990178 0.9133974596215974
489 1 0.4499992263044104 0.08660209368557817
490 1 0.3020261101947596 0.1720350689393936
491 1 0.2511549867933263 0.08593566901694027
492 1 0.2026535623711094 0.1644450555919414
493 1 0.9170502595848429 0.8494067683002628
494 1 0.3499999999990185 0.779422863404086
495 1 0.2540998849575219 0.9184537499728967
496 1 0.4045433583123358 0.3408191993669668
497 1 0.5499133406540605 0.6062701119381978
498 1 0.2999999999993335 0.5196152422693847
499 1 0.08462916347170649 0.2574180701462096
500 1 0.6498513822157719 0.6063050336574303
501 1 0.6499999999984583 0.259807621135104
502 1 0.6999256458344332 0.5200448002723101
503 1 0.6492674546231985 0.4339554729719101
504 1 0.8469321218960886 0.0821275375173586
505 1 0.07989182588240547 0.8465153990185108
506 1 0.1538008157310268 0.08036621702884006
507 1 0.8440933898600986 0.9061456560226262
508 1 0.2553210724921069 0.2570761954771818
509 1 0.2545103758280323 0.4408249019872138
510 1 0.8380531170026227 0.7999999999994716
511 1 0.1619767221836654 0.7998342905169969
512 1 0.1580083451012216 0.6013188347020861
513 1 0.8381612435381129 0.6031707719915393
514 1 0.9342164124251353 0.2530467821873705
515 1 0.3999999999989577 0.8464101615128952
516 1 0.2999999999992662 0.8464101615129855
517 1 0.4999999999987178 0.8464101615128508
518 1 0.5999999999985813 0.8464101615127811
519 1 0.6999999999981233 0.846410161512484
520 1 0.9345603367226498 0.4486948914060565
521 1 0.07320508075672444 0.07320508075672444
522 1 0.9267949192429035 0.9267949192429035
523 1 0.07320508075664814 0.9267949192432313
524 1 0.9267949192432317 0.07320508075664824
525 1 0.2229734999244709 0.848642249187521
526 1 0.7752464139100219 0.8502506897152634
527 1 0.3268450471284222 0.3283614711470024
528 1 0.1573274050552539 0.2297269486629796
529 0.4500000000018615 1 0.9133974596216763
530 0.4500000000017088 1 0.08660254037833137
531 0.915470053838083 1 0.5499999999989306
532 0.0936064750659087 1 0.537145319981798
533 0.6500000000008581 1 0.0866025403780665
534 0.6500000000010402 1 0.9133974596221568
535 0.08885430207262787 1 0.3490798000979937
536 0.9133974596217858 1 0.3499999999991417
537 0.2531925425283708 1 0.9199358737108525
538 0.9112749022352602 1 0.7479584671617939
539 0.2508173017627171 1 0.08613067098695135
540 0.08872509776595541 1 0.7479584671619313
541 0.8413885031924259 1 0.09579126446556319
542 0.8445559454103322 1 0.9045047171895438
543 0.09056972474478751 1 0.1591825619058273
544 0.3501362169619467 1 0.08652389547987799
545 0.4000227028286859 1 0.1731919732735325
546 0.5000037838059957 1 0.1732028961758356
547 0.4500044144404926 1 0.259805072457215
548 0.5500013663752382 1 0.2598068322579705
549 0.5000009634705627 1 0.3464096052534269
550 0.4000825919483434 1 0.3466502786206065
551 0.4503303148064296 1 0.4332352959162117
552 0.5500552130472239 1 0.4330497081847207
553 0.5000642546437813 1 0.5196585089883899
554 0.4004425050985145 1 0.5198770653664129
555 0.6000000000016567 1 0.5196152422681546
556 0.5500107091090275 1 0.6062249937662725
557 0.6500017848527657 1 0.6062189844993938
558 0.6580449075263565 1 0.4198483028032887
559 0.6000020823283569 1 0.6928217251864012
560 0.5000021319080667 1 0.6928217585713911
561 0.7000000000015525 1 0.6928203230239911
562 0.5500000000024083 1 0.779422863402269
563 0.75267119810703 1 0.6019124788021493
564 0.4500000000029636 1 0.7794228634024268
565 0.4000003553205876 1 0.6928205622823681
566 0.3500000000034005 1 0.7794228634026803
567 0.3000000592229229 1 0.692820362900974
568 0.2518909157325124 1 0.7782798229784316
569 0.1858397954583858 1 0.6969315380260636
570 0.2500000000032908 1 0.6062177826464138
571 0.8149424746178973 1 0.6959926318435802
572 0.7490166725762109 1 0.7784725020925247
573 0.3001627035935008 1 0.1731111437949056
574 0.1994089234458883 1 0.1703018238313785
575 0.2499286045086386 1 0.2600483729750533
576 0.1494939110586304 1 0.2569715489349127
577 0.1968747814210423 1 0.3479067056156947
578 0.1473432828390885 1 0.4387063540675423
579 0.2473884416765745 1 0.4356764281019861
580 0.1956618030270542 1 0.5218429415839853
581 0.2993621254950616 1 0.3473663519406993
582 0.3500000000014088 1 0.9133974596212229
583 0.9133974596213764 1 0.6499999999991621
584 0.6000008583641075 1 0.1732045851800325
585 0.6440602631146547 1 0.2563778842931038
586 0.5500000000013816 1 0.9133974596217193
587 0.0866025403786595 1 0.6499999999990995
588 0.9137428919911456 1 0.4499999999989234
589 0.8277353655230109 1 0.398470816996962
590 0.8275499667046016 1 0.3007814332736809
591 0.7455298696455551 1 0.3575943501854972
592 0.8134770883107101 1 0.5086890628643358
593 0.6500000000018624 1 0.7794228634021091
594 0.5500007736960192 1 0.08660209368537765
595 0.1559001320946884 1 0.9054387763448847
596 0.9139951702571665 1 0.2509475406397146
597 0.8354742568943606 1 0.2024115418585772
598 0.6929573911198507 1 0.1691387920724428
599 0.7423744837001959 1 0.08456000274559883
600 0.745900115042178 1 0.9184537499727585
601 0.5954566416882008 1 0.3408191993661678
602 0.4500866593471861 1 0.6062701119369114
603 0.7000000000011514 1 0.5196152422679503
604 0.3501486177857561 1 0.6063050336562967
605 0.3500000000026784 1 0.2598076211347629
606 0.3000743541672691 1 0.5200448002717883
607 0.3507325453785378 1 0.4339554729717002
608 0.920108174117525 1 0.8465153990184466
609 0.9196088082644956 1 0.1537259046200074
610 0.153067878104241 1 0.08212753751745494
611 0.07996783880067623 1 0.8466710755443201
612 0.7408642702802198 1 0.2530791835207598
613 0.7454896241724736 1 0.4408249019865861
614 0.1619767221861952 1 0.7998342905170723
615 0.8380232778164605 1 0.7998342905169941
616 0.8419916548990193 1 0.6013188347016316
617 0.1619233531332665 1 0.6030519774672067
618 0.6000000000015037 1 0.8464101615123774
619 0.7000000000006936 1 0.8464101615124395
620 0.06578358757520916 1 0.2530467821875116
621 0.5000000000020751 1 0.8464101615121451
622 0.4000000000025699 1 0.8464101615118933
623 0.3000000000037099 1 0.8464101615112081
624 0.06543966327753541 1 0.448694891406104
625 0.9267949192430218 1 0.07320508075681692
626 0.926794919243098 1 0.9267949192431389
627 0.07320508075721846 1 0.9267949192428225
628 0.07320508075678341 1 0.07320508075662228
629 0.7770265000752135 1 0.8486422491870119
630 0.2245920625090954 1 0.8499797850124899
631 0.6705771365951686 1 0.3294228634044965
632 0.7699010078873485 1 0.1558274195575206
633 0 0.4500000000018615 0.9133974596216763
634 0 0.4500000000017088 0.08660254037833137
635 0 0.915470053838083 0.5499999999989306
636 0 0.0936064750659087 0.537145319981798
637 0 0.6500000000008581 0.0866025403780665
638 0 0.6500000000010402 0.9133974596221568
639 0 0.08885430207262787 0.3490798000979937
640 0 0.9133974596217858 0.3499999999991417
641 0 0.2531925425283708 0.9199358737108525
642 0 0.9112749022352602 0.7479584671617939
643 0 0.2508173017627171 0.08613067098695135
644 0 0.08872509776595541 0.7479584671619313
645 0 0.8413885031924259 0.09579126446556319
646 0 0.8445559454103322 0.9045047171895438
647 0 0.09056972474478751 0.1591825619058273
648 0 0.3501362169619467 0.08652389547987799
649 0 0.4000227028286859 0.1731919732735325
650 0 0.5000037838059957 0.1732028961758356
651 0 0.4500044144404926 0.259805072457215
652 0 0.5500013663752382 0.2598068322579705
653 0 0.5000009634705627 0.3464096052534269
654 0 0.4000825919483434 0.3466502786206065
655 0 0.4503303148064296 0.4332352959162117
656 0 0.5500552130472239 0.4330497081847207
657 0 0.5000642546437813 0.5196585089883899
658 0 0.4004425050985145 0.5198770653664129
659 0 0.6000000000016567 0.5196152422681546
660 0 0.5500107091090275 0.6062249937662725
661 0 0.6500017848527657 0.6062189844993938
662 0 0.6580449075263565 0.4198483028032887
663 0 0.6000020823283569 0.6928217251864012
664 0 0.5000021319080667 0.6928217585713911
665 0 0.7000000000015525 0.6928203230239911
666 0 0.5500000000024083 0.779422863402269
667 0 0.75267119810703 0.6019124788021493
668 0 0.4500000000029636 0.7794228634024268
669 0 0.4000003553205876 0.6928205622823681
670 0 0.3500000000034005 0.7794228634026803
671 0 0.3000000592229229 0.692820362900974
672 0 0.2518909157325124 0.7782798229784316
673 0 0.1858397954583858 0.6969315380260636
674 0 0.2500000000032908 0.6062177826464138
675 0 0.8149424746178973 0.6959926318435802
676 0 0.7490166725762109 0.7784725020925247
677 0 0.3001627035935008 0.1731111437949056
678 0 0.1994089234458883 0.1703018238313785
679 0 0.2499286045086386 0.2600483729750533
680 0 0.1494939110586304 0.2569715489349127
681 0 0.1968747814210423 0.3479067056156947
682 0 0.1473432828390885 0.4387063540675423
683 0 0.2473884416765745 0.4356764281019861
684 0 0.1956618030270542 0.5218429415839853
685 0 0.2993621254950616 0.3473663519406993
686 0 0.3500000000014088 0.9133974596212229
687 0 0.9133974596213764 0.6499999999991621
688 0 0.6000008583641075 0.1732045851800325
689 0 0.6440602631146547 0.2563778842931038
690 0 0.5500000000013816 0.9133974596217193
691 0 0.0866025403786595 0.6499999999990995
692 0 0.9137428919911456 0.4499999999989234
693 0 0.8277353655230109 0.398470816996962
694 0 0.8275499667046016 0.3007814332736809
695 0 0.7455298696455551 0.3575943501854972
696 0 0.8134770883107101 0.5086890628643358
697 0 0.6500000000018624 0.7794228634021091
698 0 0.5500007736960192 0.08660209368537765
699 0 0.1559001320946884 0.9054387763448847
700 0 0.9139951702571665 0.2509475406397146
701 0 0.8354742568943606 0.2024115418585772
702 0 0.6929573911198507 0.1691387920724428
703 0 0.7423744837001959 0.08456000274559883
704 0 0.745900115042178 0.9184537499727585
705 0 0.5954566416882008 0.3408191993661678
706 0 0.4500866593471861 0.6062701119369114
707 0 0.7000000000011514 0.5196152422679503
708 0 0.3501486177857561 0.6063050336562967
709 0 0.3500000000026784 0.2598076211347629
710 0 0.3000743541672691 0.5200448002717883
711 0 0.3507325453785378 0.4339554729717002
712 0 0.920108174117525 0.8465153990184466
713 0 0.9196088082644956 0.1537259046200074
714 0 0.153067878104241 0.08212753751745494
715 0 0.07996783880067623 0.8466710755443201
716 0 0.7408642702802198 0.2530791835207598
717 0 0.7454896241724736 0.4408249019865861
718 0 0.1619767221861952 0.7998342905170723
719 0 0.8380232778164605 0.7998342905169941
720 0 0.8419916548990193 0.6013188347016316
721 0 0.1619233531332665 0.6030519774672067
722 0 0.6000000000015037 0.8464101615123774
723 0 0.7000000000006936 0.8464101615124395
724 0 0.06578358757520916 0.2530467821875116
725 0 0.5000000000020751 0.8464101615121451
726 0 0.4000000000025699 0.8464101615118933
727 0 0.3000000000037099 0.8464101615112081
728 0 0.06543966327753541 0.448694891406104
729 0 0.9267949192430218 0.07320508075681692
730 0 0.926794919243098 0.9267949192431389
731 0 0.07320508075721846 0.9267949192428225
732 0 0.07320508075678341 0.07320508075662228
733 0 0.7770265000752135 0.8486422491870119
734 0 0.2245920625090954 0.8499797850124899
735 0 0.6705771365951686 0.3294228634044965
736 0 0.7699010078873485 0.1558274195575206
737 0.5000047412679003 0.5000047400494174 0.5
738 0.6841468849222545 0.682669879599705 0.316199808816719
739 0.3174029491164461 0.6840946235773562 0.3159442243250369
740 0.6500217850224039 0.6823853769631298 0.697555634480267
741 0.6827911192959708 0.3156521966748201 0.3170287910761228
742 0.3156489215713075 0.3172034496442381 0.3170580152650307
743 0.3500538701412754 0.3071793720451319 0.6928385036182971
744 0.3014645341466635 0.6985527585964203 0.6208870790666721
745 0.698309042894049 0.3016741024695222 0.6222732848079525
746 0.50020099441326 0.5235623382969776 0.2486977269491838
747 0.7498368716052117 0.5390355201625733 0.5141756688914204
748 0.4989465140453437 0.2486918942896174 0.4764943401965037
749 0.5195228632371722 0.7506332592532921 0.4937241957412223
750 0.2502574701595296 0.4595191222053521 0.5164402456166012
751 0.467663385669762 0.5199199747431829 0.7544524268217949
752 0.2302898086620833 0.503920772732429 0.7482927067572108
753 0.7782362397889651 0.499999999998619 0.7505563069538297
754 0.5012092408006635 0.7782595904407485 0.2217404095592442
755 0.500000000002318 0.2216481755766895 0.2212030270908072
756 0.7830175347864947 0.4999966015449936 0.2309372151533489
757 0.2172248885185273 0.5000033984556065 0.2309372151528538
758 0.2284510123531108 0.229453573342796 0.5122996771103048
759 0.4542879714230127 0.7717802610736293 0.7739091899823667
760 0.7694667788342082 0.7712328845581102 0.5141342950929473
761 0.5463920477799171 0.2267714450610868 0.7732285549389248
762 0.7898139310784544 0.1959133878750934 0.8040827829130953
763 0.2053499825009614 0.7937759089166558 0.4581179906941425
764 0.7946759837886194 0.2061675787551501 0.4596639272498307
765 0.2092257884662284 0.7909358345842831 0.790075295512884
766 0.2422283722553444 0.2138998169469148 0.798994308935878
767 0.7898233517415194 0.1959168766927721 0.1913053367599624
768 0.7975488489942921 0.7917390575209564 0.7947002969478169
769 0.1954945680671258 0.7901369192839687 0.196786252026712
770 0.1972093301502937 0.195923331042704 0.2090412948693058
771 0.7892469242178063 0.8053284282818399 0.198039036563712
772 0.6169562165757733 0.4056875476197483 0.807855872962301
773 0.3515440628857276 0.504589893884953 0.3635796814409102
774 0.6372971859414531 0.4892385599391325 0.3723425913437347
775 0.6200044682140935 0.5008096973595022 0.6452500653025753
776 0.1803046494661123 0.5834612875070849 0.3945759590538214
777 0.8208013179554439 0.4157264577523532 0.3932316115806165
778 0.5079440594658459 0.3634620110262194 0.3352933135017155
779 0.4003069822136259 0.3913324169999955 0.1746171023826567
780 0.5921579390322276 0.3851213056291568 0.1761645787530397
781 0.1743977391816181 0.3512112849290197 0.6633131857089677
782 0.3388861426453956 0.635015960108498 0.8204952096579559
783 0.8214069046586214 0.6439301685940686 0.6460186349610544
784 0.3884120453217544 0.8278323210426721 0.3976537732252672
785 0.8258940911417094 0.174793385228501 0.6315669290819804
786 0.5060182510726059 0.3621855072820311 0.6179923807645047
787 0.6213553871373849 0.8224194962935482 0.8206080482812235
788 0.5635704381179362 0.8281982754926195 0.6466102568073615
789 0.6271254850676107 0.6115745630778662 0.1672671798799371
790 0.3863994005726022 0.6344810140915234 0.4790828106286344
791 0.4932460930112529 0.6296650549236626 0.6190537249564683
792 0.3730531809365458 0.6113217314814962 0.1672559830925719
793 0.8329062251585729 0.6273877143959585 0.3887228168994992
794 0.4524159010074934 0.1757158480952592 0.6315131727139307
795 0.171389051879035 0.8280796257119641 0.6248214201354394
796 0.5970596043733121 0.8270810888860215 0.3582569404937662
797 0.6263102581766912 0.1671710696512443 0.3893318587210531
798 0.1731876668910725 0.4035731937343826 0.3698912929645308
799 0.4001075895566992 0.8393065633880998 0.577529585678367
800 0.5169905587957161 0.6626720285607601 0.3469486749372797
801 0.4022155419129204 0.1723651831247022 0.3551004322426269
802 0.599943266103766 0.5959113052360551 0.8377890723255292
803 0.4483114212299465 0.3616592287976414 0.8275799704989388
804 0.6110580959938063 0.1620578561841735 0.5710320856005897
805 0.1703921779360777 0.5850731863298491 0.6065551316319276
806 0.8293871643050162 0.4152892245123246 0.607302466877558
807 0.8334816678921652 0.3596265120290671 0.8329189908242378
808 0.1605773157285587 0.3500000000032416 0.8315767664942308
809 0.389143610088272 0.3767595653845978 0.4674342548112751
810 0.3542393003080133 0.8374956945706569 0.1625043054293442
811 0.8362663340150835 0.6274132867409166 0.839997288254033
812 0.8375010632343587 0.3553738701640164 0.1629844251368859
813 0.8372846076419882 0.6462930461123565 0.1650582324627733
814 0.6323716647867468 0.353771640474383 0.4746743519939067
815 0.3773732766779707 0.5087982274609625 0.6137859712222087
816 0.6116845849627519 0.6167739164891928 0.4725880343429125
817 0.1616990487173263 0.1611296762702591 0.6514653656899428
818 0.1653337554486402 0.6338600885782731 0.8349504610155603
819 0.1619357078102629 0.3548091344819521 0.1663112377631276
820 0.3547573853288256 0.1613652853178128 0.1622430062560665
821 0.8409916198488081 0.8414509832834025 0.6442809389232526
822 0.6361880198796085 0.8422955118241673 0.1577044881758178
823 0.6354476667831115 0.1577725536165134 0.1584130955319631
824 0.8302708460708493 0.8308115874280084 0.3638602763639168
825 0.1593511669294984 0.6350241226263994 0.1584260858077187
826 0.3999999999988756 0.1529870049827738 0.7942562584210393
827 0.1585442012723075 0.2394702000029069 0.3633018610007003
828 0.3500000000030792 0.8532109705908321 0.8552630556157098
829 0.8442685263949499 0.2732144210460674 0.3217871761881742
830 0.6499999999990567 0.1458484009246207 0.8541515990757159
831 0.349072145555003 0.4812140896690116 0.8510694544630107
832 0.2547483273619731 0.8538004663869384 0.3245421968836905
833 0.15173045485405 0.7225447581137198 0.3302549434368168
834 0.3696300971528432 0.1731657382469248 0.5037939100397795
835 0.1430067683136791 0.3537148754086055 0.5090158241431015
836 0.6740694226027047 0.1777267601558873 0.707964158946122
837 0.6369607636398124 0.850492612478581 0.5058008104167082
838 0.3304384009177405 0.8257770266971645 0.7093723800805198
839 0.2648874122170561 0.141371284111342 0.3995601449092446
840 0.7609243941181759 0.1424516518357305 0.3282891055360129
841 0.6991338384156248 0.7031769768584342 0.8605246330945919
842 0.3080533449565079 0.1398182911898221 0.6350882931301005
843 0.1446536533030731 0.49255645118014 0.8662351356011293
844 0.7034480853694677 0.817586982669912 0.6863677354025505
845 0.4739697583099527 0.6594063744247316 0.8597447011592328
846 0.8214319549350677 0.3032102769057012 0.6995072098305406
847 0.5000379237160643 0.6643220526928524 0.1398860361046598
848 0.2940727114175359 0.2940804453679475 0.1461141990316353
849 0.3062231764671158 0.3191093477596551 0.850518575399524
850 0.6878155190610746 0.287076561967808 0.8556906831676752
851 0.7709741927665693 0.3395707850747301 0.502282559809995
852 0.2468484784592053 0.6617484497638662 0.493990501244969
853 0.1464928924573306 0.7008606357393846 0.6930597921577855
854 0.7051841199002185 0.3021462379340173 0.1437335699906299
855 0.8639173778488959 0.7182799324341897 0.2843384419459009
856 0.4808769499987981 0.8734895903584783 0.1265104096415316
857 0.6389038529946592 0.7216119402958203 0.5626917936895998
858 0.4981531047186533 0.8636072965421725 0.8670556458471107
859 0.6981171508499748 0.7228874682102888 0.1278136568113722
860 0.4496292416478526 0.5073085627200851 0.1235003268312633
861 0.8643476757791091 0.6126616550182766 0.5205114845635094
862 0.8620931560992592 0.4925879586546058 0.8610071423053554
863 0.2927323918556786 0.7177705637442287 0.1296900794250442
864 0.6465625370629213 0.4951783623606019 0.2361471534416658
865 0.2982454169551677 0.3379657497417872 0.5665263323628607
866 0.8729072489654343 0.4821866509853046 0.1257521309967541
867 0.1254468720639562 0.4855294727322124 0.4705010413986913
868 0.314540397406762 0.4902870969565748 0.1354546642204907
869 0.5154260936047305 0.1333236378522012 0.8666763621477077
870 0.7377754583098879 0.8776993037064972 0.8729864573121472
871 0.4896435773022017 0.8777543277816411 0.4681334989075606
872 0.4196837232871546 0.8704085612689898 0.2746025752660954
873 0.1281918732987699 0.8710253758836107 0.3748885684025236
874 0.5309473311652817 0.1236672387015546 0.3065422684497905
875 0.7144631658723104 0.8718269141786184 0.2992999232119485
876 0.1272454700502113 0.8726776745894819 0.8629317016112528
877 0.7259940479415244 0.5505237770254103 0.866776880341021
878 0.4799655380072022 0.1254355699992618 0.1297337169998412
879 0.1280510439901013 0.1279753442272661 0.8619822799843699
880 0.1290412528118989 0.504808376864525 0.1252068677456834
881 0.2726053182857157 0.8705499315200914 0.5463614125859545
882 0.477255536427644 0.5409335053391257 0.3770635994892402
883 0.1336878638211105 0.7186234590552046 0.5493240190155513
884 0.8696554042683153 0.4812276127574648 0.4986140331218832
885 0.6306006638469267 0.4805039500614558 0.5144117263991617
886 0.712903609171758 0.4387417705442278 0.1297127258882363
887 0.528120078751835 0.1210372425511261 0.4783559445921092
888 0.4227647096981424 0.2704469013645624 0.1252373449212293
889 0.4500012424893965 0.8782604328680838 0.6929151971230151
890 0.1217524132314782 0.4713396449464266 0.651682513680594
891 0.5289131442471046 0.4864053502204441 0.8690902657970221
892 0.3813520458392936 0.6175975944710824 0.693565493980813
893 0.5717182802570437 0.265873316021484 0.1209448331251646
894 0.1379691057285252 0.1385575094021928 0.4574063053578115
895 0.7363374049395768 0.1248797408935183 0.5470716842016505
896 0.3450579599540208 0.4380933740405291 0.7236450826045142
897 0.2659260614631812 0.3380030812930788 0.4380633528906297
898 0.120909465637041 0.5977688119266809 0.2783362352377914
899 0.8804919858460155 0.5358527034768176 0.3093741258522308
900 0.8735439617355794 0.2886012892523464 0.5750630143196732
901 0.653457047286956 0.7347915747835859 0.4328065610051045
902 0.879620236592607 0.5273893579894804 0.6509495129639014
903 0.8738736348551746 0.8760978333885346 0.8644898758814128
904 0.8790082494989485 0.1321103886221307 0.2727979206068295
905 0.8707707072111728 0.8679756989692491 0.4942305464283106
906 0.5499988179783478 0.1203316887414171 0.6979697880376434
907 0.8796732273259916 0.4022656510984264 0.2773908857853535
908 0.1254305585078652 0.8764835607404444 0.1235164392596365
909 0.8803114418470872 0.7409985460886327 0.8771467640850271
910 0.3387307126435714 0.75599803674191 0.496150452229252
911 0.5500677939254041 0.3003633354476011 0.8802758575603098
912 0.7347367330979995 0.564550038304229 0.3322897354827357
913 0.3104456315791454 0.1194301050103124 0.2798614597640325
914 0.5267607446628547 0.6678591703237201 0.7399732181087677
915 0.8785295598075913 0.1237152516479355 0.8676312302564639
916 0.1183154906785105 0.5704443295613044 0.7334913234611945
917 0.1297063473647306 0.2533558491103137 0.7436417222236927
918 0.1229642859540861 0.1217478250286936 0.3183021048431705
919 0.7186802254927768 0.3838166986482688 0.7249354317325324
920 0.5776250392672105 0.5014330569572547 0.124408972861469
921 0.7420090526724008 0.5672024166471652 0.1286702882432391
922 0.8804599670984437 0.3009300163188263 0.4474366492905612
923 0.4169127431041968 0.6100506941323607 0.289514912300479
924 0.1199869618325419 0.7452406787310111 0.8763149250082864
925 0.8791021125015088 0.1296138258700085 0.1230606709815396
926 0.4230300513562485 0.7347205351902697 0.652516378200121
927 0.4155862547947338 0.2832283844887051 0.5694008094028706
928 0.1311593717390961 0.1212486616263844 0.1242065090765602
929 0.8820929198270514 0.4266312186595493 0.7351798541414842
930 0.7051524922932956 0.5943865162420366 0.621469231478606
931 0.8794349944696963 0.2497620503037066 0.8748587605362503
932 0.2542213956543906 0.6294446405785803 0.7211703655073165
933 0.3850012442778022 0.7272913269899153 0.2175355961652311
934 0.2999416965553102 0.7392306695258298 0.8827477051467035
935 0.6176264981539579 0.2155312528463415 0.271188532426398
936 0.5984957620244337 0.3262440453046307 0.7045185607336621
937 0.3742777132341069 0.500543406107244 0.4877726407137661
938 0.8769335264170601 0.8730988367266108 0.1247772757805046
939 0.8766082675429487 0.725352353400559 0.459710823170175
940 0.3197567351417265 0.4325320397158142 0.2638513671500894
941 0.5259099325777701 0.2402406818649158 0.3538126912836388
942 0.4111437551848688 0.2493110481550341 0.8799537085362108
943 0.6735299180239933 0.2340025326286328 0.4867384425009932
944 0.6141970338450644 0.7240991855533324 0.2208530247657368
945 0.8793426586489232 0.1273966605274867 0.521560861284497
946 0.7270621073831554 0.4209747585333358 0.8748843267952456
947 0.5128985623208753 0.3837587276050126 0.457848067239097
948 0.1186143927638331 0.8737658136039353 0.5143285272145914
949 0.1201257939121163 0.8762529846695364 0.2493301946728782
950 0.1156938114060709 0.2479043299990882 0.8812733993616405
951 0.2628304742501965 0.6163437863525774 0.226111538141921
952 0.8806654171369495 0.7046302338513564 0.7449093725803828
953 0.6059785350203043 0.5880997188285321 0.3059811527341191
954 0.1218724634022616 0.3288164716622093 0.2826929097300726
955 0.5655545247645842 0.8785249323701462 0.2513424946548128
956 0.4179302352736015 0.2929856902610931 0.3816020496789984
957 0.7496510829456022 0.6231238659927996 0.7480054204454736
958 0.7606637544766285 0.1146625683495109 0.8867138617469741
959 0.7433286472942953 0.6565065159288107 0.471256464063984
960 0.2481687937453088 0.8814441721164228 0.1185558278835821
961 0.252570513931406 0.4456112788758496 0.640340617598538
962 0.5784077601380333 0.7228213649898676 0.8806048554084159
963 0.8786936011712114 0.1296711943127527 0.7394571391344313
964 0.4988852123012034 0.4858823587588774 0.6231998966334888
965 0.7363148157326095 0.1248708668498093 0.1079704499075181
966 0.7294863449503382 0.876163650490149 0.4242826758602843
967 0.5819587083271316 0.2820328060301652 0.5620448649890277
968 0.4858612927268623 0.7802325792216482 0.3424479830991545
969 0.8640086243004538 0.1222889455388425 0.3970583356583197
970 0.2566451262655041 0.5603757859891036 0.8762508327057655
971 0.8602939552870417 0.8880848354766229 0.2576875835960943
972 0.3188015071169346 0.1163553828657982 0.8845304286407004
973 0.7052898899119694 0.423657961631434 0.5967068613601714
974 0.4270353099437145 0.3103592380877933 0.2614747512585208
975 0.1233806159862849 0.8766193840132617 0.7341532430602721
976 0.7377246775781949 0.875798443404593 0.5788322415721696
977 0.114413020757532 0.4768352379812085 0.292191186074958
978 0.4968194631990357 0.3632171349820565 0.1063120881892881
979 0.8772752461134005 0.7375873885523108 0.5843792570093409
980 0.727670879008805 0.4297083799986846 0.3147495898401786
981 0.6558350571976814 0.5144429073273722 0.7630510412589218
982 0.1178479477183779 0.2451996583177653 0.1264596104306003
983 0.4372066983798298 0.7629527961761594 0.1163882697660263
984 0.2831567767762045 0.5676204187434392 0.5628970088147357
985 0.2417326675013397 0.8888008847647341 0.8837965894546952
986 0.2532532472592787 0.2403981032634686 0.6470203981588346
987 0.5557175806239846 0.7661202374651869 0.1155451629190764
988 0.42624514537326 0.1171515816933168 0.248043608299064
989 0.5104570883357838 0.4071346500753691 0.7320662316962063
990 0.4170254855224504 0.7602239602383419 0.8873853144113095
991 0.1113931304411705 0.2415613558777276 0.5519677720612061
992 0.8947648010473148 0.7494349888980305 0.1437612504494677
993 0.2991816137984834 0.6044464773449963 0.4031319659073058
994 0.112330151367619 0.7404476892745521 0.1262538819784874
995 0.4305459311767461 0.4446778510534642 0.300725138165707
996 0.890981604380358 0.2492302161882081 0.1389828528166844
997 0.7419275303453572 0.8878100207704869 0.1256823040702245
998 0.7147211739015984 0.4341286210823809 0.4440646835658574
999 0.2450980823460916 0.4234965067472205 0.8822725348955669
1000 0.2929884227573151 0.890352766387849 0.4309644741214691
1001 0.4676845220368889 0.2774288519435603 0.6959579450917058
1002 0.4038344345873252 0.7111754072801437 0.3913293270449054
1003 0.5535201108409071 0.8863566665433982 0.7485696266907967
1004 0.742215528280324 0.6249979465179443 0.2313873811849793
1005 0.2705980164247381 0.6035746638636414 0.1088951688472607
1006 0.1168724238817616 0.4376652449532341 0.7650810097130684
1007 0.5000373522550537 0.8989788807899936 0.5811504218461224
1008 0.2517440712395669 0.3679677361904582 0.7544904196293575
1009 0.5006236563583493 0.6358654306162626 0.5027864235198676
1010 0.7718074569245146 0.7289720607197574 0.3815842846513745
1011 0.1194906509485995 0.6037966684665175 0.4978050479618335
1012 0.2496584893778723 0.1077336621692688 0.1392474308581994
1013 0.6101158772761497 0.4041599285334169 0.2982405697944215
1014 0.7176562481568919 0.1044247461545224 0.2207967477128074
1015 0.4344732009927204 0.5527664625896591 0.885317840803024
1016 0.8846260827055821 0.5533597217690337 0.7643127587483902
1017 0.4008558644068017 0.3986793040834973 0.581812080653875
1018 0.2446067110424228 0.4877906720603297 0.4044003884821235
1019 0.2191062862094771 0.1119427716009292 0.5524888899354105
1020 0.7191343386310386 0.1115731290017193 0.4325911402463762
1021 0.7418694518781012 0.7274464104148292 0.6203477409050836
1022 0.5699168533848792 0.5631928693206574 0.5640879838276779
1023 0.1083280755416913 0.7024708964683839 0.4366336220343309
1024 0.6000000000012703 0.8998181985395856 0.8998178218927471
1025 0.388420844446304 0.5114382543508313 0.2190755051513206
1026 0.300768431305442 0.1043153254276678 0.7501116959231017
1027 0.7639840452121578 0.1067302399816242 0.7325923803776448
1028 0.2920786748262813 0.7676775459943918 0.3890552742960708
1029 0.8924991326801266 0.8476422630227151 0.7509007005825112
1030 0.3042260463784773 0.229165562174967 0.2420109341922941
1031 0.3233033157982061 0.2390181064310708 0.420666852287487
1032 0.3323265021936775 0.7133171003331004 0.7357917070303165
1033 0.7684809868138779 0.304409007174022 0.2403570736884524
1034 0.504342707863576 0.8891351580285906 0.3581264096019556
1035 0.2284159849780714 0.3636057051311071 0.2591501661452249
1036 0.7822786688199338 0.8924319594863477 0.7338703108569025
1037 0.2387879433840723 0.8912325277489533 0.738876142198987
1038 0.7616104190090209 0.295855221662717 0.3972249661653182
1039 0.5763004582127148 0.2241246868951045 0.6597273973709148
1040 0.5608141477657529 0.309950812789118 0.2526674573500704
1041 0.2823357190982076 0.8980465125730825 0.2246457228489894
1042 0.7990306040753913 0.523650953968249 0.4145741745747015
1043 0.5268016572968715 0.6305885221070491 0.241657889194956
1044 0.8991403964943222 0.560331562921099 0.201639579843269
1045 0.7231639397495574 0.2723475849133811 0.7483299887793062
1046 0.63976158424421 0.1029947975285376 0.2998129009067209
1047 0.2182095038699122 0.4350087928138016 0.106538969713087
1048 0.2900362774979326 0.7737359531778826 0.2545918619798268
1049 0.5562391065489998 0.09621088655880258 0.2032116383093671
1050 0.5220652969889367 0.7352855347713423 0.6032423066373944
1051 0.7705185824326588 0.5051483068169003 0.6389510613782423
1052 0.1779250538709444 0.1088995219564925 0.7563913830271448
1053 0.4960264592233378 0.3949910461052542 0.2280796390822838
1054 0.4999633690205484 0.09284272609677434 0.5795530017252708
1055 0.2317143383154818 0.2118843810679497 0.104481977524789
1056 0.5648960371716987 0.5641705793626047 0.7198176823482196
1057 0.4285976690225024 0.7131910402626925 0.5442309769129298
1058 0.1023156986125713 0.6987080025884438 0.231831928392667
1059 0.6417526205560214 0.9042138402879185 0.6591912885651849
1060 0.638162636820141 0.4865130254995853 0.8946757942229403
1061 0.8890098709189013 0.2393325409237698 0.7630979773121288
1062 0.5834348484696942 0.7632652798447395 0.7345468077045268
1063 0.1049690641758908 0.325261191513506 0.4087973244852549
1064 0.3337004701324734 0.5423298701987189 0.759800481049141
1065 0.6197267029186894 0.2764069090076937 0.397843012064071
1066 0.3849997094673278 0.8977686782126674 0.4876161766638211
1067 0.7607955581277268 0.2321809256157348 0.5622136587773426
1068 0.449997883245765 0.09020564057597183 0.7216883237713687
1069 0.2375108438843157 0.7662938013931987 0.5606654479599149
1070 0.3045158109303089 0.2228622030727047 0.9010621615601386
1071 0.6023439563838406 0.3919532659326508 0.5735639291743321
1072 0.2665561109733908 0.5513039907565093 0.313617607844019
1073 0.4356724812130515 0.4438444246269891 0.9047266742810759
1074 0.9055581993392958 0.3054653123390388 0.2329391182043462
1075 0.6885851337032513 0.3777093368780023 0.2269790932744989
1076 0.09357592848776945 0.4000000000017024 0.8985640646041901
1077 0.9070744368772218 0.3999999999990379 0.898564064604819
1078 0.2399332895905233 0.7649175775035308 0.6860635143087779
1079 0.4266024737518151 0.897101359871699 0.7953146060610812
1080 0.3912858385052485 0.6127860300725827 0.5854552751237426
1081 0.1064014572777757 0.2202336121658037 0.2675402853591494
1082 0.7931006578375398 0.7670046236417873 0.09539645385127733
1083 0.6751838606052782 0.1012421809576572 0.6323430154923226
1084 0.6769690837017469 0.8957495000457583 0.762073104366955
1085 0.09324994391486736 0.5232351819861953 0.563981628295402
1086 0.3910808417447427 0.09715285214834826 0.578869576576276
1087 0.4272209562659179 0.1067485048243606 0.4388528854071969
1088 0.6908603964235158 0.5613249955057462 0.4288392696568223
1089 0.4430003517170463 0.4447375895681231 0.4061734019177543
1090 0.9088162383625477 0.352773436582233 0.6623516448395641
1091 0.7046580959017968 0.7719094337238834 0.2575946596104217
1092 0.3208248666901478 0.3883940400724986 0.1027453590070908
1093 0.6308531820723464 0.09682768729830078 0.4896614131396494
1094 0.9115028863471495 0.5004816072914263 0.4037540076789849
1095 0.3307585096537188 0.4012600041837341 0.3813244875462358
1096 0.1016744201866974 0.5829846773059623 0.9046713554012195
1097 0.789990386241048 0.2512643017509193 0.09691340554976188
1098 0.330014259633324 0.8985233039155111 0.6315902796545839
1099 0.9044107533671916 0.5999378394034828 0.09411587906567162
1100 0.7771446671216351 0.7688701795345847 0.8994853513189254
1101 0.5312723196669543 0.4651487207042192 0.3295656605460959
1102 0.2042378434102006 0.09579684350260306 0.2508772270590311
1103 0.3496922055303245 0.9082312782788554 0.3427670687275078
1104 0.371295032429694 0.2003834812837043 0.7002307637908292
1105 0.09934492449784001 0.1326724472611071 0.5650116460240351
1106 0.09774852059919642 0.4333741925719461 0.1969748429256667
1107 0.09542173850940044 0.4000620196035448 0.09429491358599618
1108 0.4214636067348802 0.1002627627771555 0.9001498683260657
1109 0.2842476461740733 0.5434190495336162 0.6660715459580081
1110 0.08822732717054328 0.4001098537575835 0.5840092151483885
1111 0.5919618669629236 0.7299636396222076 0.322046747377147
1112 0.599934477422606 0.08984681476498918 0.08984681476498917
1113 0.6000003729807266 0.9102931827662313 0.08970681723380143
1114 0.6295631289766374 0.1007860157689539 0.7624092041958768
1115 0.2084767247607367 0.7711193749305975 0.09307835375823854
1116 0.2285576094944836 0.6827588200452003 0.3916343778996841
1117 0.1051303592415286 0.7732180336702372 0.7632307137411128
1118 0.5655596261788023 0.5357368214717445 0.4293791272969355
1119 0.6833856767486133 0.7538358952888097 0.7687022700211854
1120 0.09415348260602797 0.5271978611185625 0.3806974903601578
1121 0.2194074019886071 0.0927134413415908 0.8920770478506461
1122 0.3890747093622888 0.9055993723975552 0.09440062760245214
1123 0.7754090977723125 0.2434382873515095 0.8987794676317046
1124 0.3888133876186978 0.7776257810956783 0.3075190899431459
1125 0.6000000000019019 0.2157845377855174 0.9103869150367526
1126 0.09455201155318281 0.09774913646293457 0.219942757073405
1127 0.9103993183350727 0.1998558106971679 0.4514628881356023
1128 0.6004300654324586 0.3869504664254427 0.9090306523381119
1129 0.3828791665079641 0.3550657692482382 0.9099035823467545
1130 0.9034484386435491 0.903177716636014 0.3972712940002691
1131 0.9103057737112217 0.7985885612531279 0.2351904151746956
1132 0.2331722573124287 0.1865608867962337 0.308675519938604
1133 0.8398075141067837 0.6197318740596156 0.2648606762157032
1134 0.4217411240650318 0.6733145820215934 0.7711959553019008
1135 0.3894851389180229 0.09444438713957384 0.09273077539231434
1136 0.0933196337179317 0.595224226679839 0.08903280097879805
1137 0.9083730709110319 0.5999999999989587 0.9103800224002351
1138 0.9098530795249199 0.3604129671881102 0.3675291724652134
1139 0.2100607657652579 0.5522467281299303 0.489785613023473
$EndNodes
$Elements
6037
1 2 2 2 1 1 9 217
2 2 2 2 1 44 1 217
3 2 2 2 1 17 2 216
4 2 2 2 1 2 18 216
5 2 2 2 1 26 3 214
6 2 2 2 1 3 27 214
7 2 2 2 1 35 4 215
8 2 2 2 1 4 36 215
9 2 2 2 1 9 10 131
10 2 2 2 1 9 131 217
11 2 2 2 1 10 11 181
12 2 2 2 1 131 10 181
13 2 2 2 1 11 12 124
14 2 2 2 1 11 124 181
15 2 2 2 1 12 13 179
16 2 2 2 1 124 12 179
17 2 2 2 1 13 14 119
18 2 2 2 1 13 119 179
19 2 2 2 1 14 15 176
20 2 2 2 1 119 14 176
21 2 2 2 1 15 16 127
22 2 2 2 1 15 127 176
23 2 2 2 1 16 17 199
24 2 2 2 1 127 16 199
25 2 2 2 1 199 17 216
26 2 2 2 1 18 19 132
27 2 2 2 1 18 132 216
28 2 2 2 1 19 20 183
29 2 2 2 1 132 19 183
30 2 2 2 1 20 21 123
31 2 2 2 1 20 123 183
32 2 2 2 1 21 22 177
33 2 2 2 1 123 21 177
34 2 2 2 1 22 23 120
35 2 2 2 1 22 120 177
36 2 2 2 1 23 24 175
37 2 2 2 1 120 23 175
38 2 2 2 1 24 25 125
39 2 2 2 1 24 125 175
40 2 2 2 1 25 26 196
41 2 2 2 1 125 25 196
42 2 2 2 1 196 26 214
43 2 2 2 1 27 28 130
44 2 2 2 1 27 130 214
45 2 2 2 1 28 29 185
46 2 2 2 1 130 28 185
47 2 2 2 1 29 30 121
48 2 2 2 1 29 121 185
49 2 2 2 1 30 31 180
50 2 2 2 1 121 30 180
51 2 2 2 1 31 32 117
52 2 2 2 1 31 117 180
53 2 2 2 1 32 33 133
54 2 2 2 1 117 32 133
55 2 2 2 1 33 34 126
56 2 2 2 1 33 126 133
57 2 2 2 1 34 35 195
58 2 2 2 1 126 34 195
59 2 2 2 1 195 35 215
60 2 2 2 1 36 37 129
61 2 2 2 1 36 129 215
62 2 2 2 1 37 38 205
63 2 2 2 1 129 37 205
64 2 2 2 1 38 39 122
65 2 2 2 1 38 122 205
66 2 2 2 1 39 40 211
67 2 2 2 1 122 39 211
68 2 2 2 1 40 41 118
69 2 2 2 1 40 118 211
70 2 2 2 1 41 42 201
71 2 2 2 1 118 41 201
72 2 2 2 1 42 43 128
73 2 2 2 1 42 128 201
74 2 2 2 1 43 44 197
75 2 2 2 1 128 43 197
76 2 2 2 1 197 44 217
77 2 2 2 1 117 133 134
78 2 2 2 1 117 134 135
79 2 2 2 1 117 135 180
80 2 2 2 1 169 118 171
81 2 2 2 1 118 169 211
82 2 2 2 1 171 118 172
83 2 2 2 1 172 118 201
84 2 2 2 1 119 176 207
85 2 2 2 1 179 119 208
86 2 2 2 1 119 207 208
87 2 2 2 1 120 175 212
88 2 2 2 1 177 120 178
89 2 2 2 1 178 120 212
90 2 2 2 1 174 121 180
91 2 2 2 1 121 174 189
92 2 2 2 1 185 121 189
93 2 2 2 1 167 122 168
94 2 2 2 1 122 167 205
95 2 2 2 1 168 122 169
96 2 2 2 1 169 122 211
97 2 2 2 1 123 162 183
98 2 2 2 1 162 123 203
99 2 2 2 1 123 177 203
100 2 2 2 1 124 179 209
101 2 2 2 1 181 124 204
102 2 2 2 1 204 124 209
103 2 2 2 1 175 125 210
104 2 2 2 1 191 125 196
105 2 2 2 1 125 191 210
106 2 2 2 1 133 126 164
107 2 2 2 1 164 126 165
108 2 2 2 1 165 126 195
109 2 2 2 1 176 127 206
110 2 2 2 1 127 199 218
111 2 2 2 1 206 127 218
112 2 2 2 1 182 128 197
113 2 2 2 1 128 182 198
114 2 2 2 1 128 198 201
115 2 2 2 1 165 129 167
116 2 2 2 1 129 165 195
117 2 2 2 1 167 129 205
118 2 2 2 1 129 195 215
119 2 2 2 1 130 185 191
120 2 2 2 1 130 191 196
121 2 2 2 1 130 196 214
122 2 2 2 1 131 181 182
123 2 2 2 1 131 182 197
124 2 2 2 1 131 197 217
125 2 2 2 1 132 183 202
126 2 2 2 1 199 132 202
127 2 2 2 1 132 199 216
128 2 2 2 1 134 133 164
129 2 2 2 1 135 134 136
130 2 2 2 1 136 134 193
131 2 2 2 1 134 164 193
132 2 2 2 1 135 136 137
133 2 2 2 1 135 137 174
134 2 2 2 1 135 174 180
135 2 2 2 1 137 136 138
136 2 2 2 1 138 136 139
137 2 2 2 1 139 136 193
138 2 2 2 1 137 138 184
139 2 2 2 1 174 137 188
140 2 2 2 1 137 184 188
141 2 2 2 1 138 139 140
142 2 2 2 1 138 140 141
143 2 2 2 1 138 141 184
144 2 2 2 1 140 139 173
145 2 2 2 1 173 139 194
146 2 2 2 1 139 193 194
147 2 2 2 1 141 140 142
148 2 2 2 1 142 140 144
149 2 2 2 1 144 140 173
150 2 2 2 1 141 142 143
151 2 2 2 1 141 143 147
152 2 2 2 1 141 147 184
153 2 2 2 1 143 142 187
154 2 2 2 1 142 144 145
155 2 2 2 1 142 145 187
156 2 2 2 1 147 143 148
157 2 2 2 1 148 143 149
158 2 2 2 1 149 143 187
159 2 2 2 1 145 144 146
160 2 2 2 1 146 144 150
161 2 2 2 1 150 144 173
162 2 2 2 1 145 146 151
163 2 2 2 1 145 151 153
164 2 2 2 1 145 153 187
165 2 2 2 1 146 150 200
166 2 2 2 1 151 146 152
167 2 2 2 1 152 146 200
168 2 2 2 1 147 148 155
169 2 2 2 1 147 155 156
170 2 2 2 1 147 156 184
171 2 2 2 1 148 149 157
172 2 2 2 1 155 148 178
173 2 2 2 1 148 157 178
174 2 2 2 1 157 149 158
175 2 2 2 1 158 149 190
176 2 2 2 1 149 187 190
177 2 2 2 1 150 170 171
178 2 2 2 1 170 150 173
179 2 2 2 1 150 171 200
180 2 2 2 1 151 152 186
181 2 2 2 1 153 151 154
182 2 2 2 1 154 151 186
183 2 2 2 1 186 152 213
184 2 2 2 1 198 152 200
185 2 2 2 1 152 198 213
186 2 2 2 1 153 154 161
187 2 2 2 1 153 161 190
188 2 2 2 1 187 153 190
189 2 2 2 1 161 154 208
190 2 2 2 1 154 186 209
191 2 2 2 1 208 154 209
192 2 2 2 1 156 155 159
193 2 2 2 1 159 155 212
194 2 2 2 1 155 178 212
195 2 2 2 1 156 159 160
196 2 2 2 1 156 160 188
197 2 2 2 1 184 156 188
198 2 2 2 1 157 158 162
199 2 2 2 1 157 162 203
200 2 2 2 1 178 157 203
201 2 2 2 1 162 158 163
202 2 2 2 1 163 158 192
203 2 2 2 1 158 190 192
204 2 2 2 1 160 159 210
205 2 2 2 1 159 175 210
206 2 2 2 1 175 159 212
207 2 2 2 1 188 160 189
208 2 2 2 1 189 160 191
209 2 2 2 1 191 160 210
210 2 2 2 1 190 161 192
211 2 2 2 1 192 161 207
212 2 2 2 1 207 161 208
213 2 2 2 1 162 163 202
214 2 2 2 1 183 162 202
215 2 2 2 1 163 192 206
216 2 2 2 1 202 163 218
217 2 2 2 1 163 206 218
218 2 2 2 1 164 165 166
219 2 2 2 1 164 166 193
220 2 2 2 1 166 165 167
221 2 2 2 1 166 167 168
222 2 2 2 1 166 168 194
223 2 2 2 1 193 166 194
224 2 2 2 1 168 169 170
225 2 2 2 1 168 170 194
226 2 2 2 1 170 169 171
227 2 2 2 1 170 173 194
228 2 2 2 1 171 172 200
229 2 2 2 1 172 198 200
230 2 2 2 1 198 172 201
231 2 2 2 1 174 188 189
232 2 2 2 1 176 206 207
233 2 2 2 1 177 178 203
234 2 2 2 1 179 208 209
235 2 2 2 1 182 181 204
236 2 2 2 1 198 182 213
237 2 2 2 1 182 204 213
238 2 2 2 1 185 189 191
239 2 2 2 1 186 204 209
240 2 2 2 1 204 186 213
241 2 2 2 1 206 192 207
242 2 2 2 1 199 202 218
243 2 2 1 2 5 45 319
244 2 2 1 2 80 5 319
245 2 2 1 2 53 6 318
246 2 2 1 2 6 54 318
247 2 2 1 2 62 7 316
248 2 2 1 2 7 63 316
249 2 2 1 2 71 8 317
250 2 2 1 2 8 72 317
251 2 2 1 2 45 46 233
252 2 2 1 2 45 233 319
253 2 2 1 2 46 47 283
254 2 2 1 2 233 46 283
255 2 2 1 2 47 48 226
256 2 2 1 2 47 226 283
257 2 2 1 2 48 49 281
258 2 2 1 2 226 48 281
259 2 2 1 2 49 50 221
260 2 2 1 2 49 221 281
261 2 2 1 2 50 51 278
262 2 2 1 2 221 50 278
263 2 2 1 2 51 52 229
264 2 2 1 2 51 229 278
265 2 2 1 2 52 53 301
266 2 2 1 2 229 52 301
267 2 2 1 2 301 53 318
268 2 2 1 2 54 55 234
269 2 2 1 2 54 234 318
270 2 2 1 2 55 56 285
271 2 2 1 2 234 55 285
272 2 2 1 2 56 57 225
273 2 2 1 2 56 225 285
274 2 2 1 2 57 58 279
275 2 2 1 2 225 57 279
276 2 2 1 2 58 59 222
277 2 2 1 2 58 222 279
278 2 2 1 2 59 60 277
279 2 2 1 2 222 59 277
280 2 2 1 2 60 61 227
281 2 2 1 2 60 227 277
282 2 2 1 2 61 62 298
283 2 2 1 2 227 61 298
284 2 2 1 2 298 62 316
285 2 2 1 2 63 64 232
286 2 2 1 2 63 232 316
287 2 2 1 2 64 65 287
288 2 2 1 2 232 64 287
289 2 2 1 2 65 66 223
290 2 2 1 2 65 223 287
291 2 2 1 2 66 67 282
292 2 2 1 2 223 66 282
293 2 2 1 2 67 68 219
294 2 2 1 2 67 219 282
295 2 2 1 2 68 69 235
296 2 2 1 2 219 68 235
297 2 2 1 2 69 70 228
298 2 2 1 2 69 228 235
299 2 2 1 2 70 71 297
300 2 2 1 2 228 70 297
301 2 2 1 2 297 71 317
302 2 2 1 2 72 73 231
303 2 2 1 2 72 231 317
304 2 2 1 2 73 74 307
305 2 2 1 2 231 73 307
306 2 2 1 2 74 75 224
307 2 2 1 2 74 224 307
308 2 2 1 2 75 76 313
309 2 2 1 2 224 75 313
310 2 2 1 2 76 77 220
311 2 2 1 2 76 220 313
312 2 2 1 2 77 78 303
313 2 2 1 2 220 77 303
314 2 2 1 2 78 79 230
315 2 2 1 2 78 230 303
316 2 2 1 2 79 80 299
317 2 2 1 2 230 79 299
318 2 2 1 2 299 80 319
319 2 2 1 2 219 235 236
320 2 2 1 2 219 236 237
321 2 2 1 2 219 237 282
322 2 2 1 2 271 220 273
323 2 2 1 2 220 271 313
324 2 2 1 2 273 220 274
325 2 2 1 2 274 220 303
326 2 2 1 2 221 278 309
327 2 2 1 2 281 221 310
328 2 2 1 2 221 309 310
329 2 2 1 2 222 277 314
330 2 2 1 2 279 222 280
331 2 2 1 2 280 222 314
332 2 2 1 2 276 223 282
333 2 2 1 2 223 276 291
334 2 2 1 2 287 223 291
335 2 2 1 2 269 224 270
336 2 2 1 2 224 269 307
337 2 2 1 2 270 224 271
338 2 2 1 2 271 224 313
339 2 2 1 2 225 264 285
340 2 2 1 2 264 225 305
341 2 2 1 2 225 279 305
342 2 2 1 2 226 281 311
343 2 2 1 2 283 226 306
344 2 2 1 2 306 226 311
345 2 2 1 2 277 227 312
346 2 2 1 2 293 227 298
347 2 2 1 2 227 293 312
348 2 2 1 2 235 228 266
349 2 2 1 2 266 228 267
350 2 2 1 2 267 228 297
351 2 2 1 2 278 229 308
352 2 2 1 2 229 301 320
353 2 2 1 2 308 229 320
354 2 2 1 2 284 230 299
355 2 2 1 2 230 284 300
356 2 2 1 2 230 300 303
357 2 2 1 2 267 231 269
358 2 2 1 2 231 267 297
359 2 2 1 2 269 231 307
360 2 2 1 2 231 297 317
361 2 2 1 2 232 287 293
362 2 2 1 2 232 293 298
363 2 2 1 2 232 298 316
364 2 2 1 2 233 283 284
365 2 2 1 2 233 284 299
366 2 2 1 2 233 299 319
367 2 2 1 2 234 285 304
368 2 2 1 2 301 234 304
369 2 2 1 2 234 301 318
370 2 2 1 2 236 235 266
371 2 2 1 2 237 236 238
372 2 2 1 2 238 236 295
373 2 2 1 2 236 266 295
374 2 2 1 2 237 238 239
375 2 2 1 2 237 239 276
376 2 2 1 2 237 276 282
377 2 2 1 2 239 238 240
378 2 2 1 2 240 238 241
379 2 2 1 2 241 238 295
380 2 2 1 2 239 240 286
381 2 2 1 2 276 239 290
382 2 2 1 2 239 286 290
383 2 2 1 2 240 241 242
384 2 2 1 2 240 242 243
385 2 2 1 2 240 243 286
386 2 2 1 2 242 241 275
387 2 2 1 2 275 241 296
388 2 2 1 2 241 295 296
389 2 2 1 2 243 242 244
390 2 2 1 2 244 242 246
391 2 2 1 2 246 242 275
392 2 2 1 2 243 244 245
393 2 2 1 2 243 245 249
394 2 2 1 2 243 249 286
395 2 2 1 2 245 244 289
396 2 2 1 2 244 246 247
397 2 2 1 2 244 247 289
398 2 2 1 2 249 245 250
399 2 2 1 2 250 245 251
400 2 2 1 2 251 245 289
401 2 2 1 2 247 246 248
402 2 2 1 2 248 246 252
403 2 2 1 2 252 246 275
404 2 2 1 2 247 248 253
405 2 2 1 2 247 253 255
406 2 2 1 2 247 255 289
407 2 2 1 2 248 252 302
408 2 2 1 2 253 248 254
409 2 2 1 2 254 248 302
410 2 2 1 2 249 250 257
411 2 2 1 2 249 257 258
412 2 2 1 2 249 258 286
413 2 2 1 2 250 251 259
414 2 2 1 2 257 250 280
415 2 2 1 2 250 259 280
416 2 2 1 2 259 251 260
417 2 2 1 2 260 251 292
418 2 2 1 2 251 289 292
419 2 2 1 2 252 272 273
420 2 2 1 2 272 252 275
421 2 2 1 2 252 273 302
422 2 2 1 2 253 254 288
423 2 2 1 2 255 253 256
424 2 2 1 2 256 253 288
425 2 2 1 2 288 254 315
426 2 2 1 2 300 254 302
427 2 2 1 2 254 300 315
428 2 2 1 2 255 256 263
429 2 2 1 2 255 263 292
430 2 2 1 2 289 255 292
431 2 2 1 2 263 256 310
432 2 2 1 2 256 288 311
433 2 2 1 2 310 256 311
434 2 2 1 2 258 257 261
435 2 2 1 2 261 257 314
436 2 2 1 2 257 280 314
437 2 2 1 2 258 261 262
438 2 2 1 2 258 262 290
439 2 2 1 2 286 258 290
440 2 2 1 2 259 260 264
441 2 2 1 2 259 264 305
442 2 2 1 2 280 259 305
443 2 2 1 2 264 260 265
444 2 2 1 2 265 260 294
445 2 2 1 2 260 292 294
446 2 2 1 2 262 261 312
447 2 2 1 2 261 277 312
448 2 2 1 2 277 261 314
449 2 2 1 2 290 262 291
450 2 2 1 2 291 262 293
451 2 2 1 2 293 262 312
452 2 2 1 2 292 263 294
453 2 2 1 2 294 263 309
454 2 2 1 2 309 263 310
455 2 2 1 2 264 265 304
456 2 2 1 2 285 264 304
457 2 2 1 2 265 294 308
458 2 2 1 2 304 265 320
459 2 2 1 2 265 308 320
460 2 2 1 2 266 267 268
461 2 2 1 2 266 268 295
462 2 2 1 2 268 267 269
463 2 2 1 2 268 269 270
464 2 2 1 2 268 270 296
465 2 2 1 2 295 268 296
466 2 2 1 2 270 271 272
467 2 2 1 2 270 272 296
468 2 2 1 2 272 271 273
469 2 2 1 2 272 275 296
470 2 2 1 2 273 274 302
471 2 2 1 2 274 300 302
472 2 2 1 2 300 274 303
473 2 2 1 2 276 290 291
474 2 2 1 2 278 308 309
475 2 2 1 2 279 280 305
476 2 2 1 2 281 310 311
477 2 2 1 2 284 283 306
478 2 2 1 2 300 284 315
479 2 2 1 2 284 306 315
480 2 2 1 2 287 291 293
481 2 2 1 2 288 306 311
482 2 2 1 2 306 288 315
483 2 2 1 2 308 294 309
484 2 2 1 2 301 304 320
485 2 2 2 3 1 9 417
486 2 2 2 3 81 1 417
487 2 2 2 3 17 2 420
488 2 2 2 3 2 90 420
489 2 2 2 3 45 5 419
490 2 2 2 3 5 89 419
491 2 2 2 3 6 53 418
492 2 2 2 3 98 6 418
493 2 2 2 3 9 10 402
494 2 2 2 3 9 402 417
495 2 2 2 3 10 11 387
496 2 2 2 3 10 387 402
497 2 2 2 3 11 12 327
498 2 2 2 3 11 327 387
499 2 2 2 3 12 13 385
500 2 2 2 3 327 12 385
501 2 2 2 3 13 14 323
502 2 2 2 3 13 323 385
503 2 2 2 3 14 15 336
504 2 2 2 3 323 14 336
505 2 2 2 3 15 16 330
506 2 2 2 3 15 330 336
507 2 2 2 3 16 17 400
508 2 2 2 3 330 16 400
509 2 2 2 3 400 17 420
510 2 2 2 3 46 45 334
511 2 2 2 3 334 45 419
512 2 2 2 3 47 46 391
513 2 2 2 3 46 334 391
514 2 2 2 3 48 47 325
515 2 2 2 3 325 47 391
516 2 2 2 3 49 48 384
517 2 2 2 3 48 325 384
518 2 2 2 3 50 49 324
519 2 2 2 3 324 49 384
520 2 2 2 3 51 50 375
521 2 2 2 3 50 324 375
522 2 2 2 3 52 51 329
523 2 2 2 3 329 51 375
524 2 2 2 3 53 52 403
525 2 2 2 3 52 329 403
526 2 2 2 3 53 403 418
527 2 2 2 3 82 81 333
528 2 2 2 3 333 81 417
529 2 2 2 3 83 82 395
530 2 2 2 3 82 333 395
531 2 2 2 3 84 83 328
532 2 2 2 3 328 83 395
533 2 2 2 3 85 84 379
534 2 2 2 3 84 328 379
535 2 2 2 3 86 85 322
536 2 2 2 3 322 85 379
537 2 2 2 3 87 86 374
538 2 2 2 3 86 322 374
539 2 2 2 3 88 87 331
540 2 2 2 3 331 87 374
541 2 2 2 3 89 88 401
542 2 2 2 3 88 331 401
543 2 2 2 3 89 401 419
544 2 2 2 3 90 91 335
545 2 2 2 3 90 335 420
546 2 2 2 3 91 92 410
547 2 2 2 3 335 91 410
548 2 2 2 3 92 93 326
549 2 2 2 3 92 326 410
550 2 2 2 3 93 94 416
551 2 2 2 3 326 93 416
552 2 2 2 3 94 95 321
553 2 2 2 3 94 321 416
554 2 2 2 3 95 96 376
555 2 2 2 3 321 95 376
556 2 2 2 3 96 97 332
557 2 2 2 3 96 332 376
558 2 2 2 3 97 98 389
559 2 2 2 3 332 97 389
560 2 2 2 3 389 98 418
561 2 2 2 3 370 321 372
562 2 2 2 3 321 370 416
563 2 2 2 3 372 321 409
564 2 2 2 3 321 376 409
565 2 2 2 3 374 322 408
566 2 2 2 3 322 379 383
567 2 2 2 3 322 383 408
568 2 2 2 3 323 336 337
569 2 2 2 3 323 337 338
570 2 2 2 3 323 338 385
571 2 2 2 3 375 324 414
572 2 2 2 3 324 384 413
573 2 2 2 3 324 413 414
574 2 2 2 3 384 325 411
575 2 2 2 3 325 391 412
576 2 2 2 3 411 325 412
577 2 2 2 3 368 326 369
578 2 2 2 3 326 368 410
579 2 2 2 3 369 326 370
580 2 2 2 3 370 326 416
581 2 2 2 3 377 327 385
582 2 2 2 3 327 377 386
583 2 2 2 3 327 386 387
584 2 2 2 3 379 328 380
585 2 2 2 3 380 328 381
586 2 2 2 3 381 328 395
587 2 2 2 3 329 375 415
588 2 2 2 3 403 329 422
589 2 2 2 3 329 415 422
590 2 2 2 3 336 330 365
591 2 2 2 3 365 330 366
592 2 2 2 3 366 330 400
593 2 2 2 3 363 331 374
594 2 2 2 3 331 363 407
595 2 2 2 3 401 331 407
596 2 2 2 3 332 361 376
597 2 2 2 3 361 332 406
598 2 2 2 3 332 389 406
599 2 2 2 3 388 333 402
600 2 2 2 3 333 388 424
601 2 2 2 3 395 333 424
602 2 2 2 3 402 333 417
603 2 2 2 3 391 334 421
604 2 2 2 3 334 401 407
605 2 2 2 3 401 334 419
606 2 2 2 3 334 407 421
607 2 2 2 3 366 335 368
608 2 2 2 3 335 366 400
609 2 2 2 3 368 335 410
610 2 2 2 3 335 400 420
611 2 2 2 3 337 336 365
612 2 2 2 3 338 337 339
613 2 2 2 3 339 337 397
614 2 2 2 3 337 365 397
615 2 2 2 3 338 339 340
616 2 2 2 3 338 340 377
617 2 2 2 3 338 377 385
618 2 2 2 3 340 339 341
619 2 2 2 3 341 339 342
620 2 2 2 3 342 339 397
621 2 2 2 3 340 341 392
622 2 2 2 3 377 340 378
623 2 2 2 3 378 340 392
624 2 2 2 3 341 342 343
625 2 2 2 3 341 343 344
626 2 2 2 3 341 344 392
627 2 2 2 3 343 342 399
628 2 2 2 3 373 342 397
629 2 2 2 3 342 373 399
630 2 2 2 3 344 343 345
631 2 2 2 3 345 343 346
632 2 2 2 3 346 343 399
633 2 2 2 3 344 345 347
634 2 2 2 3 344 347 350
635 2 2 2 3 344 350 392
636 2 2 2 3 345 346 393
637 2 2 2 3 347 345 348
638 2 2 2 3 348 345 393
639 2 2 2 3 393 346 396
640 2 2 2 3 396 346 398
641 2 2 2 3 398 346 399
642 2 2 2 3 347 348 349
643 2 2 2 3 347 349 394
644 2 2 2 3 350 347 394
645 2 2 2 3 349 348 351
646 2 2 2 3 351 348 352
647 2 2 2 3 352 348 393
648 2 2 2 3 349 351 353
649 2 2 2 3 349 353 355
650 2 2 2 3 349 355 394
651 2 2 2 3 382 350 405
652 2 2 2 3 350 382 423
653 2 2 2 3 392 350 423
654 2 2 2 3 350 394 405
655 2 2 2 3 351 352 354
656 2 2 2 3 353 351 390
657 2 2 2 3 351 354 390
658 2 2 2 3 354 352 356
659 2 2 2 3 356 352 357
660 2 2 2 3 357 352 393
661 2 2 2 3 355 353 363
662 2 2 2 3 363 353 364
663 2 2 2 3 364 353 390
664 2 2 2 3 354 356 413
665 2 2 2 3 390 354 411
666 2 2 2 3 411 354 413
667 2 2 2 3 355 363 408
668 2 2 2 3 355 383 394
669 2 2 2 3 383 355 408
670 2 2 2 3 356 357 358
671 2 2 2 3 356 358 414
672 2 2 2 3 413 356 414
673 2 2 2 3 358 357 359
674 2 2 2 3 359 357 396
675 2 2 2 3 357 393 396
676 2 2 2 3 358 359 360
677 2 2 2 3 358 360 415
678 2 2 2 3 414 358 415
679 2 2 2 3 360 359 361
680 2 2 2 3 361 359 362
681 2 2 2 3 362 359 396
682 2 2 2 3 360 361 406
683 2 2 2 3 360 406 422
684 2 2 2 3 415 360 422
685 2 2 2 3 361 362 409
686 2 2 2 3 376 361 409
687 2 2 2 3 372 362 398
688 2 2 2 3 362 372 409
689 2 2 2 3 362 396 398
690 2 2 2 3 363 364 407
691 2 2 2 3 363 374 408
692 2 2 2 3 364 390 412
693 2 2 2 3 407 364 421
694 2 2 2 3 364 412 421
695 2 2 2 3 365 366 367
696 2 2 2 3 365 367 397
697 2 2 2 3 367 366 368
698 2 2 2 3 367 368 369
699 2 2 2 3 367 369 373
700 2 2 2 3 367 373 397
701 2 2 2 3 369 370 371
702 2 2 2 3 369 371 373
703 2 2 2 3 371 370 372
704 2 2 2 3 371 372 398
705 2 2 2 3 373 371 399
706 2 2 2 3 371 398 399
707 2 2 2 3 375 414 415
708 2 2 2 3 377 378 386
709 2 2 2 3 386 378 404
710 2 2 2 3 378 392 423
711 2 2 2 3 404 378 423
712 2 2 2 3 379 380 383
713 2 2 2 3 380 381 382
714 2 2 2 3 380 382 405
715 2 2 2 3 383 380 405
716 2 2 2 3 382 381 404
717 2 2 2 3 381 395 424
718 2 2 2 3 404 381 424
719 2 2 2 3 382 404 423
720 2 2 2 3 394 383 405
721 2 2 2 3 384 411 413
722 2 2 2 3 387 386 388
723 2 2 2 3 388 386 404
724 2 2 2 3 387 388 402
725 2 2 2 3 388 404 424
726 2 2 2 3 389 403 406
727 2 2 2 3 403 389 418
728 2 2 2 3 390 411 412
729 2 2 2 3 412 391 421
730 2 2 2 3 406 403 422
731 2 2 2 4 2 18 521
732 2 2 2 4 90 2 521
733 2 2 2 4 26 3 524
734 2 2 2 4 3 99 524
735 2 2 2 4 54 6 523
736 2 2 2 4 6 98 523
737 2 2 2 4 7 62 522
738 2 2 2 4 107 7 522
739 2 2 2 4 18 19 506
740 2 2 2 4 18 506 521
741 2 2 2 4 19 20 491
742 2 2 2 4 19 491 506
743 2 2 2 4 20 21 431
744 2 2 2 4 20 431 491
745 2 2 2 4 21 22 489
746 2 2 2 4 431 21 489
747 2 2 2 4 22 23 427
748 2 2 2 4 22 427 489
749 2 2 2 4 23 24 440
750 2 2 2 4 427 23 440
751 2 2 2 4 24 25 434
752 2 2 2 4 24 434 440
753 2 2 2 4 25 26 504
754 2 2 2 4 434 25 504
755 2 2 2 4 504 26 524
756 2 2 2 4 55 54 438
757 2 2 2 4 438 54 523
758 2 2 2 4 56 55 495
759 2 2 2 4 55 438 495
760 2 2 2 4 57 56 429
761 2 2 2 4 429 56 495
762 2 2 2 4 58 57 488
763 2 2 2 4 57 429 488
764 2 2 2 4 59 58 428
765 2 2 2 4 428 58 488
766 2 2 2 4 60 59 479
767 2 2 2 4 59 428 479
768 2 2 2 4 61 60 433
769 2 2 2 4 433 60 479
770 2 2 2 4 62 61 507
771 2 2 2 4 61 433 507
772 2 2 2 4 62 507 522
773 2 2 2 4 91 90 437
774 2 2 2 4 437 90 521
775 2 2 2 4 92 91 499
776 2 2 2 4 91 437 499
777 2 2 2 4 93 92 432
778 2 2 2 4 432 92 499
779 2 2 2 4 94 93 483
780 2 2 2 4 93 432 483
781 2 2 2 4 95 94 426
782 2 2 2 4 426 94 483
783 2 2 2 4 96 95 478
784 2 2 2 4 95 426 478
785 2 2 2 4 97 96 435
786 2 2 2 4 435 96 478
787 2 2 2 4 98 97 505
788 2 2 2 4 97 435 505
789 2 2 2 4 98 505 523
790 2 2 2 4 99 100 439
791 2 2 2 4 99 439 524
792 2 2 2 4 100 101 514
793 2 2 2 4 439 100 514
794 2 2 2 4 101 102 430
795 2 2 2 4 101 430 514
796 2 2 2 4 102 103 520
797 2 2 2 4 430 102 520
798 2 2 2 4 103 104 425
799 2 2 2 4 103 425 520
800 2 2 2 4 104 105 480
801 2 2 2 4 425 104 480
802 2 2 2 4 105 106 436
803 2 2 2 4 105 436 480
804 2 2 2 4 106 107 493
805 2 2 2 4 436 106 493
806 2 2 2 4 493 107 522
807 2 2 2 4 474 425 476
808 2 2 2 4 425 474 520
809 2 2 2 4 476 425 513
810 2 2 2 4 425 480 513
811 2 2 2 4 478 426 512
812 2 2 2 4 426 483 487
813 2 2 2 4 426 487 512
814 2 2 2 4 427 440 441
815 2 2 2 4 427 441 442
816 2 2 2 4 427 442 489
817 2 2 2 4 479 428 518
818 2 2 2 4 428 488 517
819 2 2 2 4 428 517 518
820 2 2 2 4 488 429 515
821 2 2 2 4 429 495 516
822 2 2 2 4 515 429 516
823 2 2 2 4 472 430 473
824 2 2 2 4 430 472 514
825 2 2 2 4 473 430 474
826 2 2 2 4 474 430 520
827 2 2 2 4 481 431 489
828 2 2 2 4 431 481 490
829 2 2 2 4 431 490 491
830 2 2 2 4 483 432 484
831 2 2 2 4 484 432 485
832 2 2 2 4 485 432 499
833 2 2 2 4 433 479 519
834 2 2 2 4 507 433 526
835 2 2 2 4 433 519 526
836 2 2 2 4 440 434 469
837 2 2 2 4 469 434 470
838 2 2 2 4 470 434 504
839 2 2 2 4 467 435 478
840 2 2 2 4 435 467 511
841 2 2 2 4 505 435 511
842 2 2 2 4 436 465 480
843 2 2 2 4 465 436 510
844 2 2 2 4 436 493 510
845 2 2 2 4 492 437 506
846 2 2 2 4 437 492 528
847 2 2 2 4 499 437 528
848 2 2 2 4 506 437 521
849 2 2 2 4 495 438 525
850 2 2 2 4 438 505 511
851 2 2 2 4 505 438 523
852 2 2 2 4 438 511 525
853 2 2 2 4 470 439 472
854 2 2 2 4 439 470 504
855 2 2 2 4 472 439 514
856 2 2 2 4 439 504 524
857 2 2 2 4 441 440 469
858 2 2 2 4 442 441 443
859 2 2 2 4 443 441 501
860 2 2 2 4 441 469 501
861 2 2 2 4 442 443 444
862 2 2 2 4 442 444 481
863 2 2 2 4 442 481 489
864 2 2 2 4 444 443 445
865 2 2 2 4 445 443 446
866 2 2 2 4 446 443 501
867 2 2 2 4 444 445 496
868 2 2 2 4 481 444 482
869 2 2 2 4 482 444 496
870 2 2 2 4 445 446 447
871 2 2 2 4 445 447 448
872 2 2 2 4 445 448 496
873 2 2 2 4 447 446 503
874 2 2 2 4 477 446 501
875 2 2 2 4 446 477 503
876 2 2 2 4 448 447 449
877 2 2 2 4 449 447 450
878 2 2 2 4 450 447 503
879 2 2 2 4 448 449 451
880 2 2 2 4 448 451 454
881 2 2 2 4 448 454 496
882 2 2 2 4 449 450 497
883 2 2 2 4 451 449 452
884 2 2 2 4 452 449 497
885 2 2 2 4 497 450 500
886 2 2 2 4 500 450 502
887 2 2 2 4 502 450 503
888 2 2 2 4 451 452 453
889 2 2 2 4 451 453 498
890 2 2 2 4 454 451 498
891 2 2 2 4 453 452 455
892 2 2 2 4 455 452 456
893 2 2 2 4 456 452 497
894 2 2 2 4 453 455 457
895 2 2 2 4 453 457 459
896 2 2 2 4 453 459 498
897 2 2 2 4 486 454 509
898 2 2 2 4 454 486 527
899 2 2 2 4 496 454 527
900 2 2 2 4 454 498 509
901 2 2 2 4 455 456 458
902 2 2 2 4 457 455 494
903 2 2 2 4 455 458 494
904 2 2 2 4 458 456 460
905 2 2 2 4 460 456 461
906 2 2 2 4 461 456 497
907 2 2 2 4 459 457 467
908 2 2 2 4 467 457 468
909 2 2 2 4 468 457 494
910 2 2 2 4 458 460 517
911 2 2 2 4 494 458 515
912 2 2 2 4 515 458 517
913 2 2 2 4 459 467 512
914 2 2 2 4 459 487 498
915 2 2 2 4 487 459 512
916 2 2 2 4 460 461 462
917 2 2 2 4 460 462 518
918 2 2 2 4 517 460 518
919 2 2 2 4 462 461 463
920 2 2 2 4 463 461 500
921 2 2 2 4 461 497 500
922 2 2 2 4 462 463 464
923 2 2 2 4 462 464 519
924 2 2 2 4 518 462 519
925 2 2 2 4 464 463 465
926 2 2 2 4 465 463 466
927 2 2 2 4 466 463 500
928 2 2 2 4 464 465 510
929 2 2 2 4 464 510 526
930 2 2 2 4 519 464 526
931 2 2 2 4 465 466 513
932 2 2 2 4 480 465 513
933 2 2 2 4 476 466 502
934 2 2 2 4 466 476 513
935 2 2 2 4 466 500 502
936 2 2 2 4 467 468 511
937 2 2 2 4 467 478 512
938 2 2 2 4 468 494 516
939 2 2 2 4 511 468 525
940 2 2 2 4 468 516 525
941 2 2 2 4 469 470 471
942 2 2 2 4 469 471 501
943 2 2 2 4 471 470 472
944 2 2 2 4 471 472 473
945 2 2 2 4 471 473 477
946 2 2 2 4 471 477 501
947 2 2 2 4 473 474 475
948 2 2 2 4 473 475 477
949 2 2 2 4 475 474 476
950 2 2 2 4 475 476 502
951 2 2 2 4 477 475 503
952 2 2 2 4 475 502 503
953 2 2 2 4 479 518 519
954 2 2 2 4 481 482 490
955 2 2 2 4 490 482 508
956 2 2 2 4 482 496 527
957 2 2 2 4 508 482 527
958 2 2 2 4 483 484 487
959 2 2 2 4 484 485 486
960 2 2 2 4 484 486 509
961 2 2 2 4 487 484 509
962 2 2 2 4 486 485 508
963 2 2 2 4 485 499 528
964 2 2 2 4 508 485 528
965 2 2 2 4 486 508 527
966 2 2 2 4 498 487 509
967 2 2 2 4 488 515 517
968 2 2 2 4 491 490 492
969 2 2 2 4 492 490 508
970 2 2 2 4 491 492 506
971 2 2 2 4 492 508 528
972 2 2 2 4 493 507 510
973 2 2 2 4 507 493 522
974 2 2 2 4 494 515 516
975 2 2 2 4 516 495 525
976 2 2 2 4 510 507 526
977 2 2 2 5 3 27 625
978 2 2 2 5 99 3 625
979 2 2 2 5 35 4 628
980 2 2 2 5 4 108 628
981 2 2 2 5 63 7 626
982 2 2 2 5 7 107 626
983 2 2 2 5 8 71 627
984 2 2 2 5 116 8 627
985 2 2 2 5 27 28 541
986 2 2 2 5 27 541 625
987 2 2 2 5 28 29 599
988 2 2 2 5 541 28 599
989 2 2 2 5 29 30 533
990 2 2 2 5 29 533 599
991 2 2 2 5 30 31 594
992 2 2 2 5 533 30 594
993 2 2 2 5 31 32 530
994 2 2 2 5 31 530 594
995 2 2 2 5 32 33 544
996 2 2 2 5 530 32 544
997 2 2 2 5 33 34 539
998 2 2 2 5 33 539 544
999 2 2 2 5 34 35 610
1000 2 2 2 5 539 34 610
1001 2 2 2 5 610 35 628
1002 2 2 2 5 64 63 542
1003 2 2 2 5 542 63 626
1004 2 2 2 5 65 64 600
1005 2 2 2 5 64 542 600
1006 2 2 2 5 66 65 534
1007 2 2 2 5 534 65 600
1008 2 2 2 5 67 66 586
1009 2 2 2 5 66 534 586
1010 2 2 2 5 68 67 529
1011 2 2 2 5 529 67 586
1012 2 2 2 5 69 68 582
1013 2 2 2 5 68 529 582
1014 2 2 2 5 70 69 537
1015 2 2 2 5 537 69 582
1016 2 2 2 5 71 70 595
1017 2 2 2 5 70 537 595
1018 2 2 2 5 71 595 627
1019 2 2 2 5 100 99 609
1020 2 2 2 5 609 99 625
1021 2 2 2 5 101 100 596
1022 2 2 2 5 596 100 609
1023 2 2 2 5 102 101 536
1024 2 2 2 5 536 101 596
1025 2 2 2 5 103 102 588
1026 2 2 2 5 102 536 588
1027 2 2 2 5 104 103 531
1028 2 2 2 5 531 103 588
1029 2 2 2 5 105 104 583
1030 2 2 2 5 104 531 583
1031 2 2 2 5 106 105 538
1032 2 2 2 5 538 105 583
1033 2 2 2 5 107 106 608
1034 2 2 2 5 106 538 608
1035 2 2 2 5 107 608 626
1036 2 2 2 5 108 109 543
1037 2 2 2 5 108 543 628
1038 2 2 2 5 109 110 620
1039 2 2 2 5 543 109 620
1040 2 2 2 5 110 111 535
1041 2 2 2 5 110 535 620
1042 2 2 2 5 111 112 624
1043 2 2 2 5 535 111 624
1044 2 2 2 5 112 113 532
1045 2 2 2 5 112 532 624
1046 2 2 2 5 113 114 587
1047 2 2 2 5 532 113 587
1048 2 2 2 5 114 115 540
1049 2 2 2 5 114 540 587
1050 2 2 2 5 115 116 611
1051 2 2 2 5 540 115 611
1052 2 2 2 5 611 116 627
1053 2 2 2 5 582 529 622
1054 2 2 2 5 529 586 621
1055 2 2 2 5 529 621 622
1056 2 2 2 5 530 544 545
1057 2 2 2 5 530 545 546
1058 2 2 2 5 530 546 594
1059 2 2 2 5 583 531 616
1060 2 2 2 5 531 588 592
1061 2 2 2 5 531 592 616
1062 2 2 2 5 578 532 580
1063 2 2 2 5 532 578 624
1064 2 2 2 5 580 532 617
1065 2 2 2 5 532 587 617
1066 2 2 2 5 584 533 594
1067 2 2 2 5 533 584 598
1068 2 2 2 5 533 598 599
1069 2 2 2 5 586 534 618
1070 2 2 2 5 534 600 619
1071 2 2 2 5 618 534 619
1072 2 2 2 5 576 535 577
1073 2 2 2 5 535 576 620
1074 2 2 2 5 577 535 578
1075 2 2 2 5 578 535 624
1076 2 2 2 5 588 536 589
1077 2 2 2 5 589 536 590
1078 2 2 2 5 590 536 596
1079 2 2 2 5 537 582 623
1080 2 2 2 5 595 537 630
1081 2 2 2 5 537 623 630
1082 2 2 2 5 571 538 583
1083 2 2 2 5 538 571 615
1084 2 2 2 5 608 538 615
1085 2 2 2 5 544 539 573
1086 2 2 2 5 573 539 574
1087 2 2 2 5 574 539 610
1088 2 2 2 5 540 569 587
1089 2 2 2 5 569 540 614
1090 2 2 2 5 540 611 614
1091 2 2 2 5 541 597 609
1092 2 2 2 5 597 541 632
1093 2 2 2 5 541 599 632
1094 2 2 2 5 541 609 625
1095 2 2 2 5 600 542 629
1096 2 2 2 5 542 608 615
1097 2 2 2 5 608 542 626
1098 2 2 2 5 542 615 629
1099 2 2 2 5 574 543 576
1100 2 2 2 5 543 574 610
1101 2 2 2 5 576 543 620
1102 2 2 2 5 543 610 628
1103 2 2 2 5 545 544 573
1104 2 2 2 5 546 545 547
1105 2 2 2 5 547 545 605
1106 2 2 2 5 545 573 605
1107 2 2 2 5 546 547 548
1108 2 2 2 5 546 548 584
1109 2 2 2 5 546 584 594
1110 2 2 2 5 548 547 549
1111 2 2 2 5 549 547 550
1112 2 2 2 5 550 547 605
1113 2 2 2 5 548 549 601
1114 2 2 2 5 584 548 585
1115 2 2 2 5 585 548 601
1116 2 2 2 5 549 550 551
1117 2 2 2 5 549 551 552
1118 2 2 2 5 549 552 601
1119 2 2 2 5 551 550 607
1120 2 2 2 5 581 550 605
1121 2 2 2 5 550 581 607
1122 2 2 2 5 552 551 553
1123 2 2 2 5 553 551 554
1124 2 2 2 5 554 551 607
1125 2 2 2 5 552 553 555
1126 2 2 2 5 552 555 558
1127 2 2 2 5 552 558 601
1128 2 2 2 5 553 554 602
1129 2 2 2 5 555 553 556
1130 2 2 2 5 556 553 602
1131 2 2 2 5 602 554 604
1132 2 2 2 5 604 554 606
1133 2 2 2 5 606 554 607
1134 2 2 2 5 555 556 557
1135 2 2 2 5 555 557 603
1136 2 2 2 5 558 555 603
1137 2 2 2 5 557 556 559
1138 2 2 2 5 559 556 560
1139 2 2 2 5 560 556 602
1140 2 2 2 5 557 559 561
1141 2 2 2 5 557 561 563
1142 2 2 2 5 557 563 603
1143 2 2 2 5 591 558 613
1144 2 2 2 5 558 591 631
1145 2 2 2 5 601 558 631
1146 2 2 2 5 558 603 613
1147 2 2 2 5 559 560 562
1148 2 2 2 5 561 559 593
1149 2 2 2 5 559 562 593
1150 2 2 2 5 562 560 564
1151 2 2 2 5 564 560 565
1152 2 2 2 5 565 560 602
1153 2 2 2 5 563 561 571
1154 2 2 2 5 571 561 572
1155 2 2 2 5 572 561 593
1156 2 2 2 5 562 564 621
1157 2 2 2 5 593 562 618
1158 2 2 2 5 618 562 621
1159 2 2 2 5 563 571 616
1160 2 2 2 5 563 592 603
1161 2 2 2 5 592 563 616
1162 2 2 2 5 564 565 566
1163 2 2 2 5 564 566 622
1164 2 2 2 5 621 564 622
1165 2 2 2 5 566 565 567
1166 2 2 2 5 567 565 604
1167 2 2 2 5 565 602 604
1168 2 2 2 5 566 567 568
1169 2 2 2 5 566 568 623
1170 2 2 2 5 622 566 623
1171 2 2 2 5 568 567 569
1172 2 2 2 5 569 567 570
1173 2 2 2 5 570 567 604
1174 2 2 2 5 568 569 614
1175 2 2 2 5 568 614 630
1176 2 2 2 5 623 568 630
1177 2 2 2 5 569 570 617
1178 2 2 2 5 587 569 617
1179 2 2 2 5 580 570 606
1180 2 2 2 5 570 580 617
1181 2 2 2 5 570 604 606
1182 2 2 2 5 571 572 615
1183 2 2 2 5 571 583 616
1184 2 2 2 5 572 593 619
1185 2 2 2 5 615 572 629
1186 2 2 2 5 572 619 629
1187 2 2 2 5 573 574 575
1188 2 2 2 5 573 575 605
1189 2 2 2 5 575 574 576
1190 2 2 2 5 575 576 577
1191 2 2 2 5 575 577 581
1192 2 2 2 5 575 581 605
1193 2 2 2 5 577 578 579
1194 2 2 2 5 577 579 581
1195 2 2 2 5 579 578 580
1196 2 2 2 5 579 580 606
1197 2 2 2 5 581 579 607
1198 2 2 2 5 579 606 607
1199 2 2 2 5 582 622 623
1200 2 2 2 5 584 585 598
1201 2 2 2 5 598 585 612
1202 2 2 2 5 585 601 631
1203 2 2 2 5 612 585 631
1204 2 2 2 5 586 618 621
1205 2 2 2 5 588 589 592
1206 2 2 2 5 589 590 591
1207 2 2 2 5 589 591 613
1208 2 2 2 5 592 589 613
1209 2 2 2 5 591 590 612
1210 2 2 2 5 590 596 597
1211 2 2 2 5 590 597 612
1212 2 2 2 5 591 612 631
1213 2 2 2 5 603 592 613
1214 2 2 2 5 593 618 619
1215 2 2 2 5 611 595 614
1216 2 2 2 5 595 611 627
1217 2 2 2 5 614 595 630
1218 2 2 2 5 597 596 609
1219 2 2 2 5 612 597 632
1220 2 2 2 5 599 598 632
1221 2 2 2 5 598 612 632
1222 2 2 2 5 619 600 629
1223 2 2 2 6 44 1 732
1224 2 2 2 6 1 81 732
1225 2 2 2 6 4 36 729
1226 2 2 2 6 108 4 729
1227 2 2 2 6 5 80 731
1228 2 2 2 6 89 5 731
1229 2 2 2 6 72 8 730
1230 2 2 2 6 8 116 730
1231 2 2 2 6 36 37 645
1232 2 2 2 6 36 645 729
1233 2 2 2 6 37 38 703
1234 2 2 2 6 645 37 703
1235 2 2 2 6 38 39 637
1236 2 2 2 6 38 637 703
1237 2 2 2 6 39 40 698
1238 2 2 2 6 637 39 698
1239 2 2 2 6 40 41 634
1240 2 2 2 6 40 634 698
1241 2 2 2 6 41 42 648
1242 2 2 2 6 634 41 648
1243 2 2 2 6 42 43 643
1244 2 2 2 6 42 643 648
1245 2 2 2 6 43 44 714
1246 2 2 2 6 643 43 714
1247 2 2 2 6 714 44 732
1248 2 2 2 6 73 72 646
1249 2 2 2 6 646 72 730
1250 2 2 2 6 74 73 704
1251 2 2 2 6 73 646 704
1252 2 2 2 6 75 74 638
1253 2 2 2 6 638 74 704
1254 2 2 2 6 76 75 690
1255 2 2 2 6 75 638 690
1256 2 2 2 6 77 76 633
1257 2 2 2 6 633 76 690
1258 2 2 2 6 78 77 686
1259 2 2 2 6 77 633 686
1260 2 2 2 6 79 78 641
1261 2 2 2 6 641 78 686
1262 2 2 2 6 80 79 699
1263 2 2 2 6 79 641 699
1264 2 2 2 6 80 699 731
1265 2 2 2 6 81 82 647
1266 2 2 2 6 81 647 732
1267 2 2 2 6 82 83 724
1268 2 2 2 6 647 82 724
1269 2 2 2 6 83 84 639
1270 2 2 2 6 83 639 724
1271 2 2 2 6 84 85 728
1272 2 2 2 6 639 84 728
1273 2 2 2 6 85 86 636
1274 2 2 2 6 85 636 728
1275 2 2 2 6 86 87 691
1276 2 2 2 6 636 86 691
1277 2 2 2 6 87 88 644
1278 2 2 2 6 87 644 691
1279 2 2 2 6 88 89 715
1280 2 2 2 6 644 88 715
1281 2 2 2 6 715 89 731
1282 2 2 2 6 109 108 713
1283 2 2 2 6 713 108 729
1284 2 2 2 6 110 109 700
1285 2 2 2 6 700 109 713
1286 2 2 2 6 111 110 640
1287 2 2 2 6 640 110 700
1288 2 2 2 6 112 111 692
1289 2 2 2 6 111 640 692
1290 2 2 2 6 113 112 635
1291 2 2 2 6 635 112 692
1292 2 2 2 6 114 113 687
1293 2 2 2 6 113 635 687
1294 2 2 2 6 115 114 642
1295 2 2 2 6 642 114 687
1296 2 2 2 6 116 115 712
1297 2 2 2 6 115 642 712
1298 2 2 2 6 116 712 730
1299 2 2 2 6 686 633 726
1300 2 2 2 6 633 690 725
1301 2 2 2 6 633 725 726
1302 2 2 2 6 634 648 649
1303 2 2 2 6 634 649 650
1304 2 2 2 6 634 650 698
1305 2 2 2 6 687 635 720
1306 2 2 2 6 635 692 696
1307 2 2 2 6 635 696 720
1308 2 2 2 6 682 636 684
1309 2 2 2 6 636 682 728
1310 2 2 2 6 684 636 721
1311 2 2 2 6 636 691 721
1312 2 2 2 6 688 637 698
1313 2 2 2 6 637 688 702
1314 2 2 2 6 637 702 703
1315 2 2 2 6 690 638 722
1316 2 2 2 6 638 704 723
1317 2 2 2 6 722 638 723
1318 2 2 2 6 680 639 681
1319 2 2 2 6 639 680 724
1320 2 2 2 6 681 639 682
1321 2 2 2 6 682 639 728
1322 2 2 2 6 692 640 693
1323 2 2 2 6 693 640 694
1324 2 2 2 6 694 640 700
1325 2 2 2 6 641 686 727
1326 2 2 2 6 699 641 734
1327 2 2 2 6 641 727 734
1328 2 2 2 6 675 642 687
1329 2 2 2 6 642 675 719
1330 2 2 2 6 712 642 719
1331 2 2 2 6 648 643 677
1332 2 2 2 6 677 643 678
1333 2 2 2 6 678 643 714
1334 2 2 2 6 644 673 691
1335 2 2 2 6 673 644 718
1336 2 2 2 6 644 715 718
1337 2 2 2 6 645 701 713
1338 2 2 2 6 701 645 736
1339 2 2 2 6 645 703 736
1340 2 2 2 6 645 713 729
1341 2 2 2 6 704 646 733
1342 2 2 2 6 646 712 719
1343 2 2 2 6 712 646 730
1344 2 2 2 6 646 719 733
1345 2 2 2 6 678 647 680
1346 2 2 2 6 647 678 714
1347 2 2 2 6 680 647 724
1348 2 2 2 6 647 714 732
1349 2 2 2 6 649 648 677
1350 2 2 2 6 650 649 651
1351 2 2 2 6 651 649 709
1352 2 2 2 6 649 677 709
1353 2 2 2 6 650 651 652
1354 2 2 2 6 650 652 688
1355 2 2 2 6 650 688 698
1356 2 2 2 6 652 651 653
1357 2 2 2 6 653 651 654
1358 2 2 2 6 654 651 709
1359 2 2 2 6 652 653 705
1360 2 2 2 6 688 652 689
1361 2 2 2 6 689 652 705
1362 2 2 2 6 653 654 655
1363 2 2 2 6 653 655 656
1364 2 2 2 6 653 656 705
1365 2 2 2 6 655 654 711
1366 2 2 2 6 685 654 709
1367 2 2 2 6 654 685 711
1368 2 2 2 6 656 655 657
1369 2 2 2 6 657 655 658
1370 2 2 2 6 658 655 711
1371 2 2 2 6 656 657 659
1372 2 2 2 6 656 659 662
1373 2 2 2 6 656 662 705
1374 2 2 2 6 657 658 706
1375 2 2 2 6 659 657 660
1376 2 2 2 6 660 657 706
1377 2 2 2 6 706 658 708
1378 2 2 2 6 708 658 710
1379 2 2 2 6 710 658 711
1380 2 2 2 6 659 660 661
1381 2 2 2 6 659 661 707
1382 2 2 2 6 662 659 707
1383 2 2 2 6 661 660 663
1384 2 2 2 6 663 660 664
1385 2 2 2 6 664 660 706
1386 2 2 2 6 661 663 665
1387 2 2 2 6 661 665 667
1388 2 2 2 6 661 667 707
1389 2 2 2 6 695 662 717
1390 2 2 2 6 662 695 735
1391 2 2 2 6 705 662 735
1392 2 2 2 6 662 707 717
1393 2 2 2 6 663 664 666
1394 2 2 2 6 665 663 697
1395 2 2 2 6 663 666 697
1396 2 2 2 6 666 664 668
1397 2 2 2 6 668 664 669
1398 2 2 2 6 669 664 706
1399 2 2 2 6 667 665 675
1400 2 2 2 6 675 665 676
1401 2 2 2 6 676 665 697
1402 2 2 2 6 666 668 725
1403 2 2 2 6 697 666 722
1404 2 2 2 6 722 666 725
1405 2 2 2 6 667 675 720
1406 2 2 2 6 667 696 707
1407 2 2 2 6 696 667 720
1408 2 2 2 6 668 669 670
1409 2 2 2 6 668 670 726
1410 2 2 2 6 725 668 726
1411 2 2 2 6 670 669 671
1412 2 2 2 6 671 669 708
1413 2 2 2 6 669 706 708
1414 2 2 2 6 670 671 672
1415 2 2 2 6 670 672 727
1416 2 2 2 6 726 670 727
1417 2 2 2 6 672 671 673
1418 2 2 2 6 673 671 674
1419 2 2 2 6 674 671 708
1420 2 2 2 6 672 673 718
1421 2 2 2 6 672 718 734
1422 2 2 2 6 727 672 734
1423 2 2 2 6 673 674 721
1424 2 2 2 6 691 673 721
1425 2 2 2 6 684 674 710
1426 2 2 2 6 674 684 721
1427 2 2 2 6 674 708 710
1428 2 2 2 6 675 676 719
1429 2 2 2 6 675 687 720
1430 2 2 2 6 676 697 723
1431 2 2 2 6 719 676 733
1432 2 2 2 6 676 723 733
1433 2 2 2 6 677 678 679
1434 2 2 2 6 677 679 709
1435 2 2 2 6 679 678 680
1436 2 2 2 6 679 680 681
1437 2 2 2 6 679 681 685
1438 2 2 2 6 679 685 709
1439 2 2 2 6 681 682 683
1440 2 2 2 6 681 683 685
1441 2 2 2 6 683 682 684
1442 2 2 2 6 683 684 710
1443 2 2 2 6 685 683 711
1444 2 2 2 6 683 710 711
1445 2 2 2 6 686 726 727
1446 2 2 2 6 688 689 702
1447 2 2 2 6 702 689 716
1448 2 2 2 6 689 705 735
1449 2 2 2 6 716 689 735
1450 2 2 2 6 690 722 725
1451 2 2 2 6 692 693 696
1452 2 2 2 6 693 694 695
1453 2 2 2 6 693 695 717
1454 2 2 2 6 696 693 717
1455 2 2 2 6 695 694 716
1456 2 2 2 6 694 700 701
1457 2 2 2 6 694 701 716
1458 2 2 2 6 695 716 735
1459 2 2 2 6 707 696 717
1460 2 2 2 6 697 722 723
1461 2 2 2 6 715 699 718
1462 2 2 2 6 699 715 731
1463 2 2 2 6 718 699 734
1464 2 2 2 6 701 700 713
1465 2 2 2 6 716 701 736
1466 2 2 2 6 703 702 736
1467 2 2 2 6 702 716 736
1468 2 2 2 6 723 704 733
1469 4 2 3 1 851 884 806 922
1470 4 2 3 1 818 932 765 934
1471 4 2 3 1 782 932 818 934
1472 4 2 3 1 184 789 859 987
1473 4 2 3 1 459 900 785 1061
1474 4 2 3 1 267 934 924 985
1475 4 2 3 1 743 803 942 1001
1476 4 2 3 1 796 837 552 871
1477 4 2 3 1 796 871 552 1034
1478 4 2 3 1 799 871 749 1057
1479 4 2 3 1 784 749 871 910
1480 4 2 3 1 780 190 854 893
1481 4 2 3 1 190 149 780 854
1482 4 2 3 1 768 1021 957 1119
1483 4 2 3 1 847 860 141 920
1484 4 2 3 1 871 910 749 1057
1485 4 2 3 1 743 1001 942 1104
1486 4 2 3 1 192 854 823 965
1487 4 2 3 1 952 957 768 1021
1488 4 2 3 1 139 863 792 983
1489 4 2 3 1 141 789 184 847
1490 4 2 3 1 829 969 485 1127
1491 4 2 3 1 184 847 789 987
1492 4 2 3 1 818 924 270 934
1493 4 2 3 1 806 747 884 998
1494 4 2 3 1 789 847 141 920
1495 4 2 3 1 787 841 290 962
1496 4 2 3 1 740 791 857 1022
1497 4 2 3 1 818 934 270 970
1498 4 2 3 1 276 787 290 962
1499 4 2 3 1 767 935 840 1033
1500 4 2 3 1 765 934 932 1032
1501 4 2 3 1 799 910 871 1057
1502 4 2 3 1 743 896 989 1017
1503 4 2 3 1 140 139 792 847
1504 4 2 3 1 840 935 741 1033
1505 4 2 3 1 829 904 485 969
1506 4 2 3 1 782 932 934 1032
1507 4 2 3 1 833 951 769 1048
1508 4 2 3 1 529 219 828 858
1509 4 2 3 1 661 663 805 853
1510 4 2 3 1 743 942 849 1104
1511 4 2 3 1 258 249 802 877
1512 4 2 3 1 261 841 811 877
1513 4 2 3 1 486 829 485 1127
1514 4 2 3 1 849 942 826 1104
1515 4 2 3 1 671 669 670 1006
1516 4 2 3 1 747 806 973 998
1517 4 2 3 1 140 847 792 860
1518 4 2 3 1 924 934 765 985
1519 4 2 3 1 834 927 865 986
1520 4 2 3 1 219 235 529 828
1521 4 2 3 1 851 806 900 922
1522 4 2 3 1 582 529 235 828
1523 4 2 3 1 192 854 965 1097
1524 4 2 3 1 814 947 774 1013
1525 4 2 3 1 324 221 375 830
1526 4 2 3 1 375 221 278 830
1527 4 2 3 1 579 580 948 1000
1528 4 2 3 1 598 585 822 875
1529 4 2 3 1 243 240 286 802
1530 4 2 3 1 671 781 669 1006
1531 4 2 3 1 741 797 840 1038
1532 4 2 3 1 769 951 833 1058
1533 4 2 3 1 291 290 787 841
1534 4 2 3 1 258 802 841 877
1535 4 2 3 1 663 805 853 916
1536 4 2 3 1 754 800 933 1043
1537 4 2 3 1 748 804 794 1054
1538 4 2 3 1 898 1023 705 1120
1539 4 2 3 1 652 650 898 1106
1540 4 2 3 1 806 884 851 998
1541 4 2 3 1 141 847 140 860
1542 4 2 3 1 249 286 258 802
1543 4 2 3 1 717 693 948 1023
1544 4 2 3 1 796 875 901 1091
1545 4 2 3 1 258 841 261 877
1546 4 2 3 1 268 270 924 934
1547 4 2 3 1 768 821 952 1021
1548 4 2 3 1 688 652 650 898
1549 4 2 3 1 258 802 286 841
1550 4 2 3 1 754 933 800 968
1551 4 2 3 1 671 670 917 1006
1552 4 2 3 1 743 986 766 1008
1553 4 2 3 1 578 948 873 1000
1554 4 2 3 1 286 802 240 845
1555 4 2 3 1 748 887 804 1054
1556 4 2 3 1 797 874 343 887
1557 4 2 3 1 738 953 816 1111
1558 4 2 3 1 459 785 467 1061
1559 4 2 3 1 296 270 934 970
1560 4 2 3 1 746 860 847 920
1561 4 2 3 1 873 948 763 1000
1562 4 2 3 1 834 842 927 986
1563 4 2 3 1 243 240 802 845
1564 4 2 3 1 813 859 159 921
1565 4 2 3 1 766 849 826 1104
1566 4 2 3 1 123 812 431 866
1567 4 2 3 1 376 785 478 945
1568 4 2 3 1 263 869 256 942
1569 4 2 3 1 139 792 847 983
1570 4 2 3 1 671 781 917 991
1571 4 2 3 1 802 1062 962 1119
1572 4 2 3 1 263 869 942 1125
1573 4 2 3 1 342 343 797 874
1574 4 2 3 1 816 953 800 1111
1575 4 2 3 1 875 1010 901 1091
1576 4 2 3 1 652 898 977 1106
1577 4 2 3 1 923 933 800 1043
1578 4 2 3 1 243 845 802 1015
1579 4 2 3 1 324 221 830 869
1580 4 2 3 1 743 803 849 942
1581 4 2 3 1 748 794 804 967
1582 4 2 3 1 776 1023 898 1120
1583 4 2 3 1 687 795 720 948
1584 4 2 3 1 478 785 512 945
1585 4 2 3 1 746 920 847 1043
1586 4 2 3 1 783 861 500 902
1587 4 2 3 1 267 268 924 934
1588 4 2 3 1 802 914 962 1062
1589 4 2 3 1 974 988 801 1030
1590 4 2 3 1 263 942 911 1125
1591 4 2 3 1 694 949 833 1058
1592 4 2 3 1 793 855 446 1133
1593 4 2 3 1 790 923 882 993
1594 4 2 3 1 873 948 693 1023
1595 4 2 3 1 687 587 795 948
1596 4 2 3 1 851 973 806 998
1597 4 2 3 1 749 816 800 901
1598 4 2 3 1 477 446 793 855
1599 4 2 3 1 552 796 558 837
1600 4 2 3 1 276 291 290 787
1601 4 2 3 1 241 782 934 990
1602 4 2 3 1 425 513 480 821
1603 4 2 3 1 300 950 849 1070
1604 4 2 3 1 671 917 781 1006
1605 4 2 3 1 784 871 799 910
1606 4 2 3 1 800 968 933 1124
1607 4 2 3 1 688 650 880 898
1608 4 2 3 1 447 503 793 861
1609 4 2 3 1 241 845 782 990
1610 4 2 3 1 154 888 878 893
1611 4 2 3 1 409 785 376 945
1612 4 2 3 1 783 957 952 1021
1613 4 2 3 1 617 795 587 948
1614 4 2 3 1 447 861 793 1094
1615 4 2 3 1 423 839 801 913
1616 4 2 3 1 755 988 974 1030
1617 4 2 3 1 145 860 144 1092
1618 4 2 3 1 241 275 296 782
1619 4 2 3 1 758 834 865 986
1620 4 2 3 1 774 1013 947 1101
1621 4 2 3 1 161 154 878 893
1622 4 2 3 1 797 741 840 935
1623 4 2 3 1 275 782 241 1015
1624 4 2 3 1 812 866 203 886
1625 4 2 3 1 740 791 1022 1056
1626 4 2 3 1 802 740 1062 1119
1627 4 2 3 1 802 740 914 1062
1628 4 2 3 1 799 871 784 1066
1629 4 2 3 1 740 857 930 1022
1630 4 2 3 1 800 933 923 1124
1631 4 2 3 1 190 149 187 780
1632 4 2 3 1 300 808 849 950
1633 4 2 3 1 161 893 878 1112
1634 4 2 3 1 431 812 481 866
1635 4 2 3 1 767 925 904 1014
1636 4 2 3 1 880 898 650 1106
1637 4 2 3 1 796 901 875 966
1638 4 2 3 1 743 766 849 1008
1639 4 2 3 1 964 989 896 1017
1640 4 2 3 1 911 942 869 1125
1641 4 2 3 1 875 966 901 1010
1642 4 2 3 1 500 461 783 902
1643 4 2 3 1 766 986 917 1008
1644 4 2 3 1 802 845 286 962
1645 4 2 3 1 578 579 948 1000
1646 4 2 3 1 694 873 833 949
1647 4 2 3 1 764 840 797 1038
1648 4 2 3 1 881 948 580 1000
1649 4 2 3 1 177 431 489 866
1650 4 2 3 1 942 1001 826 1104
1651 4 2 3 1 838 799 1069 1098
1652 4 2 3 1 187 780 149 920
1653 4 2 3 1 286 845 240 962
1654 4 2 3 1 778 947 814 1013
1655 4 2 3 1 566 838 565 1079
1656 4 2 3 1 531 425 821 905
1657 4 2 3 1 190 780 187 978
1658 4 2 3 1 513 821 425 905
1659 4 2 3 1 598 875 822 997
1660 4 2 3 1 798 742 827 1035
1661 4 2 3 1 566 828 1037 1079
1662 4 2 3 1 763 948 873 1023
1663 4 2 3 1 849 950 766 1070
1664 4 2 3 1 243 802 891 1015
1665 4 2 3 1 767 854 823 935
1666 4 2 3 1 742 798 827 897
1667 4 2 3 1 735 705 898 1023
1668 4 2 3 1 546 872 856 955
1669 4 2 3 1 425 480 531 821
1670 4 2 3 1 750 835 961 1110
1671 4 2 3 1 797 840 764 1020
1672 4 2 3 1 423 392 801 1087
1673 4 2 3 1 861 959 783 1021
1674 4 2 3 1 743 849 766 1104
1675 4 2 3 1 674 708 671 991
1676 4 2 3 1 738 816 901 1111
1677 4 2 3 1 366 904 925 1014
1678 4 2 3 1 291 841 787 1100
1679 4 2 3 1 566 565 838 1098
1680 4 2 3 1 837 844 788 857
1681 4 2 3 1 531 583 616 821
1682 4 2 3 1 531 480 583 821
1683 4 2 3 1 898 1072 951 1116
1684 4 2 3 1 739 951 833 1048
1685 4 2 3 1 861 930 783 959
1686 4 2 3 1 785 900 846 1061
1687 4 2 3 1 760 959 861 1021
1688 4 2 3 1 740 1022 930 1056
1689 4 2 3 1 296 241 782 934
1690 4 2 3 1 755 801 974 988
1691 4 2 3 1 192 965 163 1097
1692 4 2 3 1 580 578 579 948
1693 4 2 3 1 826 942 849 1070
1694 4 2 3 1 750 890 1085 1110
1695 4 2 3 1 766 849 808 950
1696 4 2 3 1 566 1037 838 1079
1697 4 2 3 1 826 849 766 1070
1698 4 2 3 1 772 775 919 936
1699 4 2 3 1 882 923 790 1002
1700 4 2 3 1 784 910 799 1066
1701 4 2 3 1 660 661 663 805
1702 4 2 3 1 747 930 861 959
1703 4 2 3 1 797 943 764 1038
1704 4 2 3 1 783 979 861 1021
1705 4 2 3 1 453 806 900 1090
1706 4 2 3 1 792 847 746 860
1707 4 2 3 1 835 865 750 961
1708 4 2 3 1 768 844 821 1021
1709 4 2 3 1 478 785 376 963
1710 4 2 3 1 882 923 773 993
1711 4 2 3 1 803 911 761 989
1712 4 2 3 1 854 935 767 1033
1713 4 2 3 1 461 783 902 1016
1714 4 2 3 1 898 951 833 1116
1715 4 2 3 1 755 820 988 1030
1716 4 2 3 1 741 840 1033 1038
1717 4 2 3 1 767 840 935 1014
1718 4 2 3 1 585 822 875 955
1719 4 2 3 1 741 797 1038 1065
1720 4 2 3 1 156 159 859 921
1721 4 2 3 1 797 748 887 943
1722 4 2 3 1 812 907 756 1033
1723 4 2 3 1 911 936 761 989
1724 4 2 3 1 861 979 760 1021
1725 4 2 3 1 748 927 956 1031
1726 4 2 3 1 798 940 757 1018
1727 4 2 3 1 781 865 835 961
1728 4 2 3 1 237 858 962 990
1729 4 2 3 1 788 844 837 1059
1730 4 2 3 1 717 948 696 1023
1731 4 2 3 1 720 795 883 948
1732 4 2 3 1 741 814 998 1013
1733 4 2 3 1 744 838 799 1069
1734 4 2 3 1 159 859 813 1082
1735 4 2 3 1 497 500 861 902
1736 4 2 3 1 792 746 847 1043
1737 4 2 3 1 617 881 795 948
1738 4 2 3 1 683 991 894 1063
1739 4 2 3 1 190 893 780 978
1740 4 2 3 1 740 857 791 1050
1741 4 2 3 1 846 1061 900 1090
1742 4 2 3 1 907 980 756 1033
1743 4 2 3 1 477 855 793 939
1744 4 2 3 1 494 807 929 1061
1745 4 2 3 1 723 818 697 1117
1746 4 2 3 1 778 1013 814 1065
1747 4 2 3 1 546 547 872 955
1748 4 2 3 1 775 936 772 989
1749 4 2 3 1 838 1037 828 1079
1750 4 2 3 1 755 974 820 1030
1751 4 2 3 1 461 952 783 1016
1752 4 2 3 1 616 531 821 905
1753 4 2 3 1 654 655 798 1120
1754 4 2 3 1 750 961 890 1110
1755 4 2 3 1 442 866 444 1044
1756 4 2 3 1 484 485 969 1127
1757 4 2 3 1 612 971 875 997
1758 4 2 3 1 552 601 796 1034
1759 4 2 3 1 782 845 241 1015
1760 4 2 3 1 823 854 192 893
1761 4 2 3 1 314 811 862 877
1762 4 2 3 1 887 941 874 1087
1763 4 2 3 1 409 785 362 1027
1764 4 2 3 1 761 826 942 1001
1765 4 2 3 1 463 500 461 783
1766 4 2 3 1 452 806 453 1090
1767 4 2 3 1 184 789 156 859
1768 4 2 3 1 772 989 891 1056
1769 4 2 3 1 800 816 749 1009
1770 4 2 3 1 697 818 853 1117
1771 4 2 3 1 481 444 442 866
1772 4 2 3 1 489 431 481 866
1773 4 2 3 1 529 858 828 1079
1774 4 2 3 1 469 813 501 855
1775 4 2 3 1 769 825 951 1058
1776 4 2 3 1 835 781 961 1110
1777 4 2 3 1 742 779 848 940
1778 4 2 3 1 139 193 863 983
1779 4 2 3 1 484 486 485 1127
1780 4 2 3 1 750 890 805 1085
1781 4 2 3 1 804 887 748 943
1782 4 2 3 1 570 1037 795 1098
1783 4 2 3 1 780 854 149 886
1784 4 2 3 1 821 979 952 1021
1785 4 2 3 1 289 911 247 1073
1786 4 2 3 1 237 962 239 990
1787 4 2 3 1 501 446 855 1133
1788 4 2 3 1 683 894 827 1063
1789 4 2 3 1 376 785 409 963
1790 4 2 3 1 829 1033 840 1038
1791 4 2 3 1 784 749 910 1002
1792 4 2 3 1 750 1085 867 1110
1793 4 2 3 1 444 866 907 1044
1794 4 2 3 1 141 147 184 789
1795 4 2 3 1 756 812 1033 1075
1796 4 2 3 1 772 891 981 1056
1797 4 2 3 1 481 444 866 907
1798 4 2 3 1 546 545 856 872
1799 4 2 3 1 834 839 394 1019
1800 4 2 3 1 697 853 818 916
1801 4 2 3 1 343 874 341 887
1802 4 2 3 1 161 207 893 1112
1803 4 2 3 1 792 863 139 1005
1804 4 2 3 1 761 942 803 1001
1805 4 2 3 1 835 865 781 986
1806 4 2 3 1 157 812 854 1097
1807 4 2 3 1 392 874 801 1087
1808 4 2 3 1 275 296 782 970
1809 4 2 3 1 800 790 882 1009
1810 4 2 3 1 923 993 790 1002
1811 4 2 3 1 392 341 874 1087
1812 4 2 3 1 546 547 545 872
1813 4 2 3 1 749 901 800 1111
1814 4 2 3 1 756 1033 980 1075
1815 4 2 3 1 663 660 805 916
1816 4 2 3 1 257 258 261 877
1817 4 2 3 1 331 374 691 1052
1818 4 2 3 1 661 853 805 883
1819 4 2 3 1 749 788 837 1007
1820 4 2 3 1 208 161 154 878
1821 4 2 3 1 688 880 825 898
1822 4 2 3 1 778 947 1013 1101
1823 4 2 3 1 671 917 674 991
1824 4 2 3 1 149 780 886 920
1825 4 2 3 1 392 801 874 988
1826 4 2 3 1 291 787 870 1100
1827 4 2 3 1 236 828 219 858
1828 4 2 3 1 512 785 478 963
1829 4 2 3 1 755 888 820 974
1830 4 2 3 1 451 922 884 1138
1831 4 2 3 1 718 673 917 1052
1832 4 2 3 1 147 920 148 921
1833 4 2 3 1 494 1061 929 1090
1834 4 2 3 1 743 766 986 1104
1835 4 2 3 1 743 896 803 989
1836 4 2 3 1 838 889 565 1079
1837 4 2 3 1 314 257 261 811
1838 4 2 3 1 742 848 779 974
1839 4 2 3 1 750 805 890 961
1840 4 2 3 1 667 795 675 853
1841 4 2 3 1 203 812 123 866
1842 4 2 3 1 147 156 789 921
1843 4 2 3 1 331 691 644 1052
1844 4 2 3 1 809 956 927 1031
1845 4 2 3 1 601 875 796 955
1846 4 2 3 1 237 858 276 962
1847 4 2 3 1 716 949 694 1058
1848 4 2 3 1 140 792 173 860
1849 4 2 3 1 446 447 793 1094
1850 4 2 3 1 800 882 790 1002
1851 4 2 3 1 194 139 863 1005
1852 4 2 3 1 374 817 691 1052
1853 4 2 3 1 748 834 927 1031
1854 4 2 3 1 473 824 475 1130
1855 4 2 3 1 447 503 446 793
1856 4 2 3 1 783 959 930 1021
1857 4 2 3 1 341 887 874 1087
1858 4 2 3 1 790 882 773 993
1859 4 2 3 1 188 184 859 987
1860 4 2 3 1 764 943 797 1020
1861 4 2 3 1 774 998 814 1013
1862 4 2 3 1 184 147 156 789
1863 4 2 3 1 723 924 818 1117
1864 4 2 3 1 814 885 774 947
1865 4 2 3 1 898 776 1072 1116
1866 4 2 3 1 465 952 821 979
1867 4 2 3 1 687 795 587 975
1868 4 2 3 1 777 980 907 1033
1869 4 2 3 1 802 962 841 1119
1870 4 2 3 1 945 969 372 1020
1871 4 2 3 1 141 147 789 920
1872 4 2 3 1 695 833 694 873
1873 4 2 3 1 765 828 934 1032
1874 4 2 3 1 529 828 622 1079
1875 4 2 3 1 654 798 655 1063
1876 4 2 3 1 675 853 795 1117
1877 4 2 3 1 601 558 552 796
1878 4 2 3 1 164 193 810 863
1879 4 2 3 1 747 930 816 1022
1880 4 2 3 1 745 836 785 1045
1881 4 2 3 1 774 947 885 1118
1882 4 2 3 1 747 816 885 1022
1883 4 2 3 1 810 856 545 872
1884 4 2 3 1 761 911 850 936
1885 4 2 3 1 558 837 796 966
1886 4 2 3 1 157 812 203 886
1887 4 2 3 1 528 996 904 1074
1888 4 2 3 1 173 140 139 792
1889 4 2 3 1 744 805 853 883
1890 4 2 3 1 717 693 696 948
1891 4 2 3 1 910 1002 749 1057
1892 4 2 3 1 147 789 920 921
1893 4 2 3 1 343 342 797 1093
1894 4 2 3 1 755 978 888 1053
1895 4 2 3 1 560 556 1003 1007
1896 4 2 3 1 545 856 810 1122
1897 4 2 3 1 622 529 582 828
1898 4 2 3 1 156 859 789 921
1899 4 2 3 1 765 838 828 1032
1900 4 2 3 1 276 962 858 1024
1901 4 2 3 1 881 1069 799 1098
1902 4 2 3 1 134 164 193 810
1903 4 2 3 1 275 970 782 1015
1904 4 2 3 1 758 865 835 986
1905 4 2 3 1 835 986 781 991
1906 4 2 3 1 477 501 446 855
1907 4 2 3 1 911 1073 289 1128
1908 4 2 3 1 394 834 350 839
1909 4 2 3 1 261 811 841 1100
1910 4 2 3 1 865 809 927 1031
1911 4 2 3 1 798 867 655 1063
1912 4 2 3 1 844 857 837 976
1913 4 2 3 1 448 451 884 1138
1914 4 2 3 1 757 940 798 1035
1915 4 2 3 1 655 867 798 1120
1916 4 2 3 1 375 414 324 830
1917 4 2 3 1 691 817 644 1052
1918 4 2 3 1 617 580 881 948
1919 4 2 3 1 123 431 177 866
1920 4 2 3 1 286 841 802 962
1921 4 2 3 1 952 979 783 1021
1922 4 2 3 1 847 920 789 1043
1923 4 2 3 1 278 221 309 830
1924 4 2 3 1 751 891 989 1056
1925 4 2 3 1 793 446 899 1133
1926 4 2 3 1 157 854 812 886
1927 4 2 3 1 772 919 775 981
1928 4 2 3 1 738 816 953 1088
1929 4 2 3 1 749 968 796 1111
1930 4 2 3 1 161 878 208 1112
1931 4 2 3 1 695 833 873 1023
1932 4 2 3 1 815 964 896 1017
1933 4 2 3 1 842 927 986 1104
1934 4 2 3 1 735 898 833 1023
1935 4 2 3 1 749 800 968 1111
1936 4 2 3 1 755 888 974 1053
1937 4 2 3 1 570 795 881 1098
1938 4 2 3 1 140 141 138 847
1939 4 2 3 1 759 990 828 1032
1940 4 2 3 1 850 911 772 936
1941 4 2 3 1 777 907 829 1033
1942 4 2 3 1 1003 1007 556 1059
1943 4 2 3 1 276 291 787 1024
1944 4 2 3 1 565 889 838 1098
1945 4 2 3 1 134 810 193 983
1946 4 2 3 1 844 976 837 1059
1947 4 2 3 1 875 971 771 997
1948 4 2 3 1 758 842 834 986
1949 4 2 3 1 247 911 803 1073
1950 4 2 3 1 828 990 934 1032
1951 4 2 3 1 919 936 775 973
1952 4 2 3 1 771 813 855 1004
1953 4 2 3 1 763 948 881 1000
1954 4 2 3 1 474 473 475 1130
1955 4 2 3 1 772 936 911 989
1956 4 2 3 1 801 874 941 1087
1957 4 2 3 1 1035 1047 940 1092
1958 4 2 3 1 755 1040 978 1053
1959 4 2 3 1 785 895 362 1083
1960 4 2 3 1 173 860 792 868
1961 4 2 3 1 761 1001 794 1068
1962 4 2 3 1 503 477 793 939
1963 4 2 3 1 748 941 887 1087
1964 4 2 3 1 747 885 930 1022
1965 4 2 3 1 701 994 949 1058
1966 4 2 3 1 148 920 886 921
1967 4 2 3 1 834 865 927 1031
1968 4 2 3 1 808 917 670 1006
1969 4 2 3 1 314 257 811 877
1970 4 2 3 1 718 644 673 1052
1971 4 2 3 1 452 884 806 902
1972 4 2 3 1 808 766 917 1008
1973 4 2 3 1 785 362 1027 1083
1974 4 2 3 1 743 849 803 896
1975 4 2 3 1 775 973 936 1071
1976 4 2 3 1 761 826 1001 1068
1977 4 2 3 1 797 887 343 1093
1978 4 2 3 1 546 856 584 955
1979 4 2 3 1 658 835 655 867
1980 4 2 3 1 623 566 828 1037
1981 4 2 3 1 830 958 415 1114
1982 4 2 3 1 748 927 794 967
1983 4 2 3 1 771 859 813 1004
1984 4 2 3 1 768 844 1021 1119
1985 4 2 3 1 501 855 813 1133
1986 4 2 3 1 655 867 835 1063
1987 4 2 3 1 800 901 816 1111
1988 4 2 3 1 324 830 414 869
1989 4 2 3 1 771 1004 855 1091
1990 4 2 3 1 820 974 888 1030
1991 4 2 3 1 802 845 751 1015
1992 4 2 3 1 720 795 667 883
1993 4 2 3 1 174 188 822 987
1994 4 2 3 1 350 839 834 1087
1995 4 2 3 1 423 350 392 1087
1996 4 2 3 1 803 849 831 896
1997 4 2 3 1 409 895 785 945
1998 4 2 3 1 551 1034 784 1103
1999 4 2 3 1 309 830 221 869
2000 4 2 3 1 857 930 816 959
2001 4 2 3 1 503 477 446 793
2002 4 2 3 1 745 785 836 1067
2003 4 2 3 1 749 837 796 871
2004 4 2 3 1 810 863 193 983
2005 4 2 3 1 720 795 687 975
2006 4 2 3 1 749 796 901 1111
2007 4 2 3 1 451 453 806 900
2008 4 2 3 1 660 805 916 1085
2009 4 2 3 1 546 584 856 1113
2010 4 2 3 1 758 986 835 991
2011 4 2 3 1 795 853 667 883
2012 4 2 3 1 264 946 807 1123
2013 4 2 3 1 584 955 856 1113
2014 4 2 3 1 463 500 783 979
2015 4 2 3 1 833 873 832 949
2016 4 2 3 1 555 556 1007 1059
2017 4 2 3 1 500 861 783 979
2018 4 2 3 1 788 1007 1003 1059
2019 4 2 3 1 782 296 934 970
2020 4 2 3 1 751 896 964 989
2021 4 2 3 1 362 785 409 895
2022 4 2 3 1 893 935 854 1040
2023 4 2 3 1 461 463 783 952
2024 4 2 3 1 570 569 617 795
2025 4 2 3 1 560 556 559 1003
2026 4 2 3 1 658 711 655 835
2027 4 2 3 1 743 989 803 1001
2028 4 2 3 1 257 261 811 877
2029 4 2 3 1 674 917 817 991
2030 4 2 3 1 584 598 585 822
2031 4 2 3 1 551 784 1034 1066
2032 4 2 3 1 161 208 207 1112
2033 4 2 3 1 501 813 469 1044
2034 4 2 3 1 794 967 927 1001
2035 4 2 3 1 769 833 832 949
2036 4 2 3 1 145 151 978 1092
2037 4 2 3 1 745 785 846 1045
2038 4 2 3 1 617 570 795 881
2039 4 2 3 1 740 841 802 957
2040 4 2 3 1 555 1007 837 1059
2041 4 2 3 1 757 1018 940 1072
2042 4 2 3 1 878 893 823 1112
2043 4 2 3 1 164 863 810 960
2044 4 2 3 1 782 934 818 970
2045 4 2 3 1 895 945 372 1020
2046 4 2 3 1 370 372 969 1020
2047 4 2 3 1 751 803 831 896
2048 4 2 3 1 820 848 186 1055
2049 4 2 3 1 392 423 801 913
2050 4 2 3 1 631 875 601 955
2051 4 2 3 1 744 852 805 883
2052 4 2 3 1 800 1002 790 1009
2053 4 2 3 1 751 845 802 914
2054 4 2 3 1 481 866 812 907
2055 4 2 3 1 936 989 775 1071
2056 4 2 3 1 888 978 151 1092
2057 4 2 3 1 485 829 508 904
2058 4 2 3 1 821 905 513 979
2059 4 2 3 1 738 901 796 1111
2060 4 2 3 1 819 848 198 1047
2061 4 2 3 1 741 998 980 1013
2062 4 2 3 1 767 935 823 1014
2063 4 2 3 1 855 1004 738 1091
2064 4 2 3 1 284 950 315 1070
2065 4 2 3 1 314 862 811 1137
2066 4 2 3 1 738 796 1091 1111
2067 4 2 3 1 587 795 617 975
2068 4 2 3 1 516 807 494 1061
2069 4 2 3 1 794 967 1001 1039
2070 4 2 3 1 289 255 247 911
2071 4 2 3 1 170 1005 880 1047
2072 4 2 3 1 386 378 377 820
2073 4 2 3 1 958 1027 415 1114
2074 4 2 3 1 300 849 808 999
2075 4 2 3 1 739 833 951 1116
2076 4 2 3 1 784 1066 551 1103
2077 4 2 3 1 188 859 822 987
2078 4 2 3 1 747 816 930 959
2079 4 2 3 1 528 904 508 1074
2080 4 2 3 1 742 940 848 1035
2081 4 2 3 1 356 869 906 1068
2082 4 2 3 1 836 804 1067 1083
2083 4 2 3 1 590 824 591 875
2084 4 2 3 1 187 149 143 920
2085 4 2 3 1 187 780 920 978
2086 4 2 3 1 770 1035 954 1132
2087 4 2 3 1 854 1040 935 1075
2088 4 2 3 1 451 453 452 806
2089 4 2 3 1 749 871 796 968
2090 4 2 3 1 748 927 786 947
2091 4 2 3 1 465 821 952 1029
2092 4 2 3 1 801 941 748 1087
2093 4 2 3 1 556 559 1003 1059
2094 4 2 3 1 711 655 835 1063
2095 4 2 3 1 300 315 950 1070
2096 4 2 3 1 212 813 159 921
2097 4 2 3 1 616 905 821 976
2098 4 2 3 1 794 1068 1001 1104
2099 4 2 3 1 178 203 866 886
2100 4 2 3 1 930 1022 775 1056
2101 4 2 3 1 769 825 863 951
2102 4 2 3 1 186 848 820 888
2103 4 2 3 1 451 806 452 884
2104 4 2 3 1 441 501 469 1044
2105 4 2 3 1 791 751 892 964
2106 4 2 3 1 833 951 898 1058
2107 4 2 3 1 654 798 977 1120
2108 4 2 3 1 737 947 786 1017
2109 4 2 3 1 469 813 855 992
2110 4 2 3 1 800 923 1002 1124
2111 4 2 3 1 912 980 899 1042
2112 4 2 3 1 219 236 235 828
2113 4 2 3 1 791 1009 857 1022
2114 4 2 3 1 758 865 834 1031
2115 4 2 3 1 431 812 123 996
2116 4 2 3 1 796 901 738 1091
2117 4 2 3 1 802 751 891 1015
2118 4 2 3 1 759 787 858 962
2119 4 2 3 1 836 1027 785 1045
2120 4 2 3 1 749 837 871 1007
2121 4 2 3 1 901 1010 738 1091
2122 4 2 3 1 718 917 879 1052
2123 4 2 3 1 803 989 761 1001
2124 4 2 3 1 361 409 362 1027
2125 4 2 3 1 825 880 688 1136
2126 4 2 3 1 768 811 841 957
2127 4 2 3 1 868 757 1005 1047
2128 4 2 3 1 662 705 1023 1120
2129 4 2 3 1 644 817 673 1052
2130 4 2 3 1 748 927 809 956
2131 4 2 3 1 778 814 947 1065
2132 4 2 3 1 794 804 967 1039
2133 4 2 3 1 612 875 598 997
2134 4 2 3 1 808 849 766 1008
2135 4 2 3 1 584 822 585 955
2136 4 2 3 1 810 872 545 1041
2137 4 2 3 1 551 1034 871 1066
2138 4 2 3 1 791 737 964 1080
2139 4 2 3 1 762 785 1027 1045
2140 4 2 3 1 749 837 788 1050
2141 4 2 3 1 761 794 906 1068
2142 4 2 3 1 765 924 818 934
2143 4 2 3 1 899 912 756 980
2144 4 2 3 1 802 841 740 1119
2145 4 2 3 1 817 917 781 991
2146 4 2 3 1 777 884 851 922
2147 4 2 3 1 343 399 342 1093
2148 4 2 3 1 695 873 693 1023
2149 4 2 3 1 940 1047 868 1092
2150 4 2 3 1 743 865 781 961
2151 4 2 3 1 569 795 570 1037
2152 4 2 3 1 512 467 459 785
2153 4 2 3 1 738 901 816 1088
2154 4 2 3 1 791 857 1009 1050
2155 4 2 3 1 817 917 673 1052
2156 4 2 3 1 237 276 239 962
2157 4 2 3 1 138 141 184 847
2158 4 2 3 1 501 813 1044 1133
2159 4 2 3 1 237 239 238 990
2160 4 2 3 1 884 922 777 1138
2161 4 2 3 1 399 797 342 1093
2162 4 2 3 1 1001 1068 826 1104
2163 4 2 3 1 754 933 968 1124
2164 4 2 3 1 738 1004 855 1133
2165 4 2 3 1 745 836 804 1067
2166 4 2 3 1 748 943 797 1065
2167 4 2 3 1 512 467 785 963
2168 4 2 3 1 835 897 758 1063
2169 4 2 3 1 830 1027 958 1114
2170 4 2 3 1 863 960 164 1115
2171 4 2 3 1 744 883 853 1069
2172 4 2 3 1 880 1005 757 1047
2173 4 2 3 1 206 163 192 965
2174 4 2 3 1 243 240 845 1015
2175 4 2 3 1 566 838 567 1098
2176 4 2 3 1 574 949 960 1041
2177 4 2 3 1 140 138 139 847
2178 4 2 3 1 749 1007 799 1050
2179 4 2 3 1 370 372 945 969
2180 4 2 3 1 743 961 781 1008
2181 4 2 3 1 751 896 815 964
2182 4 2 3 1 800 923 882 1002
2183 4 2 3 1 749 788 1007 1050
2184 4 2 3 1 949 994 769 1058
2185 4 2 3 1 737 790 882 937
2186 4 2 3 1 566 567 565 1098
2187 4 2 3 1 669 781 671 1110
2188 4 2 3 1 827 742 897 1031
2189 4 2 3 1 267 924 876 985
2190 4 2 3 1 827 758 897 1063
2191 4 2 3 1 816 930 857 1022
2192 4 2 3 1 846 929 807 1061
2193 4 2 3 1 740 788 844 857
2194 4 2 3 1 761 936 850 1045
2195 4 2 3 1 441 469 813 1044
2196 4 2 3 1 815 892 751 964
2197 4 2 3 1 157 162 812 1097
2198 4 2 3 1 744 852 883 1069
2199 4 2 3 1 750 867 835 1110
2200 4 2 3 1 683 681 827 894
2201 4 2 3 1 929 1061 846 1090
2202 4 2 3 1 940 1018 798 1095
2203 4 2 3 1 859 1004 771 1091
2204 4 2 3 1 720 675 667 795
2205 4 2 3 1 749 1002 800 1009
2206 4 2 3 1 378 377 820 988
2207 4 2 3 1 356 906 869 1114
2208 4 2 3 1 854 893 823 935
2209 4 2 3 1 660 661 805 1085
2210 4 2 3 1 785 762 846 1045
2211 4 2 3 1 773 882 790 937
2212 4 2 3 1 740 957 802 981
2213 4 2 3 1 260 946 259 1123
2214 4 2 3 1 378 820 386 913
2215 4 2 3 1 741 814 1013 1065
2216 4 2 3 1 828 838 759 1032
2217 4 2 3 1 666 843 916 1096
2218 4 2 3 1 738 855 1010 1133
2219 4 2 3 1 777 899 980 1042
2220 4 2 3 1 954 1035 827 1132
2221 4 2 3 1 833 898 776 1023
2222 4 2 3 1 305 807 946 1077
2223 4 2 3 1 748 947 786 967
2224 4 2 3 1 310 256 263 869
2225 4 2 3 1 366 925 965 1014
2226 4 2 3 1 737 882 790 1009
2227 4 2 3 1 757 940 1035 1047
2228 4 2 3 1 824 875 590 971
2229 4 2 3 1 314 862 280 877
2230 4 2 3 1 871 1034 784 1066
2231 4 2 3 1 806 846 745 900
2232 4 2 3 1 769 951 863 1048
2233 4 2 3 1 850 946 260 1123
2234 4 2 3 1 605 545 872 1041
2235 4 2 3 1 757 977 798 1018
2236 4 2 3 1 840 904 367 1014
2237 4 2 3 1 343 887 341 1087
2238 4 2 3 1 786 989 964 1017
2239 4 2 3 1 743 961 896 1017
2240 4 2 3 1 741 854 935 1075
2241 4 2 3 1 617 795 569 975
2242 4 2 3 1 767 965 925 1014
2243 4 2 3 1 394 839 405 1019
2244 4 2 3 1 363 842 817 1052
2245 4 2 3 1 708 669 671 1110
2246 4 2 3 1 806 745 851 900
2247 4 2 3 1 759 926 788 1062
2248 4 2 3 1 490 481 431 812
2249 4 2 3 1 755 893 978 1040
2250 4 2 3 1 774 1101 947 1118
2251 4 2 3 1 743 865 961 1017
2252 4 2 3 1 783 861 902 1051
2253 4 2 3 1 786 775 989 1071
2254 4 2 3 1 746 864 780 920
2255 4 2 3 1 955 1091 796 1111
2256 4 2 3 1 577 873 832 1000
2257 4 2 3 1 792 847 933 1043
2258 4 2 3 1 173 792 139 1005
2259 4 2 3 1 944 1091 955 1111
2260 4 2 3 1 661 883 805 1011
2261 4 2 3 1 749 784 871 968
2262 4 2 3 1 792 933 923 1043
2263 4 2 3 1 788 889 799 926
2264 4 2 3 1 669 781 890 1006
2265 4 2 3 1 737 790 937 1080
2266 4 2 3 1 212 921 866 1099
2267 4 2 3 1 827 1035 742 1132
2268 4 2 3 1 459 467 457 1061
2269 4 2 3 1 788 926 799 1050
2270 4 2 3 1 780 864 746 1053
2271 4 2 3 1 207 823 893 1112
2272 4 2 3 1 376 409 361 963
2273 4 2 3 1 874 887 797 941
2274 4 2 3 1 751 914 802 1056
2275 4 2 3 1 818 853 765 932
2276 4 2 3 1 785 836 1067 1083
2277 4 2 3 1 737 1009 790 1080
2278 4 2 3 1 803 1073 911 1128
2279 4 2 3 1 775 981 919 1051
2280 4 2 3 1 585 875 631 955
2281 4 2 3 1 720 883 696 948
2282 4 2 3 1 748 804 943 967
2283 4 2 3 1 740 930 981 1056
2284 4 2 3 1 878 888 209 1135
2285 4 2 3 1 673 817 674 917
2286 4 2 3 1 737 786 947 1071
2287 4 2 3 1 759 962 858 990
2288 4 2 3 1 508 904 829 1074
2289 4 2 3 1 848 1035 940 1092
2290 4 2 3 1 291 870 787 1024
2291 4 2 3 1 815 964 737 1080
2292 4 2 3 1 860 978 920 1053
2293 4 2 3 1 675 795 720 975
2294 4 2 3 1 755 801 941 974
2295 4 2 3 1 741 935 854 1033
2296 4 2 3 1 751 831 803 1073
2297 4 2 3 1 749 857 837 1050
2298 4 2 3 1 574 949 908 960
2299 4 2 3 1 328 639 894 918
2300 4 2 3 1 798 835 750 867
2301 4 2 3 1 687 635 587 948
2302 4 2 3 1 737 791 1009 1080
2303 4 2 3 1 761 869 911 942
2304 4 2 3 1 145 144 146 1092
2305 4 2 3 1 926 1050 788 1062
2306 4 2 3 1 392 874 341 988
2307 4 2 3 1 788 759 889 926
2308 4 2 3 1 832 873 577 949
2309 4 2 3 1 781 986 817 991
2310 4 2 3 1 450 861 447 884
2311 4 2 3 1 350 834 394 1087
2312 4 2 3 1 178 157 203 886
2313 4 2 3 1 749 784 968 1002
2314 4 2 3 1 346 393 396 804
2315 4 2 3 1 1069 1078 838 1098
2316 4 2 3 1 738 1010 855 1091
2317 4 2 3 1 264 259 946 1123
2318 4 2 3 1 828 985 623 1037
2319 4 2 3 1 203 123 177 866
2320 4 2 3 1 839 382 918 1102
2321 4 2 3 1 943 1038 797 1065
2322 4 2 3 1 200 1047 848 1092
2323 4 2 3 1 598 612 585 875
2324 4 2 3 1 787 962 759 1062
2325 4 2 3 1 660 916 890 1085
2326 4 2 3 1 363 355 817 842
2327 4 2 3 1 200 198 848 1047
2328 4 2 3 1 910 1002 993 1028
2329 4 2 3 1 742 974 801 1030
2330 4 2 3 1 738 959 901 1088
2331 4 2 3 1 247 1073 803 1129
2332 4 2 3 1 448 884 1094 1138
2333 4 2 3 1 268 270 269 924
2334 4 2 3 1 798 750 835 897
2335 4 2 3 1 755 974 1040 1053
2336 4 2 3 1 198 848 819 1055
2337 4 2 3 1 740 844 788 1062
2338 4 2 3 1 519 462 518 811
2339 4 2 3 1 670 808 727 917
2340 4 2 3 1 837 857 788 1050
2341 4 2 3 1 363 1026 842 1052
2342 4 2 3 1 742 1031 827 1132
2343 4 2 3 1 766 1026 986 1104
2344 4 2 3 1 779 978 888 1092
2345 4 2 3 1 748 834 794 927
2346 4 2 3 1 757 977 1018 1072
2347 4 2 3 1 848 974 742 1030
2348 4 2 3 1 832 833 763 873
2349 4 2 3 1 463 783 952 979
2350 4 2 3 1 687 720 635 948
2351 4 2 3 1 381 918 382 1102
2352 4 2 3 1 980 998 774 1013
2353 4 2 3 1 750 815 961 1017
2354 4 2 3 1 757 868 940 1047
2355 4 2 3 1 405 394 350 839
2356 4 2 3 1 154 209 878 888
2357 4 2 3 1 585 631 601 955
2358 4 2 3 1 452 929 902 1090
2359 4 2 3 1 837 1007 788 1059
2360 4 2 3 1 669 890 781 1110
2361 4 2 3 1 797 943 887 1093
2362 4 2 3 1 452 902 806 1090
2363 4 2 3 1 860 868 144 1092
2364 4 2 3 1 749 796 837 901
2365 4 2 3 1 786 947 927 1017
2366 4 2 3 1 743 986 927 1104
2367 4 2 3 1 174 188 189 822
2368 4 2 3 1 747 930 885 973
2369 4 2 3 1 413 869 356 1068
2370 4 2 3 1 368 904 366 1014
2371 4 2 3 1 793 861 503 939
2372 4 2 3 1 758 991 835 1063
2373 4 2 3 1 212 813 921 1099
2374 4 2 3 1 751 803 896 989
2375 4 2 3 1 264 259 807 946
2376 4 2 3 1 476 513 905 979
2377 4 2 3 1 786 775 964 989
2378 4 2 3 1 904 996 767 1074
2379 4 2 3 1 697 723 722 818
2380 4 2 3 1 782 1015 751 1134
2381 4 2 3 1 276 787 962 1024
2382 4 2 3 1 168 825 1005 1115
2383 4 2 3 1 864 1013 746 1053
2384 4 2 3 1 798 1035 940 1095
2385 4 2 3 1 449 450 447 884
2386 4 2 3 1 825 757 880 1005
2387 4 2 3 1 749 871 799 1007
2388 4 2 3 1 887 943 804 1093
2389 4 2 3 1 378 820 913 988
2390 4 2 3 1 566 567 838 1037
2391 4 2 3 1 927 967 786 1001
2392 4 2 3 1 740 930 957 981
2393 4 2 3 1 908 949 701 994
2394 4 2 3 1 513 465 821 979
2395 4 2 3 1 142 920 860 978
2396 4 2 3 1 785 745 846 1067
2397 4 2 3 1 516 931 807 1061
2398 4 2 3 1 305 807 259 946
2399 4 2 3 1 744 838 1069 1078
2400 4 2 3 1 473 824 971 1131
2401 4 2 3 1 761 911 803 942
2402 4 2 3 1 750 1085 805 1139
2403 4 2 3 1 865 897 809 1031
2404 4 2 3 1 210 813 175 992
2405 4 2 3 1 661 1011 805 1085
2406 4 2 3 1 828 858 236 990
2407 4 2 3 1 789 864 920 921
2408 4 2 3 1 342 874 797 1046
2409 4 2 3 1 591 590 589 824
2410 4 2 3 1 666 916 843 1006
2411 4 2 3 1 756 886 812 1075
2412 4 2 3 1 159 813 210 1082
2413 4 2 3 1 786 989 936 1071
2414 4 2 3 1 857 976 844 1021
2415 4 2 3 1 261 909 811 1100
2416 4 2 3 1 189 822 188 859
2417 4 2 3 1 792 923 746 1043
2418 4 2 3 1 159 175 210 813
2419 4 2 3 1 715 401 644 879
2420 4 2 3 1 528 925 904 996
2421 4 2 3 1 802 740 981 1056
2422 4 2 3 1 153 888 154 893
2423 4 2 3 1 716 701 949 1058
2424 4 2 3 1 746 920 780 1053
2425 4 2 3 1 677 709 954 1106
2426 4 2 3 1 239 240 238 845
2427 4 2 3 1 666 843 725 1006
2428 4 2 3 1 444 907 899 1044
2429 4 2 3 1 761 906 869 1068
2430 4 2 3 1 848 1047 1035 1092
2431 4 2 3 1 270 924 818 1096
2432 4 2 3 1 210 813 992 1082
2433 4 2 3 1 560 1003 889 1007
2434 4 2 3 1 800 1002 968 1124
2435 4 2 3 1 206 192 823 965
2436 4 2 3 1 490 812 431 996
2437 4 2 3 1 863 1005 825 1115
2438 4 2 3 1 551 550 1034 1103
2439 4 2 3 1 284 766 950 1070
2440 4 2 3 1 697 818 722 916
2441 4 2 3 1 737 786 964 1017
2442 4 2 3 1 463 952 465 979
2443 4 2 3 1 212 159 813 1099
2444 4 2 3 1 370 371 372 1020
2445 4 2 3 1 779 848 940 1092
2446 4 2 3 1 927 947 809 1017
2447 4 2 3 1 446 793 899 1094
2448 4 2 3 1 725 843 666 1096
2449 4 2 3 1 701 736 994 1058
2450 4 2 3 1 259 305 264 807
2451 4 2 3 1 275 831 970 1015
2452 4 2 3 1 677 954 819 1106
2453 4 2 3 1 394 834 1019 1086
2454 4 2 3 1 790 993 910 1002
2455 4 2 3 1 508 485 486 829
2456 4 2 3 1 741 935 1040 1075
2457 4 2 3 1 839 894 405 1019
2458 4 2 3 1 583 821 480 1029
2459 4 2 3 1 576 832 577 949
2460 4 2 3 1 766 817 917 986
2461 4 2 3 1 751 791 892 914
2462 4 2 3 1 829 904 767 1074
2463 4 2 3 1 291 290 841 1100
2464 4 2 3 1 807 919 850 946
2465 4 2 3 1 602 604 554 799
2466 4 2 3 1 783 753 902 1016
2467 4 2 3 1 749 968 800 1002
2468 4 2 3 1 791 914 740 1050
2469 4 2 3 1 137 847 184 987
2470 4 2 3 1 583 571 821 1029
2471 4 2 3 1 249 243 286 802
2472 4 2 3 1 673 644 691 817
2473 4 2 3 1 683 682 681 894
2474 4 2 3 1 447 884 861 1094
2475 4 2 3 1 876 924 765 985
2476 4 2 3 1 750 809 937 1017
2477 4 2 3 1 696 948 883 1023
2478 4 2 3 1 735 662 705 1023
2479 4 2 3 1 781 917 817 986
2480 4 2 3 1 171 170 880 1047
2481 4 2 3 1 761 989 936 1001
2482 4 2 3 1 742 956 801 974
2483 4 2 3 1 885 930 775 973
2484 4 2 3 1 798 827 954 1035
2485 4 2 3 1 192 207 823 893
2486 4 2 3 1 380 839 382 918
2487 4 2 3 1 314 280 257 877
2488 4 2 3 1 770 848 819 1035
2489 4 2 3 1 741 998 814 1038
2490 4 2 3 1 576 575 577 832
2491 4 2 3 1 890 961 752 1006
2492 4 2 3 1 857 1009 816 1022
2493 4 2 3 1 886 920 864 921
2494 4 2 3 1 820 888 878 1135
2495 4 2 3 1 788 1050 740 1062
2496 4 2 3 1 768 952 811 957
2497 4 2 3 1 190 158 149 854
2498 4 2 3 1 771 855 824 1091
2499 4 2 3 1 499 437 410 904
2500 4 2 3 1 666 916 722 1096
2501 4 2 3 1 474 939 905 1130
2502 4 2 3 1 173 868 792 1005
2503 4 2 3 1 746 789 864 920
2504 4 2 3 1 823 878 755 893
2505 4 2 3 1 355 817 842 1019
2506 4 2 3 1 473 971 824 1130
2507 4 2 3 1 772 911 803 989
2508 4 2 3 1 781 752 961 1006
2509 4 2 3 1 746 864 789 953
2510 4 2 3 1 519 462 811 952
2511 4 2 3 1 753 919 806 929
2512 4 2 3 1 782 751 1015 1064
2513 4 2 3 1 883 948 763 1023
2514 4 2 3 1 781 961 890 1006
2515 4 2 3 1 956 995 974 1095
2516 4 2 3 1 255 911 942 1129
2517 4 2 3 1 393 804 346 1054
2518 4 2 3 1 744 799 838 926
2519 4 2 3 1 269 267 268 924
2520 4 2 3 1 204 820 186 1055
2521 4 2 3 1 930 959 857 1021
2522 4 2 3 1 149 886 143 920
2523 4 2 3 1 878 888 755 893
2524 4 2 3 1 858 962 787 1024
2525 4 2 3 1 746 789 920 1043
2526 4 2 3 1 823 854 767 965
2527 4 2 3 1 912 1004 738 1133
2528 4 2 3 1 241 934 295 990
2529 4 2 3 1 740 914 791 1056
2530 4 2 3 1 855 1010 824 1091
2531 4 2 3 1 789 944 859 987
2532 4 2 3 1 501 899 446 1133
2533 4 2 3 1 755 893 888 978
2534 4 2 3 1 742 779 940 974
2535 4 2 3 1 744 853 805 932
2536 4 2 3 1 831 896 849 1008
2537 4 2 3 1 464 909 526 1029
2538 4 2 3 1 737 937 815 1080
2539 4 2 3 1 555 557 556 1059
2540 4 2 3 1 396 804 393 1083
2541 4 2 3 1 347 834 1086 1087
2542 4 2 3 1 761 869 826 1068
2543 4 2 3 1 850 919 807 1045
2544 4 2 3 1 775 786 964 1071
2545 4 2 3 1 910 993 852 1028
2546 4 2 3 1 770 1030 1035 1132
2547 4 2 3 1 951 1025 923 1072
2548 4 2 3 1 820 209 888 1135
2549 4 2 3 1 746 953 789 1043
2550 4 2 3 1 500 497 461 902
2551 4 2 3 1 209 186 820 888
2552 4 2 3 1 769 960 949 1041
2553 4 2 3 1 827 894 681 918
2554 4 2 3 1 737 964 786 1071
2555 4 2 3 1 775 919 973 1051
2556 4 2 3 1 142 187 920 978
2557 4 2 3 1 743 781 865 986
2558 4 2 3 1 746 860 920 1053
2559 4 2 3 1 740 788 857 1050
2560 4 2 3 1 866 756 907 1044
2561 4 2 3 1 738 959 912 1010
2562 4 2 3 1 722 818 723 1096
2563 4 2 3 1 139 847 136 983
2564 4 2 3 1 467 785 963 1061
2565 4 2 3 1 841 877 802 957
2566 4 2 3 1 178 886 866 921
2567 4 2 3 1 516 494 807 1077
2568 4 2 3 1 342 341 343 874
2569 4 2 3 1 266 934 267 985
2570 4 2 3 1 761 826 869 942
2571 4 2 3 1 833 949 769 1058
2572 4 2 3 1 381 380 382 918
2573 4 2 3 1 720 667 696 883
2574 4 2 3 1 748 941 947 1065
2575 4 2 3 1 744 799 910 1069
2576 4 2 3 1 848 819 1035 1047
2577 4 2 3 1 776 1018 977 1072
2578 4 2 3 1 825 1005 880 1136
2579 4 2 3 1 783 957 753 1016
2580 4 2 3 1 748 834 801 1087
2581 4 2 3 1 798 954 654 977
2582 4 2 3 1 415 1027 360 1114
2583 4 2 3 1 367 904 368 1014
2584 4 2 3 1 881 1078 1069 1098
2585 4 2 3 1 161 153 154 893
2586 4 2 3 1 243 242 240 1015
2587 4 2 3 1 351 842 1068 1086
2588 4 2 3 1 399 342 797 1046
2589 4 2 3 1 162 203 157 812
2590 4 2 3 1 487 512 459 945
2591 4 2 3 1 173 144 860 868
2592 4 2 3 1 615 903 629 1036
2593 4 2 3 1 750 937 815 1017
2594 4 2 3 1 954 1081 770 1132
2595 4 2 3 1 772 891 803 1128
2596 4 2 3 1 456 902 452 929
2597 4 2 3 1 780 893 854 1040
2598 4 2 3 1 751 1064 782 1134
2599 4 2 3 1 748 809 927 947
2600 4 2 3 1 792 860 746 1025
2601 4 2 3 1 787 759 858 1003
2602 4 2 3 1 750 865 809 1017
2603 4 2 3 1 178 866 212 921
2604 4 2 3 1 818 924 723 1096
2605 4 2 3 1 770 819 954 1035
2606 4 2 3 1 413 356 354 1068
2607 4 2 3 1 862 946 807 1077
2608 4 2 3 1 591 875 824 966
2609 4 2 3 1 168 1005 863 1115
2610 4 2 3 1 801 1031 1030 1132
2611 4 2 3 1 372 895 409 945
2612 4 2 3 1 763 873 833 1023
2613 4 2 3 1 781 917 808 1006
2614 4 2 3 1 780 1013 864 1053
2615 4 2 3 1 300 302 849 999
2616 4 2 3 1 473 855 824 1131
2617 4 2 3 1 406 422 958 1027
2618 4 2 3 1 763 833 832 1028
2619 4 2 3 1 375 830 278 958
2620 4 2 3 1 785 846 762 1061
2621 4 2 3 1 831 849 803 1129
2622 4 2 3 1 785 1067 895 1083
2623 4 2 3 1 816 800 953 1118
2624 4 2 3 1 739 951 1072 1116
2625 4 2 3 1 617 587 532 948
2626 4 2 3 1 629 903 870 1036
2627 4 2 3 1 555 837 557 1059
2628 4 2 3 1 519 811 518 1137
2629 4 2 3 1 748 947 941 956
2630 4 2 3 1 555 871 837 1007
2631 4 2 3 1 803 891 1073 1128
2632 4 2 3 1 781 752 1006 1008
2633 4 2 3 1 905 939 824 1130
2634 4 2 3 1 456 452 455 929
2635 4 2 3 1 243 802 249 1060
2636 4 2 3 1 667 853 661 883
2637 4 2 3 1 912 959 793 1010
2638 4 2 3 1 831 999 752 1008
2639 4 2 3 1 239 240 845 962
2640 4 2 3 1 830 850 761 1125
2641 4 2 3 1 738 912 959 1088
2642 4 2 3 1 778 947 941 1065
2643 4 2 3 1 777 1094 884 1138
2644 4 2 3 1 528 492 925 996
2645 4 2 3 1 831 752 896 1008
2646 4 2 3 1 806 919 846 929
2647 4 2 3 1 512 478 467 963
2648 4 2 3 1 308 958 830 1123
2649 4 2 3 1 986 1026 842 1104
2650 4 2 3 1 639 379 328 894
2651 4 2 3 1 360 415 958 1027
2652 4 2 3 1 750 961 865 1017
2653 4 2 3 1 137 138 184 847
2654 4 2 3 1 941 947 778 956
2655 4 2 3 1 737 809 947 1017
2656 4 2 3 1 674 817 721 991
2657 4 2 3 1 175 992 813 1099
2658 4 2 3 1 270 224 924 1096
2659 4 2 3 1 799 1007 788 1050
2660 4 2 3 1 748 797 887 941
2661 4 2 3 1 638 723 924 1096
2662 4 2 3 1 757 868 951 1025
2663 4 2 3 1 743 849 896 1008
2664 4 2 3 1 497 500 450 861
2665 4 2 3 1 761 836 936 1045
2666 4 2 3 1 346 804 396 1093
2667 4 2 3 1 777 851 884 998
2668 4 2 3 1 818 722 916 1096
2669 4 2 3 1 783 902 753 1051
2670 4 2 3 1 999 1006 752 1008
2671 4 2 3 1 799 889 788 1007
2672 4 2 3 1 753 981 930 1051
2673 4 2 3 1 791 914 751 1056
2674 4 2 3 1 825 880 757 898
2675 4 2 3 1 376 478 426 945
2676 4 2 3 1 768 957 841 1119
2677 4 2 3 1 795 1078 881 1098
2678 4 2 3 1 801 742 1030 1031
2679 4 2 3 1 169 880 1005 1136
2680 4 2 3 1 139 138 136 847
2681 4 2 3 1 243 891 802 1060
2682 4 2 3 1 563 616 821 976
2683 4 2 3 1 664 890 660 916
2684 4 2 3 1 827 1081 954 1132
2685 4 2 3 1 811 909 261 1137
2686 4 2 3 1 888 974 848 1030
2687 4 2 3 1 392 913 801 988
2688 4 2 3 1 368 367 840 904
2689 4 2 3 1 562 618 621 1024
2690 4 2 3 1 742 956 974 1095
2691 4 2 3 1 746 1053 1013 1101
2692 4 2 3 1 753 957 930 981
2693 4 2 3 1 807 946 850 1123
2694 4 2 3 1 792 863 933 983
2695 4 2 3 1 452 455 929 1090
2696 4 2 3 1 750 805 961 984
2697 4 2 3 1 236 266 828 990
2698 4 2 3 1 742 974 995 1095
2699 4 2 3 1 169 880 170 1005
2700 4 2 3 1 791 964 737 1022
2701 4 2 3 1 752 781 961 1008
2702 4 2 3 1 872 955 547 1034
2703 4 2 3 1 758 827 897 1031
2704 4 2 3 1 175 813 159 1099
2705 4 2 3 1 406 958 915 1027
2706 4 2 3 1 741 1033 980 1038
2707 4 2 3 1 934 1032 990 1134
2708 4 2 3 1 399 797 1020 1046
2709 4 2 3 1 602 604 799 1098
2710 4 2 3 1 394 834 347 1087
2711 4 2 3 1 754 933 847 1043
2712 4 2 3 1 673 721 674 817
2713 4 2 3 1 513 466 465 979
2714 4 2 3 1 764 969 945 1020
2715 4 2 3 1 745 846 806 919
2716 4 2 3 1 644 718 879 1052
2717 4 2 3 1 751 803 891 1073
2718 4 2 3 1 347 834 394 1086
2719 4 2 3 1 1037 1078 795 1098
2720 4 2 3 1 463 465 466 979
2721 4 2 3 1 861 939 760 979
2722 4 2 3 1 162 123 812 996
2723 4 2 3 1 582 828 235 985
2724 4 2 3 1 586 219 529 858
2725 4 2 3 1 219 586 282 858
2726 4 2 3 1 920 978 780 1053
2727 4 2 3 1 767 840 829 1033
2728 4 2 3 1 151 145 146 1092
2729 4 2 3 1 555 552 837 871
2730 4 2 3 1 760 939 861 959
2731 4 2 3 1 526 909 903 1029
2732 4 2 3 1 447 450 503 861
2733 4 2 3 1 264 260 259 1123
2734 4 2 3 1 764 945 895 1020
2735 4 2 3 1 675 795 975 1117
2736 4 2 3 1 280 877 862 946
2737 4 2 3 1 256 942 869 1108
2738 4 2 3 1 757 1025 951 1072
2739 4 2 3 1 822 856 754 955
2740 4 2 3 1 745 851 900 1067
2741 4 2 3 1 554 602 799 1007
2742 4 2 3 1 173 139 194 1005
2743 4 2 3 1 505 389 915 963
2744 4 2 3 1 639 728 379 894
2745 4 2 3 1 914 1050 926 1062
2746 4 2 3 1 787 759 1003 1062
2747 4 2 3 1 750 937 809 1095
2748 4 2 3 1 611 876 712 975
2749 4 2 3 1 134 164 810 1122
2750 4 2 3 1 957 1021 740 1119
2751 4 2 3 1 748 786 927 967
2752 4 2 3 1 919 981 753 1051
2753 4 2 3 1 762 836 830 1045
2754 4 2 3 1 800 816 1009 1118
2755 4 2 3 1 806 919 753 1051
2756 4 2 3 1 800 1009 882 1118
2757 4 2 3 1 770 1030 848 1035
2758 4 2 3 1 801 874 755 941
2759 4 2 3 1 351 842 1026 1068
2760 4 2 3 1 602 799 889 1098
2761 4 2 3 1 462 518 811 1016
2762 4 2 3 1 753 919 807 946
2763 4 2 3 1 776 1011 1023 1120
2764 4 2 3 1 554 799 604 1066
2765 4 2 3 1 366 904 368 925
2766 4 2 3 1 879 917 718 950
2767 4 2 3 1 756 866 812 886
2768 4 2 3 1 812 866 756 907
2769 4 2 3 1 767 965 854 1097
2770 4 2 3 1 189 822 859 997
2771 4 2 3 1 768 841 811 1100
2772 4 2 3 1 266 934 828 990
2773 4 2 3 1 363 353 842 1026
2774 4 2 3 1 754 856 810 872
2775 4 2 3 1 616 571 563 821
2776 4 2 3 1 168 1005 825 1136
2777 4 2 3 1 746 1013 864 1101
2778 4 2 3 1 818 970 270 1096
2779 4 2 3 1 742 1035 1030 1132
2780 4 2 3 1 193 194 139 863
2781 4 2 3 1 563 976 821 1036
2782 4 2 3 1 832 833 769 1048
2783 4 2 3 1 592 966 905 976
2784 4 2 3 1 623 568 566 1037
2785 4 2 3 1 236 295 266 990
2786 4 2 3 1 741 935 797 1065
2787 4 2 3 1 759 914 926 1062
2788 4 2 3 1 754 856 822 987
2789 4 2 3 1 775 981 930 1056
2790 4 2 3 1 519 811 909 952
2791 4 2 3 1 745 804 836 1039
2792 4 2 3 1 540 611 712 975
2793 4 2 3 1 331 644 401 879
2794 4 2 3 1 862 929 458 1077
2795 4 2 3 1 890 961 781 1110
2796 4 2 3 1 772 803 911 1128
2797 4 2 3 1 898 951 825 1058
2798 4 2 3 1 801 956 941 974
2799 4 2 3 1 822 955 944 1091
2800 4 2 3 1 651 654 709 954
2801 4 2 3 1 901 959 816 1088
2802 4 2 3 1 602 889 799 1007
2803 4 2 3 1 759 962 914 1062
2804 4 2 3 1 856 872 754 955
2805 4 2 3 1 290 258 286 841
2806 4 2 3 1 764 840 829 969
2807 4 2 3 1 852 910 790 993
2808 4 2 3 1 408 817 355 1019
2809 4 2 3 1 206 192 207 823
2810 4 2 3 1 267 266 268 934
2811 4 2 3 1 753 807 919 929
2812 4 2 3 1 751 845 914 1134
2813 4 2 3 1 813 859 771 1082
2814 4 2 3 1 663 664 660 916
2815 4 2 3 1 804 346 1054 1093
2816 4 2 3 1 727 917 808 950
2817 4 2 3 1 661 665 663 853
2818 4 2 3 1 651 654 954 977
2819 4 2 3 1 908 949 769 960
2820 4 2 3 1 917 986 781 1008
2821 4 2 3 1 895 1067 804 1083
2822 4 2 3 1 798 867 750 1018
2823 4 2 3 1 993 1018 937 1139
2824 4 2 3 1 825 994 168 1136
2825 4 2 3 1 693 695 694 873
2826 4 2 3 1 380 894 839 918
2827 4 2 3 1 852 1028 993 1116
2828 4 2 3 1 562 1003 618 1024
2829 4 2 3 1 487 459 900 945
2830 4 2 3 1 592 905 616 976
2831 4 2 3 1 822 875 771 997
2832 4 2 3 1 875 796 955 1091
2833 4 2 3 1 752 890 805 1109
2834 4 2 3 1 284 766 879 950
2835 4 2 3 1 889 1003 788 1007
2836 4 2 3 1 286 290 841 962
2837 4 2 3 1 737 1009 791 1022
2838 4 2 3 1 635 532 587 948
2839 4 2 3 1 789 847 944 987
2840 4 2 3 1 218 965 925 1097
2841 4 2 3 1 930 957 753 1051
2842 4 2 3 1 807 846 762 1045
2843 4 2 3 1 601 955 796 1034
2844 4 2 3 1 769 949 908 994
2845 4 2 3 1 780 1040 854 1075
2846 4 2 3 1 741 1033 854 1075
2847 4 2 3 1 776 977 898 1072
2848 4 2 3 1 841 787 1100 1119
2849 4 2 3 1 848 888 779 974
2850 4 2 3 1 548 547 955 1034
2851 4 2 3 1 589 591 824 966
2852 4 2 3 1 805 984 932 1109
2853 4 2 3 1 284 879 766 1121
2854 4 2 3 1 356 869 414 1114
2855 4 2 3 1 295 934 266 990
2856 4 2 3 1 380 405 839 894
2857 4 2 3 1 198 819 982 1055
2858 4 2 3 1 515 458 929 1077
2859 4 2 3 1 890 916 805 1085
2860 4 2 3 1 157 854 158 1097
2861 4 2 3 1 772 850 936 1045
2862 4 2 3 1 510 526 903 1029
2863 4 2 3 1 830 1123 850 1125
2864 4 2 3 1 683 684 894 991
2865 4 2 3 1 799 604 1066 1098
2866 4 2 3 1 823 755 878 1049
2867 4 2 3 1 546 548 547 955
2868 4 2 3 1 783 753 957 1051
2869 4 2 3 1 274 300 808 999
2870 4 2 3 1 677 649 709 1106
2871 4 2 3 1 454 922 451 1138
2872 4 2 3 1 296 295 241 934
2873 4 2 3 1 796 968 871 1034
2874 4 2 3 1 151 152 186 888
2875 4 2 3 1 759 845 962 990
2876 4 2 3 1 899 907 756 1044
2877 4 2 3 1 149 854 158 886
2878 4 2 3 1 934 990 782 1134
2879 4 2 3 1 788 889 759 1003
2880 4 2 3 1 557 837 976 1059
2881 4 2 3 1 821 1029 571 1036
2882 4 2 3 1 136 847 137 987
2883 4 2 3 1 654 954 798 1063
2884 4 2 3 1 426 478 512 945
2885 4 2 3 1 845 914 759 962
2886 4 2 3 1 694 716 701 949
2887 4 2 3 1 984 993 937 1139
2888 4 2 3 1 505 332 389 963
2889 4 2 3 1 472 971 473 1130
2890 4 2 3 1 850 1123 294 1125
2891 4 2 3 1 410 437 335 904
2892 4 2 3 1 675 720 687 975
2893 4 2 3 1 737 937 809 1017
2894 4 2 3 1 751 1015 845 1134
2895 4 2 3 1 135 856 987 1113
2896 4 2 3 1 554 1007 799 1066
2897 4 2 3 1 831 849 999 1008
2898 4 2 3 1 490 481 812 1074
2899 4 2 3 1 758 839 827 1031
2900 4 2 3 1 792 923 951 1025
2901 4 2 3 1 662 1023 1011 1120
2902 4 2 3 1 265 308 294 1123
2903 4 2 3 1 258 262 261 841
2904 4 2 3 1 502 861 500 979
2905 4 2 3 1 808 1006 999 1008
2906 4 2 3 1 264 931 807 1077
2907 4 2 3 1 758 839 834 1019
2908 4 2 3 1 162 996 812 1097
2909 4 2 3 1 934 782 1032 1134
2910 4 2 3 1 795 569 975 1037
2911 4 2 3 1 832 1028 833 1048
2912 4 2 3 1 168 994 825 1115
2913 4 2 3 1 357 393 906 1083
2914 4 2 3 1 331 644 879 1052
2915 4 2 3 1 779 888 978 1053
2916 4 2 3 1 807 1045 762 1123
2917 4 2 3 1 762 846 807 1061
2918 4 2 3 1 743 781 986 1008
2919 4 2 3 1 583 538 571 1029
2920 4 2 3 1 762 830 850 1045
2921 4 2 3 1 750 865 835 897
2922 4 2 3 1 363 353 355 842
2923 4 2 3 1 744 805 852 984
2924 4 2 3 1 355 408 363 817
2925 4 2 3 1 750 897 798 1018
2926 4 2 3 1 930 973 747 1051
2927 4 2 3 1 617 580 570 881
2928 4 2 3 1 745 919 806 973
2929 4 2 3 1 618 1024 1003 1084
2930 4 2 3 1 752 843 818 916
2931 4 2 3 1 256 869 310 1108
2932 4 2 3 1 803 891 772 989
2933 4 2 3 1 137 136 138 847
2934 4 2 3 1 779 974 888 1053
2935 4 2 3 1 462 952 461 1016
2936 4 2 3 1 807 862 753 946
2937 4 2 3 1 822 875 955 1091
2938 4 2 3 1 846 919 807 929
2939 4 2 3 1 614 630 985 1037
2940 4 2 3 1 536 596 514 971
2941 4 2 3 1 802 877 249 1060
2942 4 2 3 1 788 1003 759 1062
2943 4 2 3 1 744 1069 853 1078
2944 4 2 3 1 472 473 971 1131
2945 4 2 3 1 759 990 1032 1134
2946 4 2 3 1 752 805 890 916
2947 4 2 3 1 1041 1048 872 1103
2948 4 2 3 1 789 738 944 953
2949 4 2 3 1 744 910 799 1057
2950 4 2 3 1 414 869 830 1114
2951 4 2 3 1 746 923 792 1025
2952 4 2 3 1 805 744 932 984
2953 4 2 3 1 327 124 387 1012
2954 4 2 3 1 771 875 822 1091
2955 4 2 3 1 757 825 951 1005
2956 4 2 3 1 481 907 812 1074
2957 4 2 3 1 441 813 469 1099
2958 4 2 3 1 281 221 324 1108
2959 4 2 3 1 752 999 843 1006
2960 4 2 3 1 750 809 897 1095
2961 4 2 3 1 830 869 309 1125
2962 4 2 3 1 870 1100 787 1119
2963 4 2 3 1 793 861 1042 1094
2964 4 2 3 1 865 927 743 986
2965 4 2 3 1 268 296 270 934
2966 4 2 3 1 261 312 909 1100
2967 4 2 3 1 745 900 846 1067
2968 4 2 3 1 221 869 324 1108
2969 4 2 3 1 156 159 160 859
2970 4 2 3 1 938 971 597 997
2971 4 2 3 1 752 805 916 932
2972 4 2 3 1 386 913 820 1012
2973 4 2 3 1 956 1089 995 1095
2974 4 2 3 1 738 953 789 1004
2975 4 2 3 1 147 143 148 920
2976 4 2 3 1 760 976 857 1021
2977 4 2 3 1 384 281 324 1108
2978 4 2 3 1 744 790 852 910
2979 4 2 3 1 838 1078 1037 1098
2980 4 2 3 1 819 848 770 1055
2981 4 2 3 1 833 1048 1028 1116
2982 4 2 3 1 136 983 847 987
2983 4 2 3 1 592 613 589 966
2984 4 2 3 1 135 987 174 1113
2985 4 2 3 1 823 965 365 1112
2986 4 2 3 1 284 766 1070 1121
2987 4 2 3 1 152 848 186 888
2988 4 2 3 1 977 1018 776 1120
2989 4 2 3 1 803 942 911 1129
2990 4 2 3 1 603 613 592 966
2991 4 2 3 1 864 789 953 1004
2992 4 2 3 1 930 981 775 1051
2993 4 2 3 1 814 851 745 943
2994 4 2 3 1 744 852 790 1080
2995 4 2 3 1 801 755 874 988
2996 4 2 3 1 448 454 451 1138
2997 4 2 3 1 751 891 803 989
2998 4 2 3 1 670 727 672 917
2999 4 2 3 1 828 838 765 1037
3000 4 2 3 1 142 860 145 978
3001 4 2 3 1 751 964 791 1056
3002 4 2 3 1 188 184 156 859
3003 4 2 3 1 831 248 999 1129
3004 4 2 3 1 887 1054 834 1087
3005 4 2 3 1 773 937 790 993
3006 4 2 3 1 829 840 767 904
3007 4 2 3 1 206 823 207 1112
3008 4 2 3 1 744 799 926 1057
3009 4 2 3 1 745 851 814 973
3010 4 2 3 1 681 685 683 1063
3011 4 2 3 1 337 823 365 1112
3012 4 2 3 1 752 961 890 1109
3013 4 2 3 1 890 961 805 1109
3014 4 2 3 1 807 850 1045 1123
3015 4 2 3 1 832 873 763 1000
3016 4 2 3 1 902 929 806 1090
3017 4 2 3 1 749 1050 799 1057
3018 4 2 3 1 172 819 198 1047
3019 4 2 3 1 264 807 305 1077
3020 4 2 3 1 770 954 819 1081
3021 4 2 3 1 252 831 248 999
3022 4 2 3 1 856 955 822 1113
3023 4 2 3 1 737 815 937 1017
3024 4 2 3 1 620 640 700 949
3025 4 2 3 1 817 766 917 1052
3026 4 2 3 1 160 859 159 1082
3027 4 2 3 1 434 175 440 992
3028 4 2 3 1 462 811 952 1016
3029 4 2 3 1 471 469 501 855
3030 4 2 3 1 869 906 761 1114
3031 4 2 3 1 927 1001 786 1017
3032 4 2 3 1 474 475 476 939
3033 4 2 3 1 739 1048 833 1116
3034 4 2 3 1 587 617 569 975
3035 4 2 3 1 794 834 1054 1086
3036 4 2 3 1 750 1018 937 1095
3037 4 2 3 1 501 1044 899 1133
3038 4 2 3 1 816 857 749 1009
3039 4 2 3 1 830 836 762 1027
3040 4 2 3 1 809 865 750 897
3041 4 2 3 1 776 898 833 1116
3042 4 2 3 1 739 1028 1048 1116
3043 4 2 3 1 762 1027 836 1045
3044 4 2 3 1 813 921 866 1044
3045 4 2 3 1 563 821 571 1036
3046 4 2 3 1 752 932 818 970
3047 4 2 3 1 596 609 439 971
3048 4 2 3 1 300 849 254 1070
3049 4 2 3 1 229 329 278 958
3050 4 2 3 1 261 841 262 1100
3051 4 2 3 1 386 820 377 1135
3052 4 2 3 1 203 162 123 812
3053 4 2 3 1 284 300 315 950
3054 4 2 3 1 741 980 998 1038
3055 4 2 3 1 739 993 923 1002
3056 4 2 3 1 872 1103 1048 1124
3057 4 2 3 1 501 443 899 1044
3058 4 2 3 1 900 487 945 1127
3059 4 2 3 1 399 1020 373 1046
3060 4 2 3 1 802 981 891 1056
3061 4 2 3 1 764 945 900 1067
3062 4 2 3 1 742 1035 798 1095
3063 4 2 3 1 752 805 932 1109
3064 4 2 3 1 779 868 860 1092
3065 4 2 3 1 802 957 877 981
3066 4 2 3 1 275 831 252 970
3067 4 2 3 1 782 970 831 1015
3068 4 2 3 1 899 907 445 1094
3069 4 2 3 1 737 885 947 1118
3070 4 2 3 1 829 840 764 1038
3071 4 2 3 1 881 910 799 1069
3072 4 2 3 1 855 939 824 1010
3073 4 2 3 1 766 808 917 950
3074 4 2 3 1 169 1005 168 1136
3075 4 2 3 1 773 923 1025 1072
3076 4 2 3 1 260 946 850 1128
3077 4 2 3 1 932 984 744 1109
3078 4 2 3 1 254 300 302 849
3079 4 2 3 1 189 997 859 1082
3080 4 2 3 1 810 863 769 960
3081 4 2 3 1 383 405 894 1019
3082 4 2 3 1 392 341 340 988
3083 4 2 3 1 772 936 919 1045
3084 4 2 3 1 329 375 278 958
3085 4 2 3 1 752 818 843 970
3086 4 2 3 1 952 957 783 1016
3087 4 2 3 1 807 931 516 1077
3088 4 2 3 1 748 967 943 1065
3089 4 2 3 1 519 909 811 1137
3090 4 2 3 1 905 966 589 1130
3091 4 2 3 1 327 124 1012 1135
3092 4 2 3 1 608 538 436 1029
3093 4 2 3 1 122 168 994 1136
3094 4 2 3 1 804 1083 396 1093
3095 4 2 3 1 406 915 963 1027
3096 4 2 3 1 829 764 969 1127
3097 4 2 3 1 800 1043 754 1111
3098 4 2 3 1 757 798 977 1035
3099 4 2 3 1 164 960 810 1122
3100 4 2 3 1 754 944 955 1111
3101 4 2 3 1 337 365 823 1014
3102 4 2 3 1 866 921 813 1099
3103 4 2 3 1 204 209 186 820
3104 4 2 3 1 430 971 472 1130
3105 4 2 3 1 539 133 544 960
3106 4 2 3 1 539 126 133 960
3107 4 2 3 1 525 511 931 1061
3108 4 2 3 1 757 898 977 1072
3109 4 2 3 1 681 894 682 918
3110 4 2 3 1 760 837 857 976
3111 4 2 3 1 409 376 321 945
3112 4 2 3 1 749 857 816 901
3113 4 2 3 1 749 1002 1009 1057
3114 4 2 3 1 737 964 815 1017
3115 4 2 3 1 768 952 821 1029
3116 4 2 3 1 188 137 184 987
3117 4 2 3 1 765 1032 932 1078
3118 4 2 3 1 790 937 984 993
3119 4 2 3 1 743 1001 927 1017
3120 4 2 3 1 589 824 590 1130
3121 4 2 3 1 785 762 963 1061
3122 4 2 3 1 651 977 954 1106
3123 4 2 3 1 863 951 933 1048
3124 4 2 3 1 748 941 801 956
3125 4 2 3 1 747 806 884 1051
3126 4 2 3 1 496 445 907 1094
3127 4 2 3 1 778 995 956 1089
3128 4 2 3 1 667 675 665 853
3129 4 2 3 1 806 747 973 1051
3130 4 2 3 1 218 925 202 1097
3131 4 2 3 1 753 919 946 981
3132 4 2 3 1 832 1048 1041 1103
3133 4 2 3 1 824 971 590 1130
3134 4 2 3 1 835 991 781 1110
3135 4 2 3 1 344 343 341 1087
3136 4 2 3 1 141 860 142 920
3137 4 2 3 1 859 921 813 1004
3138 4 2 3 1 751 815 896 1064
3139 4 2 3 1 765 853 818 1117
3140 4 2 3 1 688 898 825 1058
3141 4 2 3 1 764 900 945 1127
3142 4 2 3 1 747 885 816 1088
3143 4 2 3 1 464 952 909 1029
3144 4 2 3 1 368 904 335 925
3145 4 2 3 1 750 867 1085 1139
3146 4 2 3 1 277 261 909 1137
3147 4 2 3 1 681 827 685 1063
3148 4 2 3 1 742 798 897 1095
3149 4 2 3 1 709 651 954 1106
3150 4 2 3 1 516 515 494 1077
3151 4 2 3 1 841 957 740 1119
3152 4 2 3 1 754 872 810 933
3153 4 2 3 1 573 1041 960 1122
3154 4 2 3 1 806 902 884 1051
3155 4 2 3 1 798 827 897 1063
3156 4 2 3 1 785 1027 836 1083
3157 4 2 3 1 770 819 982 1081
3158 4 2 3 1 739 792 923 951
3159 4 2 3 1 737 885 964 1071
3160 4 2 3 1 567 838 1037 1098
3161 4 2 3 1 739 923 792 933
3162 4 2 3 1 765 932 853 1078
3163 4 2 3 1 518 1016 517 1137
3164 4 2 3 1 300 254 315 1070
3165 4 2 3 1 748 947 814 1065
3166 4 2 3 1 143 886 148 920
3167 4 2 3 1 661 667 665 853
3168 4 2 3 1 428 488 222 862
3169 4 2 3 1 158 854 157 886
3170 4 2 3 1 251 946 260 1128
3171 4 2 3 1 771 824 875 1091
3172 4 2 3 1 351 349 842 1086
3173 4 2 3 1 751 892 815 1064
3174 4 2 3 1 741 1038 814 1065
3175 4 2 3 1 337 1014 823 1049
3176 4 2 3 1 795 1069 881 1078
3177 4 2 3 1 742 1030 1031 1132
3178 4 2 3 1 751 914 892 1134
3179 4 2 3 1 864 953 912 1004
3180 4 2 3 1 964 989 775 1056
3181 4 2 3 1 891 289 1073 1128
3182 4 2 3 1 882 953 746 1043
3183 4 2 3 1 748 797 941 1065
3184 4 2 3 1 681 683 827 1063
3185 4 2 3 1 335 904 437 925
3186 4 2 3 1 935 1014 840 1046
3187 4 2 3 1 744 790 910 1057
3188 4 2 3 1 149 158 157 886
3189 4 2 3 1 501 443 446 899
3190 4 2 3 1 380 328 894 918
3191 4 2 3 1 745 804 943 1067
3192 4 2 3 1 794 761 906 1039
3193 4 2 3 1 800 953 882 1043
3194 4 2 3 1 793 939 855 1010
3195 4 2 3 1 321 376 426 945
3196 4 2 3 1 801 1030 913 1132
3197 4 2 3 1 582 235 537 985
3198 4 2 3 1 818 932 782 970
3199 4 2 3 1 940 1025 757 1072
3200 4 2 3 1 712 642 540 975
3201 4 2 3 1 209 820 204 1135
3202 4 2 3 1 738 789 944 1004
3203 4 2 3 1 430 472 473 1130
3204 4 2 3 1 614 985 876 1037
3205 4 2 3 1 469 992 855 1131
3206 4 2 3 1 117 180 530 856
3207 4 2 3 1 530 180 594 856
3208 4 2 3 1 754 955 796 1111
3209 4 2 3 1 745 806 851 973
3210 4 2 3 1 266 828 934 985
3211 4 2 3 1 755 878 820 888
3212 4 2 3 1 574 576 949 1041
3213 4 2 3 1 754 810 856 983
3214 4 2 3 1 469 855 471 1131
3215 4 2 3 1 596 439 514 971
3216 4 2 3 1 739 951 923 1072
3217 4 2 3 1 786 1001 967 1039
3218 4 2 3 1 271 270 970 1096
3219 4 2 3 1 778 1040 1013 1065
3220 4 2 3 1 725 666 722 1096
3221 4 2 3 1 850 911 761 1125
3222 4 2 3 1 834 842 758 1019
3223 4 2 3 1 525 511 915 931
3224 4 2 3 1 750 937 1018 1139
3225 4 2 3 1 132 925 506 996
3226 4 2 3 1 852 984 790 1080
3227 4 2 3 1 748 887 834 1087
3228 4 2 3 1 792 933 847 983
3229 4 2 3 1 739 933 792 951
3230 4 2 3 1 584 822 955 1113
3231 4 2 3 1 749 1009 857 1050
3232 4 2 3 1 1003 1062 1059 1084
3233 4 2 3 1 982 1081 678 1126
3234 4 2 3 1 476 905 939 979
3235 4 2 3 1 721 991 817 1105
3236 4 2 3 1 840 904 829 969
3237 4 2 3 1 866 921 756 1044
3238 4 2 3 1 789 864 921 1004
3239 4 2 3 1 798 1018 977 1120
3240 4 2 3 1 744 790 1057 1080
3241 4 2 3 1 775 930 885 1022
3242 4 2 3 1 754 796 955 968
3243 4 2 3 1 402 131 928 1012
3244 4 2 3 1 796 968 754 1111
3245 4 2 3 1 820 1012 204 1135
3246 4 2 3 1 583 480 538 1029
3247 4 2 3 1 633 690 220 1096
3248 4 2 3 1 236 858 237 990
3249 4 2 3 1 199 400 925 965
3250 4 2 3 1 702 825 688 1136
3251 4 2 3 1 337 397 1014 1049
3252 4 2 3 1 758 835 865 897
3253 4 2 3 1 232 870 542 903
3254 4 2 3 1 772 919 850 1045
3255 4 2 3 1 769 863 825 1115
3256 4 2 3 1 252 246 248 831
3257 4 2 3 1 133 544 960 1122
3258 4 2 3 1 806 753 929 1051
3259 4 2 3 1 553 871 555 1007
3260 4 2 3 1 947 1101 1089 1118
3261 4 2 3 1 157 158 162 1097
3262 4 2 3 1 695 693 717 1023
3263 4 2 3 1 778 974 956 995
3264 4 2 3 1 960 1041 810 1122
3265 4 2 3 1 246 831 275 1015
3266 4 2 3 1 915 958 762 1027
3267 4 2 3 1 722 723 638 1096
3268 4 2 3 1 248 831 246 1073
3269 4 2 3 1 504 938 196 992
3270 4 2 3 1 727 808 670 1076
3271 4 2 3 1 592 589 905 966
3272 4 2 3 1 607 551 1066 1103
3273 4 2 3 1 411 826 390 972
3274 4 2 3 1 598 822 584 1113
3275 4 2 3 1 536 514 430 971
3276 4 2 3 1 366 925 400 965
3277 4 2 3 1 742 974 940 995
3278 4 2 3 1 445 899 444 907
3279 4 2 3 1 491 431 183 996
3280 4 2 3 1 458 929 862 1016
3281 4 2 3 1 276 858 237 1024
3282 4 2 3 1 801 839 1031 1132
3283 4 2 3 1 341 874 340 988
3284 4 2 3 1 748 809 947 956
3285 4 2 3 1 900 945 785 1067
3286 4 2 3 1 683 710 991 1063
3287 4 2 3 1 204 1012 820 1055
3288 4 2 3 1 760 901 966 1010
3289 4 2 3 1 797 935 840 1046
3290 4 2 3 1 744 984 852 1080
3291 4 2 3 1 224 638 924 1096
3292 4 2 3 1 1054 1086 834 1087
3293 4 2 3 1 155 159 156 921
3294 4 2 3 1 774 885 814 998
3295 4 2 3 1 811 877 841 957
3296 4 2 3 1 819 770 982 1055
3297 4 2 3 1 758 897 865 1031
3298 4 2 3 1 385 323 179 878
3299 4 2 3 1 228 537 235 985
3300 4 2 3 1 119 179 323 878
3301 4 2 3 1 761 836 830 1114
3302 4 2 3 1 555 552 558 837
3303 4 2 3 1 866 886 756 921
3304 4 2 3 1 759 838 828 1079
3305 4 2 3 1 671 673 674 917
3306 4 2 3 1 726 727 670 1076
3307 4 2 3 1 675 665 853 1117
3308 4 2 3 1 612 590 875 971
3309 4 2 3 1 1059 1062 844 1084
3310 4 2 3 1 336 365 965 1112
3311 4 2 3 1 745 943 804 967
3312 4 2 3 1 745 936 919 973
3313 4 2 3 1 868 792 951 1025
3314 4 2 3 1 774 980 912 998
3315 4 2 3 1 603 966 592 976
3316 4 2 3 1 794 1001 761 1039
3317 4 2 3 1 875 824 966 1010
3318 4 2 3 1 772 946 919 981
3319 4 2 3 1 835 867 658 1110
3320 4 2 3 1 745 936 973 1071
3321 4 2 3 1 762 958 830 1027
3322 4 2 3 1 498 900 451 922
3323 4 2 3 1 772 850 919 946
3324 4 2 3 1 175 440 992 1099
3325 4 2 3 1 200 848 152 1092
3326 4 2 3 1 517 1016 862 1137
3327 4 2 3 1 794 1086 1068 1104
3328 4 2 3 1 603 557 837 976
3329 4 2 3 1 737 947 885 1071
3330 4 2 3 1 561 976 1036 1059
3331 4 2 3 1 365 965 823 1014
3332 4 2 3 1 399 1020 797 1093
3333 4 2 3 1 717 696 883 1023
3334 4 2 3 1 717 883 707 1023
3335 4 2 3 1 864 756 921 1004
3336 4 2 3 1 510 464 526 1029
3337 4 2 3 1 802 914 740 1056
3338 4 2 3 1 235 828 266 985
3339 4 2 3 1 275 246 252 831
3340 4 2 3 1 474 476 905 939
3341 4 2 3 1 769 960 863 1115
3342 4 2 3 1 813 756 921 1044
3343 4 2 3 1 677 954 679 1081
3344 4 2 3 1 691 817 374 1105
3345 4 2 3 1 1048 1103 832 1124
3346 4 2 3 1 602 889 565 1098
3347 4 2 3 1 828 765 985 1037
3348 4 2 3 1 609 938 439 971
3349 4 2 3 1 535 640 620 949
3350 4 2 3 1 738 953 912 1088
3351 4 2 3 1 753 862 807 929
3352 4 2 3 1 896 961 815 1017
3353 4 2 3 1 773 993 923 1072
3354 4 2 3 1 816 953 1088 1118
3355 4 2 3 1 369 368 367 840
3356 4 2 3 1 633 220 843 1096
3357 4 2 3 1 757 1035 977 1106
3358 4 2 3 1 571 616 583 821
3359 4 2 3 1 178 148 886 921
3360 4 2 3 1 824 855 771 1131
3361 4 2 3 1 739 923 993 1072
3362 4 2 3 1 842 1019 834 1086
3363 4 2 3 1 839 913 382 1102
3364 4 2 3 1 237 236 219 858
3365 4 2 3 1 169 171 170 880
3366 4 2 3 1 701 736 908 994
3367 4 2 3 1 836 1027 830 1114
3368 4 2 3 1 912 998 980 1042
3369 4 2 3 1 155 212 159 921
3370 4 2 3 1 753 862 811 877
3371 4 2 3 1 740 857 844 1021
3372 4 2 3 1 394 842 349 1086
3373 4 2 3 1 702 688 825 1058
3374 4 2 3 1 944 1004 859 1091
3375 4 2 3 1 748 814 967 1065
3376 4 2 3 1 619 1024 618 1084
3377 4 2 3 1 769 949 832 1041
3378 4 2 3 1 888 893 153 978
3379 4 2 3 1 701 716 736 1058
3380 4 2 3 1 485 508 528 904
3381 4 2 3 1 369 368 840 904
3382 4 2 3 1 904 925 767 996
3383 4 2 3 1 813 992 469 1099
3384 4 2 3 1 740 1050 914 1062
3385 4 2 3 1 504 196 125 992
3386 4 2 3 1 502 503 861 939
3387 4 2 3 1 517 458 862 1016
3388 4 2 3 1 774 998 912 1088
3389 4 2 3 1 768 811 909 1100
3390 4 2 3 1 739 933 951 1048
3391 4 2 3 1 486 922 829 1127
3392 4 2 3 1 402 181 131 1012
3393 4 2 3 1 568 623 985 1037
3394 4 2 3 1 192 161 207 893
3395 4 2 3 1 751 892 1064 1134
3396 4 2 3 1 480 513 465 821
3397 4 2 3 1 183 132 506 996
3398 4 2 3 1 300 808 950 1076
3399 4 2 3 1 366 368 335 925
3400 4 2 3 1 600 223 534 870
3401 4 2 3 1 802 891 751 1056
3402 4 2 3 1 743 896 961 1008
3403 4 2 3 1 796 837 901 966
3404 4 2 3 1 200 198 152 848
3405 4 2 3 1 801 988 913 1030
3406 4 2 3 1 746 1025 860 1053
3407 4 2 3 1 884 1042 861 1094
3408 4 2 3 1 823 893 755 935
3409 4 2 3 1 480 436 538 1029
3410 4 2 3 1 745 973 814 1071
3411 4 2 3 1 752 916 818 932
3412 4 2 3 1 640 535 873 949
3413 4 2 3 1 677 819 982 1107
3414 4 2 3 1 415 830 375 958
3415 4 2 3 1 206 965 823 1112
3416 4 2 3 1 134 810 983 1122
3417 4 2 3 1 800 754 968 1111
3418 4 2 3 1 332 505 435 963
3419 4 2 3 1 775 973 930 1051
3420 4 2 3 1 788 1059 1003 1062
3421 4 2 3 1 750 805 984 1139
3422 4 2 3 1 300 274 808 1076
3423 4 2 3 1 363 817 374 1052
3424 4 2 3 1 238 845 241 990
3425 4 2 3 1 126 610 195 960
3426 4 2 3 1 737 964 885 1022
3427 4 2 3 1 548 549 547 1034
3428 4 2 3 1 836 761 936 1039
3429 4 2 3 1 198 982 819 1107
3430 4 2 3 1 773 923 882 995
3431 4 2 3 1 702 994 825 1136
3432 4 2 3 1 676 723 697 1117
3433 4 2 3 1 411 354 826 1108
3434 4 2 3 1 998 1042 912 1088
3435 4 2 3 1 747 816 959 1088
3436 4 2 3 1 261 314 811 1137
3437 4 2 3 1 813 855 1004 1133
3438 4 2 3 1 830 869 761 1114
3439 4 2 3 1 279 222 488 862
3440 4 2 3 1 813 1044 866 1099
3441 4 2 3 1 610 126 539 960
3442 4 2 3 1 824 1010 875 1091
3443 4 2 3 1 771 855 813 992
3444 4 2 3 1 1068 1086 842 1104
3445 4 2 3 1 278 830 308 958
3446 4 2 3 1 748 814 947 967
3447 4 2 3 1 835 867 798 1063
3448 4 2 3 1 639 682 728 894
3449 4 2 3 1 350 394 347 1087
3450 4 2 3 1 824 771 971 1131
3451 4 2 3 1 734 879 718 950
3452 4 2 3 1 824 589 966 1130
3453 4 2 3 1 884 998 747 1042
3454 4 2 3 1 292 911 850 1125
3455 4 2 3 1 581 577 832 1000
3456 4 2 3 1 243 891 244 1015
3457 4 2 3 1 225 429 495 931
3458 4 2 3 1 490 812 996 1074
3459 4 2 3 1 762 785 963 1027
3460 4 2 3 1 280 250 877 946
3461 4 2 3 1 787 1003 1024 1084
3462 4 2 3 1 619 870 1024 1084
3463 4 2 3 1 209 154 186 888
3464 4 2 3 1 751 1015 831 1073
3465 4 2 3 1 664 916 666 1006
3466 4 2 3 1 125 434 504 992
3467 4 2 3 1 760 905 821 979
3468 4 2 3 1 408 374 363 817
3469 4 2 3 1 124 204 1012 1135
3470 4 2 3 1 258 257 249 877
3471 4 2 3 1 818 916 843 1096
3472 4 2 3 1 850 911 292 1128
3473 4 2 3 1 502 450 500 861
3474 4 2 3 1 754 944 822 955
3475 4 2 3 1 491 183 506 996
3476 4 2 3 1 360 958 422 1027
3477 4 2 3 1 757 1035 819 1047
3478 4 2 3 1 905 966 760 976
3479 4 2 3 1 761 911 869 1125
3480 4 2 3 1 142 141 140 860
3481 4 2 3 1 786 967 947 1071
3482 4 2 3 1 264 225 931 1077
3483 4 2 3 1 745 814 943 967
3484 4 2 3 1 677 982 648 1107
3485 4 2 3 1 779 978 860 1053
3486 4 2 3 1 859 944 789 1004
3487 4 2 3 1 673 691 721 817
3488 4 2 3 1 304 915 320 958
3489 4 2 3 1 942 311 1070 1108
3490 4 2 3 1 399 373 342 1046
3491 4 2 3 1 485 904 432 969
3492 4 2 3 1 357 396 393 1083
3493 4 2 3 1 366 400 330 965
3494 4 2 3 1 264 807 931 1123
3495 4 2 3 1 769 863 810 1048
3496 4 2 3 1 697 853 665 1117
3497 4 2 3 1 374 817 408 1105
3498 4 2 3 1 834 839 801 1087
3499 4 2 3 1 668 666 725 1006
3500 4 2 3 1 928 982 678 1126
3501 4 2 3 1 780 978 893 1040
3502 4 2 3 1 765 934 828 985
3503 4 2 3 1 977 1035 954 1106
3504 4 2 3 1 747 959 861 1042
3505 4 2 3 1 811 957 952 1016
3506 4 2 3 1 742 848 1030 1035
3507 4 2 3 1 824 905 760 939
3508 4 2 3 1 790 1009 1002 1057
3509 4 2 3 1 666 697 722 916
3510 4 2 3 1 739 1002 923 1124
3511 4 2 3 1 369 904 840 969
3512 4 2 3 1 775 964 885 1071
3513 4 2 3 1 604 606 1066 1098
3514 4 2 3 1 882 923 800 1043
3515 4 2 3 1 825 898 757 951
3516 4 2 3 1 827 839 758 894
3517 4 2 3 1 741 1013 1040 1065
3518 4 2 3 1 746 923 882 1043
3519 4 2 3 1 369 969 840 1020
3520 4 2 3 1 593 618 1003 1084
3521 4 2 3 1 801 913 839 1132
3522 4 2 3 1 178 212 155 921
3523 4 2 3 1 793 1010 855 1133
3524 4 2 3 1 839 1102 918 1132
3525 4 2 3 1 298 903 507 909
3526 4 2 3 1 885 964 775 1022
3527 4 2 3 1 140 173 144 860
3528 4 2 3 1 862 877 753 946
3529 4 2 3 1 683 684 682 894
3530 4 2 3 1 737 809 937 1089
3531 4 2 3 1 861 959 793 1042
3532 4 2 3 1 765 818 924 1117
3533 4 2 3 1 739 993 1002 1028
3534 4 2 3 1 779 860 1025 1053
3535 4 2 3 1 373 840 367 1046
3536 4 2 3 1 711 654 655 1063
3537 4 2 3 1 872 1041 810 1048
3538 4 2 3 1 411 354 390 826
3539 4 2 3 1 757 951 868 1005
3540 4 2 3 1 280 305 259 946
3541 4 2 3 1 792 933 863 951
3542 4 2 3 1 809 737 947 1089
3543 4 2 3 1 444 899 443 1044
3544 4 2 3 1 742 995 940 1095
3545 4 2 3 1 757 940 868 1025
3546 4 2 3 1 598 997 822 1113
3547 4 2 3 1 312 277 261 909
3548 4 2 3 1 739 923 933 1124
3549 4 2 3 1 387 124 181 1012
3550 4 2 3 1 394 1019 842 1086
3551 4 2 3 1 274 302 300 999
3552 4 2 3 1 752 932 970 1064
3553 4 2 3 1 773 923 995 1025
3554 4 2 3 1 771 859 822 997
3555 4 2 3 1 801 956 742 1031
3556 4 2 3 1 791 892 914 926
3557 4 2 3 1 241 238 240 845
3558 4 2 3 1 248 831 1073 1129
3559 4 2 3 1 851 814 973 998
3560 4 2 3 1 225 429 931 1077
3561 4 2 3 1 794 804 1039 1054
3562 4 2 3 1 402 387 181 1012
3563 4 2 3 1 760 905 824 966
3564 4 2 3 1 789 921 859 1004
3565 4 2 3 1 502 939 861 979
3566 4 2 3 1 621 1003 858 1079
3567 4 2 3 1 502 503 450 861
3568 4 2 3 1 550 872 547 1034
3569 4 2 3 1 272 271 270 970
3570 4 2 3 1 243 244 242 1015
3571 4 2 3 1 788 844 1059 1062
3572 4 2 3 1 457 1061 494 1090
3573 4 2 3 1 685 827 681 1081
3574 4 2 3 1 255 942 253 1129
3575 4 2 3 1 168 863 166 1115
3576 4 2 3 1 542 232 287 870
3577 4 2 3 1 434 125 175 992
3578 4 2 3 1 496 445 444 907
3579 4 2 3 1 752 831 970 999
3580 4 2 3 1 846 807 919 1045
3581 4 2 3 1 623 828 582 985
3582 4 2 3 1 380 383 405 894
3583 4 2 3 1 840 1014 367 1046
3584 4 2 3 1 754 933 810 983
3585 4 2 3 1 307 224 704 924
3586 4 2 3 1 664 666 668 1006
3587 4 2 3 1 749 837 857 901
3588 4 2 3 1 397 1046 1014 1049
3589 4 2 3 1 835 991 710 1063
3590 4 2 3 1 906 1039 804 1054
3591 4 2 3 1 654 977 653 1120
3592 4 2 3 1 721 817 691 1105
3593 4 2 3 1 168 194 863 1005
3594 4 2 3 1 972 1070 311 1108
3595 4 2 3 1 821 905 760 976
3596 4 2 3 1 771 971 938 997
3597 4 2 3 1 542 287 600 870
3598 4 2 3 1 771 875 824 971
3599 4 2 3 1 750 961 815 984
3600 4 2 3 1 708 991 710 1110
3601 4 2 3 1 200 172 198 1047
3602 4 2 3 1 549 550 547 1034
3603 4 2 3 1 947 1089 737 1118
3604 4 2 3 1 614 876 975 1037
3605 4 2 3 1 726 668 725 1006
3606 4 2 3 1 727 672 917 950
3607 4 2 3 1 406 422 915 958
3608 4 2 3 1 623 566 622 828
3609 4 2 3 1 864 912 756 1004
3610 4 2 3 1 768 1100 870 1119
3611 4 2 3 1 794 1039 906 1054
3612 4 2 3 1 760 901 837 966
3613 4 2 3 1 755 820 878 988
3614 4 2 3 1 607 550 551 1103
3615 4 2 3 1 174 822 189 1113
3616 4 2 3 1 685 954 827 1081
3617 4 2 3 1 915 762 963 1027
3618 4 2 3 1 632 938 597 997
3619 4 2 3 1 412 364 421 1121
3620 4 2 3 1 822 997 189 1113
3621 4 2 3 1 754 955 872 968
3622 4 2 3 1 914 926 892 1134
3623 4 2 3 1 449 451 452 884
3624 4 2 3 1 576 577 873 949
3625 4 2 3 1 750 984 937 1139
3626 4 2 3 1 338 878 377 988
3627 4 2 3 1 704 224 638 924
3628 4 2 3 1 496 1094 907 1138
3629 4 2 3 1 746 882 923 995
3630 4 2 3 1 733 876 924 1117
3631 4 2 3 1 824 966 905 1130
3632 4 2 3 1 223 534 870 1024
3633 4 2 3 1 480 821 465 1029
3634 4 2 3 1 639 682 894 918
3635 4 2 3 1 379 380 328 894
3636 4 2 3 1 610 908 195 960
3637 4 2 3 1 544 573 960 1122
3638 4 2 3 1 164 133 960 1122
3639 4 2 3 1 293 870 232 903
3640 4 2 3 1 353 351 349 842
3641 4 2 3 1 824 939 760 1010
3642 4 2 3 1 296 272 270 970
3643 4 2 3 1 762 850 830 1123
3644 4 2 3 1 808 843 999 1006
3645 4 2 3 1 881 1066 606 1098
3646 4 2 3 1 168 194 166 863
3647 4 2 3 1 819 1035 757 1106
3648 4 2 3 1 745 967 804 1039
3649 4 2 3 1 304 915 958 1123
3650 4 2 3 1 367 368 366 1014
3651 4 2 3 1 441 1044 813 1099
3652 4 2 3 1 654 653 655 1120
3653 4 2 3 1 139 136 193 983
3654 4 2 3 1 821 844 768 1036
3655 4 2 3 1 561 976 563 1036
3656 4 2 3 1 640 873 694 949
3657 4 2 3 1 386 1012 820 1135
3658 4 2 3 1 406 915 389 963
3659 4 2 3 1 164 166 193 863
3660 4 2 3 1 760 966 824 1010
3661 4 2 3 1 377 820 988 1135
3662 4 2 3 1 811 862 753 1016
3663 4 2 3 1 244 891 289 1073
3664 4 2 3 1 839 827 1031 1132
3665 4 2 3 1 406 360 422 1027
3666 4 2 3 1 768 870 1084 1119
3667 4 2 3 1 802 914 845 962
3668 4 2 3 1 351 842 353 1026
3669 4 2 3 1 836 745 936 1045
3670 4 2 3 1 715 644 718 879
3671 4 2 3 1 702 637 994 1136
3672 4 2 3 1 145 142 144 860
3673 4 2 3 1 745 836 936 1039
3674 4 2 3 1 394 355 349 842
3675 4 2 3 1 605 545 547 872
3676 4 2 3 1 833 898 735 1058
3677 4 2 3 1 235 236 266 828
3678 4 2 3 1 872 968 955 1034
3679 4 2 3 1 754 1043 944 1111
3680 4 2 3 1 913 1012 386 1102
3681 4 2 3 1 331 401 407 879
3682 4 2 3 1 762 807 931 1061
3683 4 2 3 1 356 413 414 869
3684 4 2 3 1 801 839 834 1031
3685 4 2 3 1 377 988 878 1135
3686 4 2 3 1 302 849 999 1129
3687 4 2 3 1 304 958 320 1123
3688 4 2 3 1 777 998 980 1038
3689 4 2 3 1 535 624 640 873
3690 4 2 3 1 518 460 517 1016
3691 4 2 3 1 853 883 795 1069
3692 4 2 3 1 170 171 150 1047
3693 4 2 3 1 853 916 805 932
3694 4 2 3 1 440 469 992 1099
3695 4 2 3 1 726 1006 725 1076
3696 4 2 3 1 260 850 292 1128
3697 4 2 3 1 827 954 685 1063
3698 4 2 3 1 378 913 392 988
3699 4 2 3 1 717 696 707 883
3700 4 2 3 1 658 867 657 1110
3701 4 2 3 1 659 1011 661 1085
3702 4 2 3 1 766 917 879 950
3703 4 2 3 1 632 612 598 997
3704 4 2 3 1 431 123 183 996
3705 4 2 3 1 390 826 354 1068
3706 4 2 3 1 313 220 690 1096
3707 4 2 3 1 486 829 527 1074
3708 4 2 3 1 839 894 827 918
3709 4 2 3 1 763 881 910 1000
3710 4 2 3 1 267 231 876 924
3711 4 2 3 1 624 692 873 948
3712 4 2 3 1 320 915 301 958
3713 4 2 3 1 621 562 1003 1079
3714 4 2 3 1 173 150 868 1005
3715 4 2 3 1 477 473 471 855
3716 4 2 3 1 430 536 971 1130
3717 4 2 3 1 614 876 611 975
3718 4 2 3 1 844 1036 976 1059
3719 4 2 3 1 756 813 921 1004
3720 4 2 3 1 812 886 854 1075
3721 4 2 3 1 881 948 763 1069
3722 4 2 3 1 518 811 1016 1137
3723 4 2 3 1 882 953 800 1118
3724 4 2 3 1 205 645 703 994
3725 4 2 3 1 1026 1068 842 1104
3726 4 2 3 1 773 940 1018 1072
3727 4 2 3 1 599 533 121 997
3728 4 2 3 1 853 1069 795 1078
3729 4 2 3 1 593 619 618 1084
3730 4 2 3 1 143 142 187 920
3731 4 2 3 1 712 876 719 975
3732 4 2 3 1 713 543 700 949
3733 4 2 3 1 750 815 937 984
3734 4 2 3 1 787 1084 870 1119
3735 4 2 3 1 767 904 840 1014
3736 4 2 3 1 733 719 876 1117
3737 4 2 3 1 234 438 915 931
3738 4 2 3 1 688 689 898 1058
3739 4 2 3 1 149 148 143 886
3740 4 2 3 1 818 916 853 932
3741 4 2 3 1 651 650 652 1106
3742 4 2 3 1 773 937 993 1018
3743 4 2 3 1 799 889 838 926
3744 4 2 3 1 198 819 172 1107
3745 4 2 3 1 750 897 1018 1095
3746 4 2 3 1 494 515 458 929
3747 4 2 3 1 838 889 759 926
3748 4 2 3 1 795 948 881 1069
3749 4 2 3 1 763 948 883 1069
3750 4 2 3 1 753 946 877 981
3751 4 2 3 1 578 624 873 948
3752 4 2 3 1 782 970 932 1064
3753 4 2 3 1 751 891 1015 1073
3754 4 2 3 1 978 1040 780 1053
3755 4 2 3 1 961 984 805 1109
3756 4 2 3 1 166 863 164 1115
3757 4 2 3 1 930 957 783 1021
3758 4 2 3 1 574 575 576 1041
3759 4 2 3 1 176 336 127 965
3760 4 2 3 1 781 808 917 1008
3761 4 2 3 1 252 970 831 999
3762 4 2 3 1 437 904 528 925
3763 4 2 3 1 201 648 643 982
3764 4 2 3 1 837 966 603 976
3765 4 2 3 1 533 121 997 1113
3766 4 2 3 1 777 998 884 1042
3767 4 2 3 1 415 360 358 1114
3768 4 2 3 1 760 857 837 901
3769 4 2 3 1 725 1006 843 1076
3770 4 2 3 1 756 886 864 921
3771 4 2 3 1 298 293 903 909
3772 4 2 3 1 752 970 843 999
3773 4 2 3 1 753 877 811 957
3774 4 2 3 1 404 913 386 1102
3775 4 2 3 1 622 828 566 1079
3776 4 2 3 1 941 1040 778 1065
3777 4 2 3 1 273 843 999 1076
3778 4 2 3 1 429 516 931 1077
3779 4 2 3 1 771 822 859 1091
3780 4 2 3 1 883 948 795 1069
3781 4 2 3 1 586 282 858 1024
3782 4 2 3 1 540 614 611 975
3783 4 2 3 1 656 662 1011 1120
3784 4 2 3 1 751 989 964 1056
3785 4 2 3 1 262 841 290 1100
3786 4 2 3 1 789 953 944 1043
3787 4 2 3 1 677 709 679 954
3788 4 2 3 1 147 155 156 921
3789 4 2 3 1 180 856 135 1113
3790 4 2 3 1 546 856 594 1113
3791 4 2 3 1 768 909 811 952
3792 4 2 3 1 773 1018 940 1095
3793 4 2 3 1 651 652 977 1106
3794 4 2 3 1 781 1006 808 1008
3795 4 2 3 1 712 719 642 975
3796 4 2 3 1 820 888 848 1030
3797 4 2 3 1 769 810 960 1041
3798 4 2 3 1 292 850 260 1125
3799 4 2 3 1 740 957 930 1021
3800 4 2 3 1 746 864 953 1101
3801 4 2 3 1 851 943 814 1038
3802 4 2 3 1 150 144 868 1092
3803 4 2 3 1 755 823 935 1049
3804 4 2 3 1 406 389 332 963
3805 4 2 3 1 304 301 320 915
3806 4 2 3 1 326 904 369 969
3807 4 2 3 1 621 564 562 1079
3808 4 2 3 1 390 972 826 1026
3809 4 2 3 1 707 883 661 1011
3810 4 2 3 1 915 931 511 1061
3811 4 2 3 1 954 977 798 1035
3812 4 2 3 1 121 189 997 1113
3813 4 2 3 1 277 433 479 909
3814 4 2 3 1 829 922 764 1127
3815 4 2 3 1 614 630 876 985
3816 4 2 3 1 555 603 557 837
3817 4 2 3 1 127 336 330 965
3818 4 2 3 1 757 1047 819 1106
3819 4 2 3 1 820 1012 913 1030
3820 4 2 3 1 273 843 271 970
3821 4 2 3 1 541 130 938 997
3822 4 2 3 1 360 415 422 958
3823 4 2 3 1 793 959 912 1088
3824 4 2 3 1 806 973 919 1051
3825 4 2 3 1 755 935 893 1040
3826 4 2 3 1 839 918 827 1132
3827 4 2 3 1 543 620 700 949
3828 4 2 3 1 432 904 326 969
3829 4 2 3 1 695 833 735 1058
3830 4 2 3 1 940 974 779 995
3831 4 2 3 1 202 925 132 996
3832 4 2 3 1 808 274 999 1076
3833 4 2 3 1 795 1078 975 1117
3834 4 2 3 1 197 714 928 982
3835 4 2 3 1 783 957 930 1051
3836 4 2 3 1 756 813 1004 1133
3837 4 2 3 1 814 998 851 1038
3838 4 2 3 1 710 991 835 1110
3839 4 2 3 1 554 553 1007 1066
3840 4 2 3 1 777 907 899 1094
3841 4 2 3 1 879 917 766 1052
3842 4 2 3 1 829 767 1033 1074
3843 4 2 3 1 790 984 852 993
3844 4 2 3 1 913 1012 770 1030
3845 4 2 3 1 499 410 326 904
3846 4 2 3 1 199 925 218 965
3847 4 2 3 1 821 976 760 1021
3848 4 2 3 1 871 1007 553 1066
3849 4 2 3 1 807 762 931 1123
3850 4 2 3 1 571 1029 538 1036
3851 4 2 3 1 503 475 477 939
3852 4 2 3 1 737 882 1009 1118
3853 4 2 3 1 542 870 629 903
3854 4 2 3 1 168 167 994 1115
3855 4 2 3 1 623 622 582 828
3856 4 2 3 1 471 855 473 1131
3857 4 2 3 1 564 889 560 1003
3858 4 2 3 1 135 856 134 983
3859 4 2 3 1 458 456 929 1016
3860 4 2 3 1 373 1020 840 1046
3861 4 2 3 1 728 636 379 894
3862 4 2 3 1 507 903 526 909
3863 4 2 3 1 372 362 409 895
3864 4 2 3 1 702 825 994 1058
3865 4 2 3 1 756 1044 813 1133
3866 4 2 3 1 340 988 874 1049
3867 4 2 3 1 271 970 843 1096
3868 4 2 3 1 499 326 432 904
3869 4 2 3 1 738 1004 944 1091
3870 4 2 3 1 769 810 1041 1048
3871 4 2 3 1 439 971 938 1131
3872 4 2 3 1 508 829 486 1074
3873 4 2 3 1 867 1085 657 1110
3874 4 2 3 1 744 1080 892 1109
3875 4 2 3 1 760 979 821 1021
3876 4 2 3 1 744 984 1080 1109
3877 4 2 3 1 677 678 982 1081
3878 4 2 3 1 746 995 923 1025
3879 4 2 3 1 298 507 227 909
3880 4 2 3 1 302 999 248 1129
3881 4 2 3 1 727 950 808 1076
3882 4 2 3 1 822 174 987 1113
3883 4 2 3 1 713 908 543 949
3884 4 2 3 1 832 1041 581 1103
3885 4 2 3 1 273 999 274 1076
3886 4 2 3 1 340 874 339 1049
3887 4 2 3 1 872 1034 550 1103
3888 4 2 3 1 368 410 335 904
3889 4 2 3 1 692 640 624 873
3890 4 2 3 1 411 826 972 1108
3891 4 2 3 1 629 870 572 1036
3892 4 2 3 1 169 170 168 1005
3893 4 2 3 1 847 944 754 1043
3894 4 2 3 1 752 843 916 1006
3895 4 2 3 1 542 600 629 870
3896 4 2 3 1 414 830 415 1114
3897 4 2 3 1 575 581 832 1041
3898 4 2 3 1 747 973 885 998
3899 4 2 3 1 760 857 959 1021
3900 4 2 3 1 908 994 129 1115
3901 4 2 3 1 937 1018 773 1095
3902 4 2 3 1 529 621 858 1079
3903 4 2 3 1 785 846 900 1067
3904 4 2 3 1 664 890 916 1006
3905 4 2 3 1 119 878 323 1112
3906 4 2 3 1 279 862 488 1077
3907 4 2 3 1 762 830 958 1123
3908 4 2 3 1 754 822 944 987
3909 4 2 3 1 369 840 373 1020
3910 4 2 3 1 173 170 150 1005
3911 4 2 3 1 345 1054 887 1087
3912 4 2 3 1 758 834 839 1031
3913 4 2 3 1 484 485 432 969
3914 4 2 3 1 738 901 959 1010
3915 4 2 3 1 763 833 1028 1116
3916 4 2 3 1 885 973 814 998
3917 4 2 3 1 337 397 365 1014
3918 4 2 3 1 476 939 502 979
3919 4 2 3 1 829 922 486 1138
3920 4 2 3 1 173 150 144 868
3921 4 2 3 1 779 940 868 1092
3922 4 2 3 1 545 605 573 1041
3923 4 2 3 1 382 839 423 913
3924 4 2 3 1 311 942 256 1108
3925 4 2 3 1 428 517 488 862
3926 4 2 3 1 776 1023 852 1116
3927 4 2 3 1 416 432 326 969
3928 4 2 3 1 122 168 167 994
3929 4 2 3 1 302 254 849 1129
3930 4 2 3 1 564 1003 562 1079
3931 4 2 3 1 792 868 951 1005
3932 4 2 3 1 294 850 260 1123
3933 4 2 3 1 134 983 856 1122
3934 4 2 3 1 831 1015 751 1064
3935 4 2 3 1 152 198 213 1055
3936 4 2 3 1 810 872 1048 1124
3937 4 2 3 1 294 292 260 1125
3938 4 2 3 1 411 413 354 1108
3939 4 2 3 1 273 843 970 999
3940 4 2 3 1 375 415 414 830
3941 4 2 3 1 309 308 278 830
3942 4 2 3 1 751 896 831 1064
3943 4 2 3 1 742 1031 956 1095
3944 4 2 3 1 535 576 873 949
3945 4 2 3 1 558 603 837 966
3946 4 2 3 1 348 1068 1054 1086
3947 4 2 3 1 130 191 938 997
3948 4 2 3 1 798 897 835 1063
3949 4 2 3 1 355 842 394 1019
3950 4 2 3 1 227 507 433 909
3951 4 2 3 1 228 297 537 985
3952 4 2 3 1 816 901 857 959
3953 4 2 3 1 270 224 269 924
3954 4 2 3 1 757 951 898 1072
3955 4 2 3 1 891 981 802 1060
3956 4 2 3 1 859 997 771 1082
3957 4 2 3 1 964 1022 791 1056
3958 4 2 3 1 759 990 858 1079
3959 4 2 3 1 364 1052 421 1121
3960 4 2 3 1 889 1003 564 1079
3961 4 2 3 1 152 848 198 1055
3962 4 2 3 1 562 593 618 1003
3963 4 2 3 1 764 900 851 1067
3964 4 2 3 1 581 579 577 1000
3965 4 2 3 1 910 1000 881 1066
3966 4 2 3 1 773 1025 940 1072
3967 4 2 3 1 598 533 997 1113
3968 4 2 3 1 688 880 650 1136
3969 4 2 3 1 602 565 604 1098
3970 4 2 3 1 864 886 780 920
3971 4 2 3 1 807 929 862 1077
3972 4 2 3 1 548 955 601 1034
3973 4 2 3 1 763 1000 910 1028
3974 4 2 3 1 180 594 856 1113
3975 4 2 3 1 437 499 528 904
3976 4 2 3 1 615 1029 903 1036
3977 4 2 3 1 806 929 902 1051
3978 4 2 3 1 345 347 1054 1087
3979 4 2 3 1 508 486 527 1074
3980 4 2 3 1 67 219 529 586
3981 4 2 3 1 180 530 31 117
3982 4 2 3 1 530 180 31 594
3983 4 2 3 1 67 219 586 282
3984 4 2 3 1 822 987 856 1113
3985 4 2 3 1 575 581 577 832
3986 4 2 3 1 50 375 324 221
3987 4 2 3 1 375 50 278 221
3988 4 2 3 1 658 710 711 835
3989 4 2 3 1 178 155 148 921
3990 4 2 3 1 548 546 584 955
3991 4 2 3 1 878 988 338 1049
3992 4 2 3 1 68 235 582 529
3993 4 2 3 1 235 68 219 529
3994 4 2 3 1 265 320 308 958
3995 4 2 3 1 769 825 994 1115
3996 4 2 3 1 826 1026 766 1104
3997 4 2 3 1 222 428 862 1137
3998 4 2 3 1 570 567 1037 1098
3999 4 2 3 1 851 900 764 922
4000 4 2 3 1 568 985 630 1037
4001 4 2 3 1 392 378 423 913
4002 4 2 3 1 511 505 915 963
4003 4 2 3 1 746 953 882 1101
4004 4 2 3 1 867 1018 798 1120
4005 4 2 3 1 745 814 967 1071
4006 4 2 3 1 253 942 288 1129
4007 4 2 3 1 612 590 591 875
4008 4 2 3 1 555 553 552 871
4009 4 2 3 1 243 245 891 1060
4010 4 2 3 1 943 967 814 1065
4011 4 2 3 1 829 907 777 1138
4012 4 2 3 1 759 858 1003 1079
4013 4 2 3 1 782 845 1015 1134
4014 4 2 3 1 304 931 915 1123
4015 4 2 3 1 614 568 630 1037
4016 4 2 3 1 745 943 851 1067
4017 4 2 3 1 814 1038 943 1065
4018 4 2 3 1 574 543 908 949
4019 4 2 3 1 331 879 407 1052
4020 4 2 3 1 695 735 716 1058
4021 4 2 3 1 273 970 252 999
4022 4 2 3 1 772 981 891 1060
4023 4 2 3 1 885 947 814 1071
4024 4 2 3 1 759 828 990 1079
4025 4 2 3 1 774 953 864 1101
4026 4 2 3 1 600 287 223 870
4027 4 2 3 1 813 771 992 1082
4028 4 2 3 1 615 538 1029 1036
4029 4 2 3 1 761 869 830 1125
4030 4 2 3 1 657 867 1011 1085
4031 4 2 3 1 135 856 983 987
4032 4 2 3 1 858 990 828 1079
4033 4 2 3 1 363 374 331 1052
4034 4 2 3 1 205 129 645 994
4035 4 2 3 1 805 883 852 1011
4036 4 2 3 1 944 1043 953 1111
4037 4 2 3 1 776 898 977 1120
4038 4 2 3 1 778 956 947 1089
4039 4 2 3 1 597 938 609 971
4040 4 2 3 1 449 884 447 1094
4041 4 2 3 1 265 294 260 1123
4042 4 2 3 1 887 1054 346 1093
4043 4 2 3 1 996 1033 767 1074
4044 4 2 3 1 776 1011 852 1023
4045 4 2 3 1 821 844 976 1021
4046 4 2 3 1 272 273 271 970
4047 4 2 3 1 909 952 768 1029
4048 4 2 3 1 162 183 123 996
4049 4 2 3 1 294 260 850 1125
4050 4 2 3 1 135 983 136 987
4051 4 2 3 1 744 853 932 1078
4052 4 2 3 1 742 897 1031 1095
4053 4 2 3 1 235 266 228 985
4054 4 2 3 1 782 990 845 1134
4055 4 2 3 1 544 539 33 133
4056 4 2 3 1 126 33 539 133
4057 4 2 3 1 692 693 873 948
4058 4 2 3 1 763 852 883 1023
4059 4 2 3 1 176 336 965 1112
4060 4 2 3 1 735 833 695 1023
4061 4 2 3 1 739 993 1028 1116
4062 4 2 3 1 414 415 358 1114
4063 4 2 3 1 222 862 314 1137
4064 4 2 3 1 489 427 120 866
4065 4 2 3 1 396 1083 398 1093
4066 4 2 3 1 827 918 681 1081
4067 4 2 3 1 764 922 900 1127
4068 4 2 3 1 535 576 577 873
4069 4 2 3 1 554 604 606 1066
4070 4 2 3 1 304 234 915 931
4071 4 2 3 1 124 204 181 1012
4072 4 2 3 1 677 679 678 1081
4073 4 2 3 1 340 338 988 1049
4074 4 2 3 1 351 1068 348 1086
4075 4 2 3 1 495 285 225 931
4076 4 2 3 1 760 857 901 959
4077 4 2 3 1 759 889 838 1079
4078 4 2 3 1 831 999 849 1129
4079 4 2 3 1 412 1026 364 1121
4080 4 2 3 1 210 175 125 992
4081 4 2 3 1 451 498 453 900
4082 4 2 3 1 183 202 132 996
4083 4 2 3 1 201 648 982 1107
4084 4 2 3 1 812 767 996 1033
4085 4 2 3 1 231 646 876 924
4086 4 2 3 1 902 929 456 1016
4087 4 2 3 1 863 951 825 1005
4088 4 2 3 1 646 733 876 924
4089 4 2 3 1 309 308 830 1125
4090 4 2 3 1 942 1070 288 1129
4091 4 2 3 1 754 872 933 1124
4092 4 2 3 1 713 701 908 949
4093 4 2 3 1 481 482 907 1074
4094 4 2 3 1 975 1078 765 1117
4095 4 2 3 1 347 1086 1054 1087
4096 4 2 3 1 812 1033 996 1074
4097 4 2 3 1 882 1101 953 1118
4098 4 2 3 1 758 842 986 1019
4099 4 2 3 1 498 487 900 1127
4100 4 2 3 1 765 876 985 1037
4101 4 2 3 1 129 908 645 994
4102 4 2 3 1 605 1041 872 1103
4103 4 2 3 1 317 627 297 876
4104 4 2 3 1 864 912 774 980
4105 4 2 3 1 350 423 382 839
4106 4 2 3 1 275 272 296 970
4107 4 2 3 1 386 327 1012 1135
4108 4 2 3 1 787 1062 1003 1084
4109 4 2 3 1 686 950 727 1076
4110 4 2 3 1 229 403 329 958
4111 4 2 3 1 180 135 174 1113
4112 4 2 3 1 546 594 584 1113
4113 4 2 3 1 416 483 432 969
4114 4 2 3 1 233 419 319 879
4115 4 2 3 1 250 257 280 877
4116 4 2 3 1 154 209 208 878
4117 4 2 3 1 536 590 971 1130
4118 4 2 3 1 944 953 738 1111
4119 4 2 3 1 511 435 505 963
4120 4 2 3 1 591 631 875 966
4121 4 2 3 1 282 237 858 1024
4122 4 2 3 1 204 186 213 1055
4123 4 2 3 1 291 262 290 1100
4124 4 2 3 1 754 847 933 983
4125 4 2 3 1 902 929 753 1051
4126 4 2 3 1 758 817 986 991
4127 4 2 3 1 529 622 621 1079
4128 4 2 3 1 947 956 809 1089
4129 4 2 3 1 831 896 752 1064
4130 4 2 3 1 636 379 894 1105
4131 4 2 3 1 135 136 137 987
4132 4 2 3 1 516 494 468 1061
4133 4 2 3 1 784 871 968 1034
4134 4 2 3 1 190 153 893 978
4135 4 2 3 1 122 994 637 1136
4136 4 2 3 1 245 289 244 891
4137 4 2 3 1 685 954 654 1063
4138 4 2 3 1 812 854 1033 1075
4139 4 2 3 1 767 812 996 1097
4140 4 2 3 1 384 281 49 324
4141 4 2 3 1 895 943 804 1067
4142 4 2 3 1 385 13 179 323
4143 4 2 3 1 223 870 291 1024
4144 4 2 3 1 586 529 621 858
4145 4 2 3 1 439 472 971 1131
4146 4 2 3 1 476 513 425 905
4147 4 2 3 1 150 146 144 1092
4148 4 2 3 1 795 1037 975 1078
4149 4 2 3 1 329 415 375 958
4150 4 2 3 1 763 852 1023 1116
4151 4 2 3 1 324 281 49 221
4152 4 2 3 1 119 179 13 323
4153 4 2 3 1 763 910 852 1028
4154 4 2 3 1 284 1070 306 1121
4155 4 2 3 1 412 972 1026 1121
4156 4 2 3 1 767 1033 812 1097
4157 4 2 3 1 810 933 872 1124
4158 4 2 3 1 337 1049 823 1112
4159 4 2 3 1 811 753 957 1016
4160 4 2 3 1 517 460 458 1016
4161 4 2 3 1 380 405 382 839
4162 4 2 3 1 541 185 130 997
4163 4 2 3 1 754 944 847 987
4164 4 2 3 1 861 939 793 959
4165 4 2 3 1 711 835 710 1063
4166 4 2 3 1 789 944 847 1043
4167 4 2 3 1 336 337 365 1112
4168 4 2 3 1 398 1083 895 1093
4169 4 2 3 1 640 694 700 949
4170 4 2 3 1 401 715 419 879
4171 4 2 3 1 198 201 982 1107
4172 4 2 3 1 643 714 128 982
4173 4 2 3 1 677 643 648 982
4174 4 2 3 1 947 967 814 1071
4175 4 2 3 1 519 479 909 1137
4176 4 2 3 1 774 1088 953 1118
4177 4 2 3 1 669 890 664 1006
4178 4 2 3 1 741 1040 935 1065
4179 4 2 3 1 514 439 472 971
4180 4 2 3 1 738 912 953 1004
4181 4 2 3 1 795 853 1078 1117
4182 4 2 3 1 869 942 826 1108
4183 4 2 3 1 756 912 864 980
4184 4 2 3 1 300 950 303 1076
4185 4 2 3 1 774 912 864 953
4186 4 2 3 1 895 945 764 1067
4187 4 2 3 1 903 909 293 1100
4188 4 2 3 1 784 1000 910 1066
4189 4 2 3 1 411 390 412 972
4190 4 2 3 1 785 945 895 1067
4191 4 2 3 1 760 939 905 979
4192 4 2 3 1 298 227 293 909
4193 4 2 3 1 907 1094 777 1138
4194 4 2 3 1 293 287 232 870
4195 4 2 3 1 870 903 293 1100
4196 4 2 3 1 634 118 698 880
4197 4 2 3 1 768 1084 844 1119
4198 4 2 3 1 784 832 1103 1124
4199 4 2 3 1 289 891 245 1128
4200 4 2 3 1 697 665 676 1117
4201 4 2 3 1 276 290 239 962
4202 4 2 3 1 915 511 963 1061
4203 4 2 3 1 619 870 534 1024
4204 4 2 3 1 657 867 656 1011
4205 4 2 3 1 660 659 661 1085
4206 4 2 3 1 596 597 609 971
4207 4 2 3 1 229 278 308 958
4208 4 2 3 1 935 1040 941 1065
4209 4 2 3 1 755 974 941 1040
4210 4 2 3 1 338 323 878 1049
4211 4 2 3 1 782 1015 831 1064
4212 4 2 3 1 784 1028 832 1124
4213 4 2 3 1 756 864 886 1075
4214 4 2 3 1 479 277 909 1137
4215 4 2 3 1 300 303 274 1076
4216 4 2 3 1 320 958 265 1123
4217 4 2 3 1 799 910 881 1066
4218 4 2 3 1 755 935 874 1049
4219 4 2 3 1 527 829 486 1138
4220 4 2 3 1 639 681 682 918
4221 4 2 3 1 809 1089 956 1095
4222 4 2 3 1 539 544 573 960
4223 4 2 3 1 164 133 126 960
4224 4 2 3 1 798 954 827 1063
4225 4 2 3 1 364 1026 1052 1121
4226 4 2 3 1 458 460 456 1016
4227 4 2 3 1 652 977 898 1120
4228 4 2 3 1 804 1039 906 1083
4229 4 2 3 1 731 319 419 879
4230 4 2 3 1 595 537 297 985
4231 4 2 3 1 737 937 882 1089
4232 4 2 3 1 264 305 225 1077
4233 4 2 3 1 507 526 433 909
4234 4 2 3 1 913 1102 839 1132
4235 4 2 3 1 435 478 376 963
4236 4 2 3 1 878 1049 323 1112
4237 4 2 3 1 416 945 483 969
4238 4 2 3 1 611 730 712 876
4239 4 2 3 1 787 844 1062 1084
4240 4 2 3 1 658 655 657 867
4241 4 2 3 1 267 269 231 924
4242 4 2 3 1 752 970 831 1064
4243 4 2 3 1 740 930 857 1021
4244 4 2 3 1 373 369 367 840
4245 4 2 3 1 442 444 443 1044
4246 4 2 3 1 645 908 736 994
4247 4 2 3 1 673 672 718 917
4248 4 2 3 1 791 926 914 1050
4249 4 2 3 1 773 882 937 1089
4250 4 2 3 1 641 686 303 950
4251 4 2 3 1 758 894 839 1019
4252 4 2 3 1 561 563 976 1059
4253 4 2 3 1 759 1003 889 1079
4254 4 2 3 1 220 633 843 1076
4255 4 2 3 1 463 466 500 979
4256 4 2 3 1 826 766 972 1070
4257 4 2 3 1 153 151 888 978
4258 4 2 3 1 906 1039 836 1083
4259 4 2 3 1 806 929 846 1090
4260 4 2 3 1 817 1019 408 1105
4261 4 2 3 1 461 902 456 1016
4262 4 2 3 1 369 373 371 1020
4263 4 2 3 1 222 280 314 862
4264 4 2 3 1 427 866 442 1044
4265 4 2 3 1 282 237 219 858
4266 4 2 3 1 246 831 1015 1073
4267 4 2 3 1 282 276 237 1024
4268 4 2 3 1 429 516 495 931
4269 4 2 3 1 464 465 952 1029
4270 4 2 3 1 390 1026 826 1068
4271 4 2 3 1 253 288 254 1129
4272 4 2 3 1 829 527 1074 1138
4273 4 2 3 1 698 688 650 1136
4274 4 2 3 1 790 984 937 1080
4275 4 2 3 1 324 414 413 869
4276 4 2 3 1 251 259 260 946
4277 4 2 3 1 861 884 747 1042
4278 4 2 3 1 799 1050 926 1057
4279 4 2 3 1 352 906 1054 1068
4280 4 2 3 1 351 1026 390 1068
4281 4 2 3 1 838 926 759 1032
4282 4 2 3 1 742 940 1035 1095
4283 4 2 3 1 369 326 368 904
4284 4 2 3 1 610 34 126 195
4285 4 2 3 1 551 871 553 1066
4286 4 2 3 1 177 489 120 866
4287 4 2 3 1 793 1042 959 1088
4288 4 2 3 1 352 1054 348 1068
4289 4 2 3 1 810 933 863 983
4290 4 2 3 1 302 248 254 1129
4291 4 2 3 1 134 135 117 856
4292 4 2 3 1 530 546 545 856
4293 4 2 3 1 941 974 778 1040
4294 4 2 3 1 551 553 554 1066
4295 4 2 3 1 739 1072 993 1116
4296 4 2 3 1 702 688 637 1136
4297 4 2 3 1 239 286 240 962
4298 4 2 3 1 357 1083 906 1114
4299 4 2 3 1 338 377 340 988
4300 4 2 3 1 126 539 34 610
4301 4 2 3 1 568 623 630 985
4302 4 2 3 1 297 267 876 985
4303 4 2 3 1 299 879 699 950
4304 4 2 3 1 757 880 1047 1106
4305 4 2 3 1 652 688 689 898
4306 4 2 3 1 822 859 944 987
4307 4 2 3 1 765 975 1037 1078
4308 4 2 3 1 787 1024 870 1084
4309 4 2 3 1 730 627 317 876
4310 4 2 3 1 419 715 731 879
4311 4 2 3 1 299 319 731 879
4312 4 2 3 1 761 906 836 1114
4313 4 2 3 1 823 1049 878 1112
4314 4 2 3 1 1054 1068 794 1086
4315 4 2 3 1 197 128 714 982
4316 4 2 3 1 758 986 817 1019
4317 4 2 3 1 636 322 379 1105
4318 4 2 3 1 798 1018 897 1095
4319 4 2 3 1 472 430 514 971
4320 4 2 3 1 441 469 440 1099
4321 4 2 3 1 519 909 464 952
4322 4 2 3 1 627 595 297 876
4323 4 2 3 1 678 928 714 982
4324 4 2 3 1 760 966 837 976
4325 4 2 3 1 438 525 915 931
4326 4 2 3 1 21 489 177 431
4327 4 2 3 1 938 997 191 1082
4328 4 2 3 1 1014 1046 823 1049
4329 4 2 3 1 877 981 946 1060
4330 4 2 3 1 288 1070 254 1129
4331 4 2 3 1 118 211 698 880
4332 4 2 3 1 793 912 1042 1088
4333 4 2 3 1 422 403 915 958
4334 4 2 3 1 744 926 838 1032
4335 4 2 3 1 995 1025 746 1053
4336 4 2 3 1 121 185 599 997
4337 4 2 3 1 498 900 922 1127
4338 4 2 3 1 258 290 262 841
4339 4 2 3 1 870 903 768 1036
4340 4 2 3 1 551 550 549 1034
4341 4 2 3 1 147 148 155 921
4342 4 2 3 1 595 297 876 985
4343 4 2 3 1 195 908 165 960
4344 4 2 3 1 610 574 908 960
4345 4 2 3 1 772 911 850 1128
4346 4 2 3 1 265 958 308 1123
4347 4 2 3 1 167 129 994 1115
4348 4 2 3 1 332 435 376 963
4349 4 2 3 1 334 419 233 879
4350 4 2 3 1 549 548 601 1034
4351 4 2 3 1 242 275 241 1015
4352 4 2 3 1 852 993 984 1139
4353 4 2 3 1 659 707 661 1011
4354 4 2 3 1 925 965 767 1097
4355 4 2 3 1 820 913 988 1030
4356 4 2 3 1 182 928 1012 1055
4357 4 2 3 1 309 221 310 869
4358 4 2 3 1 770 1012 913 1102
4359 4 2 3 1 632 541 938 997
4360 4 2 3 1 273 272 252 970
4361 4 2 3 1 277 227 433 909
4362 4 2 3 1 605 581 1041 1103
4363 4 2 3 1 229 403 52 329
4364 4 2 3 1 541 599 185 997
4365 4 2 3 1 814 973 885 1071
4366 4 2 3 1 745 967 936 1071
4367 4 2 3 1 752 916 890 1006
4368 4 2 3 1 255 256 253 942
4369 4 2 3 1 235 69 582 537
4370 4 2 3 1 794 1001 927 1104
4371 4 2 3 1 560 889 602 1007
4372 4 2 3 1 820 1030 848 1055
4373 4 2 3 1 615 629 572 1036
4374 4 2 3 1 69 235 228 537
4375 4 2 3 1 756 912 899 1133
4376 4 2 3 1 489 481 442 866
4377 4 2 3 1 352 906 393 1054
4378 4 2 3 1 341 392 344 1087
4379 4 2 3 1 117 134 856 1122
4380 4 2 3 1 545 530 856 1122
4381 4 2 3 1 730 611 627 876
4382 4 2 3 1 563 592 616 976
4383 4 2 3 1 652 898 705 1120
4384 4 2 3 1 130 185 191 997
4385 4 2 3 1 658 710 835 1110
4386 4 2 3 1 892 932 744 1109
4387 4 2 3 1 562 564 560 1003
4388 4 2 3 1 616 592 531 905
4389 4 2 3 1 477 471 501 855
4390 4 2 3 1 288 942 311 1070
4391 4 2 3 1 787 962 1062 1119
4392 4 2 3 1 575 605 581 1041
4393 4 2 3 1 687 540 642 975
4394 4 2 3 1 765 975 876 1037
4395 4 2 3 1 686 303 950 1076
4396 4 2 3 1 646 704 733 924
4397 4 2 3 1 645 701 736 908
4398 4 2 3 1 779 888 848 1092
4399 4 2 3 1 176 965 206 1112
4400 4 2 3 1 416 370 945 969
4401 4 2 3 1 444 481 482 907
4402 4 2 3 1 775 1022 964 1056
4403 4 2 3 1 119 208 878 1112
4404 4 2 3 1 762 1045 850 1123
4405 4 2 3 1 555 558 603 837
4406 4 2 3 1 120 212 866 1099
4407 4 2 3 1 787 1003 858 1024
4408 4 2 3 1 461 462 463 952
4409 4 2 3 1 172 819 1047 1107
4410 4 2 3 1 581 1000 832 1103
4411 4 2 3 1 777 1038 829 1138
4412 4 2 3 1 810 1048 933 1124
4413 4 2 3 1 653 977 652 1120
4414 4 2 3 1 756 980 864 1075
4415 4 2 3 1 772 946 981 1060
4416 4 2 3 1 743 927 865 1017
4417 4 2 3 1 127 330 16 400
4418 4 2 3 1 743 927 1001 1104
4419 4 2 3 1 829 764 922 1038
4420 4 2 3 1 24 440 434 175
4421 4 2 3 1 823 1046 935 1049
4422 4 2 3 1 346 887 345 1054
4423 4 2 3 1 165 908 129 1115
4424 4 2 3 1 311 256 310 1108
4425 4 2 3 1 819 954 1035 1106
4426 4 2 3 1 882 1089 1101 1118
4427 4 2 3 1 534 600 65 223
4428 4 2 3 1 244 243 245 891
4429 4 2 3 1 899 912 793 1133
4430 4 2 3 1 403 229 301 958
4431 4 2 3 1 774 953 1101 1118
4432 4 2 3 1 141 143 147 920
4433 4 2 3 1 330 336 365 965
4434 4 2 3 1 406 422 403 915
4435 4 2 3 1 822 944 859 1091
4436 4 2 3 1 476 466 513 979
4437 4 2 3 1 51 278 229 329
4438 4 2 3 1 910 1000 784 1028
4439 4 2 3 1 787 1062 844 1119
4440 4 2 3 1 632 541 597 938
4441 4 2 3 1 585 601 548 955
4442 4 2 3 1 537 623 582 985
4443 4 2 3 1 316 232 626 903
4444 4 2 3 1 804 1054 887 1093
4445 4 2 3 1 755 988 878 1049
4446 4 2 3 1 427 866 1044 1099
4447 4 2 3 1 297 70 228 537
4448 4 2 3 1 793 912 899 1042
4449 4 2 3 1 850 946 772 1128
4450 4 2 3 1 903 909 768 1029
4451 4 2 3 1 190 187 153 978
4452 4 2 3 1 176 15 127 336
4453 4 2 3 1 510 526 507 903
4454 4 2 3 1 517 862 428 1137
4455 4 2 3 1 925 996 202 1097
4456 4 2 3 1 275 252 272 970
4457 4 2 3 1 779 1025 995 1053
4458 4 2 3 1 699 879 734 950
4459 4 2 3 1 784 1034 872 1103
4460 4 2 3 1 329 51 278 375
4461 4 2 3 1 823 1014 935 1046
4462 4 2 3 1 412 972 390 1026
4463 4 2 3 1 15 330 127 336
4464 4 2 3 1 127 199 218 965
4465 4 2 3 1 786 967 936 1039
4466 4 2 3 1 825 769 994 1058
4467 4 2 3 1 727 734 672 950
4468 4 2 3 1 385 377 338 878
4469 4 2 3 1 547 550 605 872
4470 4 2 3 1 955 968 796 1034
4471 4 2 3 1 698 650 880 1136
4472 4 2 3 1 201 643 128 982
4473 4 2 3 1 243 249 245 1060
4474 4 2 3 1 178 148 157 886
4475 4 2 3 1 941 956 778 974
4476 4 2 3 1 630 595 876 985
4477 4 2 3 1 574 576 543 949
4478 4 2 3 1 142 145 187 978
4479 4 2 3 1 823 965 767 1014
4480 4 2 3 1 493 626 608 903
4481 4 2 3 1 786 936 1001 1039
4482 4 2 3 1 713 700 701 949
4483 4 2 3 1 11 327 124 387
4484 4 2 3 1 671 670 672 917
4485 4 2 3 1 662 656 705 1120
4486 4 2 3 1 593 1003 559 1084
4487 4 2 3 1 687 587 540 975
4488 4 2 3 1 753 877 957 981
4489 4 2 3 1 763 1028 852 1116
4490 4 2 3 1 764 943 851 1038
4491 4 2 3 1 218 199 202 925
4492 4 2 3 1 341 339 340 874
4493 4 2 3 1 768 1036 844 1084
4494 4 2 3 1 586 858 621 1024
4495 4 2 3 1 462 460 518 1016
4496 4 2 3 1 836 906 761 1039
4497 4 2 3 1 519 526 464 909
4498 4 2 3 1 626 522 316 903
4499 4 2 3 1 878 988 820 1135
4500 4 2 3 1 299 731 699 879
4501 4 2 3 1 181 1012 204 1055
4502 4 2 3 1 405 350 382 839
4503 4 2 3 1 612 597 590 971
4504 4 2 3 1 776 833 1023 1116
4505 4 2 3 1 431 183 20 491
4506 4 2 3 1 468 525 516 931
4507 4 2 3 1 404 378 386 913
4508 4 2 3 1 244 289 247 1073
4509 4 2 3 1 782 1064 892 1134
4510 4 2 3 1 182 197 928 982
4511 4 2 3 1 522 298 316 903
4512 4 2 3 1 365 366 965 1014
4513 4 2 3 1 755 874 935 941
4514 4 2 3 1 649 677 648 1107
4515 4 2 3 1 189 859 160 1082
4516 4 2 3 1 493 510 903 1029
4517 4 2 3 1 763 910 881 1069
4518 4 2 3 1 831 803 1073 1129
4519 4 2 3 1 699 718 734 879
4520 4 2 3 1 284 879 299 950
4521 4 2 3 1 462 461 460 1016
4522 4 2 3 1 494 929 455 1090
4523 4 2 3 1 899 1042 777 1094
4524 4 2 3 1 630 595 614 876
4525 4 2 3 1 438 234 55 495
4526 4 2 3 1 838 1032 765 1078
4527 4 2 3 1 359 1027 362 1083
4528 4 2 3 1 777 922 1038 1138
4529 4 2 3 1 301 318 418 915
4530 4 2 3 1 755 874 988 1049
4531 4 2 3 1 704 638 723 924
4532 4 2 3 1 715 401 88 644
4533 4 2 3 1 540 611 115 712
4534 4 2 3 1 817 986 842 1019
4535 4 2 3 1 388 424 1102 1126
4536 4 2 3 1 498 487 459 900
4537 4 2 3 1 162 183 996 1097
4538 4 2 3 1 391 226 325 972
4539 4 2 3 1 943 1020 895 1093
4540 4 2 3 1 821 976 844 1036
4541 4 2 3 1 758 991 894 1105
4542 4 2 3 1 605 872 550 1103
4543 4 2 3 1 443 444 445 899
4544 4 2 3 1 804 836 1039 1083
4545 4 2 3 1 628 713 729 908
4546 4 2 3 1 779 860 868 1025
4547 4 2 3 1 280 862 279 1077
4548 4 2 3 1 253 247 255 1129
4549 4 2 3 1 486 509 922 1127
4550 4 2 3 1 832 1000 763 1028
4551 4 2 3 1 851 998 777 1038
4552 4 2 3 1 280 279 305 1077
4553 4 2 3 1 628 195 610 908
4554 4 2 3 1 388 1102 928 1126
4555 4 2 3 1 774 864 1013 1101
4556 4 2 3 1 523 318 234 915
4557 4 2 3 1 804 943 895 1093
4558 4 2 3 1 438 495 525 931
4559 4 2 3 1 708 674 710 991
4560 4 2 3 1 189 188 160 859
4561 4 2 3 1 763 1023 833 1116
4562 4 2 3 1 838 889 799 1098
4563 4 2 3 1 764 895 943 1020
4564 4 2 3 1 377 878 385 1135
4565 4 2 3 1 840 969 764 1020
4566 4 2 3 1 840 1020 797 1046
4567 4 2 3 1 360 359 358 1114
4568 4 2 3 1 854 886 780 1075
4569 4 2 3 1 238 236 237 990
4570 4 2 3 1 408 1019 383 1105
4571 4 2 3 1 792 868 860 1025
4572 4 2 3 1 491 490 431 996
4573 4 2 3 1 852 910 763 1069
4574 4 2 3 1 306 1070 972 1121
4575 4 2 3 1 815 984 961 1109
4576 4 2 3 1 238 241 295 990
4577 4 2 3 1 322 408 383 1105
4578 4 2 3 1 776 1018 867 1120
4579 4 2 3 1 626 493 522 903
4580 4 2 3 1 709 654 685 954
4581 4 2 3 1 980 998 777 1042
4582 4 2 3 1 633 725 843 1076
4583 4 2 3 1 533 121 29 599
4584 4 2 3 1 669 664 668 1006
4585 4 2 3 1 843 970 818 1096
4586 4 2 3 1 689 735 898 1058
4587 4 2 3 1 786 936 967 1071
4588 4 2 3 1 400 420 216 925
4589 4 2 3 1 829 1038 922 1138
4590 4 2 3 1 180 117 135 856
4591 4 2 3 1 530 594 546 856
4592 4 2 3 1 852 1011 883 1023
4593 4 2 3 1 719 646 733 876
4594 4 2 3 1 758 894 1019 1105
4595 4 2 3 1 852 805 1011 1139
4596 4 2 3 1 768 841 1100 1119
4597 4 2 3 1 174 189 121 1113
4598 4 2 3 1 198 172 201 1107
4599 4 2 3 1 572 1036 870 1084
4600 4 2 3 1 476 475 502 939
4601 4 2 3 1 686 641 727 950
4602 4 2 3 1 759 926 914 1134
4603 4 2 3 1 220 843 273 1076
4604 4 2 3 1 552 871 551 1034
4605 4 2 3 1 567 569 570 1037
4606 4 2 3 1 306 284 315 1070
4607 4 2 3 1 524 609 625 938
4608 4 2 3 1 915 762 958 1123
4609 4 2 3 1 359 1027 1083 1114
4610 4 2 3 1 653 652 705 1120
4611 4 2 3 1 356 906 352 1068
4612 4 2 3 1 218 163 965 1097
4613 4 2 3 1 382 913 404 1102
4614 4 2 3 1 732 197 714 928
4615 4 2 3 1 232 542 626 903
4616 4 2 3 1 572 629 619 870
4617 4 2 3 1 894 991 684 1105
4618 4 2 3 1 768 870 1036 1084
4619 4 2 3 1 178 120 212 866
4620 4 2 3 1 797 935 874 941
4621 4 2 3 1 154 153 151 888
4622 4 2 3 1 793 959 939 1010
4623 4 2 3 1 229 403 301 52
4624 4 2 3 1 679 954 685 1081
4625 4 2 3 1 634 880 650 1106
4626 4 2 3 1 383 1019 894 1105
4627 4 2 3 1 863 933 810 1048
4628 4 2 3 1 771 855 992 1131
4629 4 2 3 1 769 1041 832 1048
4630 4 2 3 1 844 740 1021 1119
4631 4 2 3 1 764 851 943 1067
4632 4 2 3 1 199 127 16 400
4633 4 2 3 1 846 900 806 1090
4634 4 2 3 1 428 488 58 222
4635 4 2 3 1 427 120 22 489
4636 4 2 3 1 591 558 631 966
4637 4 2 3 1 782 831 970 1064
4638 4 2 3 1 745 936 967 1039
4639 4 2 3 1 876 719 975 1117
4640 4 2 3 1 403 301 915 958
4641 4 2 3 1 181 182 1012 1055
4642 4 2 3 1 939 959 760 1010
4643 4 2 3 1 174 137 188 987
4644 4 2 3 1 123 21 177 431
4645 4 2 3 1 780 886 864 1075
4646 4 2 3 1 912 953 774 1088
4647 4 2 3 1 505 389 523 915
4648 4 2 3 1 584 585 548 955
4649 4 2 3 1 829 1033 907 1074
4650 4 2 3 1 338 323 385 878
4651 4 2 3 1 366 330 365 965
4652 4 2 3 1 881 1000 606 1066
4653 4 2 3 1 598 584 533 1113
4654 4 2 3 1 131 417 402 928
4655 4 2 3 1 507 298 522 903
4656 4 2 3 1 215 195 628 908
4657 4 2 3 1 285 55 234 495
4658 4 2 3 1 589 613 591 966
4659 4 2 3 1 937 984 815 1080
4660 4 2 3 1 682 636 728 894
4661 4 2 3 1 641 79 699 299
4662 4 2 3 1 493 436 510 1029
4663 4 2 3 1 760 959 901 1010
4664 4 2 3 1 753 862 929 1016
4665 4 2 3 1 525 931 468 1061
4666 4 2 3 1 418 403 301 915
4667 4 2 3 1 386 327 387 1012
4668 4 2 3 1 206 207 176 1112
4669 4 2 3 1 777 922 851 1038
4670 4 2 3 1 562 559 593 1003
4671 4 2 3 1 935 1046 874 1049
4672 4 2 3 1 373 367 397 1046
4673 4 2 3 1 1003 1059 559 1084
4674 4 2 3 1 126 195 165 960
4675 4 2 3 1 610 539 574 960
4676 4 2 3 1 439 938 470 1131
4677 4 2 3 1 768 1029 821 1036
4678 4 2 3 1 779 868 940 1025
4679 4 2 3 1 844 1084 787 1119
4680 4 2 3 1 554 553 602 1007
4681 4 2 3 1 792 951 863 1005
4682 4 2 3 1 580 617 532 948
4683 4 2 3 1 766 1052 1026 1121
4684 4 2 3 1 70 297 595 537
4685 4 2 3 1 706 660 664 890
4686 4 2 3 1 342 339 874 1046
4687 4 2 3 1 561 563 571 1036
4688 4 2 3 1 470 938 504 992
4689 4 2 3 1 790 1002 910 1057
4690 4 2 3 1 865 927 809 1017
4691 4 2 3 1 773 1089 937 1095
4692 4 2 3 1 208 179 119 878
4693 4 2 3 1 572 870 619 1084
4694 4 2 3 1 615 571 538 1036
4695 4 2 3 1 506 925 492 996
4696 4 2 3 1 494 457 468 1061
4697 4 2 3 1 154 151 186 888
4698 4 2 3 1 511 438 525 915
4699 4 2 3 1 360 1027 359 1114
4700 4 2 3 1 242 244 246 1015
4701 4 2 3 1 249 877 250 1060
4702 4 2 3 1 340 339 338 1049
4703 4 2 3 1 182 982 928 1055
4704 4 2 3 1 302 252 248 999
4705 4 2 3 1 165 960 908 1115
4706 4 2 3 1 953 1043 800 1111
4707 4 2 3 1 280 259 250 946
4708 4 2 3 1 747 959 1042 1088
4709 4 2 3 1 882 737 1089 1118
4710 4 2 3 1 1028 1048 832 1124
4711 4 2 3 1 724 918 395 1126
4712 4 2 3 1 763 883 852 1069
4713 4 2 3 1 815 1064 892 1109
4714 4 2 3 1 656 1011 867 1120
4715 4 2 3 1 388 1012 928 1102
4716 4 2 3 1 619 600 534 870
4717 4 2 3 1 244 1015 891 1073
4718 4 2 3 1 60 277 433 479
4719 4 2 3 1 267 231 297 876
4720 4 2 3 1 937 1089 809 1095
4721 4 2 3 1 615 542 629 903
4722 4 2 3 1 518 517 428 1137
4723 4 2 3 1 519 518 479 1137
4724 4 2 3 1 752 961 896 1008
4725 4 2 3 1 171 1047 880 1107
4726 4 2 3 1 217 197 732 928
4727 4 2 3 1 153 145 151 978
4728 4 2 3 1 646 73 704 307
4729 4 2 3 1 402 928 388 1012
4730 4 2 3 1 558 613 603 966
4731 4 2 3 1 421 1052 407 1121
4732 4 2 3 1 318 523 418 915
4733 4 2 3 1 276 223 291 1024
4734 4 2 3 1 907 1033 812 1074
4735 4 2 3 1 434 440 469 992
4736 4 2 3 1 489 442 427 866
4737 4 2 3 1 683 710 684 991
4738 4 2 3 1 249 257 250 877
4739 4 2 3 1 852 984 805 1139
4740 4 2 3 1 357 393 352 906
4741 4 2 3 1 753 929 902 1016
4742 4 2 3 1 566 568 567 1037
4743 4 2 3 1 190 161 192 893
4744 4 2 3 1 199 400 216 925
4745 4 2 3 1 732 647 417 928
4746 4 2 3 1 460 461 456 1016
4747 4 2 3 1 815 896 1064 1109
4748 4 2 3 1 434 125 24 175
4749 4 2 3 1 132 521 506 925
4750 4 2 3 1 429 56 225 495
4751 4 2 3 1 784 968 872 1034
4752 4 2 3 1 523 234 438 915
4753 4 2 3 1 189 191 997 1082
4754 4 2 3 1 433 519 479 909
4755 4 2 3 1 244 246 1015 1073
4756 4 2 3 1 134 133 164 1122
4757 4 2 3 1 573 544 545 1122
4758 4 2 3 1 797 1020 943 1093
4759 4 2 3 1 427 120 866 1099
4760 4 2 3 1 465 463 464 952
4761 4 2 3 1 119 207 208 1112
4762 4 2 3 1 304 285 234 931
4763 4 2 3 1 625 130 214 938
4764 4 2 3 1 784 1000 832 1028
4765 4 2 3 1 669 668 670 1006
4766 4 2 3 1 618 619 534 1024
4767 4 2 3 1 586 621 618 1024
4768 4 2 3 1 596 536 590 971
4769 4 2 3 1 737 1009 1022 1118
4770 4 2 3 1 491 183 19 506
4771 4 2 3 1 744 1057 926 1080
4772 4 2 3 1 634 698 650 880
4773 4 2 3 1 812 1033 854 1097
4774 4 2 3 1 561 1059 1036 1084
4775 4 2 3 1 692 696 693 948
4776 4 2 3 1 389 418 523 915
4777 4 2 3 1 367 1014 397 1046
4778 4 2 3 1 279 280 222 862
4779 4 2 3 1 640 693 694 873
4780 4 2 3 1 129 215 729 908
4781 4 2 3 1 877 946 250 1060
4782 4 2 3 1 255 289 292 911
4783 4 2 3 1 779 995 974 1053
4784 4 2 3 1 132 19 183 506
4785 4 2 3 1 564 565 889 1079
4786 4 2 3 1 47 325 391 226
4787 4 2 3 1 787 841 962 1119
4788 4 2 3 1 794 1054 906 1068
4789 4 2 3 1 209 179 208 878
4790 4 2 3 1 488 862 517 1077
4791 4 2 3 1 706 890 669 1110
4792 4 2 3 1 732 417 217 928
4793 4 2 3 1 915 931 762 1123
4794 4 2 3 1 744 910 852 1069
4795 4 2 3 1 427 442 441 1044
4796 4 2 3 1 557 976 563 1059
4797 4 2 3 1 602 560 565 889
4798 4 2 3 1 416 321 483 945
4799 4 2 3 1 565 560 564 889
4800 4 2 3 1 141 142 143 920
4801 4 2 3 1 832 1000 784 1103
4802 4 2 3 1 506 492 491 996
4803 4 2 3 1 776 993 1072 1116
4804 4 2 3 1 726 670 668 1006
4805 4 2 3 1 386 377 327 1135
4806 4 2 3 1 456 497 452 902
4807 4 2 3 1 698 880 211 1136
4808 4 2 3 1 836 1083 1027 1114
4809 4 2 3 1 309 294 308 1125
4810 4 2 3 1 849 942 803 1129
4811 4 2 3 1 589 588 905 1130
4812 4 2 3 1 624 535 578 873
4813 4 2 3 1 659 657 1011 1085
4814 4 2 3 1 754 983 856 987
4815 4 2 3 1 799 1066 881 1098
4816 4 2 3 1 756 1004 912 1133
4817 4 2 3 1 179 878 209 1135
4818 4 2 3 1 437 528 492 925
4819 4 2 3 1 826 1068 1026 1104
4820 4 2 3 1 660 890 706 1085
4821 4 2 3 1 778 1089 947 1101
4822 4 2 3 1 483 969 945 1127
4823 4 2 3 1 535 620 576 949
4824 4 2 3 1 331 88 401 644
4825 4 2 3 1 115 642 540 712
4826 4 2 3 1 194 193 166 863
4827 4 2 3 1 891 1060 245 1128
4828 4 2 3 1 849 254 1070 1129
4829 4 2 3 1 332 97 505 389
4830 4 2 3 1 608 106 493 436
4831 4 2 3 1 536 101 514 596
4832 4 2 3 1 700 620 110 640
4833 4 2 3 1 339 341 342 874
4834 4 2 3 1 136 135 134 983
4835 4 2 3 1 183 431 20 123
4836 4 2 3 1 417 131 217 928
4837 4 2 3 1 707 696 667 883
4838 4 2 3 1 420 335 521 925
4839 4 2 3 1 713 628 543 908
4840 4 2 3 1 744 926 892 1080
4841 4 2 3 1 883 1011 707 1023
4842 4 2 3 1 862 1016 811 1137
4843 4 2 3 1 607 1066 1000 1103
4844 4 2 3 1 530 117 856 1122
4845 4 2 3 1 446 899 445 1094
4846 4 2 3 1 38 205 703 637
4847 4 2 3 1 378 392 340 988
4848 4 2 3 1 691 374 322 1105
4849 4 2 3 1 489 120 22 177
4850 4 2 3 1 488 279 58 222
4851 4 2 3 1 299 233 319 879
4852 4 2 3 1 395 83 328 724
4853 4 2 3 1 124 181 11 387
4854 4 2 3 1 919 936 745 1045
4855 4 2 3 1 205 167 129 994
4856 4 2 3 1 1036 1059 844 1084
4857 4 2 3 1 793 1042 899 1094
4858 4 2 3 1 786 936 989 1001
4859 4 2 3 1 773 995 940 1025
4860 4 2 3 1 287 65 600 223
4861 4 2 3 1 402 388 387 1012
4862 4 2 3 1 283 226 391 972
4863 4 2 3 1 845 759 914 1134
4864 4 2 3 1 114 642 687 540
4865 4 2 3 1 628 729 215 908
4866 4 2 3 1 856 983 810 1122
4867 4 2 3 1 285 264 225 931
4868 4 2 3 1 519 464 462 952
4869 4 2 3 1 702 689 688 1058
4870 4 2 3 1 136 134 193 983
4871 4 2 3 1 409 321 372 945
4872 4 2 3 1 251 260 292 1128
4873 4 2 3 1 361 406 963 1027
4874 4 2 3 1 762 915 963 1061
4875 4 2 3 1 482 1074 527 1138
4876 4 2 3 1 359 1083 357 1114
4877 4 2 3 1 570 881 606 1098
4878 4 2 3 1 762 931 915 1061
4879 4 2 3 1 659 657 656 1011
4880 4 2 3 1 666 663 697 916
4881 4 2 3 1 301 304 234 915
4882 4 2 3 1 766 1026 972 1121
4883 4 2 3 1 682 894 684 1105
4884 4 2 3 1 274 220 273 1076
4885 4 2 3 1 683 711 710 1063
4886 4 2 3 1 846 919 745 1045
4887 4 2 3 1 643 678 714 982
4888 4 2 3 1 903 1029 768 1036
4889 4 2 3 1 349 355 353 842
4890 4 2 3 1 210 992 125 1082
4891 4 2 3 1 678 1081 680 1126
4892 4 2 3 1 346 396 398 1093
4893 4 2 3 1 826 972 766 1026
4894 4 2 3 1 524 625 214 938
4895 4 2 3 1 868 1047 150 1092
4896 4 2 3 1 346 343 345 887
4897 4 2 3 1 669 706 664 890
4898 4 2 3 1 774 885 998 1088
4899 4 2 3 1 165 129 167 1115
4900 4 2 3 1 874 1046 339 1049
4901 4 2 3 1 339 1046 397 1049
4902 4 2 3 1 816 1022 1009 1118
4903 4 2 3 1 196 504 524 938
4904 4 2 3 1 678 647 714 928
4905 4 2 3 1 609 524 439 938
4906 4 2 3 1 449 448 451 884
4907 4 2 3 1 747 998 885 1088
4908 4 2 3 1 482 907 1074 1138
4909 4 2 3 1 216 521 132 925
4910 4 2 3 1 454 498 451 922
4911 4 2 3 1 337 323 1049 1112
4912 4 2 3 1 420 521 216 925
4913 4 2 3 1 357 906 356 1114
4914 4 2 3 1 685 681 679 1081
4915 4 2 3 1 799 1007 871 1066
4916 4 2 3 1 251 1060 946 1128
4917 4 2 3 1 849 808 999 1008
4918 4 2 3 1 388 333 424 1126
4919 4 2 3 1 338 337 323 1049
4920 4 2 3 1 741 1040 1013 1075
4921 4 2 3 1 536 589 590 1130
4922 4 2 3 1 754 847 983 987
4923 4 2 3 1 161 190 153 893
4924 4 2 3 1 815 961 896 1109
4925 4 2 3 1 647 928 678 1126
4926 4 2 3 1 892 926 791 1080
4927 4 2 3 1 261 262 312 1100
4928 4 2 3 1 641 303 230 950
4929 4 2 3 1 461 497 456 902
4930 4 2 3 1 643 714 43 128
4931 4 2 3 1 770 848 1030 1055
4932 4 2 3 1 385 878 179 1135
4933 4 2 3 1 516 468 931 1061
4934 4 2 3 1 289 292 911 1128
4935 4 2 3 1 298 293 232 903
4936 4 2 3 1 877 802 981 1060
4937 4 2 3 1 816 1088 885 1118
4938 4 2 3 1 271 843 220 1096
4939 4 2 3 1 470 504 434 992
4940 4 2 3 1 538 583 105 480
4941 4 2 3 1 376 478 435 96
4942 4 2 3 1 691 331 87 374
4943 4 2 3 1 171 880 118 1107
4944 4 2 3 1 427 1044 441 1099
4945 4 2 3 1 587 114 687 540
4946 4 2 3 1 625 541 130 938
4947 4 2 3 1 363 364 1026 1052
4948 4 2 3 1 707 667 661 883
4949 4 2 3 1 368 326 410 904
4950 4 2 3 1 485 499 432 904
4951 4 2 3 1 592 589 588 905
4952 4 2 3 1 754 968 872 1124
4953 4 2 3 1 580 606 570 881
4954 4 2 3 1 346 343 887 1093
4955 4 2 3 1 648 643 42 201
4956 4 2 3 1 779 940 995 1025
4957 4 2 3 1 560 602 556 1007
4958 4 2 3 1 188 156 160 859
4959 4 2 3 1 691 331 644 87
4960 4 2 3 1 417 647 333 928
4961 4 2 3 1 181 204 182 1055
4962 4 2 3 1 317 297 231 876
4963 4 2 3 1 151 146 152 1092
4964 4 2 3 1 311 972 306 1070
4965 4 2 3 1 165 164 960 1115
4966 4 2 3 1 679 709 685 954
4967 4 2 3 1 374 408 322 1105
4968 4 2 3 1 564 566 565 1079
4969 4 2 3 1 352 356 357 906
4970 4 2 3 1 494 458 455 929
4971 4 2 3 1 335 400 366 925
4972 4 2 3 1 490 996 492 1074
4973 4 2 3 1 504 125 25 434
4974 4 2 3 1 614 975 569 1037
4975 4 2 3 1 885 1088 774 1118
4976 4 2 3 1 362 895 398 1083
4977 4 2 3 1 181 402 10 387
4978 4 2 3 1 250 946 251 1060
4979 4 2 3 1 570 606 604 1098
4980 4 2 3 1 332 376 361 963
4981 4 2 3 1 79 641 230 299
4982 4 2 3 1 284 233 299 879
4983 4 2 3 1 185 29 121 599
4984 4 2 3 1 426 483 321 945
4985 4 2 3 1 651 653 654 977
4986 4 2 3 1 755 941 935 1040
4987 4 2 3 1 432 93 416 326
4988 4 2 3 1 111 640 535 624
4989 4 2 3 1 129 729 645 908
4990 4 2 3 1 524 214 196 938
4991 4 2 3 1 682 636 894 1105
4992 4 2 3 1 662 707 1011 1023
4993 4 2 3 1 906 1083 836 1114
4994 4 2 3 1 101 514 430 536
4995 4 2 3 1 620 535 110 640
4996 4 2 3 1 639 328 83 724
4997 4 2 3 1 864 980 774 1013
4998 4 2 3 1 205 38 122 637
4999 4 2 3 1 496 448 1094 1138
5000 4 2 3 1 140 144 142 860
5001 4 2 3 1 631 585 612 875
5002 4 2 3 1 466 502 500 979
5003 4 2 3 1 744 1032 838 1078
5004 4 2 3 1 307 269 224 924
5005 4 2 3 1 398 895 1020 1093
5006 4 2 3 1 880 1106 634 1107
5007 4 2 3 1 656 657 655 867
5008 4 2 3 1 808 999 843 1076
5009 4 2 3 1 388 928 333 1126
5010 4 2 3 1 233 879 284 1121
5011 4 2 3 1 96 435 376 332
5012 4 2 3 1 436 538 105 480
5013 4 2 3 1 573 574 960 1041
5014 4 2 3 1 935 941 797 1065
5015 4 2 3 1 135 137 174 987
5016 4 2 3 1 770 918 1081 1126
5017 4 2 3 1 476 502 466 979
5018 4 2 3 1 10 402 181 131
5019 4 2 3 1 395 381 424 1126
5020 4 2 3 1 706 657 1085 1110
5021 4 2 3 1 552 549 601 1034
5022 4 2 3 1 764 943 895 1067
5023 4 2 3 1 202 996 183 1097
5024 4 2 3 1 128 198 201 982
5025 4 2 3 1 437 521 335 925
5026 4 2 3 1 380 381 328 918
5027 4 2 3 1 768 903 870 1100
5028 4 2 3 1 498 922 509 1127
5029 4 2 3 1 242 246 275 1015
5030 4 2 3 1 233 334 879 1121
5031 4 2 3 1 844 1062 740 1119
5032 4 2 3 1 549 552 551 1034
5033 4 2 3 1 182 198 982 1055
5034 4 2 3 1 286 239 290 962
5035 4 2 3 1 424 381 1102 1126
5036 4 2 3 1 508 490 492 1074
5037 4 2 3 1 713 701 645 908
5038 4 2 3 1 851 922 764 1038
5039 4 2 3 1 449 448 884 1094
5040 4 2 3 1 97 435 332 505
5041 4 2 3 1 106 608 538 436
5042 4 2 3 1 636 691 322 1105
5043 4 2 3 1 771 997 938 1082
5044 4 2 3 1 455 458 456 929
5045 4 2 3 1 269 307 231 924
5046 4 2 3 1 383 394 405 1019
5047 4 2 3 1 410 499 91 437
5048 4 2 3 1 395 918 381 1126
5049 4 2 3 1 433 61 507 227
5050 4 2 3 1 182 128 197 982
5051 4 2 3 1 703 205 37 645
5052 4 2 3 1 815 892 1080 1109
5053 4 2 3 1 553 555 556 1007
5054 4 2 3 1 885 1022 816 1118
5055 4 2 3 1 362 359 361 1027
5056 4 2 3 1 416 370 321 945
5057 4 2 3 1 288 256 311 942
5058 4 2 3 1 28 130 541 185
5059 4 2 3 1 171 172 1047 1107
5060 4 2 3 1 433 277 60 227
5061 4 2 3 1 255 292 263 911
5062 4 2 3 1 641 699 734 950
5063 4 2 3 1 404 382 423 913
5064 4 2 3 1 874 935 797 1046
5065 4 2 3 1 291 870 293 1100
5066 4 2 3 1 297 228 267 985
5067 4 2 3 1 486 509 454 922
5068 4 2 3 1 741 980 1033 1075
5069 4 2 3 1 770 1102 918 1126
5070 4 2 3 1 185 541 28 599
5071 4 2 3 1 73 646 231 307
5072 4 2 3 1 767 854 1033 1097
5073 4 2 3 1 122 167 205 994
5074 4 2 3 1 776 852 1011 1139
5075 4 2 3 1 597 541 609 938
5076 4 2 3 1 396 362 398 1083
5077 4 2 3 1 453 900 459 1090
5078 4 2 3 1 484 432 483 969
5079 4 2 3 1 714 197 43 128
5080 4 2 3 1 663 666 664 916
5081 4 2 3 1 502 475 503 939
5082 4 2 3 1 634 650 649 1106
5083 4 2 3 1 220 271 273 843
5084 4 2 3 1 599 598 533 997
5085 4 2 3 1 895 1083 804 1093
5086 4 2 3 1 380 379 383 894
5087 4 2 3 1 316 298 232 903
5088 4 2 3 1 393 346 345 1054
5089 4 2 3 1 768 909 903 1100
5090 4 2 3 1 363 364 353 1026
5091 4 2 3 1 391 283 47 226
5092 4 2 3 1 288 311 306 1070
5093 4 2 3 1 407 1052 879 1121
5094 4 2 3 1 759 1032 926 1134
5095 4 2 3 1 511 467 963 1061
5096 4 2 3 1 703 702 637 994
5097 4 2 3 1 744 892 926 1032
5098 4 2 3 1 293 909 312 1100
5099 4 2 3 1 349 351 348 1086
5100 4 2 3 1 121 189 185 997
5101 4 2 3 1 206 218 163 965
5102 4 2 3 1 918 1102 381 1126
5103 4 2 3 1 443 445 446 899
5104 4 2 3 1 765 924 876 1117
5105 4 2 3 1 784 1002 910 1028
5106 4 2 3 1 56 285 225 495
5107 4 2 3 1 767 996 925 1097
5108 4 2 3 1 421 364 407 1052
5109 4 2 3 1 261 277 314 1137
5110 4 2 3 1 606 1000 607 1066
5111 4 2 3 1 671 672 673 917
5112 4 2 3 1 656 867 655 1120
5113 4 2 3 1 178 203 177 866
5114 4 2 3 1 268 266 295 934
5115 4 2 3 1 293 227 312 909
5116 4 2 3 1 692 693 640 873
5117 4 2 3 1 849 1070 942 1129
5118 4 2 3 1 892 932 782 1032
5119 4 2 3 1 706 658 657 1110
5120 4 2 3 1 782 932 892 1064
5121 4 2 3 1 908 960 769 1115
5122 4 2 3 1 470 938 992 1131
5123 4 2 3 1 761 1001 936 1039
5124 4 2 3 1 759 845 990 1134
5125 4 2 3 1 938 971 771 1131
5126 4 2 3 1 429 515 516 1077
5127 4 2 3 1 515 488 517 1077
5128 4 2 3 1 185 189 191 997
5129 4 2 3 1 926 1057 791 1080
5130 4 2 3 1 577 578 535 873
5131 4 2 3 1 689 735 705 898
5132 4 2 3 1 321 370 372 945
5133 4 2 3 1 563 603 592 976
5134 4 2 3 1 543 576 620 949
5135 4 2 3 1 699 731 715 879
5136 4 2 3 1 378 340 377 988
5137 4 2 3 1 815 1080 984 1109
5138 4 2 3 1 472 439 470 1131
5139 4 2 3 1 118 880 634 1107
5140 4 2 3 1 212 175 159 1099
5141 4 2 3 1 972 1070 766 1121
5142 4 2 3 1 784 872 968 1124
5143 4 2 3 1 750 1018 867 1139
5144 4 2 3 1 553 551 552 871
5145 4 2 3 1 756 899 1044 1133
5146 4 2 3 1 271 220 313 1096
5147 4 2 3 1 287 291 223 870
5148 4 2 3 1 784 1000 1066 1103
5149 4 2 3 1 124 209 204 1135
5150 4 2 3 1 504 25 125 196
5151 4 2 3 1 264 931 304 1123
5152 4 2 3 1 401 419 334 879
5153 4 2 3 1 938 771 992 1131
5154 4 2 3 1 588 520 905 1130
5155 4 2 3 1 770 913 1030 1132
5156 4 2 3 1 48 325 226 1108
5157 4 2 3 1 411 412 325 972
5158 4 2 3 1 682 684 636 1105
5159 4 2 3 1 435 467 478 963
5160 4 2 3 1 292 263 911 1125
5161 4 2 3 1 129 37 205 645
5162 4 2 3 1 703 645 736 994
5163 4 2 3 1 335 410 91 437
5164 4 2 3 1 885 973 775 1071
5165 4 2 3 1 454 486 922 1138
5166 4 2 3 1 778 974 995 1053
5167 4 2 3 1 1013 1040 780 1075
5168 4 2 3 1 686 78 641 303
5169 4 2 3 1 737 1022 885 1118
5170 4 2 3 1 295 296 268 934
5171 4 2 3 1 160 159 210 1082
5172 4 2 3 1 111 692 640 624
5173 4 2 3 1 483 93 416 432
5174 4 2 3 1 112 624 532 635
5175 4 2 3 1 103 425 531 520
5176 4 2 3 1 769 994 908 1115
5177 4 2 3 1 765 876 975 1117
5178 4 2 3 1 680 681 918 1081
5179 4 2 3 1 744 932 892 1032
5180 4 2 3 1 507 61 298 227
5181 4 2 3 1 722 690 725 1096
5182 4 2 3 1 501 441 443 1044
5183 4 2 3 1 361 406 332 963
5184 4 2 3 1 687 635 113 587
5185 4 2 3 1 104 480 583 531
5186 4 2 3 1 374 86 691 322
5187 4 2 3 1 376 95 426 478
5188 4 2 3 1 421 407 334 1121
5189 4 2 3 1 940 995 773 1095
5190 4 2 3 1 562 560 559 1003
5191 4 2 3 1 633 726 725 1076
5192 4 2 3 1 727 726 686 1076
5193 4 2 3 1 352 393 348 1054
5194 4 2 3 1 627 611 595 876
5195 4 2 3 1 561 557 563 1059
5196 4 2 3 1 195 129 165 908
5197 4 2 3 1 791 1050 1009 1057
5198 4 2 3 1 843 1006 808 1076
5199 4 2 3 1 543 610 574 908
5200 4 2 3 1 715 718 699 879
5201 4 2 3 1 752 896 961 1109
5202 4 2 3 1 525 468 511 1061
5203 4 2 3 1 773 995 882 1089
5204 4 2 3 1 484 969 483 1127
5205 4 2 3 1 780 864 1013 1075
5206 4 2 3 1 322 86 691 636
5207 4 2 3 1 532 113 635 587
5208 4 2 3 1 95 426 321 376
5209 4 2 3 1 104 425 480 531
5210 4 2 3 1 747 1042 998 1088
5211 4 2 3 1 770 1081 918 1132
5212 4 2 3 1 928 1012 770 1102
5213 4 2 3 1 344 347 345 1087
5214 4 2 3 1 228 266 267 985
5215 4 2 3 1 712 730 646 876
5216 4 2 3 1 653 651 652 977
5217 4 2 3 1 776 867 1018 1139
5218 4 2 3 1 776 993 852 1139
5219 4 2 3 1 658 708 710 1110
5220 4 2 3 1 675 687 642 975
5221 4 2 3 1 735 695 662 1023
5222 4 2 3 1 301 234 318 915
5223 4 2 3 1 614 595 611 876
5224 4 2 3 1 354 356 352 1068
5225 4 2 3 1 351 390 354 1068
5226 4 2 3 1 351 352 348 1068
5227 4 2 3 1 157 148 149 886
5228 4 2 3 1 578 580 532 948
5229 4 2 3 1 150 1047 200 1092
5230 4 2 3 1 328 381 395 918
5231 4 2 3 1 381 382 404 1102
5232 4 2 3 1 675 975 719 1117
5233 4 2 3 1 351 353 390 1026
5234 4 2 3 1 746 882 995 1101
5235 4 2 3 1 659 662 707 1011
5236 4 2 3 1 291 287 293 870
5237 4 2 3 1 749 1009 1050 1057
5238 4 2 3 1 558 591 613 966
5239 4 2 3 1 573 574 539 960
5240 4 2 3 1 165 164 126 960
5241 4 2 3 1 736 702 994 1058
5242 4 2 3 1 334 407 401 879
5243 4 2 3 1 603 563 557 976
5244 4 2 3 1 853 765 1078 1117
5245 4 2 3 1 578 532 624 948
5246 4 2 3 1 480 465 436 1029
5247 4 2 3 1 496 907 482 1138
5248 4 2 3 1 398 1020 399 1093
5249 4 2 3 1 339 397 337 1049
5250 4 2 3 1 362 372 398 895
5251 4 2 3 1 765 1037 838 1078
5252 4 2 3 1 288 253 256 942
5253 4 2 3 1 632 599 541 997
5254 4 2 3 1 928 982 770 1055
5255 4 2 3 1 938 992 771 1082
5256 4 2 3 1 507 493 510 903
5257 4 2 3 1 171 118 172 1107
5258 4 2 3 1 612 591 631 875
5259 4 2 3 1 712 646 719 876
5260 4 2 3 1 770 928 1102 1126
5261 4 2 3 1 531 588 103 520
5262 4 2 3 1 624 112 692 635
5263 4 2 3 1 411 972 325 1108
5264 4 2 3 1 48 384 325 1108
5265 4 2 3 1 422 329 403 958
5266 4 2 3 1 284 299 230 950
5267 4 2 3 1 770 1102 913 1132
5268 4 2 3 1 867 1011 776 1120
5269 4 2 3 1 407 879 334 1121
5270 4 2 3 1 587 569 540 975
5271 4 2 3 1 416 326 370 969
5272 4 2 3 1 490 482 481 1074
5273 4 2 3 1 819 1106 1047 1107
5274 4 2 3 1 739 1048 1028 1124
5275 4 2 3 1 403 389 406 915
5276 4 2 3 1 714 647 732 928
5277 4 2 3 1 700 694 701 949
5278 4 2 3 1 770 918 1102 1132
5279 4 2 3 1 791 1057 1009 1080
5280 4 2 3 1 250 259 251 946
5281 4 2 3 1 1047 1106 880 1107
5282 4 2 3 1 829 1074 907 1138
5283 4 2 3 1 724 680 918 1126
5284 4 2 3 1 191 210 125 1082
5285 4 2 3 1 652 689 705 898
5286 4 2 3 1 283 972 391 1121
5287 4 2 3 1 320 301 229 958
5288 4 2 3 1 724 680 639 918
5289 4 2 3 1 446 445 447 1094
5290 4 2 3 1 507 522 493 903
5291 4 2 3 1 176 127 206 965
5292 4 2 3 1 496 482 527 1138
5293 4 2 3 1 439 504 470 938
5294 4 2 3 1 656 662 659 1011
5295 4 2 3 1 325 972 226 1108
5296 4 2 3 1 66 534 223 1024
5297 4 2 3 1 282 586 66 1024
5298 4 2 3 1 425 520 474 905
5299 4 2 3 1 399 371 373 1020
5300 4 2 3 1 630 537 595 985
5301 4 2 3 1 444 482 496 907
5302 4 2 3 1 634 1106 649 1107
5303 4 2 3 1 592 588 531 905
5304 4 2 3 1 778 1013 1053 1101
5305 4 2 3 1 852 993 776 1116
5306 4 2 3 1 304 264 285 931
5307 4 2 3 1 776 1018 993 1139
5308 4 2 3 1 780 1040 1013 1053
5309 4 2 3 1 342 397 339 1046
5310 4 2 3 1 201 643 42 128
5311 4 2 3 1 388 402 333 928
5312 4 2 3 1 995 1089 773 1095
5313 4 2 3 1 399 398 371 1020
5314 4 2 3 1 492 506 437 925
5315 4 2 3 1 425 474 476 905
5316 4 2 3 1 312 227 277 909
5317 4 2 3 1 202 199 132 925
5318 4 2 3 1 345 347 348 1054
5319 4 2 3 1 48 226 281 1108
5320 4 2 3 1 744 932 1032 1078
5321 4 2 3 1 709 649 651 1106
5322 4 2 3 1 498 509 487 1127
5323 4 2 3 1 178 177 120 866
5324 4 2 3 1 236 238 295 990
5325 4 2 3 1 928 770 1012 1055
5326 4 2 3 1 778 1040 974 1053
5327 4 2 3 1 300 230 303 950
5328 4 2 3 1 483 945 487 1127
5329 4 2 3 1 608 542 615 903
5330 4 2 3 1 586 534 66 1024
5331 4 2 3 1 66 223 282 1024
5332 4 2 3 1 191 196 130 938
5333 4 2 3 1 400 335 420 925
5334 4 2 3 1 347 348 1054 1086
5335 4 2 3 1 452 453 455 1090
5336 4 2 3 1 980 1013 864 1075
5337 4 2 3 1 680 681 639 918
5338 4 2 3 1 593 559 561 1084
5339 4 2 3 1 542 608 626 903
5340 4 2 3 1 685 654 711 1063
5341 4 2 3 1 520 474 905 1130
5342 4 2 3 1 926 1032 892 1134
5343 4 2 3 1 171 169 118 880
5344 4 2 3 1 739 1028 1002 1124
5345 4 2 3 1 645 729 713 908
5346 4 2 3 1 370 326 369 969
5347 4 2 3 1 540 569 614 975
5348 4 2 3 1 720 696 635 948
5349 4 2 3 1 625 609 541 938
5350 4 2 3 1 746 995 1053 1101
5351 4 2 3 1 128 182 198 982
5352 4 2 3 1 559 1059 561 1084
5353 4 2 3 1 790 1009 1057 1080
5354 4 2 3 1 805 1085 1011 1139
5355 4 2 3 1 162 202 183 1097
5356 4 2 3 1 505 438 511 915
5357 4 2 3 1 457 494 455 1090
5358 4 2 3 1 778 1013 1040 1053
5359 4 2 3 1 675 642 719 975
5360 4 2 3 1 449 447 448 1094
5361 4 2 3 1 457 467 468 1061
5362 4 2 3 1 643 677 678 982
5363 4 2 3 1 495 516 525 931
5364 4 2 3 1 470 992 469 1131
5365 4 2 3 1 75 690 638 1096
5366 4 2 3 1 559 556 557 1059
5367 4 2 3 1 706 1085 890 1110
5368 4 2 3 1 607 1000 581 1103
5369 4 2 3 1 273 302 274 999
5370 4 2 3 1 752 1064 896 1109
5371 4 2 3 1 736 716 702 1058
5372 4 2 3 1 487 426 512 945
5373 4 2 3 1 619 629 600 870
5374 4 2 3 1 884 777 1042 1094
5375 4 2 3 1 306 311 226 972
5376 4 2 3 1 791 926 1050 1057
5377 4 2 3 1 350 344 392 1087
5378 4 2 3 1 48 281 384 1108
5379 4 2 3 1 723 733 704 924
5380 4 2 3 1 945 969 764 1127
5381 4 2 3 1 75 638 224 1096
5382 4 2 3 1 470 469 471 1131
5383 4 2 3 1 329 422 415 958
5384 4 2 3 1 46 334 233 1121
5385 4 2 3 1 607 606 579 1000
5386 4 2 3 1 131 182 197 928
5387 4 2 3 1 389 403 418 915
5388 4 2 3 1 118 169 211 880
5389 4 2 3 1 918 1081 827 1132
5390 4 2 3 1 647 333 928 1126
5391 4 2 3 1 226 972 311 1108
5392 4 2 3 1 384 413 411 1108
5393 4 2 3 1 993 1018 776 1072
5394 4 2 3 1 131 197 217 928
5395 4 2 3 1 498 459 453 900
5396 4 2 3 1 772 1060 891 1128
5397 4 2 3 1 511 468 467 1061
5398 4 2 3 1 684 991 721 1105
5399 4 2 3 1 530 32 117 1122
5400 4 2 3 1 170 173 194 1005
5401 4 2 3 1 169 211 880 1136
5402 4 2 3 1 218 202 163 1097
5403 4 2 3 1 581 607 579 1000
5404 4 2 3 1 918 680 1081 1126
5405 4 2 3 1 445 496 448 1094
5406 4 2 3 1 271 224 270 1096
5407 4 2 3 1 168 166 167 1115
5408 4 2 3 1 784 1103 872 1124
5409 4 2 3 1 1002 1028 784 1124
5410 4 2 3 1 453 459 457 1090
5411 4 2 3 1 564 621 622 1079
5412 4 2 3 1 776 1011 867 1139
5413 4 2 3 1 946 1060 772 1128
5414 4 2 3 1 464 510 465 1029
5415 4 2 3 1 433 526 519 909
5416 4 2 3 1 129 195 215 908
5417 4 2 3 1 610 543 628 908
5418 4 2 3 1 404 423 378 913
5419 4 2 3 1 391 325 412 972
5420 4 2 3 1 879 1052 766 1121
5421 4 2 3 1 568 614 569 1037
5422 4 2 3 1 684 674 721 991
5423 4 2 3 1 168 170 194 1005
5424 4 2 3 1 708 706 669 1110
5425 4 2 3 1 773 1018 993 1072
5426 4 2 3 1 308 320 229 958
5427 4 2 3 1 359 357 358 1114
5428 4 2 3 1 505 523 438 915
5429 4 2 3 1 716 735 689 1058
5430 4 2 3 1 418 301 53 318
5431 4 2 3 1 417 333 402 928
5432 4 2 3 1 78 641 303 230
5433 4 2 3 1 214 130 196 938
5434 4 2 3 1 365 367 366 1014
5435 4 2 3 1 675 676 665 1117
5436 4 2 3 1 467 435 511 963
5437 4 2 3 1 932 892 1064 1109
5438 4 2 3 1 485 528 499 904
5439 4 2 3 1 304 320 265 1123
5440 4 2 3 1 132 199 216 925
5441 4 2 3 1 573 575 574 1041
5442 4 2 3 1 414 358 356 1114
5443 4 2 3 1 426 487 483 945
5444 4 2 3 1 284 306 283 1121
5445 4 2 3 1 439 524 504 938
5446 4 2 3 1 1011 1085 867 1139
5447 4 2 3 1 357 356 358 1114
5448 4 2 3 1 306 972 283 1121
5449 4 2 3 1 346 399 343 1093
5450 4 2 3 1 437 506 521 925
5451 4 2 3 1 738 1091 944 1111
5452 4 2 3 1 273 252 302 999
5453 4 2 3 1 361 360 406 1027
5454 4 2 3 1 57 488 429 1077
5455 4 2 3 1 561 1036 572 1084
5456 4 2 3 1 46 233 283 1121
5457 4 2 3 1 245 1060 251 1128
5458 4 2 3 1 391 972 412 1121
5459 4 2 3 1 778 995 1089 1101
5460 4 2 3 1 313 690 75 1096
5461 4 2 3 1 554 606 607 1066
5462 4 2 3 1 146 150 200 1092
5463 4 2 3 1 284 230 300 950
5464 4 2 3 1 385 179 12 1135
5465 4 2 3 1 680 678 679 1081
5466 4 2 3 1 641 734 727 950
5467 4 2 3 1 301 418 53 403
5468 4 2 3 1 334 46 391 1121
5469 4 2 3 1 195 610 35 628
5470 4 2 3 1 778 1053 995 1101
5471 4 2 3 1 551 554 607 1066
5472 4 2 3 1 782 892 1032 1134
5473 4 2 3 1 739 933 1048 1124
5474 4 2 3 1 464 463 462 952
5475 4 2 3 1 279 488 57 1077
5476 4 2 3 1 248 246 247 1073
5477 4 2 3 1 32 133 117 1122
5478 4 2 3 1 530 544 32 1122
5479 4 2 3 1 359 396 357 1083
5480 4 2 3 1 711 683 685 1063
5481 4 2 3 1 630 623 537 985
5482 4 2 3 1 317 231 72 730
5483 4 2 3 1 741 1013 980 1075
5484 4 2 3 1 882 1089 995 1101
5485 4 2 3 1 506 132 18 521
5486 4 2 3 1 733 676 719 1117
5487 4 2 3 1 248 1073 247 1129
5488 4 2 3 1 145 153 187 978
5489 4 2 3 1 89 419 401 715
5490 4 2 3 1 730 611 712 116
5491 4 2 3 1 75 224 313 1096
5492 4 2 3 1 165 166 164 1115
5493 4 2 3 1 245 250 251 1060
5494 4 2 3 1 717 662 695 1023
5495 4 2 3 1 752 932 1064 1109
5496 4 2 3 1 98 505 389 523
5497 4 2 3 1 626 107 493 608
5498 4 2 3 1 544 133 32 1122
5499 4 2 3 1 168 122 169 1136
5500 4 2 3 1 215 729 36 129
5501 4 2 3 1 417 732 81 647
5502 4 2 3 1 420 335 90 521
5503 4 2 3 1 364 412 390 1026
5504 4 2 3 1 565 567 604 1098
5505 4 2 3 1 635 696 692 948
5506 4 2 3 1 784 968 1002 1124
5507 4 2 3 1 281 311 310 1108
5508 4 2 3 1 572 619 593 1084
5509 4 2 3 1 628 35 195 215
5510 4 2 3 1 454 509 498 922
5511 4 2 3 1 429 225 57 1077
5512 4 2 3 1 350 347 344 1087
5513 4 2 3 1 385 12 327 1135
5514 4 2 3 1 590 597 596 971
5515 4 2 3 1 342 373 397 1046
5516 4 2 3 1 473 474 430 1130
5517 4 2 3 1 397 367 365 1014
5518 4 2 3 1 283 391 46 1121
5519 4 2 3 1 226 283 306 972
5520 4 2 3 1 419 89 731 715
5521 4 2 3 1 116 730 611 627
5522 4 2 3 1 231 646 72 730
5523 4 2 3 1 389 418 98 523
5524 4 2 3 1 626 107 522 493
5525 4 2 3 1 260 264 265 1123
5526 4 2 3 1 82 724 395 1126
5527 4 2 3 1 216 18 132 521
5528 4 2 3 1 486 484 509 1127
5529 4 2 3 1 150 171 200 1047
5530 4 2 3 1 220 77 633 1076
5531 4 2 3 1 189 160 191 1082
5532 4 2 3 1 129 729 36 645
5533 4 2 3 1 333 417 81 647
5534 4 2 3 1 437 90 335 521
5535 4 2 3 1 647 678 680 1126
5536 4 2 3 1 472 471 473 1131
5537 4 2 3 1 327 12 124 1135
5538 4 2 3 1 349 347 394 1086
5539 4 2 3 1 336 176 14 1112
5540 4 2 3 1 491 492 490 996
5541 4 2 3 1 30 121 533 1113
5542 4 2 3 1 180 30 594 1113
5543 4 2 3 1 14 119 323 1112
5544 4 2 3 1 282 223 276 1024
5545 4 2 3 1 162 158 163 1097
5546 4 2 3 1 575 573 605 1041
5547 4 2 3 1 430 102 536 1130
5548 4 2 3 1 197 44 732 714
5549 4 2 3 1 454 527 486 1138
5550 4 2 3 1 556 602 553 1007
5551 4 2 3 1 99 524 609 625
5552 4 2 3 1 628 108 729 713
5553 4 2 3 1 482 508 527 1074
5554 4 2 3 1 179 124 12 1135
5555 4 2 3 1 196 504 26 524
5556 4 2 3 1 686 633 77 1076
5557 4 2 3 1 283 233 284 1121
5558 4 2 3 1 363 331 407 1052
5559 4 2 3 1 245 249 250 1060
5560 4 2 3 1 443 441 442 1044
5561 4 2 3 1 680 679 681 1081
5562 4 2 3 1 421 391 412 1121
5563 4 2 3 1 225 279 57 1077
5564 4 2 3 1 333 82 395 1126
5565 4 2 3 1 216 400 17 420
5566 4 2 3 1 496 454 448 1138
5567 4 2 3 1 684 710 674 991
5568 4 2 3 1 386 387 388 1012
5569 4 2 3 1 564 622 566 1079
5570 4 2 3 1 567 568 569 1037
5571 4 2 3 1 71 317 627 297
5572 4 2 3 1 703 736 702 994
5573 4 2 3 1 598 599 632 997
5574 4 2 3 1 400 17 199 216
5575 4 2 3 1 82 333 647 1126
5576 4 2 3 1 572 561 571 1036
5577 4 2 3 1 653 656 655 1120
5578 4 2 3 1 297 627 71 595
5579 4 2 3 1 182 213 198 1055
5580 4 2 3 1 217 44 732 197
5581 4 2 3 1 175 23 440 1099
5582 4 2 3 1 233 45 319 419
5583 4 2 3 1 649 650 651 1106
5584 4 2 3 1 117 133 134 1122
5585 4 2 3 1 545 544 530 1122
5586 4 2 3 1 45 233 334 419
5587 4 2 3 1 82 647 724 1126
5588 4 2 3 1 717 707 662 1023
5589 4 2 3 1 698 39 637 1136
5590 4 2 3 1 327 377 385 1135
5591 4 2 3 1 214 196 26 524
5592 4 2 3 1 657 660 706 1085
5593 4 2 3 1 355 394 383 1019
5594 4 2 3 1 122 637 39 1136
5595 4 2 3 1 292 294 263 1125
5596 4 2 3 1 675 719 676 1117
5597 4 2 3 1 626 63 232 316
5598 4 2 3 1 14 323 336 1112
5599 4 2 3 1 176 119 14 1112
5600 4 2 3 1 542 63 232 626
5601 4 2 3 1 30 180 121 1113
5602 4 2 3 1 533 594 30 1113
5603 4 2 3 1 291 293 262 1100
5604 4 2 3 1 571 615 572 1036
5605 4 2 3 1 469 470 434 992
5606 4 2 3 1 54 523 234 438
5607 4 2 3 1 524 609 439 99
5608 4 2 3 1 628 108 713 543
5609 4 2 3 1 54 523 318 234
5610 4 2 3 1 688 698 637 1136
5611 4 2 3 1 408 355 383 1019
5612 4 2 3 1 607 581 550 1103
5613 4 2 3 1 23 427 440 1099
5614 4 2 3 1 483 487 484 1127
5615 4 2 3 1 430 520 102 1130
5616 4 2 3 1 27 214 625 130
5617 4 2 3 1 636 721 691 1105
5618 4 2 3 1 130 625 27 541
5619 4 2 3 1 206 127 218 965
5620 4 2 3 1 440 427 441 1099
5621 4 2 3 1 593 561 572 1084
5622 4 2 3 1 588 536 102 1130
5623 4 2 3 1 363 407 364 1052
5624 4 2 3 1 634 41 118 1107
5625 4 2 3 1 360 361 359 1027
5626 4 2 3 1 337 338 339 1049
5627 4 2 3 1 146 200 152 1092
5628 4 2 3 1 246 244 247 1073
5629 4 2 3 1 41 634 648 1107
5630 4 2 3 1 570 604 567 1098
5631 4 2 3 1 289 245 251 1128
5632 4 2 3 1 277 479 59 1137
5633 4 2 3 1 689 702 716 1058
5634 4 2 3 1 180 174 121 1113
5635 4 2 3 1 584 594 533 1113
5636 4 2 3 1 323 337 336 1112
5637 4 2 3 1 298 522 62 507
5638 4 2 3 1 398 399 346 1093
5639 4 2 3 1 299 80 699 731
5640 4 2 3 1 605 550 581 1103
5641 4 2 3 1 588 102 520 1130
5642 4 2 3 1 254 248 253 1129
5643 4 2 3 1 80 299 319 731
5644 4 2 3 1 316 522 62 298
5645 4 2 3 1 638 690 722 1096
5646 4 2 3 1 51 50 278 375
5647 4 2 3 1 29 30 121 533
5648 4 2 3 1 534 65 66 223
5649 4 2 3 1 219 68 67 529
5650 4 2 3 1 117 31 32 530
5651 4 2 3 1 586 66 67 282
5652 4 2 3 1 30 31 180 594
5653 4 2 3 1 176 14 15 336
5654 4 2 3 1 69 68 235 582
5655 4 2 3 1 324 49 50 221
5656 4 2 3 1 119 13 14 323
5657 4 2 3 1 204 213 182 1055
5658 4 2 3 1 544 33 32 133
5659 4 2 3 1 384 411 325 1108
5660 4 2 3 1 436 465 510 1029
5661 4 2 3 1 698 211 39 1136
5662 4 2 3 1 648 634 649 1107
5663 4 2 3 1 265 264 304 1123
5664 4 2 3 1 539 34 33 126
5665 4 2 3 1 315 254 288 1070
5666 4 2 3 1 23 120 427 1099
5667 4 2 3 1 659 660 657 1085
5668 4 2 3 1 348 393 345 1054
5669 4 2 3 1 301 53 52 403
5670 4 2 3 1 396 359 362 1083
5671 4 2 3 1 686 77 303 1076
5672 4 2 3 1 653 705 656 1120
5673 4 2 3 1 424 404 388 1102
5674 4 2 3 1 171 172 200 1047
5675 4 2 3 1 289 251 292 1128
5676 4 2 3 1 281 226 311 1108
5677 4 2 3 1 248 247 253 1129
5678 4 2 3 1 59 479 428 1137
5679 4 2 3 1 220 303 77 1076
5680 4 2 3 1 49 48 281 384
5681 4 2 3 1 179 12 13 385
5682 4 2 3 1 586 618 534 1024
5683 4 2 3 1 351 354 352 1068
5684 4 2 3 1 122 39 211 1136
5685 4 2 3 1 277 60 59 479
5686 4 2 3 1 440 24 23 175
5687 4 2 3 1 83 84 328 639
5688 4 2 3 1 92 93 432 326
5689 4 2 3 1 535 110 640 111
5690 4 2 3 1 101 430 102 536
5691 4 2 3 1 122 38 39 637
5692 4 2 3 1 74 75 638 224
5693 4 2 3 1 175 120 23 1099
5694 4 2 3 1 12 11 327 124
5695 4 2 3 1 325 47 48 226
5696 4 2 3 1 353 364 390 1026
5697 4 2 3 1 76 77 633 220
5698 4 2 3 1 634 41 40 118
5699 4 2 3 1 58 57 279 488
5700 4 2 3 1 489 22 21 177
5701 4 2 3 1 490 508 482 1074
5702 4 2 3 1 123 20 21 431
5703 4 2 3 1 57 56 225 429
5704 4 2 3 1 708 658 706 1110
5705 4 2 3 1 46 45 233 334
5706 4 2 3 1 59 428 222 1137
5707 4 2 3 1 347 349 348 1086
5708 4 2 3 1 72 73 646 231
5709 4 2 3 1 10 9 402 131
5710 4 2 3 1 561 559 557 1059
5711 4 2 3 1 64 63 232 542
5712 4 2 3 1 129 36 37 645
5713 4 2 3 1 636 684 721 1105
5714 4 2 3 1 333 81 82 647
5715 4 2 3 1 335 91 90 437
5716 4 2 3 1 331 87 88 644
5717 4 2 3 1 540 114 642 115
5718 4 2 3 1 16 17 199 400
5719 4 2 3 1 234 55 54 438
5720 4 2 3 1 297 71 70 595
5721 4 2 3 1 70 69 228 537
5722 4 2 3 1 130 27 28 541
5723 4 2 3 1 35 34 610 195
5724 4 2 3 1 305 279 225 1077
5725 4 2 3 1 16 15 330 127
5726 4 2 3 1 132 18 19 506
5727 4 2 3 1 41 648 201 1107
5728 4 2 3 1 183 19 20 491
5729 4 2 3 1 125 24 25 434
5730 4 2 3 1 163 202 162 1097
5731 4 2 3 1 10 11 181 387
5732 4 2 3 1 298 62 61 507
5733 4 2 3 1 404 424 381 1102
5734 4 2 3 1 448 447 445 1094
5735 4 2 3 1 97 505 389 98
5736 4 2 3 1 106 493 107 608
5737 4 2 3 1 699 79 80 299
5738 4 2 3 1 106 538 105 436
5739 4 2 3 1 332 96 435 97
5740 4 2 3 1 262 293 312 1100
5741 4 2 3 1 26 25 504 196
5742 4 2 3 1 609 100 439 99
5743 4 2 3 1 109 713 108 543
5744 4 2 3 1 420 2 216 521
5745 4 2 3 1 417 1 732 217
5746 4 2 3 1 3 214 524 625
5747 4 2 3 1 4 628 729 215
5748 4 2 3 1 7 626 522 316
5749 4 2 3 1 8 317 730 627
5750 4 2 3 1 523 418 6 318
5751 4 2 3 1 731 319 5 419
5752 4 2 3 1 43 44 197 714
5753 4 2 3 1 201 118 41 1107
5754 4 2 3 1 274 303 220 1076
5755 4 2 3 1 43 42 643 128
5756 4 2 3 1 277 59 222 1137
5757 4 2 3 1 85 86 322 636
5758 4 2 3 1 112 532 113 635
5759 4 2 3 1 321 426 95 94
5760 4 2 3 1 531 104 425 103
5761 4 2 3 1 589 536 588 1130
5762 4 2 3 1 315 288 306 1070
5763 4 2 3 1 724 647 680 1126
5764 4 2 3 1 333 395 424 1126
5765 4 2 3 1 313 224 271 1096
5766 4 2 3 1 455 453 457 1090
5767 4 2 3 1 334 391 421 1121
5768 4 2 3 1 185 28 29 599
5769 4 2 3 1 88 89 401 715
5770 4 2 3 1 611 115 712 116
5771 4 2 3 1 429 488 515 1077
5772 4 2 3 1 520 430 474 1130
5773 4 2 3 1 124 179 209 1135
5774 4 2 3 1 229 52 51 329
5775 4 2 3 1 167 166 165 1115
5776 4 2 3 1 207 119 176 1112
5777 4 2 3 1 428 479 518 1137
5778 4 2 3 1 726 633 686 1076
5779 4 2 3 1 120 175 212 1099
5780 4 2 3 1 56 55 285 495
5781 4 2 3 1 263 294 309 1125
5782 4 2 3 1 64 65 600 287
5783 4 2 3 1 428 58 59 222
5784 4 2 3 1 120 22 23 427
5785 4 2 3 1 433 60 61 227
5786 4 2 3 1 509 484 487 1127
5787 4 2 3 1 283 47 46 391
5788 4 2 3 1 472 470 471 1131
5789 4 2 3 1 583 105 480 104
5790 4 2 3 1 114 687 113 587
5791 4 2 3 1 478 376 95 96
5792 4 2 3 1 691 87 86 374
5793 4 2 3 1 191 160 210 1082
5794 4 2 3 1 596 101 514 100
5795 4 2 3 1 109 620 110 700
5796 4 2 3 1 641 78 79 230
5797 4 2 3 1 222 314 277 1137
5798 4 2 3 1 122 211 169 1136
5799 4 2 3 1 172 118 201 1107
5800 4 2 3 1 313 76 75 690
5801 4 2 3 1 211 39 40 698
5802 4 2 3 1 9 1 417 217
5803 4 2 3 1 216 2 18 521
5804 4 2 3 1 8 730 116 627
5805 4 2 3 1 7 626 107 522
5806 4 2 3 1 214 26 3 524
5807 4 2 3 1 5 89 731 419
5808 4 2 3 1 98 418 6 523
5809 4 2 3 1 628 4 35 215
5810 4 2 3 1 732 1 44 217
5811 4 2 3 1 499 91 92 410
5812 4 2 3 1 395 82 83 724
5813 4 2 3 1 205 37 38 703
5814 4 2 3 1 77 78 686 303
5815 4 2 3 1 42 41 648 201
5816 4 2 3 1 496 527 454 1138
5817 4 2 3 1 99 3 524 625
5818 4 2 3 1 4 628 108 729
5819 4 2 3 1 73 74 704 307
5820 4 2 3 1 216 17 2 420
5821 4 2 3 1 522 62 7 316
5822 4 2 3 1 418 53 6 318
5823 4 2 3 1 317 8 71 627
5824 4 2 3 1 319 5 80 731
5825 4 2 3 1 626 7 63 316
5826 4 2 3 1 317 72 8 730
5827 4 2 3 1 6 54 523 318
5828 4 2 3 1 319 45 5 419
5829 4 2 3 1 729 36 4 215
5830 4 2 3 1 214 3 27 625
5831 4 2 3 1 732 81 1 417
5832 4 2 3 1 90 2 420 521
5833 4 2 3 1 588 102 103 520
5834 4 2 3 1 111 112 692 624
5835 4 2 3 1 94 93 416 483
5836 4 2 3 1 85 84 728 379
5837 4 2 3 1 922 806 451 884
5838 4 2 3 1 922 451 806 900
5839 4 2 3 1 942 263 255 256
5840 4 2 3 1 942 255 263 911
5841 4 2 3 1 1106 898 757 880
5842 4 2 3 1 1106 757 898 977
5843 4 2 3 1 1054 748 834 794
5844 4 2 3 1 1054 834 748 887
5845 4 2 3 1 855 824 477 473
5846 4 2 3 1 855 477 824 939
5847 4 2 3 1 475 477 824 473
5848 4 2 3 1 475 824 477 939
5849 4 2 3 1 1090 459 1061 900
5850 4 2 3 1 1090 1061 459 457
5851 4 2 3 1 1051 861 884 747
5852 4 2 3 1 1051 884 861 902
5853 4 2 3 1 1027 409 963 361
5854 4 2 3 1 1027 963 409 785
5855 4 2 3 1 1000 578 577 873
5856 4 2 3 1 1000 577 578 579
5857 4 2 3 1 1056 772 775 981
5858 4 2 3 1 1056 775 772 989
5859 4 2 3 1 1033 777 1038 829
5860 4 2 3 1 1033 1038 777 980
5861 4 2 3 1 475 1130 939 474
5862 4 2 3 1 939 1130 475 824
5863 4 2 3 1 1045 830 761 836
5864 4 2 3 1 1045 761 830 850
5865 4 2 3 1 1087 423 839 801
5866 4 2 3 1 1087 839 423 350
5867 4 2 3 1 1125 308 1123 294
5868 4 2 3 1 1125 1123 308 830
5869 4 2 3 1 861 930 1051 783
5870 4 2 3 1 1051 930 861 747
5871 4 2 3 1 1063 894 758 991
5872 4 2 3 1 1063 758 894 827
5873 4 2 3 1 597 997 612 632
5874 4 2 3 1 612 997 597 971
5875 4 2 3 1 1129 911 247 255
5876 4 2 3 1 1129 247 911 803
5877 4 2 3 1 875 601 966 631
5878 4 2 3 1 875 966 601 796
5879 4 2 3 1 558 966 601 631
5880 4 2 3 1 558 601 966 796
5881 4 2 3 1 945 459 785 512
5882 4 2 3 1 945 785 459 900
5883 4 2 3 1 899 980 907 777
5884 4 2 3 1 907 980 899 756
5885 4 2 3 1 804 393 906 1054
5886 4 2 3 1 804 906 393 1083
5887 4 2 3 1 1031 748 801 956
5888 4 2 3 1 1031 801 748 834
5889 4 2 3 1 671 1110 991 708
5890 4 2 3 1 991 1110 671 781
5891 4 2 3 1 1097 192 158 163
5892 4 2 3 1 1097 158 192 854
5893 4 2 3 1 990 239 845 962
5894 4 2 3 1 990 845 239 238
5895 4 2 3 1 978 1092 860 145
5896 4 2 3 1 860 1092 978 779
5897 4 2 3 1 379 639 84 728
5898 4 2 3 1 379 84 639 328
5899 4 2 3 1 1068 413 826 354
5900 4 2 3 1 1068 826 413 869
5901 4 2 3 1 1108 826 413 354
5902 4 2 3 1 1108 413 826 869
5903 4 2 3 1 1077 494 929 515
5904 4 2 3 1 1077 929 494 807
5905 4 2 3 1 190 854 192 158
5906 4 2 3 1 190 192 854 893
5907 4 2 3 1 902 497 884 861
5908 4 2 3 1 450 497 884 449
5909 4 2 3 1 450 884 497 861
5910 4 2 3 1 1041 576 832 575
5911 4 2 3 1 1041 832 576 949
5912 4 2 3 1 1096 633 725 843
5913 4 2 3 1 1096 725 633 690
5914 4 2 3 1 1106 677 1107 819
5915 4 2 3 1 1106 1107 677 649
5916 4 2 3 1 950 672 718 734
5917 4 2 3 1 950 718 672 917
5918 4 2 3 1 853 663 697 665
5919 4 2 3 1 853 697 663 916
5920 4 2 3 1 888 152 1092 151
5921 4 2 3 1 888 1092 152 848
5922 4 2 3 1 1017 1001 989 743
5923 4 2 3 1 1017 989 1001 786
5924 4 2 3 1 324 1108 413 384
5925 4 2 3 1 413 1108 324 869
5926 4 2 3 1 1108 221 310 281
5927 4 2 3 1 1108 310 221 869
5928 4 2 3 1 1029 493 608 903
5929 4 2 3 1 1029 608 493 436
5930 4 2 3 1 1029 608 615 903
5931 4 2 3 1 1029 615 608 538
5932 4 2 3 1 1020 370 369 969
5933 4 2 3 1 1020 369 370 371
5934 4 2 3 1 1003 621 1024 562
5935 4 2 3 1 1003 1024 621 858
5936 4 2 3 1 492 1074 528 508
5937 4 2 3 1 528 1074 492 996
5938 4 2 3 1 1000 580 606 579
5939 4 2 3 1 1000 606 580 881
5940 4 2 3 1 912 1010 1133 738
5941 4 2 3 1 1133 1010 912 793
5942 4 2 3 1 1122 1041 545 573
5943 4 2 3 1 1122 545 1041 810
5944 4 2 3 1 127 400 965 330
5945 4 2 3 1 965 400 127 199
5946 4 2 3 1 1077 458 517 515
5947 4 2 3 1 1077 517 458 862
5948 4 2 3 1 1081 819 677 954
5949 4 2 3 1 1081 677 819 982
5950 4 2 3 1 670 1076 1006 726
5951 4 2 3 1 1006 1076 670 808
5952 4 2 3 1 704 224 74 638
5953 4 2 3 1 74 224 704 307
5954 4 2 3 1 1070 1108 826 942
5955 4 2 3 1 826 1108 1070 972
5956 4 2 3 1 1126 982 770 928
5957 4 2 3 1 1126 770 982 1081
5958 4 2 3 1 927 1104 834 794
5959 4 2 3 1 927 834 1104 842
5960 4 2 3 1 1086 834 1104 794
5961 4 2 3 1 1086 1104 834 842
5962 4 2 3 1 1015 240 241 242
5963 4 2 3 1 1015 241 240 845
5964 4 2 3 1 964 1080 892 791
5965 4 2 3 1 892 1080 964 815
5966 4 2 3 1 1012 131 182 181
5967 4 2 3 1 1012 182 131 928
5968 4 2 3 1 766 1052 986 1026
5969 4 2 3 1 766 986 1052 817
5970 4 2 3 1 842 986 1052 1026
5971 4 2 3 1 842 1052 986 817
5972 4 2 3 1 596 439 100 514
5973 4 2 3 1 100 439 596 609
5974 4 2 3 1 700 543 109 620
5975 4 2 3 1 700 109 543 713
5976 4 2 3 1 1005 150 1047 170
5977 4 2 3 1 1005 1047 150 868
5978 4 2 3 1 1087 343 345 344
5979 4 2 3 1 1087 345 343 887
5980 4 2 3 1 1020 372 398 371
5981 4 2 3 1 1020 398 372 895
5982 4 2 3 1 1058 695 694 716
5983 4 2 3 1 1058 694 695 833
5984 4 2 3 1 1031 1095 809 956
5985 4 2 3 1 809 1095 1031 897
5986 4 2 3 1 992 196 1082 938
5987 4 2 3 1 992 1082 196 125
5988 4 2 3 1 191 1082 196 938
5989 4 2 3 1 191 196 1082 125
5990 4 2 3 1 263 869 309 310
5991 4 2 3 1 263 309 869 1125
5992 4 2 3 1 1055 152 186 213
5993 4 2 3 1 1055 186 152 848
5994 4 2 3 1 1077 280 946 305
5995 4 2 3 1 1077 946 280 862
5996 4 2 3 1 724 328 918 639
5997 4 2 3 1 724 918 328 395
5998 4 2 3 1 326 499 92 410
5999 4 2 3 1 326 92 499 432
6000 4 2 3 1 495 234 931 438
6001 4 2 3 1 495 931 234 285
6002 4 2 3 1 1030 1012 1055 820
6003 4 2 3 1 1030 1055 1012 770
6004 4 2 3 1 205 637 994 703
6005 4 2 3 1 994 637 205 122
6006 4 2 3 1 1105 379 383 322
6007 4 2 3 1 1105 383 379 894
6008 4 2 3 1 118 698 40 634
6009 4 2 3 1 40 698 118 211
6010 4 2 3 1 690 220 76 633
6011 4 2 3 1 76 220 690 313
6012 4 2 3 1 1105 758 817 1019
6013 4 2 3 1 1105 817 758 991
6014 4 2 3 1 307 646 924 704
6015 4 2 3 1 307 924 646 231
6016 4 2 3 1 386 1102 388 404
6017 4 2 3 1 388 1102 386 1012
6018 4 2 3 1 287 542 64 232
6019 4 2 3 1 64 542 287 600
6020 4 2 3 1 299 641 950 699
6021 4 2 3 1 299 950 641 230
6022 4 2 3 1 1117 723 733 676
6023 4 2 3 1 1117 733 723 924
6024 4 2 3 1 231 730 876 646
6025 4 2 3 1 876 730 231 317
6026 4 2 3 1 624 635 948 532
6027 4 2 3 1 948 635 624 692
6028 4 2 3 1 379 636 85 322
6029 4 2 3 1 85 636 379 728
6030 4 2 3 1 531 520 905 588
6031 4 2 3 1 905 520 531 425
6032 4 2 3 1 483 321 94 426
6033 4 2 3 1 483 94 321 416
6034 4 2 3 1 131 417 9 402
6035 4 2 3 1 131 9 417 217
6036 4 2 3 1 497 884 452 902
6037 4 2 3 1 497 452 884 449
$EndElements
