$MeshFormat
2.2 0 8
$EndMeshFormat
$PhysicalNames
3
2 1 "Tampa"
2 2 "Paredes"
3 3 "Dominio_3D"
$EndPhysicalNames
$Nodes
1160
1 -1 -1 -1
2 1 -1 -1
3 1 1 -1
4 -1 1 -1
5 -1 -1 1
6 1 -1 1
7 1 1 1
8 -1 1 1
9 -0.8000000000005547 -1 -1
10 -0.6000000000011096 -1 -1
11 -0.4000000000016644 -1 -1
12 -0.2000000000022192 -1 -1
13 -2.752242878045763e-12 -1 -1
14 0.1999999999977808 -1 -1
15 0.3999999999983355 -1 -1
16 0.5999999999988903 -1 -1
17 0.7999999999994454 -1 -1
18 1 -0.8000000000005547 -1
19 1 -0.6000000000011096 -1
20 1 -0.4000000000016644 -1
21 1 -0.2000000000022192 -1
22 1 -2.752242878045763e-12 -1
23 1 0.1999999999977808 -1
24 1 0.3999999999983355 -1
25 1 0.5999999999988903 -1
26 1 0.7999999999994454 -1
27 0.8000000000005547 1 -1
28 0.6000000000011096 1 -1
29 0.4000000000016644 1 -1
30 0.2000000000022192 1 -1
31 2.752242878045763e-12 1 -1
32 -0.1999999999977808 1 -1
33 -0.3999999999983355 1 -1
34 -0.5999999999988903 1 -1
35 -0.7999999999994454 1 -1
36 -1 0.8000000000005547 -1
37 -1 0.6000000000011096 -1
38 -1 0.4000000000016644 -1
39 -1 0.2000000000022192 -1
40 -1 2.752242878045763e-12 -1
41 -1 -0.1999999999977808 -1
42 -1 -0.3999999999983355 -1
43 -1 -0.5999999999988903 -1
44 -1 -0.7999999999994454 -1
45 -0.8000000000005547 -1 1
46 -0.6000000000011096 -1 1
47 -0.4000000000016644 -1 1
48 -0.2000000000022192 -1 1
49 -2.752242878045763e-12 -1 1
50 0.1999999999977808 -1 1
51 0.3999999999983355 -1 1
52 0.5999999999988903 -1 1
53 0.7999999999994454 -1 1
54 1 -0.8000000000005547 1
55 1 -0.6000000000011096 1
56 1 -0.4000000000016644 1
57 1 -0.2000000000022192 1
58 1 -2.752242878045763e-12 1
59 1 0.1999999999977808 1
60 1 0.3999999999983355 1
61 1 0.5999999999988903 1
62 1 0.7999999999994454 1
63 0.8000000000005547 1 1
64 0.6000000000011096 1 1
65 0.4000000000016644 1 1
66 0.2000000000022192 1 1
67 2.752242878045763e-12 1 1
68 -0.1999999999977808 1 1
69 -0.3999999999983355 1 1
70 -0.5999999999988903 1 1
71 -0.7999999999994454 1 1
72 -1 0.8000000000005547 1
73 -1 0.6000000000011096 1
74 -1 0.4000000000016644 1
75 -1 0.2000000000022192 1
76 -1 2.752242878045763e-12 1
77 -1 -0.1999999999977808 1
78 -1 -0.3999999999983355 1
79 -1 -0.5999999999988903 1
80 -1 -0.7999999999994454 1
81 -1 -1 -0.8000000000005547
82 -1 -1 -0.6000000000011096
83 -1 -1 -0.4000000000016644
84 -1 -1 -0.2000000000022192
85 -1 -1 -2.752242878045763e-12
86 -1 -1 0.1999999999977808
87 -1 -1 0.3999999999983355
88 -1 -1 0.5999999999988903
89 -1 -1 0.7999999999994454
90 1 -1 -0.8000000000005547
91 1 -1 -0.6000000000011096
92 1 -1 -0.4000000000016644
93 1 -1 -0.2000000000022192
94 1 -1 -2.752242878045763e-12
95 1 -1 0.1999999999977808
96 1 -1 0.3999999999983355
97 1 -1 0.5999999999988903
98 1 -1 0.7999999999994454
99 1 1 -0.8000000000005547
100 1 1 -0.6000000000011096
101 1 1 -0.4000000000016644
102 1 1 -0.2000000000022192
103 1 1 -2.752242878045763e-12
104 1 1 0.1999999999977808
105 1 1 0.3999999999983355
106 1 1 0.5999999999988903
107 1 1 0.7999999999994454
108 -1 1 -0.8000000000005547
109 -1 1 -0.6000000000011096
110 -1 1 -0.4000000000016644
111 -1 1 -0.2000000000022192
112 -1 1 -2.752242878045763e-12
113 -1 1 0.1999999999977808
114 -1 1 0.3999999999983355
115 -1 1 0.5999999999988903
116 -1 1 0.7999999999994454
117 0.8152641451785186 0.07885143852468808 -1
118 -0.8304434373555855 -0.09368058125465918 -1
119 0.0999999999975143 -0.8267949192431123 -1
120 -0.0999999999975143 0.8267949192431123 -1
121 -0.3000000000017492 -0.8267949192434422 -1
122 0.8222913958556177 -0.301840399804423 -1
123 0.3000000000019418 0.8267949192435928 -1
124 -0.8267949192435928 0.3000000000019418 -1
125 0.4983653964756184 -0.8277386580263953 -1
126 0.8474033730928048 0.4965246177615326 -1
127 -0.4919576064632173 0.8408154862069379 -1
128 -0.8207407750089721 -0.5173451309406248 -1
129 0.81886055051106 -0.6816348761887512 -1
130 -0.834100519170484 0.698813536602138 -1
131 -0.6991525261446221 -0.8306455909891675 -1
132 0.689111890820692 0.8090094343789862 -1
133 0.2997275660773218 -0.826952209040229 -1
134 0.1999545943440471 -0.6536160534525138 -1
135 -7.567611085510887e-06 -0.6535942076475989 -1
136 0.09999117112044201 -0.4803898550844917 -1
137 -0.1000027327496565 -0.4803863354826932 -1
138 -1.92693979583769e-06 -0.3071807894914094 -1
139 0.2006679354644429 -0.3079248201300853 -1
140 0.1014219475707913 -0.1348264734253454 -1
141 -0.09976332989618432 -0.1341167611715012 -1
142 0.0002764362773821222 0.03906481084559152 -1
143 -0.1999144822710445 0.03917917809790759 -1
144 0.201594010124382 0.03833339145989766 -1
145 0.1003117410650042 0.2122584375003307 -1
146 0.2983971709787788 0.2111477537242871 -1
147 -0.2999463020288574 -0.1340068414498632 -1
148 -0.4089084371318499 0.03267814517071936 -1
149 -0.3014704865684337 0.2113349576607175 -1
150 0.4021165753759368 0.03843604351766588 -1
151 0.1997848186717708 0.3853964894912183 -1
152 0.3947386321509532 0.3860304825270547 -1
153 1.609328773069518e-05 0.3855704319928288 -1
154 0.09999999999686239 0.558845726808855 -1
155 -0.5032249595933229 -0.1402606472768321 -1
156 -0.4005285436045739 -0.308232726355823 -1
157 -0.507071621878962 0.2025490658234077 -1
158 -0.4000000000016978 0.38564064605218 -1
159 -0.6000000000009194 -0.3071796769738865 -1
160 -0.4942868204123085 -0.4772109010552537 -1
161 -0.1000000000026654 0.558845726808671 -1
162 -0.6219621085168402 0.3904927803711392 -1
163 -0.4975474734247755 0.5568744827875465 -1
164 0.3996745928146652 -0.6537777124103196 -1
165 0.6011821531096809 -0.6593963523377666 -1
166 0.5001427909848404 -0.482115766704055 -1
167 0.7010121778846207 -0.4863202964944682 -1
168 0.6065140164046823 -0.3069727224290131 -1
169 0.7049870583211724 -0.1193783134563418 -1
170 0.5077207049162373 -0.1295170451519014 -1
171 0.598774899089267 0.05223295751726581 -1
172 0.6740836360500957 0.2392227049285593 -1
173 0.302253528907891 -0.1345117077962618 -1
174 -0.2999999999981646 0.8267949192426931 -1
175 -0.7988367911987242 -0.3057967778574707 -1
176 -0.2000017167278501 -0.6535908296389998 -1
177 0.1000000000021191 0.8267949192431698 -1
178 -0.8315481940282681 0.1010532364594917 -1
179 -0.6335912237475191 0.02003653305503408 -1
180 -0.100001547391357 -0.8267958126288587 -1
181 0.2999999999963749 0.5588457268090075 -1
182 0.4999999999960432 0.5588457268092288 -1
183 -0.8264939634898354 0.498217719496517 -1
184 -0.4998587543585608 -0.8274366978677389 -1
185 0.491800230084482 0.8369074999460274 -1
186 -0.6302412295336577 -0.6366727295001388 -1
187 -0.1001301163685957 0.2121747436915847 -1
188 -0.2000404725367575 -0.3073847019469174 -1
189 -0.2991433810053761 -0.4800658888277521 -1
190 -0.4039219836732504 -0.6502953276888875 -1
191 -0.2002640849426299 0.3854020388357765 -1
192 -0.3000000000021174 0.5588457268086772 -1
193 0.3000718474539989 -0.4815659251382112 -1
194 0.4028951373553488 -0.3071013312249213 -1
195 0.6938642437921219 -0.8357449249653118 -1
196 -0.6881867797212337 0.8122913120462012 -1
197 0.8443586096716835 0.6931320786098996 -1
198 -0.8335264302193998 -0.701751785617547 -1
199 0.4900946041198568 0.2133115496794406 -1
200 0.8467162638363356 0.2999999999980582 -1
201 0.5773605825153454 0.3977276319424348 -1
202 -0.6761062340080964 0.6000000000011095 -1
203 0.6784462875602467 0.576763794171938 -1
204 -0.6813857876547963 0.201442001604313 -1
205 0.8684328248502595 -0.4939591144980833 -1
206 -0.1999999999975585 0.6928203230278142 -1
207 -0.3999999999983476 0.6928203230271605 -1
208 2.340793536880902e-12 0.6928203230279742 -1
209 0.200000000001768 0.6928203230279758 -1
210 0.4000000000016649 0.6928203230284055 -1
211 -0.6651923788646611 -0.4602885682977751 -1
212 0.8694874729372553 -0.1000000000024857 -1
213 -0.6732192823792142 -0.1653762300615629 -1
214 -0.8535898384868191 -0.8535898384865219 -1
215 0.8535898384865219 -0.8535898384868191 -1
216 0.8535898384868191 0.8535898384865219 -1
217 -0.8535898384865219 0.8535898384868191 -1
218 0.7292000671453388 0.3892867466763039 -1
219 0.5518716816926258 0.6948693556669172 -1
220 -0.5507596187231341 0.7005603208137912 -1
221 -0.09999999999751429 0.8267949192431123 1
222 0.0999999999975143 -0.8267949192431123 1
223 0.8152641451785186 0.07885143852468808 1
224 -0.8304434373555855 -0.0936805812546592 1
225 -0.3000000000017492 -0.8267949192434422 1
226 0.8222913958556177 -0.301840399804423 1
227 0.3000000000019418 0.8267949192435928 1
228 -0.8267949192435928 0.3000000000019418 1
229 0.4983653964756184 -0.8277386580263953 1
230 0.8474033730928048 0.4965246177615327 1
231 -0.4919576064632173 0.840815486206938 1
232 -0.820740775008972 -0.5173451309406248 1
233 -0.699152526144622 -0.8306455909891675 1
234 0.689111890820692 0.8090094343789862 1
235 0.81886055051106 -0.6816348761887514 1
236 -0.8341005191704839 0.698813536602138 1
237 0.2997275660773219 -0.8269522090402291 1
238 0.1999545943440471 -0.6536160534525139 1
239 -7.567611085506261e-06 -0.6535942076475989 1
240 0.09999117112044205 -0.4803898550844917 1
241 -0.1000027327496564 -0.4803863354826932 1
242 -1.926939795772927e-06 -0.3071807894914093 1
243 0.2006679354644429 -0.3079248201300853 1
244 0.1014219475707913 -0.1348264734253454 1
245 -0.09976332989618425 -0.1341167611715012 1
246 0.0002764362773821869 0.03906481084559155 1
247 -0.1999144822710444 0.03917917809790765 1
248 0.201594010124382 0.03833339145989768 1
249 0.1003117410650043 0.2122584375003307 1
250 0.2983971709787788 0.211147753724287 1
251 -0.2999463020288573 -0.1340068414498632 1
252 -0.4089084371318499 0.03267814517071942 1
253 -0.3014704865684335 0.2113349576607175 1
254 0.4021165753759367 0.03843604351766587 1
255 0.1997848186717709 0.3853964894912181 1
256 0.3947386321509533 0.3860304825270545 1
257 1.609328773086172e-05 0.3855704319928288 1
258 0.09999999999686258 0.558845726808855 1
259 -0.5032249595933229 -0.1402606472768321 1
260 -0.4005285436045737 -0.308232726355823 1
261 -0.5070716218789619 0.2025490658234078 1
262 -0.4000000000016977 0.3856406460521801 1
263 -0.6000000000009191 -0.3071796769738866 1
264 -0.4942868204123082 -0.4772109010552537 1
265 -0.1000000000026652 0.5588457268086711 1
266 -0.62196210851684 0.3904927803711392 1
267 -0.4975474734247751 0.5568744827875467 1
268 0.3996745928146653 -0.6537777124103196 1
269 0.6011821531096809 -0.6593963523377666 1
270 0.5001427909848406 -0.482115766704055 1
271 0.7010121778846208 -0.4863202964944682 1
272 0.6065140164046823 -0.306972722429013 1
273 0.7049870583211724 -0.1193783134563417 1
274 0.5077207049162372 -0.1295170451519014 1
275 0.598774899089267 0.05223295751726579 1
276 0.6740836360500956 0.2392227049285593 1
277 0.302253528907891 -0.1345117077962618 1
278 -0.2999999999981645 0.8267949192426931 1
279 -0.7988367911987242 -0.3057967778574708 1
280 -0.20000171672785 -0.6535908296389998 1
281 0.1000000000021191 0.8267949192431698 1
282 -0.8315481940282681 0.1010532364594917 1
283 -0.6335912237475191 0.02003653305503405 1
284 -0.100001547391357 -0.8267958126288587 1
285 0.2999999999963751 0.5588457268090072 1
286 0.4999999999960433 0.5588457268092286 1
287 -0.4998587543585607 -0.8274366978677389 1
288 0.491800230084482 0.8369074999460275 1
289 -0.8264939634898353 0.498217719496517 1
290 -0.6302412295336577 -0.6366727295001388 1
291 -0.1001301163685955 0.2121747436915847 1
292 -0.2000404725367574 -0.3073847019469172 1
293 -0.299143381005376 -0.4800658888277521 1
294 -0.4039219836732503 -0.6502953276888875 1
295 -0.2002640849426297 0.3854020388357766 1
296 -0.3000000000021172 0.5588457268086774 1
297 0.300071847453999 -0.4815659251382113 1
298 0.4028951373553489 -0.3071013312249213 1
299 0.8443586096716835 0.6931320786098996 1
300 -0.8335264302193996 -0.7017517856175468 1
301 0.6938642437921219 -0.8357449249653118 1
302 -0.6881867797212334 0.8122913120462012 1
303 0.4900946041198567 0.2133115496794405 1
304 0.8467162638363354 0.2999999999980582 1
305 0.5773605825153454 0.3977276319424348 1
306 -0.676106234008096 0.6000000000011092 1
307 0.6784462875602467 0.576763794171938 1
308 -0.6813857876547964 0.2014420016043129 1
309 0.8684328248502595 -0.4939591144980833 1
310 -0.1999999999975585 0.6928203230278142 1
311 -0.3999999999983475 0.6928203230271605 1
312 2.340797873689592e-12 0.692820323027974 1
313 0.200000000001768 0.6928203230279757 1
314 0.4000000000016648 0.6928203230284052 1
315 -0.665192378864661 -0.4602885682977754 1
316 0.8694874729372553 -0.1000000000024857 1
317 -0.6732192823792142 -0.1653762300615629 1
318 -0.8535898384868191 -0.8535898384865219 1
319 0.8535898384865219 -0.8535898384868191 1
320 0.8535898384868191 0.8535898384865219 1
321 -0.8535898384865219 0.8535898384868191 1
322 0.7292000671453386 0.389286746676304 1
323 0.5518716816926258 0.6948693556669171 1
324 -0.5507596187231338 0.700560320813791 1
325 0.8267949192431123 -1 0.0999999999975143
326 -0.8267949192431123 -1 0.0999999999975143
327 0.09999999999761447 -1 -0.830940107675973
328 0.07429063996253051 -1 0.812787049868666
329 -0.3000000000019437 -1 -0.8267949192435162
330 -0.3018403998046611 -1 0.8222913958561452
331 -0.8267949192433316 -1 -0.3000000000017344
332 0.8267949192435928 -1 -0.3000000000019418
333 0.4959169343242425 -1 0.8225498044690072
334 0.495916934324097 -1 -0.8225498044704086
335 -0.8277386580265462 -1 0.4983653964759651
336 0.8398717474226078 -1 0.4936149149450515
337 -0.6827770063852204 -1 -0.8084174710687975
338 -0.6816348761889431 -1 0.8188605505114088
339 0.8090094343791121 -1 -0.6891118908215916
340 -0.8269522090402792 -1 0.299727566077568
341 -0.6536160534525585 -1 0.1999545943443728
342 -0.6535942076476002 -1 -7.56761102046107e-06
343 -0.4803898550845268 -1 0.09999117112059722
344 -0.4803863354827307 -1 -0.1000027327495906
345 -0.3071807894914834 -1 -1.926939770783657e-06
346 -0.3066994427577948 -1 0.1998348161054332
347 -0.1335294081660348 -1 0.09933937038959606
348 -0.1339005836284051 -1 -0.1001104260930546
349 0.03931701797921455 -1 -0.0001285092856922118
350 0.03975413073445107 -1 0.1991149898063083
351 0.03923048453906745 -1 -0.200000000002071
352 0.2124499875355825 -1 -0.1000214182163143
353 0.2124379690020872 -1 -0.300003569704293
354 -0.1603033943916562 -1 -0.3160898150517768
355 0.3856434503764078 -1 -0.2000041646550283
356 0.3856435171461539 -1 -4.263813923599535e-06
357 0.3856406460518192 -1 -0.4000000000019001
358 0.5588457268084807 -1 -0.1000000000026692
359 0.2038249576065178 -1 -0.5053423962132132
360 0.5588457268085686 -1 0.09999999999680032
361 0.3856411245678655 -1 0.1999992893615368
362 0.5588457268087483 -1 0.2999999999963946
363 0.3856407258048481 -1 0.3999998815572363
364 0.5565596459596223 -1 0.4962181685383859
365 0.3938630760527685 -1 0.6283204090854035
366 0.2124355652954408 -1 0.4999999999964098
367 0.3919852636886503 -1 -0.6298849492352065
368 0.5569450041884775 -1 -0.4980333451516236
369 -0.6537777124105748 -1 0.399674592815334
370 -0.6593963523381309 -1 0.6011821531104259
371 -0.4799032540518598 -1 0.5001427909861085
372 -0.4860569021316233 -1 0.7010121778857681
373 -0.3041865887712402 -1 0.6062504371603032
374 -0.1225872918664173 -1 0.7053134343228302
375 -0.1286471437994952 -1 0.5052231166486881
376 0.04368588316579713 -1 0.6086763939446667
377 -0.3052672961197366 -1 0.4012757490129667
378 0.2999999999981646 -1 -0.8267949192426931
379 0.2999999999981214 -1 0.8267949192426681
380 0.8267949192426682 -1 0.2999999999981214
381 -0.65359082963898 -1 -0.2000017167278
382 -0.4872442314125003 -1 -0.2881205262288632
383 -0.1000000000024355 -1 -0.8274857839821457
384 -0.2030583660062089 -1 -0.6554707310456478
385 -0.3884041360816844 -1 -0.6608924871420545
386 -0.2831391333996699 -1 -0.4920251649127124
387 0.0173781257294639 -1 -0.6269541766208436
388 0.8267949192431698 -1 -0.1000000000021191
389 -0.8267958126288374 -1 -0.1000015473913353
390 -0.655929862121177 -1 -0.3959477796106355
391 -0.8281286619661121 -1 -0.4976900264135257
392 -0.6711098888161411 -1 -0.5946928752578758
393 0.810877552690215 -1 0.6881997358119915
394 0.5588457268083911 -1 -0.3000000000021521
395 0.8369074999458214 -1 -0.4918002300851768
396 -0.4803847577297843 -1 0.2999999999973964
397 -0.3183616012660158 -1 -0.1909132833754154
398 0.2125402238765147 -1 0.0998266813080784
399 0.03923048453891398 -1 -0.4000000000015352
400 -0.4851638597077201 -1 -0.8307416730566024
401 0.2126100673148922 -1 0.2997027644316829
402 0.04008960054421201 -1 0.3998512916695648
403 -0.1320890540567936 -1 0.2985349092473312
404 -0.835744924965396 -1 0.6938642437922932
405 0.6930307980369996 -1 -0.840216348235272
406 0.6933421510887667 -1 0.8400643223994378
407 -0.8392675659423507 -1 -0.6923983685380822
408 -0.4858476090456661 -1 -0.4893578550158242
409 -0.1183501960256829 -1 -0.490979248343837
410 0.599668581034021 -1 0.6760465556298426
411 0.5996685810339322 -1 -0.6760465556328129
412 0.2026376694040822 -1 -0.6839833097975859
413 0.2061039549318915 -1 0.6761532937354444
414 0.6928203230258874 -1 -0.2000000000022567
415 0.6928203230260704 -1 -0.4000000000016648
416 0.6928203230257988 -1 -2.70889329486342e-12
417 -0.4939064356256003 -1 0.8684328248506644
418 0.6928203230256599 -1 0.199999999997046
419 0.6928203230250636 -1 0.3999999999961545
420 -0.1026102171880902 -1 0.8691206734455796
421 0.8535898384857864 -1 0.8535898384857864
422 -0.8535898384866306 -1 -0.8535898384866306
423 0.8535898384865219 -1 -0.8535898384868191
424 -0.8535898384868191 -1 0.8535898384865219
425 0.6972844983751029 -1 -0.5540530001512924
426 0.6999595700263059 -1 0.5508158749842852
427 -0.3432770577060037 -1 -0.3463099057431834
428 -0.54054610267406 -1 -0.6853451898895634
429 1 0.8267949192431123 0.0999999999975143
430 1 -0.8267949192431123 0.0999999999975143
431 1 0.09999999999761447 -0.830940107675973
432 1 0.07429063996253051 0.812787049868666
433 1 -0.3000000000019437 -0.8267949192435162
434 1 -0.3018403998046611 0.8222913958561452
435 1 -0.8267949192433316 -0.3000000000017344
436 1 0.8267949192435928 -0.3000000000019418
437 1 0.4959169343242425 0.8225498044690072
438 1 0.495916934324097 -0.8225498044704086
439 1 -0.8277386580265462 0.4983653964759651
440 1 0.8398717474226078 0.4936149149450515
441 1 -0.6827770063852204 -0.8084174710687975
442 1 -0.6816348761889431 0.8188605505114088
443 1 0.8090094343791121 -0.6891118908215916
444 1 -0.8269522090402792 0.299727566077568
445 1 -0.6536160534525585 0.1999545943443728
446 1 -0.6535942076476002 -7.56761102046107e-06
447 1 -0.4803898550845268 0.09999117112059722
448 1 -0.4803863354827307 -0.1000027327495906
449 1 -0.3071807894914834 -1.926939770783657e-06
450 1 -0.3066994427577948 0.1998348161054332
451 1 -0.1335294081660348 0.09933937038959606
452 1 -0.1339005836284051 -0.1001104260930546
453 1 0.03931701797921455 -0.0001285092856922118
454 1 0.03975413073445107 0.1991149898063083
455 1 0.03923048453906745 -0.200000000002071
456 1 0.2124499875355825 -0.1000214182163143
457 1 0.2124379690020872 -0.300003569704293
458 1 -0.1603033943916562 -0.3160898150517768
459 1 0.3856434503764078 -0.2000041646550283
460 1 0.3856435171461539 -4.263813923599535e-06
461 1 0.3856406460518192 -0.4000000000019001
462 1 0.5588457268084807 -0.1000000000026692
463 1 0.2038249576065178 -0.5053423962132132
464 1 0.5588457268085686 0.09999999999680032
465 1 0.3856411245678655 0.1999992893615368
466 1 0.5588457268087483 0.2999999999963946
467 1 0.3856407258048481 0.3999998815572363
468 1 0.5565596459596223 0.4962181685383859
469 1 0.3938630760527685 0.6283204090854035
470 1 0.2124355652954408 0.4999999999964098
471 1 0.3919852636886503 -0.6298849492352065
472 1 0.5569450041884775 -0.4980333451516236
473 1 -0.6537777124105748 0.399674592815334
474 1 -0.6593963523381309 0.6011821531104259
475 1 -0.4799032540518598 0.5001427909861085
476 1 -0.4860569021316233 0.7010121778857681
477 1 -0.3041865887712402 0.6062504371603032
478 1 -0.1225872918664173 0.7053134343228302
479 1 -0.1286471437994952 0.5052231166486881
480 1 0.04368588316579713 0.6086763939446667
481 1 -0.3052672961197366 0.4012757490129667
482 1 0.2999999999981646 -0.8267949192426931
483 1 0.2999999999981214 0.8267949192426681
484 1 0.8267949192426682 0.2999999999981214
485 1 -0.65359082963898 -0.2000017167278
486 1 -0.4872442314125003 -0.2881205262288632
487 1 -0.1000000000024355 -0.8274857839821457
488 1 -0.2030583660062089 -0.6554707310456478
489 1 -0.3884041360816844 -0.6608924871420545
490 1 -0.2831391333996699 -0.4920251649127124
491 1 0.0173781257294639 -0.6269541766208436
492 1 0.8267949192431698 -0.1000000000021191
493 1 -0.8267958126288374 -0.1000015473913353
494 1 -0.655929862121177 -0.3959477796106355
495 1 -0.8281286619661121 -0.4976900264135257
496 1 -0.6711098888161411 -0.5946928752578758
497 1 0.810877552690215 0.6881997358119915
498 1 0.5588457268083911 -0.3000000000021521
499 1 0.8369074999458214 -0.4918002300851768
500 1 -0.4803847577297843 0.2999999999973964
501 1 -0.3183616012660158 -0.1909132833754154
502 1 0.2125402238765147 0.0998266813080784
503 1 0.03923048453891398 -0.4000000000015352
504 1 -0.4851638597077201 -0.8307416730566024
505 1 0.2126100673148922 0.2997027644316829
506 1 0.04008960054421201 0.3998512916695648
507 1 -0.1320890540567936 0.2985349092473312
508 1 -0.835744924965396 0.6938642437922932
509 1 0.6930307980369996 -0.840216348235272
510 1 0.6933421510887667 0.8400643223994378
511 1 -0.8392675659423507 -0.6923983685380822
512 1 -0.4858476090456661 -0.4893578550158242
513 1 -0.1183501960256829 -0.490979248343837
514 1 0.599668581034021 0.6760465556298426
515 1 0.5996685810339322 -0.6760465556328129
516 1 0.2026376694040822 -0.6839833097975859
517 1 0.2061039549318915 0.6761532937354444
518 1 0.6928203230258874 -0.2000000000022567
519 1 0.6928203230260704 -0.4000000000016648
520 1 0.6928203230257988 -2.70889329486342e-12
521 1 -0.4939064356256003 0.8684328248506644
522 1 0.6928203230256599 0.199999999997046
523 1 0.6928203230250636 0.3999999999961545
524 1 -0.1026102171880902 0.8691206734455796
525 1 0.8535898384857864 0.8535898384857864
526 1 -0.8535898384866306 -0.8535898384866306
527 1 0.8535898384865219 -0.8535898384868191
528 1 -0.8535898384868191 0.8535898384865219
529 1 0.6972844983751029 -0.5540530001512924
530 1 0.6999595700263059 0.5508158749842852
531 1 -0.3432770577060037 -0.3463099057431834
532 1 -0.54054610267406 -0.6853451898895634
533 -0.8267949192431123 1 0.0999999999975143
534 0.8267949192431123 1 0.0999999999975143
535 -0.09999999999761447 1 -0.830940107675973
536 -0.07429063996253051 1 0.812787049868666
537 0.3000000000019437 1 -0.8267949192435162
538 0.3018403998046611 1 0.8222913958561452
539 0.8267949192433316 1 -0.3000000000017344
540 -0.8267949192435928 1 -0.3000000000019418
541 -0.4959169343242425 1 0.8225498044690072
542 -0.495916934324097 1 -0.8225498044704086
543 0.8277386580265462 1 0.4983653964759651
544 -0.8398717474226078 1 0.4936149149450515
545 0.6827770063852204 1 -0.8084174710687975
546 0.6816348761889431 1 0.8188605505114088
547 -0.8090094343791121 1 -0.6891118908215916
548 0.8269522090402792 1 0.299727566077568
549 0.6536160534525585 1 0.1999545943443728
550 0.6535942076476002 1 -7.56761102046107e-06
551 0.4803898550845268 1 0.09999117112059722
552 0.4803863354827307 1 -0.1000027327495906
553 0.3071807894914834 1 -1.926939770783657e-06
554 0.3066994427577948 1 0.1998348161054332
555 0.1335294081660348 1 0.09933937038959606
556 0.1339005836284051 1 -0.1001104260930546
557 -0.03931701797921455 1 -0.0001285092856922118
558 -0.03975413073445107 1 0.1991149898063083
559 -0.03923048453906745 1 -0.200000000002071
560 -0.2124499875355825 1 -0.1000214182163143
561 -0.2124379690020872 1 -0.300003569704293
562 0.1603033943916562 1 -0.3160898150517768
563 -0.3856434503764078 1 -0.2000041646550283
564 -0.3856435171461539 1 -4.263813923599535e-06
565 -0.3856406460518192 1 -0.4000000000019001
566 -0.5588457268084807 1 -0.1000000000026692
567 -0.2038249576065178 1 -0.5053423962132132
568 -0.5588457268085686 1 0.09999999999680032
569 -0.3856411245678655 1 0.1999992893615368
570 -0.5588457268087483 1 0.2999999999963946
571 -0.3856407258048481 1 0.3999998815572363
572 -0.5565596459596223 1 0.4962181685383859
573 -0.3938630760527685 1 0.6283204090854035
574 -0.2124355652954408 1 0.4999999999964098
575 -0.3919852636886503 1 -0.6298849492352065
576 -0.5569450041884775 1 -0.4980333451516236
577 0.6537777124105748 1 0.399674592815334
578 0.6593963523381309 1 0.6011821531104259
579 0.4799032540518598 1 0.5001427909861085
580 0.4860569021316233 1 0.7010121778857681
581 0.3041865887712402 1 0.6062504371603032
582 0.1225872918664173 1 0.7053134343228302
583 0.1286471437994952 1 0.5052231166486881
584 -0.04368588316579713 1 0.6086763939446667
585 0.3052672961197366 1 0.4012757490129667
586 -0.2999999999981646 1 -0.8267949192426931
587 -0.2999999999981214 1 0.8267949192426681
588 -0.8267949192426682 1 0.2999999999981214
589 0.65359082963898 1 -0.2000017167278
590 0.4872442314125003 1 -0.2881205262288632
591 0.1000000000024355 1 -0.8274857839821457
592 0.2030583660062089 1 -0.6554707310456478
593 0.3884041360816844 1 -0.6608924871420545
594 0.2831391333996699 1 -0.4920251649127124
595 -0.0173781257294639 1 -0.6269541766208436
596 -0.8267949192431698 1 -0.1000000000021191
597 0.8267958126288374 1 -0.1000015473913353
598 0.655929862121177 1 -0.3959477796106355
599 0.8281286619661121 1 -0.4976900264135257
600 0.6711098888161411 1 -0.5946928752578758
601 -0.810877552690215 1 0.6881997358119915
602 -0.5588457268083911 1 -0.3000000000021521
603 -0.8369074999458214 1 -0.4918002300851768
604 0.4803847577297843 1 0.2999999999973964
605 0.3183616012660158 1 -0.1909132833754154
606 -0.2125402238765147 1 0.0998266813080784
607 -0.03923048453891398 1 -0.4000000000015352
608 0.4851638597077201 1 -0.8307416730566024
609 -0.2126100673148922 1 0.2997027644316829
610 -0.04008960054421201 1 0.3998512916695648
611 0.1320890540567936 1 0.2985349092473312
612 0.835744924965396 1 0.6938642437922932
613 -0.6930307980369996 1 -0.840216348235272
614 -0.6933421510887667 1 0.8400643223994378
615 0.8392675659423507 1 -0.6923983685380822
616 0.4858476090456661 1 -0.4893578550158242
617 0.1183501960256829 1 -0.490979248343837
618 -0.599668581034021 1 0.6760465556298426
619 -0.5996685810339322 1 -0.6760465556328129
620 -0.2026376694040822 1 -0.6839833097975859
621 -0.2061039549318915 1 0.6761532937354444
622 -0.6928203230258874 1 -0.2000000000022567
623 -0.6928203230260704 1 -0.4000000000016648
624 -0.6928203230257988 1 -2.70889329486342e-12
625 0.4939064356256003 1 0.8684328248506644
626 -0.6928203230256599 1 0.199999999997046
627 -0.6928203230250636 1 0.3999999999961545
628 0.1026102171880902 1 0.8691206734455796
629 -0.8535898384857864 1 0.8535898384857864
630 0.8535898384866306 1 -0.8535898384866306
631 -0.8535898384865219 1 -0.8535898384868191
632 0.8535898384868191 1 0.8535898384865219
633 -0.6972844983751029 1 -0.5540530001512924
634 -0.6999595700263059 1 0.5508158749842852
635 0.3432770577060037 1 -0.3463099057431834
636 0.54054610267406 1 -0.6853451898895634
637 -1 -0.8267949192431123 0.0999999999975143
638 -1 0.8267949192431123 0.0999999999975143
639 -1 -0.09999999999761447 -0.830940107675973
640 -1 -0.07429063996253051 0.812787049868666
641 -1 0.3000000000019437 -0.8267949192435162
642 -1 0.3018403998046611 0.8222913958561452
643 -1 -0.8267949192435928 -0.3000000000019418
644 -1 0.8267949192433316 -0.3000000000017344
645 -1 -0.4959169343242425 0.8225498044690072
646 -1 -0.495916934324097 -0.8225498044704086
647 -1 0.8277386580265462 0.4983653964759651
648 -1 -0.8398717474226078 0.4936149149450515
649 -1 0.6827770063852204 -0.8084174710687975
650 -1 0.6816348761889431 0.8188605505114088
651 -1 -0.8090094343791121 -0.6891118908215916
652 -1 0.8269522090402792 0.299727566077568
653 -1 0.6536160534525585 0.1999545943443728
654 -1 0.6535942076476002 -7.56761102046107e-06
655 -1 0.4803898550845268 0.09999117112059722
656 -1 0.4803863354827307 -0.1000027327495906
657 -1 0.3071807894914834 -1.926939770783657e-06
658 -1 0.3066994427577948 0.1998348161054332
659 -1 0.1335294081660348 0.09933937038959606
660 -1 0.1339005836284051 -0.1001104260930546
661 -1 -0.03931701797921455 -0.0001285092856922118
662 -1 -0.03975413073445107 0.1991149898063083
663 -1 -0.03923048453906745 -0.200000000002071
664 -1 -0.2124499875355825 -0.1000214182163143
665 -1 -0.2124379690020872 -0.300003569704293
666 -1 0.1603033943916562 -0.3160898150517768
667 -1 -0.3856434503764078 -0.2000041646550283
668 -1 -0.3856435171461539 -4.263813923599535e-06
669 -1 -0.3856406460518192 -0.4000000000019001
670 -1 -0.5588457268084807 -0.1000000000026692
671 -1 -0.2038249576065178 -0.5053423962132132
672 -1 -0.5588457268085686 0.09999999999680032
673 -1 -0.3856411245678655 0.1999992893615368
674 -1 -0.5588457268087483 0.2999999999963946
675 -1 -0.3856407258048481 0.3999998815572363
676 -1 -0.5565596459596223 0.4962181685383859
677 -1 -0.3938630760527685 0.6283204090854035
678 -1 -0.2124355652954408 0.4999999999964098
679 -1 -0.3919852636886503 -0.6298849492352065
680 -1 -0.5569450041884775 -0.4980333451516236
681 -1 0.6537777124105748 0.399674592815334
682 -1 0.6593963523381309 0.6011821531104259
683 -1 0.4799032540518598 0.5001427909861085
684 -1 0.4860569021316233 0.7010121778857681
685 -1 0.3041865887712402 0.6062504371603032
686 -1 0.1225872918664173 0.7053134343228302
687 -1 0.1286471437994952 0.5052231166486881
688 -1 -0.04368588316579713 0.6086763939446667
689 -1 0.3052672961197366 0.4012757490129667
690 -1 -0.2999999999981646 -0.8267949192426931
691 -1 -0.2999999999981214 0.8267949192426681
692 -1 -0.8267949192426682 0.2999999999981214
693 -1 0.65359082963898 -0.2000017167278
694 -1 0.4872442314125003 -0.2881205262288632
695 -1 0.1000000000024355 -0.8274857839821457
696 -1 0.2030583660062089 -0.6554707310456478
697 -1 0.3884041360816844 -0.6608924871420545
698 -1 0.2831391333996699 -0.4920251649127124
699 -1 -0.0173781257294639 -0.6269541766208436
700 -1 -0.8267949192431698 -0.1000000000021191
701 -1 0.8267958126288374 -0.1000015473913353
702 -1 0.655929862121177 -0.3959477796106355
703 -1 0.8281286619661121 -0.4976900264135257
704 -1 0.6711098888161411 -0.5946928752578758
705 -1 -0.810877552690215 0.6881997358119915
706 -1 -0.5588457268083911 -0.3000000000021521
707 -1 -0.8369074999458214 -0.4918002300851768
708 -1 0.4803847577297843 0.2999999999973964
709 -1 0.3183616012660158 -0.1909132833754154
710 -1 -0.2125402238765147 0.0998266813080784
711 -1 -0.03923048453891398 -0.4000000000015352
712 -1 0.4851638597077201 -0.8307416730566024
713 -1 -0.2126100673148922 0.2997027644316829
714 -1 -0.04008960054421201 0.3998512916695648
715 -1 0.1320890540567936 0.2985349092473312
716 -1 0.835744924965396 0.6938642437922932
717 -1 -0.6930307980369996 -0.840216348235272
718 -1 -0.6933421510887667 0.8400643223994378
719 -1 0.8392675659423507 -0.6923983685380822
720 -1 0.4858476090456661 -0.4893578550158242
721 -1 0.1183501960256829 -0.490979248343837
722 -1 -0.599668581034021 0.6760465556298426
723 -1 -0.5996685810339322 -0.6760465556328129
724 -1 -0.2026376694040822 -0.6839833097975859
725 -1 -0.2061039549318915 0.6761532937354444
726 -1 -0.6928203230258874 -0.2000000000022567
727 -1 -0.6928203230260704 -0.4000000000016648
728 -1 -0.6928203230257988 -2.70889329486342e-12
729 -1 0.4939064356256003 0.8684328248506644
730 -1 -0.6928203230256599 0.199999999997046
731 -1 -0.6928203230250636 0.3999999999961545
732 -1 0.1026102171880902 0.8691206734455796
733 -1 -0.8535898384857864 0.8535898384857864
734 -1 0.8535898384866306 -0.8535898384866306
735 -1 -0.8535898384865219 -0.8535898384868191
736 -1 0.8535898384868191 0.8535898384865219
737 -1 -0.6972844983751029 -0.5540530001512924
738 -1 -0.6999595700263059 0.5508158749842852
739 -1 0.3432770577060037 -0.3463099057431834
740 -1 0.54054610267406 -0.6853451898895634
741 -9.081663621102816e-06 -9.825017961227756e-06 0
742 -0.3195779828847339 -0.3762964663863219 -0.3837348734439226
743 -0.3184822744496441 -0.3756499754747029 0.3843729893012567
744 0.2972715470059232 0.3826933308877005 -0.38733674577271
745 0.3918058103386669 0.2736679251555132 0.3921077626040381
746 0.3692517305438696 -0.3593952884247862 0.369177539020615
747 -0.3951858021357736 0.3641007001587641 0.3009684683928943
748 0.3020163594800334 -0.3651794414482576 -0.3944906894254312
749 -0.3947042222912951 0.254596012112849 -0.3949778309864853
750 0.05246573027144757 0.5028354792457972 0.04029210745360459
751 -0.4969315567485348 -0.09784269945583784 0.0003387416758583843
752 0.498343743446314 0.06147882658978156 -0.05357372939679135
753 -0.02109866605891762 -0.5016075786407315 -2.000272863874394e-07
754 -0.06057670743890452 0.0425825525414705 0.499116465844287
755 0.532994567966155 0.5353715229612857 -2.924188668984584e-12
756 -2.865846449040532e-12 0.5203091046469102 0.5295398955313351
757 0.01011612663669758 0.008085131461859511 -0.5127100920089849
758 -0.5381255696932105 -0.5553703028346648 -6.796910061089415e-06
759 0.5402041007864145 -0.5370950206887646 -0.02934344117813566
760 -0.5511469439221797 0.5463858319630492 -0.08440977788376972
761 0.5483575779192849 0.01151048860469962 -0.5138111057868702
762 -0.5584662542568826 -0.008397416109083664 0.5048405966320109
763 0.03421012431473495 -0.5578805522622674 0.5725783923133081
764 -0.09144578194999682 0.5586526097447703 -0.5451450067058887
765 0.5851768142950207 -0.05926081463022219 0.5849022767763573
766 -0.5924111707281128 -0.1244649387689599 -0.5866745769932421
767 -0.009356974345560556 -0.5435235491559374 -0.6009982594333518
768 0.5825692805205275 0.6052607658767893 -0.6065202087118163
769 -0.5838823172895846 0.5846767576476799 -0.5846707532513208
770 0.5469287183248411 0.6018091063102246 0.5910257308221244
771 -0.5835336367658914 0.592072619588383 0.5941108302981228
772 -0.6123954600116738 -0.605358097066233 -0.5805475755761575
773 0.605358097066233 -0.6123954600116738 -0.5805475755761575
774 0.6070616946335803 -0.6161820232152706 0.5791929716131828
775 -0.6161820232152706 -0.6070616946335803 0.5791929716131828
776 0.3079163960059399 0.6307934166649025 0.2914492500820753
777 0.288082091939704 -0.2518581726296829 0.01086290669302381
778 -0.04318784873840308 0.2805253027925981 -0.2527726829645368
779 0.6392202537638498 -0.2218041618924442 0.1466754019361181
780 0.020480683889346 -0.2521136550172981 0.2782759700396681
781 0.6445950216436548 0.3173368756680734 -0.2774601823416289
782 -0.2051238841440703 0.6376840830052847 -0.1965981897452384
783 0.6335002740867892 -0.237934836509731 -0.2419274692570622
784 0.1674731433423711 -0.2119565324392343 0.643260993647423
785 -0.6497184303373357 0.2273723399308422 0.06193505650439835
786 -0.6509045174979846 -0.3033498788744395 0.2571820867370911
787 -0.6484113319031721 -0.3146361404306358 -0.2463592652480603
788 0.2407259670385279 -0.6528145879413585 0.1997548860243112
789 -0.275574923677688 0.3042685426178183 0.6443475883205538
790 -0.2978926153266127 0.2020671248092215 -0.0105916108625918
791 0.2418390937352493 -0.6541087914742783 -0.1905388029130498
792 -0.2407928144623331 -0.04781279381937313 -0.2620287640160455
793 -0.2242911283114435 0.6589939174940662 0.1997606289107433
794 -0.6449320819566206 0.6481275359323706 0.2458345113824139
795 0.6641571872084876 0.2647116306418335 0.1753900181384969
796 -0.2663091587522993 -0.6564443962659271 0.1888887074665949
797 0.2291513527113969 0.1364166166551637 0.6673360708678204
798 -0.2190185140628692 -0.2028470660240972 -0.6684127443943229
799 -0.266188895542843 -0.6575546156106795 -0.1886984749536403
800 0.2663518166945111 0.6586107447118038 -0.1817926423898114
801 -0.2260280866781741 -0.2068862043806872 0.6708637759327438
802 -0.6456251844375408 0.2394158133327941 -0.6475147660679869
803 0.233045879278519 -0.03523963211425496 -0.2524726917872042
804 0.08293007844506421 0.2274218611655582 0.2457071191886663
805 0.2356506369831431 0.6151225145530027 -0.659489211330661
806 -0.2507103490359747 -0.03676044380096687 0.2277641004938755
807 0.6581442504308348 0.2760038208225699 0.6525808120474128
808 0.6696638440698803 0.6692110720336879 -0.282719641804402
809 -0.6627026914472598 0.04725208786691901 -0.2811537683734246
810 0.6701741915139316 0.669797682961808 0.2810661607215942
811 0.1994917875889098 0.2361955596964061 -0.676846072278373
812 0.3000022316337416 -0.03625368047218802 0.2773577182782398
813 -0.2894215600155297 -0.5895956759467391 0.6767345709121053
814 -0.1826212140626474 0.2490461108676051 -0.6670390189819935
815 -0.6697461438225263 -0.2840576404946106 0.6686365516914617
816 -0.008076278434207829 -0.2963515242004945 -0.2715122488600294
817 -0.2657390183858621 0.6693337387488381 0.6712951467727611
818 0.6681006118378809 -0.6686729309749114 0.2525849194564562
819 0.2178881691842016 -0.2015514193395275 -0.6788807673328472
820 0.289922068615852 -0.6757034915046305 -0.67711936547201
821 0.2201116198950269 0.2375754351542656 -0.05966912861454874
822 -0.6669232785049077 0.2703478369459064 0.6670895307696278
823 -0.6794571905900711 -0.680255193677104 -0.2683458997832136
824 0.2997833405111309 -0.6923081842962054 0.696053863551318
825 -0.679933035680136 -0.6807999136343377 0.2668544489967406
826 0.673410556543696 0.2856814854303773 -0.665738197266196
827 -0.2985587491916854 -0.3462748436049552 -0.0618698362438066
828 0.6628564908433119 -0.2805516387922313 -0.6596822921821845
829 -0.3023968340472884 -0.6788591671647413 -0.6838770320141827
830 0.6872438264131424 -0.685654427048292 -0.2762642746606561
831 0.2739342308064784 0.4582302687582017 0.6924037159583272
832 -0.680678767541816 0.3959855512996823 -0.3401125434936328
833 0.4620527950351745 -0.3440182415602532 0.6823760591153329
834 0.6822994053070259 -0.332938111426204 0.4457993275940415
835 -0.7084730308832022 0.7059709919925237 -0.3000000000019464
836 -0.299999999998011 0.7105355048241581 -0.7107402174086019
837 -0.7022182635110022 0.3583026194827755 0.3370860290204552
838 -0.7039595234333762 -0.007691841295530216 0.241586050670653
839 -0.4676834704929953 -0.372129397698325 -0.710712181490369
840 0.7125298826419582 0.00878895236666008 0.3227769733701639
841 -0.01524981687305301 -0.7187860761375844 0.3304580195305883
842 -0.01239683082009422 -0.7066881019976142 -0.3461064067531328
843 0.03270139767516511 0.7256542901017975 0.3233305980577149
844 0.2142136073378239 0.7219312140944777 0.5563479173017193
845 0.1131173184546907 0.7198332246498316 -0.4193322964206598
846 0.002184863038107138 0.3058589569113336 0.7226462732054368
847 0.4132541328510381 -0.4158705954472206 -0.7289435231629284
848 -0.3903464348490876 -0.7258079839237301 0.4415675503187161
849 -0.4293704805009596 0.5354638623801977 -0.3445656701314497
850 0.399369580867505 0.7303418662519237 -0.425197891106449
851 -0.3528526299018401 0.0350679156882566 -0.5766254830959959
852 -0.7418096870091768 -0.2279173126610458 -0.0001043319605412152
853 0.3370121458114673 0.3933031162853053 0.1434183289390697
854 0.726359811869738 0.733146798562999 -0.01897184874744149
855 -0.4079277922053475 -0.7333140092619874 -0.424446279909673
856 0.7145568471102144 0.03921668204872288 -0.2436855752419928
857 -0.1503629155659708 0.3589171104205791 0.1670111621616936
858 0.02304733578127491 0.7458113102392561 -0.0862810787558872
859 -0.3673424234396385 0.04036882896366438 0.7149378381215623
860 0.422792029461662 0.4026897479936106 -0.7200293203794755
861 0.7359396203493893 -0.7288361714893297 -0.009354805586039223
862 0.7350100496808122 -0.2637616489861258 0.7191811128498867
863 -0.7497465222051301 0.7550298749145793 0.472882170405382
864 0.7157898254400937 0.4188101101037657 0.4111609451312216
865 -0.736600447692616 0.7294219499522303 0.0006453478172929932
866 0.4242115734359573 0.1555929680227267 -0.3003551849403379
867 -0.7340344845346816 -0.7418017172276029 -0.01050760439391609
868 -0.4530454883855966 0.7455601958574609 0.0761994426872689
869 -0.3205438812864393 0.1183690155554365 0.4452244386348697
870 -0.3940407891129822 0.7160582000291166 0.4212905843981899
871 0.4443316433496062 0.1267662503826447 -0.7419721098941052
872 -0.4198121843424278 0.3956435875822381 -0.7175032200784274
873 0.7480311252089484 -0.4417824339191054 -0.3828331532736594
874 0.3857360017731446 0.7509907908798258 0.06393773728618585
875 -0.0004690671571356026 0.7110122397975928 0.7264704834984035
876 0.3904986792722883 -0.7191498634474317 0.4298885350522377
877 0.3979603078646305 -0.7174488057949875 -0.4184453433876466
878 -0.7393239653382754 -0.3583300114713541 -0.5136356487892004
879 -0.7431252450097247 0.002257861113887039 0.7199150870809108
880 -0.02087581031542393 -0.05127067413745225 0.7477846948776112
881 0.7386539809683716 0.01052836025838226 0.05534115324636971
882 -0.07157198332824548 -0.7277435507981533 0.7518691980175281
883 -0.10546780882165 -0.7542666415277027 0.0004323202898876832
884 0.2002017968515915 -0.4520074636110125 0.7545676247943877
885 -0.1052840647809878 0.2966829688982724 0.4243911393444659
886 -0.05630559859005053 -0.3901443490302242 0.7559264870660607
887 -0.4267223349972427 -0.3692181327180937 0.7409049152125498
888 0.7466150164862844 0.7525489990022005 0.51655024005313
889 -0.4687649756548065 0.1166912217700452 0.2235474065442218
890 0.4527332106674913 -0.7589042104799478 0.083790622757358
891 0.04057529694032311 0.5328386412258019 -0.2446468794784277
892 0.3729396821157779 -0.07510454206237624 0.7481605071445318
893 -0.5052960811224092 0.2919722266342296 -0.1540426194328069
894 0.001032552798774691 -0.07685715092760061 -0.7629321259843295
895 0.2790576229293974 0.03943770690240549 -0.5086661352720027
896 0.002885295403582316 -0.2823053280425539 -0.5395485326144196
897 0.7556504328999221 -0.3872933614767272 -0.06124362735715923
898 0.7130242358954106 0.01670560381974213 -0.7437141844742827
899 0.7633075887725929 0.4505612735082432 -0.08755977197239892
900 -0.3059171032554455 0.4675591778542648 -0.01905846494224946
901 0.7611333604425686 0.7570841101451365 -0.5004715501592292
902 -0.07605713135609017 -0.2480546434794918 0.03497248256492964
903 -0.271374614247127 0.7337152483322815 -0.4417518440970379
904 0.7549735018696346 0.6479046088997273 0.7572563056364596
905 -0.1995226253755687 -0.4488856009172619 -0.7587834719257323
906 0.04709233336773346 0.4453885867784743 -0.7437422556268187
907 0.0009619274551914136 0.7436456004327392 -0.7284073761961256
908 0.01958029999833612 -0.7577569727866091 -0.7560134096823867
909 -0.4652148318960744 -0.1556714746902321 -0.3552825825030346
910 -0.7401112458463208 0.4714857906440969 0.0791133320220665
911 -0.7622365432084071 0.7570099103484221 -0.5407182599032463
912 0.1494043248980736 0.3085772258900458 0.4861612166109
913 0.7558499005241361 0.7252744549156733 -0.7580703186751947
914 -0.76058406612789 -0.4666428018348235 0.09229880978124244
915 -0.4112030522039026 -0.2810560436745403 0.1619271321464096
916 0.01526730253464749 0.3200829709378525 -0.5072477217216278
917 0.5070251251932262 -0.4929001098248934 -0.2876223168784011
918 -0.4693521076074532 0.7553228647921395 -0.2137024881169475
919 -0.7606657142620945 0.4544041587863713 -0.7357792227558029
920 0.416250304429085 0.3707565466731431 -0.1595522165452399
921 -0.087177157586217 -0.3410447066273544 0.4972133952712092
922 0.7673846244674454 -0.4378023982089785 0.1999945002549881
923 -0.08426403199682694 -0.4850269024706969 0.2486608349130614
924 0.1000611219552353 0.4796673440541301 0.2917695887367427
925 -0.477956213106383 -0.5233530962522859 0.2476005472908248
926 -0.4844691733306051 0.7552219971125592 0.762881152186474
927 0.7375145417805523 -0.7567997018496975 -0.7542980579844594
928 0.7400908030393596 -0.7571622715212822 0.7548299016959503
929 0.7530620210492659 0.4839223674495202 -0.4484859183906141
930 -0.4870194414612209 -0.5130875159839638 -0.2470515288547225
931 0.420778490166327 0.7640537397898219 -0.7549351014542917
932 -0.7509982432153104 0.7414050052501806 0.7403673508017246
933 0.2536692943419012 0.0004911247349687481 0.0289720732717025
934 -0.751252207674621 0.01489589261509644 -0.7561010318981881
935 -0.41161250877284 -0.7719503153982469 0.01911418760955536
936 0.4702889301055367 -0.7626778696017826 -0.1693917730503411
937 -0.2585183188844123 0.4999858404113718 0.4747743715159393
938 0.4625047209519762 -0.1341641623044121 -0.7424168911956759
939 -0.7568605603196045 0.02250152664625681 -0.0455250891016242
940 -0.7505618616795475 -0.7497502645771892 -0.7536163778146378
941 0.7454217407415775 -0.1452073674365813 -0.4556046985082056
942 0.1710440096825365 -0.4168788634741293 -0.1403842955059604
943 -0.7516520893033116 -0.7508868447387647 0.7540455695254543
944 -0.6146555111533721 0.7623514883189533 -0.7627029029661847
945 0.1618628315435522 -0.4182303376945721 0.1519973943644003
946 0.5147380125840538 -0.1484281227677055 0.3566982993674215
947 0.4335942843861918 0.1611139998801414 0.1695979731928366
948 0.1612356463802724 -0.4370263508082743 -0.7568749888800912
949 0.3966661991838616 0.7555691315762778 0.7438318111098751
950 0.4273929144956733 0.26666618377355 0.7592889949691871
951 0.1519416956859663 -0.7786026394127992 0.00476820348696593
952 -0.7795906305820216 -0.7497465222051301 0.472882170405382
953 -0.7793316721434228 -0.7459729146247602 -0.4755509166204095
954 -0.3194379633445373 -0.1329229352095612 0.4495681254033905
955 -0.004380275186031877 -0.005920468996708103 0.2490560441956625
956 -0.6991546950414937 -0.2685726830114639 -0.7681282555625887
957 0.7497465222051301 -0.7779874925521951 0.472882170405382
958 0.4612349043585294 -0.5314331379396564 0.2098016931551948
959 -0.2503252358974146 -0.07945638841647193 -0.01638619200052571
960 -0.006098184888208245 0.03426908197083417 -0.2466636754536028
961 -0.7509409513560482 -0.1704672067339483 0.4529814779368693
962 -0.7635058534454489 0.2444959928851329 -0.1596940341615934
963 -0.4201083520954411 0.4831559407799354 0.7617537981047315
964 -0.755863017901899 0.1355938632453995 0.4424888699303819
965 -0.7609518737585264 -0.4809971204985742 0.4076003457619661
966 0.7723567785026783 0.4845983072830876 0.1557556660870937
967 -0.02120448920151956 0.2454429353150356 -0.009715778904702254
968 0.5266453139327228 0.3842129720718375 -0.4881645681986091
969 0.4790618369128451 0.7733153168025522 0.4000687920088068
970 -0.1931680671709973 0.4970020878826931 -0.7784415823670781
971 0.5077836700652201 -0.233354550661193 -0.4620587711046752
972 0.7512910930073525 -0.7770321749570914 -0.4874787397177179
973 -0.1743897673594878 0.1401794077096613 -0.4107873872408488
974 -0.1860148388313033 -0.585533156603455 0.4513149913114676
975 -0.2057299021574984 -0.5884038328760217 -0.4523820249082745
976 0.1851542664340545 -0.5836116718198358 -0.4446526974862822
977 0.4839766925800754 0.7640396005192751 -0.1579268630886833
978 0.6948506750327184 0.2190639369304475 -0.06114593005967359
979 -0.1603752661797302 0.4780452712787845 0.7785767523780415
980 0.1756413144608488 -0.02220822668620528 0.4881968161705014
981 -0.757610903293508 0.06288333382792491 -0.5113543010650321
982 0.5071426689346759 0.4850749724198118 0.2970067063033313
983 0.758205275613236 -0.4976297178176728 -0.7522440529943523
984 -0.2098559754226057 0.4207943744541204 -0.3742851517562854
985 0.750418780008867 0.484662281027908 -0.7790536508684904
986 0.3888405934419052 -0.2225710232183153 -0.212617451478904
987 -0.5263259892346315 -0.2718843450685459 0.46802244922012
988 0.1529750685143052 0.7097941372442993 0.1142998408634004
989 0.1649270614946986 0.1837980757833637 -0.3364276335197923
990 -0.772672894416197 -0.4948843813649174 -0.1464020235931073
991 -0.4030946389302981 -0.08808374933413819 -0.7824762043018014
992 0.7491916479093007 0.0539978413732583 0.7505994120661836
993 0.2711118808618377 -0.5157165332282753 0.5294629831284728
994 0.7543097100959002 0.1735750199226074 -0.4540959436079025
995 -0.4825320173631721 -0.7455324526351146 0.7539174789719555
996 -0.1952569857474979 0.7847747083095569 -8.958501823180809e-05
997 -0.7743891905572376 -0.149861014815919 -0.383117129755287
998 -0.4858501845191409 0.3726674373356836 0.5317773407224617
999 -0.4428020028273093 0.05824331349621344 -0.1780359885179355
1000 -0.759535051950589 -0.5010250758917049 0.7544051817774657
1001 0.0001127943287702743 0.1595710116608384 -0.7905989886767769
1002 -0.7746045270982904 0.5234276353193695 -0.1626003032397721
1003 -0.1090279580274453 0.7780214015082866 0.5167715211480488
1004 0.1591639978774225 -0.7593546809715284 0.5049938321836067
1005 -0.160210846416606 0.1401990608852065 0.7801535502364046
1006 0.498869977795976 -0.7124774991010353 -0.7894298130045803
1007 0.7874884649123036 -0.5494885484968003 0.4198787091962024
1008 -0.5330858336970016 -0.3251733354705538 -0.04280015532805418
1009 0.4967310914834833 -0.5953503793145437 0.7898661079756104
1010 -0.4021327104367924 0.1569020250892579 -0.7833806436986123
1011 -0.7394832272949406 0.4910656979925579 0.7639174856602911
1012 0.2342387821981309 0.01880390734722383 -0.7656722535886948
1013 -0.5112511084106435 -0.7725185379396627 -0.7574325083608597
1014 0.3960839661811374 0.0667646897979744 0.5113565038032167
1015 -0.529343983618671 0.769379195042436 -0.4440594814390205
1016 -0.4964700018120142 -0.1063147180037291 0.2957409818421057
1017 -0.4758877331986371 0.5177217295673907 0.1389331808267968
1018 -0.477270054932341 -0.7808445464110196 -0.2056842148608031
1019 0.3078748671473918 -0.5411407614434335 0.00442551122948219
1020 0.6171555147434737 0.2012537322517498 0.4287479392220739
1021 -0.08209697090879778 -0.5156059043561168 -0.2271606391424455
1022 0.4773186451766384 0.5368312884413395 -0.3153610073453119
1023 -0.1215617159900224 -0.7766147976320321 -0.5675892412010506
1024 0.512094478550438 -0.3047669477552549 -0.03144567247662618
1025 0.106919018037103 -0.4455550929450522 0.3779739267850873
1026 -0.7272832943599693 -0.5092068611371916 -0.7709676727825429
1027 0.1078567490609634 -0.1724127231497324 -0.1126328518985512
1028 -0.5028038063878106 -0.146809044392638 0.7639063723549895
1029 -0.1866715023000782 -0.1920321503091237 -0.4374575441205082
1030 0.1842001524360883 -0.1663651823614332 -0.4425791073515055
1031 0.4486318433211305 -0.09529791346786903 0.1096661009405471
1032 0.7569635464980043 -0.5096140657804249 0.7459740696271686
1033 0.3529540364803787 0.4901669394052651 0.4737946054846512
1034 -0.203505583209964 -0.7874690308614054 0.5681365394668043
1035 0.3745136491056635 -0.1809989866437237 0.540285673500733
1036 -0.1978029745291005 0.04154852996223528 -0.768533426877161
1037 0.530053438141852 0.4741445103491494 0.7851142663181955
1038 -0.4768002881611443 -0.7805422184045047 0.2376160362848935
1039 -0.02364004777353496 -0.3037620697041621 -0.7727964864069823
1040 -0.7738333881569304 0.5249924438652707 0.4807711322254317
1041 -0.8026356890761708 0.8027708766526295 0.1999999999977642
1042 -0.3246696679824337 0.5350072802945877 -0.5545127307575676
1043 0.205360973823239 0.4537539710354038 -0.115553502945358
1044 0.1124062775680211 -0.7858267563626549 -0.5412719164557458
1045 -0.1971468733369948 -0.2546048890679574 0.2237468329696599
1046 -0.4035385316656925 -0.5170295421265801 -0.5445558387873894
1047 0.78647787044393 0.4203791135283567 0.7787019850484019
1048 -0.4607626709919806 0.2462472062365432 0.7749269181102942
1049 0.7891809347257616 0.08383339435333224 0.5261490671823386
1050 -0.1027766746074512 0.4357268760147679 -0.1045931905389463
1051 -0.1393801250792809 0.1375528394790855 0.1451825625990018
1052 0.07566256001792623 0.5083709747285569 0.7833179151989046
1053 0.513978565353322 -0.05289288522992877 -0.2968012490835824
1054 -0.7806000207042553 0.5393000053345947 -0.4833143050448652
1055 0.5031234058367544 -0.7935590951941282 0.6775560906420435
1056 -0.0649669199886849 0.7917544383373942 -0.2933850960859017
1057 0.138847182399144 0.5070271978191022 -0.4875843789319883
1058 -0.3180967413575457 -0.5565873747402201 -0.0002166391962986347
1059 0.2049679193321097 0.7997593986202556 -0.7997593986202666
1060 0.7765974765186712 -0.163450681529467 -0.08373325709623962
1061 0.1909016582447433 -0.2352963844696403 0.422092257807672
1062 -0.7992013458583288 0.1929317151718259 0.2235372715558172
1063 -0.7980790122934471 -0.5382972837641786 -0.3942872631829176
1064 0.1166990143041029 -0.1528746184222779 0.1058409771540669
1065 -0.5372880526604142 -0.3885005824931312 -0.4232987318187338
1066 0.187074185849246 0.8076927559796121 0.7963817848665398
1067 0.5859029365415535 0.8043673013125613 0.1317306239909389
1068 -0.4346056569777794 -0.4796056941444078 0.5457486402602576
1069 0.8089709966778996 -0.2395697462631582 0.2848773469558443
1070 0.778920837674792 -0.1351024787075839 0.4792389261626557
1071 0.5097447482594453 0.3204677898054377 0.03132857994209157
1072 0.4062490162257157 -0.5178456234100071 -0.5262510712258155
1073 -0.262138053816241 0.2722986539746473 -0.2179729815645363
1074 0.8109643473451156 0.810964347344972 -0.200000702979975
1075 -0.5391542109025007 0.09528510804505125 -0.4640249538080328
1076 -0.3962893692641344 -0.2460012785879843 -0.5443853295289559
1077 -0.5385153512091806 0.3792771867962249 -0.5109640086156579
1078 0.3840805346392346 0.2286681863424562 -0.5549741909260238
1079 0.8105728166329238 0.8105728166329238 0.1998766202303215
1080 0.3016264260324276 -0.2694220492860698 0.8121960082281579
1081 -0.5442823955234916 0.1935542037556262 0.4164079209902221
1082 -0.2148964066825431 -0.8036144572914422 0.3400308816725099
1083 -0.1128642996869223 0.5129585616113026 0.3147979349030141
1084 0.4280057247822807 -0.3029410352786418 0.1683228569887062
1085 -0.5129562329844446 0.5334001291225353 0.381793568858447
1086 0.8135404106285149 -0.8135404106285149 0.199874283185582
1087 0.8193487023056676 -0.5427923568389487 -0.1919116009136221
1088 0.1195569351168171 -0.644797594276622 0.8016416332761162
1089 -0.0709650911180401 0.8056144019866021 -0.5217285967818284
1090 -0.01374266246185064 -0.5460554641431337 -0.8151952928395082
1091 0.6076541849061025 0.7995135935378042 0.6850376633598084
1092 0.5811486835398609 -0.126470849135985 0.7934961125361154
1093 -0.1812520292069885 -0.3961578245451893 -0.5493759954249742
1094 -0.815523358181913 -0.1829178498301607 0.1997750861283399
1095 -0.3774808051632141 -0.1738850727199654 -0.1585292735271721
1096 -0.8112478232098862 -0.1310555232004839 -0.5984282040296185
1097 -0.4518434924198202 0.3061493882654541 0.1003085748180583
1098 0.5371854419054436 -0.4934610748717075 0.4117321195501459
1099 0.03827385770560282 -0.6547826922121839 0.1349278097695025
1100 -0.1093658233754935 -0.1463398396483159 0.411390951988545
1101 0.03538721091801837 -0.6611043293883468 -0.1275407220349331
1102 0.1979712100883274 0.2948931029084901 0.8067747592725361
1103 -0.2000007121101829 -0.8130082831035534 -0.8130082831034352
1104 -0.2789220786978401 -0.4456378129575554 0.1756506093286734
1105 -0.4721058796459474 0.5973229943343836 -0.7859616530927122
1106 0.5839369883902372 0.6047391998233965 -0.8148864781019022
1107 0.526816641838187 0.07596719497858111 0.7425099937684125
1108 0.5027148037325093 -0.8072820897695825 -0.5904048955123228
1109 0.7948869661020387 0.5467105715541765 0.5686326178594112
1110 -0.162966561348112 -0.2133746674212667 -0.1543568500876771
1111 -0.03676793019581714 0.7983137091855514 0.1381267553978754
1112 0.3763819994661047 0.5362844647952089 -0.5163802558833865
1113 -0.6404724391374318 -0.1226258922388453 -0.1548564247596872
1114 -0.5761900122704064 -0.8078784225636628 0.5127538304072243
1115 0.07096904428534151 0.12736528274223 0.8099024939836275
1116 -0.5488979374903254 -0.5416436827556819 0.7980398707080495
1117 0.1760112613701422 -0.06242155983737831 0.8182200241623817
1118 -0.8183882568649581 -0.8183874068498602 -0.2000000000020483
1119 0.2239705452572897 0.8155564256083794 -0.05097429430961156
1120 0.2873539987563467 0.5679526430581999 0.03942591135420874
1121 -0.1999999999977772 0.7971281292114215 0.8207817960095873
1122 -0.7896718925085896 0.3258733802600756 -0.5124035450416342
1123 -0.8188605421646443 -0.8188605421646442 0.1998700934664228
1124 -0.1574364875756681 0.0830128208298922 -0.1103649630831604
1125 0.2481865163845704 0.4731067358409486 -0.8146352194700244
1126 0.01659725716923119 -0.4587449123311257 -0.407241341782013
1127 -0.5807575660829383 -0.8107401849311393 -0.5259362428985669
1128 0.5320816149915 0.3799453176901277 0.5141350643003182
1129 -0.383591180573977 -0.5349962633873279 -0.8148283692829525
1130 0.2218701802145112 0.8153354329484388 0.3445249386478424
1131 0.5360226734357987 0.8128820933208056 -0.5809810197972822
1132 -0.2080923892623381 -0.7860709477300641 -0.3732715692049131
1133 0.2093229635475448 -0.7921852348527749 -0.3506670940976288
1134 0.230853672983519 0.1407115294569905 0.3673461700551627
1135 -0.8131249155708994 0.1886991393296761 0.8034763102376417
1136 -0.7994621517961998 0.2219123337991687 -0.7994621517962111
1137 0.8210536029127307 -0.8210544666800442 -0.2000000000020426
1138 0.8119550092734908 -0.5773466085885858 -0.5359271708808473
1139 -0.5694923957642415 0.8029899344479104 0.5742935889105248
1140 0.2906935507802839 0.810482878501427 -0.5913473572056315
1141 0.7966274396431495 -0.1894013320065774 -0.8108855315905527
1142 -0.8184110839401776 -0.1866059593669745 0.7892415353659161
1143 0.05529554577426157 -0.2289339059088745 0.818015654865788
1144 -0.133637585531999 0.5902557945337926 0.02805285189354438
1145 -0.4868368039191986 0.1079289114357615 0.01777000325459097
1146 -0.5777907470520788 0.8037732328673086 0.3664298996575656
1147 -0.8019498231605123 0.6642958528711331 -0.7294660185192977
1148 0.5090607432938276 -0.7994469715585923 0.279503804303311
1149 0.7946136897104263 0.1988808891501365 0.3220889737789487
1150 0.10390860864383 -0.8210853654059493 0.6945423985473337
1151 -0.2756925186711536 -0.7627397007680277 0.7989671316616083
1152 -0.2119430464435649 -0.06935522930554081 0.8245112523884539
1153 -0.2810809875456666 0.8261295650095174 -0.181133633243415
1154 0.1335299953492234 -0.8225919445752254 0.2367818207415502
1155 0.8299629280463034 0.2727489054307344 -0.2044647501163971
1156 0.3774514588160696 -0.4175426497054119 -0.1456228917170377
1157 -0.8171381601759354 -0.2172403003233947 -0.1885428044746523
1158 0.8196097943505566 -0.5508818545855813 0.04001991451334562
1159 -0.8332624086842058 0.5958097508604148 0.2998614490451289
1160 0.1707161709516518 -0.4051796502666346 -0.5512120445318922
$EndNodes
$Elements
6169
1 2 2 2 1 1 9 214
2 2 2 2 1 44 1 214
3 2 2 2 1 17 2 215
4 2 2 2 1 2 18 215
5 2 2 2 1 26 3 216
6 2 2 2 1 3 27 216
7 2 2 2 1 35 4 217
8 2 2 2 1 4 36 217
9 2 2 2 1 9 10 131
10 2 2 2 1 9 131 214
11 2 2 2 1 10 11 184
12 2 2 2 1 131 10 184
13 2 2 2 1 11 12 121
14 2 2 2 1 11 121 184
15 2 2 2 1 12 13 180
16 2 2 2 1 121 12 180
17 2 2 2 1 13 14 119
18 2 2 2 1 13 119 180
19 2 2 2 1 14 15 133
20 2 2 2 1 119 14 133
21 2 2 2 1 15 16 125
22 2 2 2 1 15 125 133
23 2 2 2 1 16 17 195
24 2 2 2 1 125 16 195
25 2 2 2 1 195 17 215
26 2 2 2 1 18 19 129
27 2 2 2 1 18 129 215
28 2 2 2 1 19 20 205
29 2 2 2 1 129 19 205
30 2 2 2 1 20 21 122
31 2 2 2 1 20 122 205
32 2 2 2 1 21 22 212
33 2 2 2 1 122 21 212
34 2 2 2 1 22 23 117
35 2 2 2 1 22 117 212
36 2 2 2 1 23 24 200
37 2 2 2 1 117 23 200
38 2 2 2 1 24 25 126
39 2 2 2 1 24 126 200
40 2 2 2 1 25 26 197
41 2 2 2 1 126 25 197
42 2 2 2 1 197 26 216
43 2 2 2 1 27 28 132
44 2 2 2 1 27 132 216
45 2 2 2 1 28 29 185
46 2 2 2 1 132 28 185
47 2 2 2 1 29 30 123
48 2 2 2 1 29 123 185
49 2 2 2 1 30 31 177
50 2 2 2 1 123 30 177
51 2 2 2 1 31 32 120
52 2 2 2 1 31 120 177
53 2 2 2 1 32 33 174
54 2 2 2 1 120 32 174
55 2 2 2 1 33 34 127
56 2 2 2 1 33 127 174
57 2 2 2 1 34 35 196
58 2 2 2 1 127 34 196
59 2 2 2 1 196 35 217
60 2 2 2 1 36 37 130
61 2 2 2 1 36 130 217
62 2 2 2 1 37 38 183
63 2 2 2 1 130 37 183
64 2 2 2 1 38 39 124
65 2 2 2 1 38 124 183
66 2 2 2 1 39 40 178
67 2 2 2 1 124 39 178
68 2 2 2 1 40 41 118
69 2 2 2 1 40 118 178
70 2 2 2 1 41 42 175
71 2 2 2 1 118 41 175
72 2 2 2 1 42 43 128
73 2 2 2 1 42 128 175
74 2 2 2 1 43 44 198
75 2 2 2 1 128 43 198
76 2 2 2 1 198 44 214
77 2 2 2 1 169 117 171
78 2 2 2 1 117 169 212
79 2 2 2 1 171 117 172
80 2 2 2 1 172 117 200
81 2 2 2 1 118 175 213
82 2 2 2 1 178 118 179
83 2 2 2 1 179 118 213
84 2 2 2 1 119 133 134
85 2 2 2 1 119 134 135
86 2 2 2 1 119 135 180
87 2 2 2 1 120 174 206
88 2 2 2 1 177 120 208
89 2 2 2 1 120 206 208
90 2 2 2 1 176 121 180
91 2 2 2 1 121 176 190
92 2 2 2 1 184 121 190
93 2 2 2 1 167 122 168
94 2 2 2 1 122 167 205
95 2 2 2 1 168 122 169
96 2 2 2 1 169 122 212
97 2 2 2 1 123 177 209
98 2 2 2 1 185 123 210
99 2 2 2 1 123 209 210
100 2 2 2 1 124 162 183
101 2 2 2 1 162 124 204
102 2 2 2 1 124 178 204
103 2 2 2 1 133 125 164
104 2 2 2 1 164 125 165
105 2 2 2 1 165 125 195
106 2 2 2 1 126 197 203
107 2 2 2 1 200 126 218
108 2 2 2 1 126 203 218
109 2 2 2 1 174 127 207
110 2 2 2 1 127 196 220
111 2 2 2 1 207 127 220
112 2 2 2 1 175 128 211
113 2 2 2 1 186 128 198
114 2 2 2 1 128 186 211
115 2 2 2 1 165 129 167
116 2 2 2 1 129 165 195
117 2 2 2 1 167 129 205
118 2 2 2 1 129 195 215
119 2 2 2 1 130 183 202
120 2 2 2 1 196 130 202
121 2 2 2 1 130 196 217
122 2 2 2 1 131 184 186
123 2 2 2 1 131 186 198
124 2 2 2 1 131 198 214
125 2 2 2 1 132 185 219
126 2 2 2 1 197 132 203
127 2 2 2 1 132 197 216
128 2 2 2 1 203 132 219
129 2 2 2 1 134 133 164
130 2 2 2 1 135 134 136
131 2 2 2 1 136 134 193
132 2 2 2 1 134 164 193
133 2 2 2 1 135 136 137
134 2 2 2 1 135 137 176
135 2 2 2 1 135 176 180
136 2 2 2 1 137 136 138
137 2 2 2 1 138 136 139
138 2 2 2 1 139 136 193
139 2 2 2 1 137 138 188
140 2 2 2 1 176 137 189
141 2 2 2 1 137 188 189
142 2 2 2 1 138 139 140
143 2 2 2 1 138 140 141
144 2 2 2 1 138 141 188
145 2 2 2 1 140 139 173
146 2 2 2 1 173 139 194
147 2 2 2 1 139 193 194
148 2 2 2 1 141 140 142
149 2 2 2 1 142 140 144
150 2 2 2 1 144 140 173
151 2 2 2 1 141 142 143
152 2 2 2 1 141 143 147
153 2 2 2 1 141 147 188
154 2 2 2 1 143 142 187
155 2 2 2 1 142 144 145
156 2 2 2 1 142 145 187
157 2 2 2 1 147 143 148
158 2 2 2 1 148 143 149
159 2 2 2 1 149 143 187
160 2 2 2 1 145 144 146
161 2 2 2 1 146 144 150
162 2 2 2 1 150 144 173
163 2 2 2 1 145 146 151
164 2 2 2 1 145 151 153
165 2 2 2 1 145 153 187
166 2 2 2 1 146 150 199
167 2 2 2 1 151 146 152
168 2 2 2 1 152 146 199
169 2 2 2 1 147 148 155
170 2 2 2 1 147 155 156
171 2 2 2 1 147 156 188
172 2 2 2 1 148 149 157
173 2 2 2 1 155 148 179
174 2 2 2 1 148 157 179
175 2 2 2 1 157 149 158
176 2 2 2 1 158 149 191
177 2 2 2 1 149 187 191
178 2 2 2 1 150 170 171
179 2 2 2 1 170 150 173
180 2 2 2 1 150 171 199
181 2 2 2 1 151 152 181
182 2 2 2 1 153 151 154
183 2 2 2 1 154 151 181
184 2 2 2 1 181 152 182
185 2 2 2 1 182 152 201
186 2 2 2 1 152 199 201
187 2 2 2 1 153 154 161
188 2 2 2 1 153 161 191
189 2 2 2 1 187 153 191
190 2 2 2 1 161 154 208
191 2 2 2 1 154 181 209
192 2 2 2 1 208 154 209
193 2 2 2 1 156 155 159
194 2 2 2 1 159 155 213
195 2 2 2 1 155 179 213
196 2 2 2 1 156 159 160
197 2 2 2 1 156 160 189
198 2 2 2 1 188 156 189
199 2 2 2 1 157 158 162
200 2 2 2 1 157 162 204
201 2 2 2 1 179 157 204
202 2 2 2 1 162 158 163
203 2 2 2 1 163 158 192
204 2 2 2 1 158 191 192
205 2 2 2 1 160 159 211
206 2 2 2 1 159 175 211
207 2 2 2 1 175 159 213
208 2 2 2 1 160 186 190
209 2 2 2 1 186 160 211
210 2 2 2 1 189 160 190
211 2 2 2 1 191 161 192
212 2 2 2 1 192 161 206
213 2 2 2 1 206 161 208
214 2 2 2 1 162 163 202
215 2 2 2 1 183 162 202
216 2 2 2 1 163 192 207
217 2 2 2 1 202 163 220
218 2 2 2 1 163 207 220
219 2 2 2 1 164 165 166
220 2 2 2 1 164 166 193
221 2 2 2 1 166 165 167
222 2 2 2 1 166 167 168
223 2 2 2 1 166 168 194
224 2 2 2 1 193 166 194
225 2 2 2 1 168 169 170
226 2 2 2 1 168 170 194
227 2 2 2 1 170 169 171
228 2 2 2 1 170 173 194
229 2 2 2 1 171 172 199
230 2 2 2 1 199 172 201
231 2 2 2 1 172 200 218
232 2 2 2 1 201 172 218
233 2 2 2 1 206 174 207
234 2 2 2 1 176 189 190
235 2 2 2 1 177 208 209
236 2 2 2 1 178 179 204
237 2 2 2 1 181 182 210
238 2 2 2 1 209 181 210
239 2 2 2 1 182 201 203
240 2 2 2 1 182 203 219
241 2 2 2 1 210 182 219
242 2 2 2 1 186 184 190
243 2 2 2 1 185 210 219
244 2 2 2 1 192 206 207
245 2 2 2 1 196 202 220
246 2 2 2 1 203 201 218
247 2 2 1 2 5 45 318
248 2 2 1 2 80 5 318
249 2 2 1 2 53 6 319
250 2 2 1 2 6 54 319
251 2 2 1 2 62 7 320
252 2 2 1 2 7 63 320
253 2 2 1 2 71 8 321
254 2 2 1 2 8 72 321
255 2 2 1 2 45 46 233
256 2 2 1 2 45 233 318
257 2 2 1 2 46 47 287
258 2 2 1 2 233 46 287
259 2 2 1 2 47 48 225
260 2 2 1 2 47 225 287
261 2 2 1 2 48 49 284
262 2 2 1 2 225 48 284
263 2 2 1 2 49 50 222
264 2 2 1 2 49 222 284
265 2 2 1 2 50 51 237
266 2 2 1 2 222 50 237
267 2 2 1 2 51 52 229
268 2 2 1 2 51 229 237
269 2 2 1 2 52 53 301
270 2 2 1 2 229 52 301
271 2 2 1 2 301 53 319
272 2 2 1 2 54 55 235
273 2 2 1 2 54 235 319
274 2 2 1 2 55 56 309
275 2 2 1 2 235 55 309
276 2 2 1 2 56 57 226
277 2 2 1 2 56 226 309
278 2 2 1 2 57 58 316
279 2 2 1 2 226 57 316
280 2 2 1 2 58 59 223
281 2 2 1 2 58 223 316
282 2 2 1 2 59 60 304
283 2 2 1 2 223 59 304
284 2 2 1 2 60 61 230
285 2 2 1 2 60 230 304
286 2 2 1 2 61 62 299
287 2 2 1 2 230 61 299
288 2 2 1 2 299 62 320
289 2 2 1 2 63 64 234
290 2 2 1 2 63 234 320
291 2 2 1 2 64 65 288
292 2 2 1 2 234 64 288
293 2 2 1 2 65 66 227
294 2 2 1 2 65 227 288
295 2 2 1 2 66 67 281
296 2 2 1 2 227 66 281
297 2 2 1 2 67 68 221
298 2 2 1 2 67 221 281
299 2 2 1 2 68 69 278
300 2 2 1 2 221 68 278
301 2 2 1 2 69 70 231
302 2 2 1 2 69 231 278
303 2 2 1 2 70 71 302
304 2 2 1 2 231 70 302
305 2 2 1 2 302 71 321
306 2 2 1 2 72 73 236
307 2 2 1 2 72 236 321
308 2 2 1 2 73 74 289
309 2 2 1 2 236 73 289
310 2 2 1 2 74 75 228
311 2 2 1 2 74 228 289
312 2 2 1 2 75 76 282
313 2 2 1 2 228 75 282
314 2 2 1 2 76 77 224
315 2 2 1 2 76 224 282
316 2 2 1 2 77 78 279
317 2 2 1 2 224 77 279
318 2 2 1 2 78 79 232
319 2 2 1 2 78 232 279
320 2 2 1 2 79 80 300
321 2 2 1 2 232 79 300
322 2 2 1 2 300 80 318
323 2 2 1 2 221 278 310
324 2 2 1 2 281 221 312
325 2 2 1 2 221 310 312
326 2 2 1 2 222 237 238
327 2 2 1 2 222 238 239
328 2 2 1 2 222 239 284
329 2 2 1 2 273 223 275
330 2 2 1 2 223 273 316
331 2 2 1 2 275 223 276
332 2 2 1 2 276 223 304
333 2 2 1 2 224 279 317
334 2 2 1 2 282 224 283
335 2 2 1 2 283 224 317
336 2 2 1 2 280 225 284
337 2 2 1 2 225 280 294
338 2 2 1 2 287 225 294
339 2 2 1 2 271 226 272
340 2 2 1 2 226 271 309
341 2 2 1 2 272 226 273
342 2 2 1 2 273 226 316
343 2 2 1 2 227 281 313
344 2 2 1 2 288 227 314
345 2 2 1 2 227 313 314
346 2 2 1 2 228 266 289
347 2 2 1 2 266 228 308
348 2 2 1 2 228 282 308
349 2 2 1 2 237 229 268
350 2 2 1 2 268 229 269
351 2 2 1 2 269 229 301
352 2 2 1 2 230 299 307
353 2 2 1 2 304 230 322
354 2 2 1 2 230 307 322
355 2 2 1 2 278 231 311
356 2 2 1 2 231 302 324
357 2 2 1 2 311 231 324
358 2 2 1 2 279 232 315
359 2 2 1 2 290 232 300
360 2 2 1 2 232 290 315
361 2 2 1 2 233 287 290
362 2 2 1 2 233 290 300
363 2 2 1 2 233 300 318
364 2 2 1 2 234 288 323
365 2 2 1 2 299 234 307
366 2 2 1 2 234 299 320
367 2 2 1 2 307 234 323
368 2 2 1 2 269 235 271
369 2 2 1 2 235 269 301
370 2 2 1 2 271 235 309
371 2 2 1 2 235 301 319
372 2 2 1 2 236 289 306
373 2 2 1 2 302 236 306
374 2 2 1 2 236 302 321
375 2 2 1 2 238 237 268
376 2 2 1 2 239 238 240
377 2 2 1 2 240 238 297
378 2 2 1 2 238 268 297
379 2 2 1 2 239 240 241
380 2 2 1 2 239 241 280
381 2 2 1 2 239 280 284
382 2 2 1 2 241 240 242
383 2 2 1 2 242 240 243
384 2 2 1 2 243 240 297
385 2 2 1 2 241 242 292
386 2 2 1 2 280 241 293
387 2 2 1 2 241 292 293
388 2 2 1 2 242 243 244
389 2 2 1 2 242 244 245
390 2 2 1 2 242 245 292
391 2 2 1 2 244 243 277
392 2 2 1 2 277 243 298
393 2 2 1 2 243 297 298
394 2 2 1 2 245 244 246
395 2 2 1 2 246 244 248
396 2 2 1 2 248 244 277
397 2 2 1 2 245 246 247
398 2 2 1 2 245 247 251
399 2 2 1 2 245 251 292
400 2 2 1 2 247 246 291
401 2 2 1 2 246 248 249
402 2 2 1 2 246 249 291
403 2 2 1 2 251 247 252
404 2 2 1 2 252 247 253
405 2 2 1 2 253 247 291
406 2 2 1 2 249 248 250
407 2 2 1 2 250 248 254
408 2 2 1 2 254 248 277
409 2 2 1 2 249 250 255
410 2 2 1 2 249 255 257
411 2 2 1 2 249 257 291
412 2 2 1 2 250 254 303
413 2 2 1 2 255 250 256
414 2 2 1 2 256 250 303
415 2 2 1 2 251 252 259
416 2 2 1 2 251 259 260
417 2 2 1 2 251 260 292
418 2 2 1 2 252 253 261
419 2 2 1 2 259 252 283
420 2 2 1 2 252 261 283
421 2 2 1 2 261 253 262
422 2 2 1 2 262 253 295
423 2 2 1 2 253 291 295
424 2 2 1 2 254 274 275
425 2 2 1 2 274 254 277
426 2 2 1 2 254 275 303
427 2 2 1 2 255 256 285
428 2 2 1 2 257 255 258
429 2 2 1 2 258 255 285
430 2 2 1 2 285 256 286
431 2 2 1 2 286 256 305
432 2 2 1 2 256 303 305
433 2 2 1 2 257 258 265
434 2 2 1 2 257 265 295
435 2 2 1 2 291 257 295
436 2 2 1 2 265 258 312
437 2 2 1 2 258 285 313
438 2 2 1 2 312 258 313
439 2 2 1 2 260 259 263
440 2 2 1 2 263 259 317
441 2 2 1 2 259 283 317
442 2 2 1 2 260 263 264
443 2 2 1 2 260 264 293
444 2 2 1 2 292 260 293
445 2 2 1 2 261 262 266
446 2 2 1 2 261 266 308
447 2 2 1 2 283 261 308
448 2 2 1 2 266 262 267
449 2 2 1 2 267 262 296
450 2 2 1 2 262 295 296
451 2 2 1 2 264 263 315
452 2 2 1 2 263 279 315
453 2 2 1 2 279 263 317
454 2 2 1 2 264 290 294
455 2 2 1 2 290 264 315
456 2 2 1 2 293 264 294
457 2 2 1 2 295 265 296
458 2 2 1 2 296 265 310
459 2 2 1 2 310 265 312
460 2 2 1 2 266 267 306
461 2 2 1 2 289 266 306
462 2 2 1 2 267 296 311
463 2 2 1 2 306 267 324
464 2 2 1 2 267 311 324
465 2 2 1 2 268 269 270
466 2 2 1 2 268 270 297
467 2 2 1 2 270 269 271
468 2 2 1 2 270 271 272
469 2 2 1 2 270 272 298
470 2 2 1 2 297 270 298
471 2 2 1 2 272 273 274
472 2 2 1 2 272 274 298
473 2 2 1 2 274 273 275
474 2 2 1 2 274 277 298
475 2 2 1 2 275 276 303
476 2 2 1 2 303 276 305
477 2 2 1 2 276 304 322
478 2 2 1 2 305 276 322
479 2 2 1 2 310 278 311
480 2 2 1 2 280 293 294
481 2 2 1 2 281 312 313
482 2 2 1 2 282 283 308
483 2 2 1 2 285 286 314
484 2 2 1 2 313 285 314
485 2 2 1 2 286 305 307
486 2 2 1 2 286 307 323
487 2 2 1 2 314 286 323
488 2 2 1 2 290 287 294
489 2 2 1 2 288 314 323
490 2 2 1 2 296 310 311
491 2 2 1 2 302 306 324
492 2 2 1 2 307 305 322
493 2 2 2 3 1 9 422
494 2 2 2 3 81 1 422
495 2 2 2 3 17 2 423
496 2 2 2 3 2 90 423
497 2 2 2 3 45 5 424
498 2 2 2 3 5 89 424
499 2 2 2 3 6 53 421
500 2 2 2 3 98 6 421
501 2 2 2 3 9 10 337
502 2 2 2 3 9 337 422
503 2 2 2 3 10 11 400
504 2 2 2 3 337 10 400
505 2 2 2 3 11 12 329
506 2 2 2 3 11 329 400
507 2 2 2 3 12 13 383
508 2 2 2 3 329 12 383
509 2 2 2 3 13 14 327
510 2 2 2 3 13 327 383
511 2 2 2 3 14 15 378
512 2 2 2 3 327 14 378
513 2 2 2 3 15 16 334
514 2 2 2 3 15 334 378
515 2 2 2 3 16 17 405
516 2 2 2 3 334 16 405
517 2 2 2 3 405 17 423
518 2 2 2 3 46 45 338
519 2 2 2 3 338 45 424
520 2 2 2 3 47 46 417
521 2 2 2 3 46 338 417
522 2 2 2 3 48 47 330
523 2 2 2 3 330 47 417
524 2 2 2 3 49 48 420
525 2 2 2 3 48 330 420
526 2 2 2 3 50 49 328
527 2 2 2 3 328 49 420
528 2 2 2 3 51 50 379
529 2 2 2 3 50 328 379
530 2 2 2 3 52 51 333
531 2 2 2 3 333 51 379
532 2 2 2 3 53 52 406
533 2 2 2 3 52 333 406
534 2 2 2 3 53 406 421
535 2 2 2 3 82 81 407
536 2 2 2 3 407 81 422
537 2 2 2 3 83 82 391
538 2 2 2 3 391 82 407
539 2 2 2 3 84 83 331
540 2 2 2 3 331 83 391
541 2 2 2 3 85 84 389
542 2 2 2 3 84 331 389
543 2 2 2 3 86 85 326
544 2 2 2 3 326 85 389
545 2 2 2 3 87 86 340
546 2 2 2 3 86 326 340
547 2 2 2 3 88 87 335
548 2 2 2 3 335 87 340
549 2 2 2 3 89 88 404
550 2 2 2 3 88 335 404
551 2 2 2 3 89 404 424
552 2 2 2 3 90 91 339
553 2 2 2 3 90 339 423
554 2 2 2 3 91 92 395
555 2 2 2 3 339 91 395
556 2 2 2 3 92 93 332
557 2 2 2 3 92 332 395
558 2 2 2 3 93 94 388
559 2 2 2 3 332 93 388
560 2 2 2 3 94 95 325
561 2 2 2 3 94 325 388
562 2 2 2 3 95 96 380
563 2 2 2 3 325 95 380
564 2 2 2 3 96 97 336
565 2 2 2 3 96 336 380
566 2 2 2 3 97 98 393
567 2 2 2 3 336 97 393
568 2 2 2 3 393 98 421
569 2 2 2 3 325 380 418
570 2 2 2 3 388 325 416
571 2 2 2 3 416 325 418
572 2 2 2 3 340 326 341
573 2 2 2 3 341 326 342
574 2 2 2 3 342 326 389
575 2 2 2 3 327 378 412
576 2 2 2 3 383 327 387
577 2 2 2 3 387 327 412
578 2 2 2 3 328 374 376
579 2 2 2 3 374 328 420
580 2 2 2 3 328 376 413
581 2 2 2 3 379 328 413
582 2 2 2 3 329 383 384
583 2 2 2 3 329 384 385
584 2 2 2 3 329 385 400
585 2 2 2 3 330 372 373
586 2 2 2 3 372 330 417
587 2 2 2 3 330 373 374
588 2 2 2 3 330 374 420
589 2 2 2 3 331 381 389
590 2 2 2 3 381 331 390
591 2 2 2 3 390 331 391
592 2 2 2 3 332 388 414
593 2 2 2 3 395 332 415
594 2 2 2 3 332 414 415
595 2 2 2 3 365 333 379
596 2 2 2 3 333 365 410
597 2 2 2 3 406 333 410
598 2 2 2 3 334 367 378
599 2 2 2 3 367 334 411
600 2 2 2 3 334 405 411
601 2 2 2 3 335 340 369
602 2 2 2 3 335 369 370
603 2 2 2 3 335 370 404
604 2 2 2 3 380 336 419
605 2 2 2 3 336 393 426
606 2 2 2 3 419 336 426
607 2 2 2 3 337 392 407
608 2 2 2 3 392 337 428
609 2 2 2 3 337 400 428
610 2 2 2 3 337 407 422
611 2 2 2 3 338 370 372
612 2 2 2 3 370 338 404
613 2 2 2 3 338 372 417
614 2 2 2 3 404 338 424
615 2 2 2 3 339 395 425
616 2 2 2 3 405 339 411
617 2 2 2 3 339 405 423
618 2 2 2 3 411 339 425
619 2 2 2 3 340 341 369
620 2 2 2 3 341 342 343
621 2 2 2 3 341 343 396
622 2 2 2 3 369 341 396
623 2 2 2 3 343 342 344
624 2 2 2 3 344 342 381
625 2 2 2 3 381 342 389
626 2 2 2 3 343 344 345
627 2 2 2 3 343 345 346
628 2 2 2 3 343 346 396
629 2 2 2 3 345 344 397
630 2 2 2 3 344 381 382
631 2 2 2 3 344 382 397
632 2 2 2 3 346 345 347
633 2 2 2 3 347 345 348
634 2 2 2 3 348 345 397
635 2 2 2 3 346 347 403
636 2 2 2 3 346 377 396
637 2 2 2 3 377 346 403
638 2 2 2 3 347 348 349
639 2 2 2 3 347 349 350
640 2 2 2 3 347 350 403
641 2 2 2 3 349 348 351
642 2 2 2 3 351 348 354
643 2 2 2 3 354 348 397
644 2 2 2 3 350 349 398
645 2 2 2 3 349 351 352
646 2 2 2 3 349 352 398
647 2 2 2 3 350 398 401
648 2 2 2 3 350 401 402
649 2 2 2 3 350 402 403
650 2 2 2 3 352 351 353
651 2 2 2 3 353 351 399
652 2 2 2 3 351 354 399
653 2 2 2 3 352 353 355
654 2 2 2 3 352 355 356
655 2 2 2 3 352 356 398
656 2 2 2 3 355 353 357
657 2 2 2 3 357 353 359
658 2 2 2 3 359 353 399
659 2 2 2 3 354 386 409
660 2 2 2 3 386 354 427
661 2 2 2 3 354 397 427
662 2 2 2 3 399 354 409
663 2 2 2 3 356 355 358
664 2 2 2 3 355 357 394
665 2 2 2 3 358 355 394
666 2 2 2 3 356 358 360
667 2 2 2 3 356 360 361
668 2 2 2 3 356 361 398
669 2 2 2 3 357 359 367
670 2 2 2 3 357 367 368
671 2 2 2 3 357 368 394
672 2 2 2 3 360 358 416
673 2 2 2 3 358 394 414
674 2 2 2 3 358 414 416
675 2 2 2 3 367 359 412
676 2 2 2 3 387 359 399
677 2 2 2 3 359 387 412
678 2 2 2 3 361 360 362
679 2 2 2 3 362 360 418
680 2 2 2 3 360 416 418
681 2 2 2 3 361 362 363
682 2 2 2 3 361 363 401
683 2 2 2 3 398 361 401
684 2 2 2 3 363 362 364
685 2 2 2 3 364 362 419
686 2 2 2 3 362 418 419
687 2 2 2 3 363 364 365
688 2 2 2 3 363 365 366
689 2 2 2 3 363 366 401
690 2 2 2 3 365 364 410
691 2 2 2 3 410 364 426
692 2 2 2 3 364 419 426
693 2 2 2 3 366 365 413
694 2 2 2 3 365 379 413
695 2 2 2 3 366 376 402
696 2 2 2 3 376 366 413
697 2 2 2 3 401 366 402
698 2 2 2 3 368 367 411
699 2 2 2 3 378 367 412
700 2 2 2 3 394 368 415
701 2 2 2 3 368 411 425
702 2 2 2 3 415 368 425
703 2 2 2 3 370 369 371
704 2 2 2 3 371 369 396
705 2 2 2 3 370 371 372
706 2 2 2 3 372 371 373
707 2 2 2 3 373 371 377
708 2 2 2 3 377 371 396
709 2 2 2 3 374 373 375
710 2 2 2 3 375 373 377
711 2 2 2 3 374 375 376
712 2 2 2 3 376 375 402
713 2 2 2 3 375 377 403
714 2 2 2 3 402 375 403
715 2 2 2 3 418 380 419
716 2 2 2 3 382 381 390
717 2 2 2 3 382 390 408
718 2 2 2 3 397 382 427
719 2 2 2 3 382 408 427
720 2 2 2 3 384 383 387
721 2 2 2 3 385 384 386
722 2 2 2 3 386 384 409
723 2 2 2 3 384 387 409
724 2 2 2 3 385 386 408
725 2 2 2 3 400 385 428
726 2 2 2 3 385 408 428
727 2 2 2 3 408 386 427
728 2 2 2 3 387 399 409
729 2 2 2 3 414 388 416
730 2 2 2 3 390 391 392
731 2 2 2 3 390 392 408
732 2 2 2 3 392 391 407
733 2 2 2 3 408 392 428
734 2 2 2 3 393 406 410
735 2 2 2 3 406 393 421
736 2 2 2 3 393 410 426
737 2 2 2 3 414 394 415
738 2 2 2 3 395 415 425
739 2 2 2 4 2 18 526
740 2 2 2 4 90 2 526
741 2 2 2 4 26 3 527
742 2 2 2 4 3 99 527
743 2 2 2 4 54 6 528
744 2 2 2 4 6 98 528
745 2 2 2 4 7 62 525
746 2 2 2 4 107 7 525
747 2 2 2 4 18 19 441
748 2 2 2 4 18 441 526
749 2 2 2 4 19 20 504
750 2 2 2 4 441 19 504
751 2 2 2 4 20 21 433
752 2 2 2 4 20 433 504
753 2 2 2 4 21 22 487
754 2 2 2 4 433 21 487
755 2 2 2 4 22 23 431
756 2 2 2 4 22 431 487
757 2 2 2 4 23 24 482
758 2 2 2 4 431 23 482
759 2 2 2 4 24 25 438
760 2 2 2 4 24 438 482
761 2 2 2 4 25 26 509
762 2 2 2 4 438 25 509
763 2 2 2 4 509 26 527
764 2 2 2 4 55 54 442
765 2 2 2 4 442 54 528
766 2 2 2 4 56 55 521
767 2 2 2 4 55 442 521
768 2 2 2 4 57 56 434
769 2 2 2 4 434 56 521
770 2 2 2 4 58 57 524
771 2 2 2 4 57 434 524
772 2 2 2 4 59 58 432
773 2 2 2 4 432 58 524
774 2 2 2 4 60 59 483
775 2 2 2 4 59 432 483
776 2 2 2 4 61 60 437
777 2 2 2 4 437 60 483
778 2 2 2 4 62 61 510
779 2 2 2 4 61 437 510
780 2 2 2 4 62 510 525
781 2 2 2 4 91 90 511
782 2 2 2 4 511 90 526
783 2 2 2 4 92 91 495
784 2 2 2 4 495 91 511
785 2 2 2 4 93 92 435
786 2 2 2 4 435 92 495
787 2 2 2 4 94 93 493
788 2 2 2 4 93 435 493
789 2 2 2 4 95 94 430
790 2 2 2 4 430 94 493
791 2 2 2 4 96 95 444
792 2 2 2 4 95 430 444
793 2 2 2 4 97 96 439
794 2 2 2 4 439 96 444
795 2 2 2 4 98 97 508
796 2 2 2 4 97 439 508
797 2 2 2 4 98 508 528
798 2 2 2 4 99 100 443
799 2 2 2 4 99 443 527
800 2 2 2 4 100 101 499
801 2 2 2 4 443 100 499
802 2 2 2 4 101 102 436
803 2 2 2 4 101 436 499
804 2 2 2 4 102 103 492
805 2 2 2 4 436 102 492
806 2 2 2 4 103 104 429
807 2 2 2 4 103 429 492
808 2 2 2 4 104 105 484
809 2 2 2 4 429 104 484
810 2 2 2 4 105 106 440
811 2 2 2 4 105 440 484
812 2 2 2 4 106 107 497
813 2 2 2 4 440 106 497
814 2 2 2 4 497 107 525
815 2 2 2 4 429 484 522
816 2 2 2 4 492 429 520
817 2 2 2 4 520 429 522
818 2 2 2 4 444 430 445
819 2 2 2 4 445 430 446
820 2 2 2 4 446 430 493
821 2 2 2 4 431 482 516
822 2 2 2 4 487 431 491
823 2 2 2 4 491 431 516
824 2 2 2 4 432 478 480
825 2 2 2 4 478 432 524
826 2 2 2 4 432 480 517
827 2 2 2 4 483 432 517
828 2 2 2 4 433 487 488
829 2 2 2 4 433 488 489
830 2 2 2 4 433 489 504
831 2 2 2 4 434 476 477
832 2 2 2 4 476 434 521
833 2 2 2 4 434 477 478
834 2 2 2 4 434 478 524
835 2 2 2 4 435 485 493
836 2 2 2 4 485 435 494
837 2 2 2 4 494 435 495
838 2 2 2 4 436 492 518
839 2 2 2 4 499 436 519
840 2 2 2 4 436 518 519
841 2 2 2 4 469 437 483
842 2 2 2 4 437 469 514
843 2 2 2 4 510 437 514
844 2 2 2 4 438 471 482
845 2 2 2 4 471 438 515
846 2 2 2 4 438 509 515
847 2 2 2 4 439 444 473
848 2 2 2 4 439 473 474
849 2 2 2 4 439 474 508
850 2 2 2 4 484 440 523
851 2 2 2 4 440 497 530
852 2 2 2 4 523 440 530
853 2 2 2 4 441 496 511
854 2 2 2 4 496 441 532
855 2 2 2 4 441 504 532
856 2 2 2 4 441 511 526
857 2 2 2 4 442 474 476
858 2 2 2 4 474 442 508
859 2 2 2 4 442 476 521
860 2 2 2 4 508 442 528
861 2 2 2 4 443 499 529
862 2 2 2 4 509 443 515
863 2 2 2 4 443 509 527
864 2 2 2 4 515 443 529
865 2 2 2 4 444 445 473
866 2 2 2 4 445 446 447
867 2 2 2 4 445 447 500
868 2 2 2 4 473 445 500
869 2 2 2 4 447 446 448
870 2 2 2 4 448 446 485
871 2 2 2 4 485 446 493
872 2 2 2 4 447 448 449
873 2 2 2 4 447 449 450
874 2 2 2 4 447 450 500
875 2 2 2 4 449 448 501
876 2 2 2 4 448 485 486
877 2 2 2 4 448 486 501
878 2 2 2 4 450 449 451
879 2 2 2 4 451 449 452
880 2 2 2 4 452 449 501
881 2 2 2 4 450 451 507
882 2 2 2 4 450 481 500
883 2 2 2 4 481 450 507
884 2 2 2 4 451 452 453
885 2 2 2 4 451 453 454
886 2 2 2 4 451 454 507
887 2 2 2 4 453 452 455
888 2 2 2 4 455 452 458
889 2 2 2 4 458 452 501
890 2 2 2 4 454 453 502
891 2 2 2 4 453 455 456
892 2 2 2 4 453 456 502
893 2 2 2 4 454 502 505
894 2 2 2 4 454 505 506
895 2 2 2 4 454 506 507
896 2 2 2 4 456 455 457
897 2 2 2 4 457 455 503
898 2 2 2 4 455 458 503
899 2 2 2 4 456 457 459
900 2 2 2 4 456 459 460
901 2 2 2 4 456 460 502
902 2 2 2 4 459 457 461
903 2 2 2 4 461 457 463
904 2 2 2 4 463 457 503
905 2 2 2 4 458 490 513
906 2 2 2 4 490 458 531
907 2 2 2 4 458 501 531
908 2 2 2 4 503 458 513
909 2 2 2 4 460 459 462
910 2 2 2 4 459 461 498
911 2 2 2 4 462 459 498
912 2 2 2 4 460 462 464
913 2 2 2 4 460 464 465
914 2 2 2 4 460 465 502
915 2 2 2 4 461 463 471
916 2 2 2 4 461 471 472
917 2 2 2 4 461 472 498
918 2 2 2 4 464 462 520
919 2 2 2 4 462 498 518
920 2 2 2 4 462 518 520
921 2 2 2 4 471 463 516
922 2 2 2 4 491 463 503
923 2 2 2 4 463 491 516
924 2 2 2 4 465 464 466
925 2 2 2 4 466 464 522
926 2 2 2 4 464 520 522
927 2 2 2 4 465 466 467
928 2 2 2 4 465 467 505
929 2 2 2 4 502 465 505
930 2 2 2 4 467 466 468
931 2 2 2 4 468 466 523
932 2 2 2 4 466 522 523
933 2 2 2 4 467 468 469
934 2 2 2 4 467 469 470
935 2 2 2 4 467 470 505
936 2 2 2 4 469 468 514
937 2 2 2 4 514 468 530
938 2 2 2 4 468 523 530
939 2 2 2 4 470 469 517
940 2 2 2 4 469 483 517
941 2 2 2 4 470 480 506
942 2 2 2 4 480 470 517
943 2 2 2 4 505 470 506
944 2 2 2 4 472 471 515
945 2 2 2 4 482 471 516
946 2 2 2 4 498 472 519
947 2 2 2 4 472 515 529
948 2 2 2 4 519 472 529
949 2 2 2 4 474 473 475
950 2 2 2 4 475 473 500
951 2 2 2 4 474 475 476
952 2 2 2 4 476 475 477
953 2 2 2 4 477 475 481
954 2 2 2 4 481 475 500
955 2 2 2 4 478 477 479
956 2 2 2 4 479 477 481
957 2 2 2 4 478 479 480
958 2 2 2 4 480 479 506
959 2 2 2 4 479 481 507
960 2 2 2 4 506 479 507
961 2 2 2 4 522 484 523
962 2 2 2 4 486 485 494
963 2 2 2 4 486 494 512
964 2 2 2 4 501 486 531
965 2 2 2 4 486 512 531
966 2 2 2 4 488 487 491
967 2 2 2 4 489 488 490
968 2 2 2 4 490 488 513
969 2 2 2 4 488 491 513
970 2 2 2 4 489 490 512
971 2 2 2 4 504 489 532
972 2 2 2 4 489 512 532
973 2 2 2 4 512 490 531
974 2 2 2 4 491 503 513
975 2 2 2 4 518 492 520
976 2 2 2 4 494 495 496
977 2 2 2 4 494 496 512
978 2 2 2 4 496 495 511
979 2 2 2 4 512 496 532
980 2 2 2 4 497 510 514
981 2 2 2 4 510 497 525
982 2 2 2 4 497 514 530
983 2 2 2 4 518 498 519
984 2 2 2 4 499 519 529
985 2 2 2 5 3 27 630
986 2 2 2 5 99 3 630
987 2 2 2 5 35 4 631
988 2 2 2 5 4 108 631
989 2 2 2 5 63 7 632
990 2 2 2 5 7 107 632
991 2 2 2 5 8 71 629
992 2 2 2 5 116 8 629
993 2 2 2 5 27 28 545
994 2 2 2 5 27 545 630
995 2 2 2 5 28 29 608
996 2 2 2 5 545 28 608
997 2 2 2 5 29 30 537
998 2 2 2 5 29 537 608
999 2 2 2 5 30 31 591
1000 2 2 2 5 537 30 591
1001 2 2 2 5 31 32 535
1002 2 2 2 5 31 535 591
1003 2 2 2 5 32 33 586
1004 2 2 2 5 535 32 586
1005 2 2 2 5 33 34 542
1006 2 2 2 5 33 542 586
1007 2 2 2 5 34 35 613
1008 2 2 2 5 542 34 613
1009 2 2 2 5 613 35 631
1010 2 2 2 5 64 63 546
1011 2 2 2 5 546 63 632
1012 2 2 2 5 65 64 625
1013 2 2 2 5 64 546 625
1014 2 2 2 5 66 65 538
1015 2 2 2 5 538 65 625
1016 2 2 2 5 67 66 628
1017 2 2 2 5 66 538 628
1018 2 2 2 5 68 67 536
1019 2 2 2 5 536 67 628
1020 2 2 2 5 69 68 587
1021 2 2 2 5 68 536 587
1022 2 2 2 5 70 69 541
1023 2 2 2 5 541 69 587
1024 2 2 2 5 71 70 614
1025 2 2 2 5 70 541 614
1026 2 2 2 5 71 614 629
1027 2 2 2 5 100 99 615
1028 2 2 2 5 615 99 630
1029 2 2 2 5 101 100 599
1030 2 2 2 5 599 100 615
1031 2 2 2 5 102 101 539
1032 2 2 2 5 539 101 599
1033 2 2 2 5 103 102 597
1034 2 2 2 5 102 539 597
1035 2 2 2 5 104 103 534
1036 2 2 2 5 534 103 597
1037 2 2 2 5 105 104 548
1038 2 2 2 5 104 534 548
1039 2 2 2 5 106 105 543
1040 2 2 2 5 543 105 548
1041 2 2 2 5 107 106 612
1042 2 2 2 5 106 543 612
1043 2 2 2 5 107 612 632
1044 2 2 2 5 108 109 547
1045 2 2 2 5 108 547 631
1046 2 2 2 5 109 110 603
1047 2 2 2 5 547 109 603
1048 2 2 2 5 110 111 540
1049 2 2 2 5 110 540 603
1050 2 2 2 5 111 112 596
1051 2 2 2 5 540 111 596
1052 2 2 2 5 112 113 533
1053 2 2 2 5 112 533 596
1054 2 2 2 5 113 114 588
1055 2 2 2 5 533 113 588
1056 2 2 2 5 114 115 544
1057 2 2 2 5 114 544 588
1058 2 2 2 5 115 116 601
1059 2 2 2 5 544 115 601
1060 2 2 2 5 601 116 629
1061 2 2 2 5 533 588 626
1062 2 2 2 5 596 533 624
1063 2 2 2 5 624 533 626
1064 2 2 2 5 548 534 549
1065 2 2 2 5 549 534 550
1066 2 2 2 5 550 534 597
1067 2 2 2 5 535 586 620
1068 2 2 2 5 591 535 595
1069 2 2 2 5 595 535 620
1070 2 2 2 5 536 582 584
1071 2 2 2 5 582 536 628
1072 2 2 2 5 536 584 621
1073 2 2 2 5 587 536 621
1074 2 2 2 5 537 591 592
1075 2 2 2 5 537 592 593
1076 2 2 2 5 537 593 608
1077 2 2 2 5 538 580 581
1078 2 2 2 5 580 538 625
1079 2 2 2 5 538 581 582
1080 2 2 2 5 538 582 628
1081 2 2 2 5 539 589 597
1082 2 2 2 5 589 539 598
1083 2 2 2 5 598 539 599
1084 2 2 2 5 540 596 622
1085 2 2 2 5 603 540 623
1086 2 2 2 5 540 622 623
1087 2 2 2 5 573 541 587
1088 2 2 2 5 541 573 618
1089 2 2 2 5 614 541 618
1090 2 2 2 5 542 575 586
1091 2 2 2 5 575 542 619
1092 2 2 2 5 542 613 619
1093 2 2 2 5 543 548 577
1094 2 2 2 5 543 577 578
1095 2 2 2 5 543 578 612
1096 2 2 2 5 588 544 627
1097 2 2 2 5 544 601 634
1098 2 2 2 5 627 544 634
1099 2 2 2 5 545 600 615
1100 2 2 2 5 600 545 636
1101 2 2 2 5 545 608 636
1102 2 2 2 5 545 615 630
1103 2 2 2 5 546 578 580
1104 2 2 2 5 578 546 612
1105 2 2 2 5 546 580 625
1106 2 2 2 5 612 546 632
1107 2 2 2 5 547 603 633
1108 2 2 2 5 613 547 619
1109 2 2 2 5 547 613 631
1110 2 2 2 5 619 547 633
1111 2 2 2 5 548 549 577
1112 2 2 2 5 549 550 551
1113 2 2 2 5 549 551 604
1114 2 2 2 5 577 549 604
1115 2 2 2 5 551 550 552
1116 2 2 2 5 552 550 589
1117 2 2 2 5 589 550 597
1118 2 2 2 5 551 552 553
1119 2 2 2 5 551 553 554
1120 2 2 2 5 551 554 604
1121 2 2 2 5 553 552 605
1122 2 2 2 5 552 589 590
1123 2 2 2 5 552 590 605
1124 2 2 2 5 554 553 555
1125 2 2 2 5 555 553 556
1126 2 2 2 5 556 553 605
1127 2 2 2 5 554 555 611
1128 2 2 2 5 554 585 604
1129 2 2 2 5 585 554 611
1130 2 2 2 5 555 556 557
1131 2 2 2 5 555 557 558
1132 2 2 2 5 555 558 611
1133 2 2 2 5 557 556 559
1134 2 2 2 5 559 556 562
1135 2 2 2 5 562 556 605
1136 2 2 2 5 558 557 606
1137 2 2 2 5 557 559 560
1138 2 2 2 5 557 560 606
1139 2 2 2 5 558 606 609
1140 2 2 2 5 558 609 610
1141 2 2 2 5 558 610 611
1142 2 2 2 5 560 559 561
1143 2 2 2 5 561 559 607
1144 2 2 2 5 559 562 607
1145 2 2 2 5 560 561 563
1146 2 2 2 5 560 563 564
1147 2 2 2 5 560 564 606
1148 2 2 2 5 563 561 565
1149 2 2 2 5 565 561 567
1150 2 2 2 5 567 561 607
1151 2 2 2 5 562 594 617
1152 2 2 2 5 594 562 635
1153 2 2 2 5 562 605 635
1154 2 2 2 5 607 562 617
1155 2 2 2 5 564 563 566
1156 2 2 2 5 563 565 602
1157 2 2 2 5 566 563 602
1158 2 2 2 5 564 566 568
1159 2 2 2 5 564 568 569
1160 2 2 2 5 564 569 606
1161 2 2 2 5 565 567 575
1162 2 2 2 5 565 575 576
1163 2 2 2 5 565 576 602
1164 2 2 2 5 568 566 624
1165 2 2 2 5 566 602 622
1166 2 2 2 5 566 622 624
1167 2 2 2 5 575 567 620
1168 2 2 2 5 595 567 607
1169 2 2 2 5 567 595 620
1170 2 2 2 5 569 568 570
1171 2 2 2 5 570 568 626
1172 2 2 2 5 568 624 626
1173 2 2 2 5 569 570 571
1174 2 2 2 5 569 571 609
1175 2 2 2 5 606 569 609
1176 2 2 2 5 571 570 572
1177 2 2 2 5 572 570 627
1178 2 2 2 5 570 626 627
1179 2 2 2 5 571 572 573
1180 2 2 2 5 571 573 574
1181 2 2 2 5 571 574 609
1182 2 2 2 5 573 572 618
1183 2 2 2 5 618 572 634
1184 2 2 2 5 572 627 634
1185 2 2 2 5 574 573 621
1186 2 2 2 5 573 587 621
1187 2 2 2 5 574 584 610
1188 2 2 2 5 584 574 621
1189 2 2 2 5 609 574 610
1190 2 2 2 5 576 575 619
1191 2 2 2 5 586 575 620
1192 2 2 2 5 602 576 623
1193 2 2 2 5 576 619 633
1194 2 2 2 5 623 576 633
1195 2 2 2 5 578 577 579
1196 2 2 2 5 579 577 604
1197 2 2 2 5 578 579 580
1198 2 2 2 5 580 579 581
1199 2 2 2 5 581 579 585
1200 2 2 2 5 585 579 604
1201 2 2 2 5 582 581 583
1202 2 2 2 5 583 581 585
1203 2 2 2 5 582 583 584
1204 2 2 2 5 584 583 610
1205 2 2 2 5 583 585 611
1206 2 2 2 5 610 583 611
1207 2 2 2 5 626 588 627
1208 2 2 2 5 590 589 598
1209 2 2 2 5 590 598 616
1210 2 2 2 5 605 590 635
1211 2 2 2 5 590 616 635
1212 2 2 2 5 592 591 595
1213 2 2 2 5 593 592 594
1214 2 2 2 5 594 592 617
1215 2 2 2 5 592 595 617
1216 2 2 2 5 593 594 616
1217 2 2 2 5 608 593 636
1218 2 2 2 5 593 616 636
1219 2 2 2 5 616 594 635
1220 2 2 2 5 595 607 617
1221 2 2 2 5 622 596 624
1222 2 2 2 5 598 599 600
1223 2 2 2 5 598 600 616
1224 2 2 2 5 600 599 615
1225 2 2 2 5 616 600 636
1226 2 2 2 5 601 614 618
1227 2 2 2 5 614 601 629
1228 2 2 2 5 601 618 634
1229 2 2 2 5 622 602 623
1230 2 2 2 5 603 623 633
1231 2 2 2 6 44 1 735
1232 2 2 2 6 1 81 735
1233 2 2 2 6 4 36 734
1234 2 2 2 6 108 4 734
1235 2 2 2 6 5 80 733
1236 2 2 2 6 89 5 733
1237 2 2 2 6 72 8 736
1238 2 2 2 6 8 116 736
1239 2 2 2 6 36 37 649
1240 2 2 2 6 36 649 734
1241 2 2 2 6 37 38 712
1242 2 2 2 6 649 37 712
1243 2 2 2 6 38 39 641
1244 2 2 2 6 38 641 712
1245 2 2 2 6 39 40 695
1246 2 2 2 6 641 39 695
1247 2 2 2 6 40 41 639
1248 2 2 2 6 40 639 695
1249 2 2 2 6 41 42 690
1250 2 2 2 6 639 41 690
1251 2 2 2 6 42 43 646
1252 2 2 2 6 42 646 690
1253 2 2 2 6 43 44 717
1254 2 2 2 6 646 43 717
1255 2 2 2 6 717 44 735
1256 2 2 2 6 73 72 650
1257 2 2 2 6 650 72 736
1258 2 2 2 6 74 73 729
1259 2 2 2 6 73 650 729
1260 2 2 2 6 75 74 642
1261 2 2 2 6 642 74 729
1262 2 2 2 6 76 75 732
1263 2 2 2 6 75 642 732
1264 2 2 2 6 77 76 640
1265 2 2 2 6 640 76 732
1266 2 2 2 6 78 77 691
1267 2 2 2 6 77 640 691
1268 2 2 2 6 79 78 645
1269 2 2 2 6 645 78 691
1270 2 2 2 6 80 79 718
1271 2 2 2 6 79 645 718
1272 2 2 2 6 80 718 733
1273 2 2 2 6 81 82 651
1274 2 2 2 6 81 651 735
1275 2 2 2 6 82 83 707
1276 2 2 2 6 651 82 707
1277 2 2 2 6 83 84 643
1278 2 2 2 6 83 643 707
1279 2 2 2 6 84 85 700
1280 2 2 2 6 643 84 700
1281 2 2 2 6 85 86 637
1282 2 2 2 6 85 637 700
1283 2 2 2 6 86 87 692
1284 2 2 2 6 637 86 692
1285 2 2 2 6 87 88 648
1286 2 2 2 6 87 648 692
1287 2 2 2 6 88 89 705
1288 2 2 2 6 648 88 705
1289 2 2 2 6 705 89 733
1290 2 2 2 6 109 108 719
1291 2 2 2 6 719 108 734
1292 2 2 2 6 110 109 703
1293 2 2 2 6 703 109 719
1294 2 2 2 6 111 110 644
1295 2 2 2 6 644 110 703
1296 2 2 2 6 112 111 701
1297 2 2 2 6 111 644 701
1298 2 2 2 6 113 112 638
1299 2 2 2 6 638 112 701
1300 2 2 2 6 114 113 652
1301 2 2 2 6 113 638 652
1302 2 2 2 6 115 114 647
1303 2 2 2 6 647 114 652
1304 2 2 2 6 116 115 716
1305 2 2 2 6 115 647 716
1306 2 2 2 6 116 716 736
1307 2 2 2 6 637 692 730
1308 2 2 2 6 700 637 728
1309 2 2 2 6 728 637 730
1310 2 2 2 6 652 638 653
1311 2 2 2 6 653 638 654
1312 2 2 2 6 654 638 701
1313 2 2 2 6 639 690 724
1314 2 2 2 6 695 639 699
1315 2 2 2 6 699 639 724
1316 2 2 2 6 640 686 688
1317 2 2 2 6 686 640 732
1318 2 2 2 6 640 688 725
1319 2 2 2 6 691 640 725
1320 2 2 2 6 641 695 696
1321 2 2 2 6 641 696 697
1322 2 2 2 6 641 697 712
1323 2 2 2 6 642 684 685
1324 2 2 2 6 684 642 729
1325 2 2 2 6 642 685 686
1326 2 2 2 6 642 686 732
1327 2 2 2 6 643 700 726
1328 2 2 2 6 707 643 727
1329 2 2 2 6 643 726 727
1330 2 2 2 6 644 693 701
1331 2 2 2 6 693 644 702
1332 2 2 2 6 702 644 703
1333 2 2 2 6 677 645 691
1334 2 2 2 6 645 677 722
1335 2 2 2 6 718 645 722
1336 2 2 2 6 646 679 690
1337 2 2 2 6 679 646 723
1338 2 2 2 6 646 717 723
1339 2 2 2 6 647 652 681
1340 2 2 2 6 647 681 682
1341 2 2 2 6 647 682 716
1342 2 2 2 6 692 648 731
1343 2 2 2 6 648 705 738
1344 2 2 2 6 731 648 738
1345 2 2 2 6 649 704 719
1346 2 2 2 6 704 649 740
1347 2 2 2 6 649 712 740
1348 2 2 2 6 649 719 734
1349 2 2 2 6 650 682 684
1350 2 2 2 6 682 650 716
1351 2 2 2 6 650 684 729
1352 2 2 2 6 716 650 736
1353 2 2 2 6 651 707 737
1354 2 2 2 6 717 651 723
1355 2 2 2 6 651 717 735
1356 2 2 2 6 723 651 737
1357 2 2 2 6 652 653 681
1358 2 2 2 6 653 654 655
1359 2 2 2 6 653 655 708
1360 2 2 2 6 681 653 708
1361 2 2 2 6 655 654 656
1362 2 2 2 6 656 654 693
1363 2 2 2 6 693 654 701
1364 2 2 2 6 655 656 657
1365 2 2 2 6 655 657 658
1366 2 2 2 6 655 658 708
1367 2 2 2 6 657 656 709
1368 2 2 2 6 656 693 694
1369 2 2 2 6 656 694 709
1370 2 2 2 6 658 657 659
1371 2 2 2 6 659 657 660
1372 2 2 2 6 660 657 709
1373 2 2 2 6 658 659 715
1374 2 2 2 6 658 689 708
1375 2 2 2 6 689 658 715
1376 2 2 2 6 659 660 661
1377 2 2 2 6 659 661 662
1378 2 2 2 6 659 662 715
1379 2 2 2 6 661 660 663
1380 2 2 2 6 663 660 666
1381 2 2 2 6 666 660 709
1382 2 2 2 6 662 661 710
1383 2 2 2 6 661 663 664
1384 2 2 2 6 661 664 710
1385 2 2 2 6 662 710 713
1386 2 2 2 6 662 713 714
1387 2 2 2 6 662 714 715
1388 2 2 2 6 664 663 665
1389 2 2 2 6 665 663 711
1390 2 2 2 6 663 666 711
1391 2 2 2 6 664 665 667
1392 2 2 2 6 664 667 668
1393 2 2 2 6 664 668 710
1394 2 2 2 6 667 665 669
1395 2 2 2 6 669 665 671
1396 2 2 2 6 671 665 711
1397 2 2 2 6 666 698 721
1398 2 2 2 6 698 666 739
1399 2 2 2 6 666 709 739
1400 2 2 2 6 711 666 721
1401 2 2 2 6 668 667 670
1402 2 2 2 6 667 669 706
1403 2 2 2 6 670 667 706
1404 2 2 2 6 668 670 672
1405 2 2 2 6 668 672 673
1406 2 2 2 6 668 673 710
1407 2 2 2 6 669 671 679
1408 2 2 2 6 669 679 680
1409 2 2 2 6 669 680 706
1410 2 2 2 6 672 670 728
1411 2 2 2 6 670 706 726
1412 2 2 2 6 670 726 728
1413 2 2 2 6 679 671 724
1414 2 2 2 6 699 671 711
1415 2 2 2 6 671 699 724
1416 2 2 2 6 673 672 674
1417 2 2 2 6 674 672 730
1418 2 2 2 6 672 728 730
1419 2 2 2 6 673 674 675
1420 2 2 2 6 673 675 713
1421 2 2 2 6 710 673 713
1422 2 2 2 6 675 674 676
1423 2 2 2 6 676 674 731
1424 2 2 2 6 674 730 731
1425 2 2 2 6 675 676 677
1426 2 2 2 6 675 677 678
1427 2 2 2 6 675 678 713
1428 2 2 2 6 677 676 722
1429 2 2 2 6 722 676 738
1430 2 2 2 6 676 731 738
1431 2 2 2 6 678 677 725
1432 2 2 2 6 677 691 725
1433 2 2 2 6 678 688 714
1434 2 2 2 6 688 678 725
1435 2 2 2 6 713 678 714
1436 2 2 2 6 680 679 723
1437 2 2 2 6 690 679 724
1438 2 2 2 6 706 680 727
1439 2 2 2 6 680 723 737
1440 2 2 2 6 727 680 737
1441 2 2 2 6 682 681 683
1442 2 2 2 6 683 681 708
1443 2 2 2 6 682 683 684
1444 2 2 2 6 684 683 685
1445 2 2 2 6 685 683 689
1446 2 2 2 6 689 683 708
1447 2 2 2 6 686 685 687
1448 2 2 2 6 687 685 689
1449 2 2 2 6 686 687 688
1450 2 2 2 6 688 687 714
1451 2 2 2 6 687 689 715
1452 2 2 2 6 714 687 715
1453 2 2 2 6 730 692 731
1454 2 2 2 6 694 693 702
1455 2 2 2 6 694 702 720
1456 2 2 2 6 709 694 739
1457 2 2 2 6 694 720 739
1458 2 2 2 6 696 695 699
1459 2 2 2 6 697 696 698
1460 2 2 2 6 698 696 721
1461 2 2 2 6 696 699 721
1462 2 2 2 6 697 698 720
1463 2 2 2 6 712 697 740
1464 2 2 2 6 697 720 740
1465 2 2 2 6 720 698 739
1466 2 2 2 6 699 711 721
1467 2 2 2 6 726 700 728
1468 2 2 2 6 702 703 704
1469 2 2 2 6 702 704 720
1470 2 2 2 6 704 703 719
1471 2 2 2 6 720 704 740
1472 2 2 2 6 705 718 722
1473 2 2 2 6 718 705 733
1474 2 2 2 6 705 722 738
1475 2 2 2 6 726 706 727
1476 2 2 2 6 707 727 737
1477 4 2 3 1 801 921 813 1068
1478 4 2 3 1 947 1014 946 1020
1479 4 2 3 1 460 502 795 978
1480 4 2 3 1 293 886 813 887
1481 4 2 3 1 293 292 886 887
1482 4 2 3 1 394 877 830 972
1483 4 2 3 1 685 822 964 1040
1484 4 2 3 1 840 947 946 1020
1485 4 2 3 1 187 153 191 1001
1486 4 2 3 1 482 431 516 826
1487 4 2 3 1 200 431 482 826
1488 4 2 3 1 701 835 596 865
1489 4 2 3 1 460 795 966 978
1490 4 2 3 1 598 808 590 850
1491 4 2 3 1 378 820 133 908
1492 4 2 3 1 685 689 837 964
1493 4 2 3 1 685 837 689 1040
1494 4 2 3 1 502 460 795 966
1495 4 2 3 1 793 843 609 1003
1496 4 2 3 1 793 609 870 1003
1497 4 2 3 1 685 964 837 1040
1498 4 2 3 1 596 701 540 835
1499 4 2 3 1 644 540 701 835
1500 4 2 3 1 569 793 609 870
1501 4 2 3 1 837 964 822 1040
1502 4 2 3 1 431 826 200 898
1503 4 2 3 1 153 970 191 1001
1504 4 2 3 1 187 191 814 1001
1505 4 2 3 1 368 394 972 1108
1506 4 2 3 1 241 882 813 886
1507 4 2 3 1 431 516 826 898
1508 4 2 3 1 821 804 933 947
1509 4 2 3 1 877 972 394 1108
1510 4 2 3 1 797 912 831 950
1511 4 2 3 1 745 912 797 950
1512 4 2 3 1 569 868 793 870
1513 4 2 3 1 188 798 156 905
1514 4 2 3 1 801 886 813 921
1515 4 2 3 1 609 843 793 1111
1516 4 2 3 1 779 897 449 1069
1517 4 2 3 1 842 883 348 1101
1518 4 2 3 1 515 901 913 929
1519 4 2 3 1 782 900 868 918
1520 4 2 3 1 784 921 880 1100
1521 4 2 3 1 345 883 799 935
1522 4 2 3 1 747 857 885 1051
1523 4 2 3 1 348 883 842 1132
1524 4 2 3 1 798 839 156 905
1525 4 2 3 1 460 966 899 978
1526 4 2 3 1 747 885 869 1051
1527 4 2 3 1 750 804 821 853
1528 4 2 3 1 783 752 1024 1060
1529 4 2 3 1 752 1031 1024 1060
1530 4 2 3 1 285 831 1052 1066
1531 4 2 3 1 773 873 971 1072
1532 4 2 3 1 280 813 241 882
1533 4 2 3 1 945 1064 1061 1084
1534 4 2 3 1 342 935 867 1038
1535 4 2 3 1 270 833 272 1009
1536 4 2 3 1 191 970 814 1001
1537 4 2 3 1 745 831 912 950
1538 4 2 3 1 133 820 134 908
1539 4 2 3 1 397 799 345 883
1540 4 2 3 1 285 1052 313 1066
1541 4 2 3 1 342 343 935 1038
1542 4 2 3 1 449 897 779 1060
1543 4 2 3 1 475 834 1007 1032
1544 4 2 3 1 773 873 828 971
1545 4 2 3 1 449 1060 779 1069
1546 4 2 3 1 801 886 292 887
1547 4 2 3 1 802 766 1010 1075
1548 4 2 3 1 345 799 397 935
1549 4 2 3 1 204 802 934 1010
1550 4 2 3 1 802 766 934 1010
1551 4 2 3 1 749 851 1075 1077
1552 4 2 3 1 119 133 134 908
1553 4 2 3 1 341 342 867 1038
1554 4 2 3 1 906 970 153 1001
1555 4 2 3 1 350 347 841 883
1556 4 2 3 1 897 922 449 1069
1557 4 2 3 1 241 813 293 886
1558 4 2 3 1 477 834 475 1032
1559 4 2 3 1 808 850 598 1131
1560 4 2 3 1 327 133 119 908
1561 4 2 3 1 346 796 883 935
1562 4 2 3 1 515 929 913 985
1563 4 2 3 1 749 1010 851 1077
1564 4 2 3 1 285 949 831 1066
1565 4 2 3 1 813 887 801 1068
1566 4 2 3 1 172 200 826 898
1567 4 2 3 1 760 868 900 918
1568 4 2 3 1 449 451 1060 1069
1569 4 2 3 1 622 865 835 918
1570 4 2 3 1 1061 1064 812 1084
1571 4 2 3 1 283 879 859 1028
1572 4 2 3 1 562 845 800 858
1573 4 2 3 1 283 859 879 1048
1574 4 2 3 1 199 826 201 860
1575 4 2 3 1 828 773 971 1072
1576 4 2 3 1 1010 1075 851 1077
1577 4 2 3 1 346 347 345 935
1578 4 2 3 1 869 889 747 1051
1579 4 2 3 1 147 156 188 798
1580 4 2 3 1 562 858 800 1119
1581 4 2 3 1 809 981 962 1122
1582 4 2 3 1 801 921 880 1143
1583 4 2 3 1 841 883 347 1082
1584 4 2 3 1 346 883 347 935
1585 4 2 3 1 498 899 808 929
1586 4 2 3 1 622 566 865 918
1587 4 2 3 1 821 853 804 947
1588 4 2 3 1 880 921 784 1143
1589 4 2 3 1 741 821 804 933
1590 4 2 3 1 946 947 812 1014
1591 4 2 3 1 347 883 345 935
1592 4 2 3 1 752 881 1031 1060
1593 4 2 3 1 156 839 798 991
1594 4 2 3 1 754 801 859 954
1595 4 2 3 1 272 1009 833 1032
1596 4 2 3 1 590 850 808 977
1597 4 2 3 1 498 459 899 929
1598 4 2 3 1 741 804 821 967
1599 4 2 3 1 412 820 378 908
1600 4 2 3 1 270 1009 272 1032
1601 4 2 3 1 800 845 562 850
1602 4 2 3 1 754 869 885 1051
1603 4 2 3 1 851 1010 766 1075
1604 4 2 3 1 531 873 783 941
1605 4 2 3 1 801 743 921 1068
1606 4 2 3 1 749 872 1010 1077
1607 4 2 3 1 880 921 801 1100
1608 4 2 3 1 568 794 626 1041
1609 4 2 3 1 213 934 956 991
1610 4 2 3 1 462 899 854 1074
1611 4 2 3 1 166 983 847 1006
1612 4 2 3 1 754 806 869 1051
1613 4 2 3 1 766 991 934 1010
1614 4 2 3 1 779 922 897 1069
1615 4 2 3 1 840 947 881 1031
1616 4 2 3 1 794 568 868 1041
1617 4 2 3 1 657 785 659 962
1618 4 2 3 1 874 982 755 1067
1619 4 2 3 1 899 929 459 1155
1620 4 2 3 1 523 810 466 1109
1621 4 2 3 1 149 814 191 872
1622 4 2 3 1 350 883 841 1154
1623 4 2 3 1 754 784 880 1100
1624 4 2 3 1 676 952 775 1000
1625 4 2 3 1 229 237 268 824
1626 4 2 3 1 254 797 250 950
1627 4 2 3 1 199 826 860 871
1628 4 2 3 1 156 798 147 991
1629 4 2 3 1 360 1086 890 1148
1630 4 2 3 1 248 250 254 797
1631 4 2 3 1 962 981 666 1122
1632 4 2 3 1 752 1024 986 1053
1633 4 2 3 1 752 783 1024 1053
1634 4 2 3 1 779 1084 922 1098
1635 4 2 3 1 786 838 751 852
1636 4 2 3 1 754 859 801 1152
1637 4 2 3 1 280 293 241 813
1638 4 2 3 1 762 822 879 1048
1639 4 2 3 1 750 821 804 967
1640 4 2 3 1 814 970 906 1001
1641 4 2 3 1 568 626 794 1146
1642 4 2 3 1 352 356 936 951
1643 4 2 3 1 501 783 531 873
1644 4 2 3 1 341 343 342 1038
1645 4 2 3 1 757 816 960 1029
1646 4 2 3 1 741 821 803 960
1647 4 2 3 1 168 847 166 983
1648 4 2 3 1 819 938 895 971
1649 4 2 3 1 676 722 952 1000
1650 4 2 3 1 803 821 752 866
1651 4 2 3 1 842 883 799 1132
1652 4 2 3 1 213 956 155 991
1653 4 2 3 1 802 1075 1010 1077
1654 4 2 3 1 748 816 942 1027
1655 4 2 3 1 741 803 821 933
1656 4 2 3 1 776 982 874 1067
1657 4 2 3 1 933 947 804 1134
1658 4 2 3 1 606 793 569 996
1659 4 2 3 1 596 835 622 865
1660 4 2 3 1 254 248 797 1117
1661 4 2 3 1 779 1024 1031 1060
1662 4 2 3 1 254 892 797 950
1663 4 2 3 1 762 879 859 1048
1664 4 2 3 1 811 1057 860 1125
1665 4 2 3 1 865 868 568 1041
1666 4 2 3 1 361 401 1148 1154
1667 4 2 3 1 789 846 754 885
1668 4 2 3 1 742 827 799 1021
1669 4 2 3 1 477 862 834 1032
1670 4 2 3 1 676 775 952 965
1671 4 2 3 1 779 1031 881 1060
1672 4 2 3 1 609 569 606 793
1673 4 2 3 1 785 939 659 962
1674 4 2 3 1 431 200 117 898
1675 4 2 3 1 568 794 868 1146
1676 4 2 3 1 748 816 1027 1030
1677 4 2 3 1 754 955 806 1051
1678 4 2 3 1 341 1038 867 1123
1679 4 2 3 1 229 237 824 1055
1680 4 2 3 1 757 960 816 1030
1681 4 2 3 1 752 821 803 933
1682 4 2 3 1 768 913 901 929
1683 4 2 3 1 348 799 883 1132
1684 4 2 3 1 782 918 868 1153
1685 4 2 3 1 352 936 791 951
1686 4 2 3 1 748 847 819 971
1687 4 2 3 1 701 693 835 865
1688 4 2 3 1 793 868 569 996
1689 4 2 3 1 754 846 789 1005
1690 4 2 3 1 193 820 164 847
1691 4 2 3 1 566 868 865 918
1692 4 2 3 1 868 900 782 996
1693 4 2 3 1 327 378 133 908
1694 4 2 3 1 808 598 901 1131
1695 4 2 3 1 191 872 814 970
1696 4 2 3 1 779 922 834 1098
1697 4 2 3 1 818 890 861 1086
1698 4 2 3 1 672 914 730 1123
1699 4 2 3 1 813 886 801 887
1700 4 2 3 1 797 754 846 912
1701 4 2 3 1 799 827 742 930
1702 4 2 3 1 922 1084 958 1098
1703 4 2 3 1 748 1027 986 1030
1704 4 2 3 1 454 881 451 1069
1705 4 2 3 1 139 194 819 847
1706 4 2 3 1 748 942 986 1027
1707 4 2 3 1 744 891 989 1043
1708 4 2 3 1 754 801 880 1152
1709 4 2 3 1 841 375 1004 1034
1710 4 2 3 1 809 962 832 1122
1711 4 2 3 1 860 1057 811 1112
1712 4 2 3 1 254 797 892 1117
1713 4 2 3 1 268 229 824 1055
1714 4 2 3 1 890 936 356 951
1715 4 2 3 1 754 859 869 954
1716 4 2 3 1 810 864 466 1109
1717 4 2 3 1 819 971 895 1030
1718 4 2 3 1 757 851 798 1029
1719 4 2 3 1 450 449 922 1069
1720 4 2 3 1 744 916 891 1057
1721 4 2 3 1 763 784 993 1025
1722 4 2 3 1 351 842 348 1101
1723 4 2 3 1 355 791 352 936
1724 4 2 3 1 763 921 784 1025
1725 4 2 3 1 986 1024 783 1053
1726 4 2 3 1 204 934 179 1010
1727 4 2 3 1 172 117 200 898
1728 4 2 3 1 893 910 760 962
1729 4 2 3 1 786 751 838 1016
1730 4 2 3 1 818 890 1086 1148
1731 4 2 3 1 368 394 415 972
1732 4 2 3 1 775 965 676 1000
1733 4 2 3 1 168 828 847 983
1734 4 2 3 1 800 850 605 977
1735 4 2 3 1 742 787 930 1095
1736 4 2 3 1 677 961 815 965
1737 4 2 3 1 913 929 768 985
1738 4 2 3 1 778 989 891 1043
1739 4 2 3 1 757 798 851 1036
1740 4 2 3 1 458 531 783 941
1741 4 2 3 1 575 944 836 1015
1742 4 2 3 1 883 1099 841 1154
1743 4 2 3 1 830 877 394 936
1744 4 2 3 1 776 810 982 1067
1745 4 2 3 1 868 870 569 1146
1746 4 2 3 1 877 1044 820 1108
1747 4 2 3 1 754 1005 859 1152
1748 4 2 3 1 867 1038 825 1123
1749 4 2 3 1 854 899 808 1074
1750 4 2 3 1 626 1041 794 1146
1751 4 2 3 1 859 1048 869 1081
1752 4 2 3 1 840 881 454 1069
1753 4 2 3 1 458 531 501 783
1754 4 2 3 1 831 950 745 1128
1755 4 2 3 1 800 744 1057 1112
1756 4 2 3 1 251 801 887 1028
1757 4 2 3 1 723 680 953 1063
1758 4 2 3 1 886 921 801 1143
1759 4 2 3 1 199 172 201 826
1760 4 2 3 1 760 962 910 1002
1761 4 2 3 1 779 834 1084 1098
1762 4 2 3 1 876 1148 401 1154
1763 4 2 3 1 745 853 804 924
1764 4 2 3 1 809 666 962 981
1765 4 2 3 1 604 554 874 969
1766 4 2 3 1 596 540 622 835
1767 4 2 3 1 403 350 347 841
1768 4 2 3 1 204 934 802 1136
1769 4 2 3 1 782 868 996 1153
1770 4 2 3 1 874 969 554 1130
1771 4 2 3 1 840 946 947 1031
1772 4 2 3 1 783 873 501 897
1773 4 2 3 1 747 1051 889 1097
1774 4 2 3 1 590 598 589 808
1775 4 2 3 1 833 862 272 1032
1776 4 2 3 1 397 345 348 883
1777 4 2 3 1 860 1057 805 1125
1778 4 2 3 1 605 850 635 977
1779 4 2 3 1 297 1009 884 1080
1780 4 2 3 1 754 880 1005 1152
1781 4 2 3 1 403 841 347 1082
1782 4 2 3 1 869 1048 998 1081
1783 4 2 3 1 470 807 864 1049
1784 4 2 3 1 134 820 948 1090
1785 4 2 3 1 742 909 787 1095
1786 4 2 3 1 754 980 784 1100
1787 4 2 3 1 749 893 832 1075
1788 4 2 3 1 181 1106 210 1125
1789 4 2 3 1 535 174 120 836
1790 4 2 3 1 562 845 858 1056
1791 4 2 3 1 743 801 987 1068
1792 4 2 3 1 397 348 799 883
1793 4 2 3 1 295 789 963 979
1794 4 2 3 1 921 974 813 1068
1795 4 2 3 1 808 899 755 1022
1796 4 2 3 1 402 841 375 1004
1797 4 2 3 1 667 990 1063 1157
1798 4 2 3 1 323 1037 949 1091
1799 4 2 3 1 785 910 893 962
1800 4 2 3 1 917 971 873 1072
1801 4 2 3 1 788 958 746 993
1802 4 2 3 1 502 881 795 978
1803 4 2 3 1 786 758 914 1008
1804 4 2 3 1 832 893 809 1075
1805 4 2 3 1 418 1086 360 1148
1806 4 2 3 1 342 867 935 1018
1807 4 2 3 1 744 811 1057 1112
1808 4 2 3 1 810 755 982 1067
1809 4 2 3 1 149 814 872 1010
1810 4 2 3 1 540 835 644 911
1811 4 2 3 1 825 730 914 1123
1812 4 2 3 1 797 846 754 1115
1813 4 2 3 1 723 953 940 1026
1814 4 2 3 1 306 324 267 926
1815 4 2 3 1 659 785 657 1062
1816 4 2 3 1 295 789 253 1048
1817 4 2 3 1 515 472 529 901
1818 4 2 3 1 851 991 766 1010
1819 4 2 3 1 469 470 807 864
1820 4 2 3 1 887 987 801 1068
1821 4 2 3 1 757 816 1029 1030
1822 4 2 3 1 394 830 415 972
1823 4 2 3 1 146 860 811 871
1824 4 2 3 1 754 885 955 1051
1825 4 2 3 1 859 762 1048 1081
1826 4 2 3 1 763 784 884 993
1827 4 2 3 1 523 888 810 1109
1828 4 2 3 1 795 881 840 947
1829 4 2 3 1 674 825 730 914
1830 4 2 3 1 127 174 586 836
1831 4 2 3 1 502 795 881 1149
1832 4 2 3 1 173 139 194 819
1833 4 2 3 1 352 791 355 1133
1834 4 2 3 1 490 828 873 941
1835 4 2 3 1 831 949 285 1037
1836 4 2 3 1 940 953 772 1026
1837 4 2 3 1 251 801 1028 1152
1838 4 2 3 1 799 883 842 1101
1839 4 2 3 1 749 814 872 1042
1840 4 2 3 1 788 876 958 993
1841 4 2 3 1 450 451 449 1069
1842 4 2 3 1 752 783 1053 1060
1843 4 2 3 1 139 847 819 948
1844 4 2 3 1 926 963 267 1011
1845 4 2 3 1 763 886 784 921
1846 4 2 3 1 819 847 194 938
1847 4 2 3 1 822 1048 762 1081
1848 4 2 3 1 251 887 260 1028
1849 4 2 3 1 792 851 909 1075
1850 4 2 3 1 589 590 808 977
1851 4 2 3 1 376 1004 375 1034
1852 4 2 3 1 755 982 874 1120
1853 4 2 3 1 761 968 866 994
1854 4 2 3 1 574 817 870 1003
1855 4 2 3 1 134 908 820 1090
1856 4 2 3 1 774 834 833 1032
1857 4 2 3 1 805 1057 860 1112
1858 4 2 3 1 811 860 146 1125
1859 4 2 3 1 210 1106 931 1125
1860 4 2 3 1 867 935 758 1038
1861 4 2 3 1 456 455 453 978
1862 4 2 3 1 756 924 844 1033
1863 4 2 3 1 173 819 194 938
1864 4 2 3 1 364 957 876 1055
1865 4 2 3 1 787 1063 990 1157
1866 4 2 3 1 193 134 820 948
1867 4 2 3 1 542 127 836 944
1868 4 2 3 1 838 852 786 1094
1869 4 2 3 1 745 804 912 924
1870 4 2 3 1 758 786 914 925
1871 4 2 3 1 752 933 986 1031
1872 4 2 3 1 884 1009 833 1080
1873 4 2 3 1 323 904 1037 1091
1874 4 2 3 1 849 984 900 1073
1875 4 2 3 1 809 832 1075 1122
1876 4 2 3 1 743 801 954 987
1877 4 2 3 1 502 795 465 966
1878 4 2 3 1 750 804 853 924
1879 4 2 3 1 763 813 886 921
1880 4 2 3 1 738 676 722 952
1881 4 2 3 1 750 1083 843 1144
1882 4 2 3 1 782 900 849 984
1883 4 2 3 1 744 1078 811 1112
1884 4 2 3 1 193 134 164 820
1885 4 2 3 1 892 950 254 1107
1886 4 2 3 1 746 945 1061 1084
1887 4 2 3 1 801 954 987 1028
1888 4 2 3 1 743 974 921 1068
1889 4 2 3 1 775 848 825 925
1890 4 2 3 1 835 849 832 1054
1891 4 2 3 1 120 535 836 907
1892 4 2 3 1 741 933 804 955
1893 4 2 3 1 752 933 803 986
1894 4 2 3 1 749 984 814 1042
1895 4 2 3 1 819 847 748 1160
1896 4 2 3 1 825 867 758 1038
1897 4 2 3 1 306 926 267 1011
1898 4 2 3 1 857 1051 747 1097
1899 4 2 3 1 849 900 893 1073
1900 4 2 3 1 810 776 969 1067
1901 4 2 3 1 801 987 887 1028
1902 4 2 3 1 154 907 906 1125
1903 4 2 3 1 164 847 820 1006
1904 4 2 3 1 489 828 983 1138
1905 4 2 3 1 792 909 999 1075
1906 4 2 3 1 831 745 1033 1128
1907 4 2 3 1 327 412 378 908
1908 4 2 3 1 752 866 920 978
1909 4 2 3 1 826 898 516 994
1910 4 2 3 1 925 987 965 1068
1911 4 2 3 1 253 789 295 1005
1912 4 2 3 1 685 1011 822 1040
1913 4 2 3 1 787 742 930 1065
1914 4 2 3 1 776 874 982 1120
1915 4 2 3 1 507 454 451 1069
1916 4 2 3 1 145 811 151 906
1917 4 2 3 1 820 847 193 948
1918 4 2 3 1 793 1003 937 1083
1919 4 2 3 1 785 910 657 1062
1920 4 2 3 1 752 1053 856 1060
1921 4 2 3 1 204 179 157 1010
1922 4 2 3 1 895 1030 971 1053
1923 4 2 3 1 896 1029 816 1030
1924 4 2 3 1 784 763 884 886
1925 4 2 3 1 364 876 957 1148
1926 4 2 3 1 342 935 344 1018
1927 4 2 3 1 673 965 786 1094
1928 4 2 3 1 414 358 861 936
1929 4 2 3 1 414 936 861 1137
1930 4 2 3 1 763 813 921 974
1931 4 2 3 1 181 182 210 1106
1932 4 2 3 1 784 921 886 1143
1933 4 2 3 1 879 1048 822 1135
1934 4 2 3 1 701 693 644 835
1935 4 2 3 1 162 802 872 919
1936 4 2 3 1 781 920 866 978
1937 4 2 3 1 794 868 865 1041
1938 4 2 3 1 295 262 789 1048
1939 4 2 3 1 866 968 781 994
1940 4 2 3 1 844 875 584 1003
1941 4 2 3 1 834 862 833 1032
1942 4 2 3 1 367 820 1044 1108
1943 4 2 3 1 769 849 835 1054
1944 4 2 3 1 757 1029 896 1030
1945 4 2 3 1 789 998 869 1048
1946 4 2 3 1 764 782 891 1056
1947 4 2 3 1 540 644 603 911
1948 4 2 3 1 893 962 760 1002
1949 4 2 3 1 361 890 398 1154
1950 4 2 3 1 657 910 785 962
1951 4 2 3 1 199 172 826 871
1952 4 2 3 1 754 869 859 1005
1953 4 2 3 1 807 992 517 1047
1954 4 2 3 1 934 991 179 1010
1955 4 2 3 1 268 824 1009 1055
1956 4 2 3 1 295 789 262 963
1957 4 2 3 1 882 886 241 1088
1958 4 2 3 1 604 969 874 1067
1959 4 2 3 1 583 844 584 1003
1960 4 2 3 1 659 838 662 939
1961 4 2 3 1 742 787 909 1065
1962 4 2 3 1 489 512 490 1138
1963 4 2 3 1 754 789 869 1005
1964 4 2 3 1 825 914 867 1123
1965 4 2 3 1 745 950 797 1014
1966 4 2 3 1 746 788 993 1025
1967 4 2 3 1 809 1075 981 1122
1968 4 2 3 1 761 866 968 1078
1969 4 2 3 1 386 829 385 855
1970 4 2 3 1 902 945 942 1027
1971 4 2 3 1 776 844 924 1033
1972 4 2 3 1 376 1004 1034 1150
1973 4 2 3 1 464 854 520 899
1974 4 2 3 1 632 612 525 904
1975 4 2 3 1 812 947 933 1134
1976 4 2 3 1 181 182 1106 1125
1977 4 2 3 1 268 1009 229 1055
1978 4 2 3 1 385 855 829 1127
1979 4 2 3 1 811 1078 860 1112
1980 4 2 3 1 744 800 1022 1112
1981 4 2 3 1 781 899 808 1022
1982 4 2 3 1 545 608 185 931
1983 4 2 3 1 348 842 354 1132
1984 4 2 3 1 802 1010 872 1077
1985 4 2 3 1 847 938 819 971
1986 4 2 3 1 507 840 454 1069
1987 4 2 3 1 133 820 378 1006
1988 4 2 3 1 685 964 822 1135
1989 4 2 3 1 823 855 772 930
1990 4 2 3 1 870 937 793 1003
1991 4 2 3 1 398 890 951 1154
1992 4 2 3 1 788 1004 993 1025
1993 4 2 3 1 754 885 846 912
1994 4 2 3 1 910 962 657 1002
1995 4 2 3 1 826 871 172 898
1996 4 2 3 1 573 574 817 870
1997 4 2 3 1 581 949 844 969
1998 4 2 3 1 239 882 241 1088
1999 4 2 3 1 836 944 769 1015
2000 4 2 3 1 379 824 237 1055
2001 4 2 3 1 292 1143 886 1152
2002 4 2 3 1 764 891 782 984
2003 4 2 3 1 502 881 454 1149
2004 4 2 3 1 586 174 535 836
2005 4 2 3 1 832 835 760 849
2006 4 2 3 1 854 966 464 1079
2007 4 2 3 1 677 965 815 1000
2008 4 2 3 1 566 624 865 868
2009 4 2 3 1 458 783 501 1060
2010 4 2 3 1 132 185 219 931
2011 4 2 3 1 791 1101 942 1126
2012 4 2 3 1 515 472 901 929
2013 4 2 3 1 723 680 737 953
2014 4 2 3 1 854 899 464 966
2015 4 2 3 1 581 579 949 969
2016 4 2 3 1 251 292 801 1152
2017 4 2 3 1 295 789 979 1005
2018 4 2 3 1 132 931 219 1106
2019 4 2 3 1 769 832 849 1054
2020 4 2 3 1 470 1049 864 1149
2021 4 2 3 1 708 837 658 910
2022 4 2 3 1 502 465 460 966
2023 4 2 3 1 742 827 1021 1110
2024 4 2 3 1 491 898 941 994
2025 4 2 3 1 788 1148 876 1154
2026 4 2 3 1 367 1044 877 1108
2027 4 2 3 1 757 811 916 989
2028 4 2 3 1 206 120 836 907
2029 4 2 3 1 745 853 924 1033
2030 4 2 3 1 207 836 127 1105
2031 4 2 3 1 703 603 644 911
2032 4 2 3 1 745 912 831 1033
2033 4 2 3 1 120 174 206 836
2034 4 2 3 1 566 568 624 868
2035 4 2 3 1 752 986 1024 1031
2036 4 2 3 1 786 965 961 1094
2037 4 2 3 1 747 793 857 1017
2038 4 2 3 1 787 1008 930 1095
2039 4 2 3 1 759 922 897 1024
2040 4 2 3 1 201 860 826 985
2041 4 2 3 1 777 986 933 1031
2042 4 2 3 1 784 754 880 980
2043 4 2 3 1 355 791 936 1133
2044 4 2 3 1 397 799 348 1132
2045 4 2 3 1 757 973 851 1029
2046 4 2 3 1 456 455 978 1155
2047 4 2 3 1 722 943 952 1000
2048 4 2 3 1 774 833 993 1009
2049 4 2 3 1 800 744 891 1057
2050 4 2 3 1 673 914 786 965
2051 4 2 3 1 777 1064 945 1084
2052 4 2 3 1 672 674 730 914
2053 4 2 3 1 358 890 861 936
2054 4 2 3 1 416 861 358 890
2055 4 2 3 1 141 147 188 798
2056 4 2 3 1 127 586 542 836
2057 4 2 3 1 270 272 271 1032
2058 4 2 3 1 806 889 869 1051
2059 4 2 3 1 793 900 857 1017
2060 4 2 3 1 342 381 867 1018
2061 4 2 3 1 292 886 801 1152
2062 4 2 3 1 621 817 574 1003
2063 4 2 3 1 928 957 774 1032
2064 4 2 3 1 127 207 174 836
2065 4 2 3 1 942 1101 1021 1126
2066 4 2 3 1 610 609 843 1003
2067 4 2 3 1 168 847 828 938
2068 4 2 3 1 836 944 127 1105
2069 4 2 3 1 945 1027 902 1064
2070 4 2 3 1 747 789 869 885
2071 4 2 3 1 747 937 793 1085
2072 4 2 3 1 761 895 938 971
2073 4 2 3 1 971 1030 986 1053
2074 4 2 3 1 748 917 791 976
2075 4 2 3 1 471 929 826 994
2076 4 2 3 1 616 598 590 850
2077 4 2 3 1 466 864 810 966
2078 4 2 3 1 501 783 897 1060
2079 4 2 3 1 502 453 881 978
2080 4 2 3 1 790 889 1051 1097
2081 4 2 3 1 464 520 462 899
2082 4 2 3 1 606 609 793 1111
2083 4 2 3 1 895 803 1030 1053
2084 4 2 3 1 568 865 624 868
2085 4 2 3 1 851 973 757 1036
2086 4 2 3 1 841 1004 788 1025
2087 4 2 3 1 657 659 660 962
2088 4 2 3 1 141 147 798 1036
2089 4 2 3 1 165 983 166 1006
2090 4 2 3 1 786 852 751 1008
2091 4 2 3 1 145 811 906 1001
2092 4 2 3 1 834 946 779 1084
2093 4 2 3 1 385 829 1013 1127
2094 4 2 3 1 502 456 453 978
2095 4 2 3 1 654 865 653 910
2096 4 2 3 1 204 802 162 1136
2097 4 2 3 1 659 939 785 1062
2098 4 2 3 1 474 957 928 1032
2099 4 2 3 1 617 1089 907 1140
2100 4 2 3 1 376 402 375 1004
2101 4 2 3 1 149 187 191 814
2102 4 2 3 1 656 910 657 1002
2103 4 2 3 1 285 949 314 1037
2104 4 2 3 1 483 517 992 1047
2105 4 2 3 1 237 1088 824 1150
2106 4 2 3 1 847 983 773 1006
2107 4 2 3 1 524 862 316 992
2108 4 2 3 1 659 838 939 1062
2109 4 2 3 1 199 152 146 860
2110 4 2 3 1 670 728 867 914
2111 4 2 3 1 757 895 811 989
2112 4 2 3 1 139 819 140 1039
2113 4 2 3 1 742 930 827 1095
2114 4 2 3 1 268 238 297 824
2115 4 2 3 1 305 276 950 1037
2116 4 2 3 1 760 893 849 900
2117 4 2 3 1 775 965 815 987
2118 4 2 3 1 667 1063 669 1157
2119 4 2 3 1 356 355 352 936
2120 4 2 3 1 659 939 660 962
2121 4 2 3 1 747 789 885 937
2122 4 2 3 1 155 159 839 956
2123 4 2 3 1 825 914 674 965
2124 4 2 3 1 772 823 930 1065
2125 4 2 3 1 791 936 890 951
2126 4 2 3 1 776 844 843 924
2127 4 2 3 1 229 301 406 928
2128 4 2 3 1 680 723 679 878
2129 4 2 3 1 520 854 462 899
2130 4 2 3 1 906 907 805 1125
2131 4 2 3 1 763 841 1004 1034
2132 4 2 3 1 155 159 156 839
2133 4 2 3 1 512 873 490 1138
2134 4 2 3 1 814 757 973 1036
2135 4 2 3 1 653 910 865 1159
2136 4 2 3 1 786 965 925 987
2137 4 2 3 1 469 864 807 1109
2138 4 2 3 1 775 925 965 1068
2139 4 2 3 1 931 1106 860 1125
2140 4 2 3 1 986 1030 803 1053
2141 4 2 3 1 789 869 859 1048
2142 4 2 3 1 910 1017 837 1097
2143 4 2 3 1 351 1101 951 1133
2144 4 2 3 1 262 963 789 1048
2145 4 2 3 1 835 865 693 1002
2146 4 2 3 1 741 821 960 967
2147 4 2 3 1 670 914 867 990
2148 4 2 3 1 292 245 1143 1152
2149 4 2 3 1 882 1034 1004 1150
2150 4 2 3 1 270 297 298 1080
2151 4 2 3 1 517 807 470 1049
2152 4 2 3 1 785 910 837 1097
2153 4 2 3 1 750 924 843 1083
2154 4 2 3 1 807 950 276 1037
2155 4 2 3 1 808 899 781 929
2156 4 2 3 1 155 956 839 991
2157 4 2 3 1 520 854 464 1079
2158 4 2 3 1 843 844 756 924
2159 4 2 3 1 252 859 283 1048
2160 4 2 3 1 238 297 824 1088
2161 4 2 3 1 739 832 962 1122
2162 4 2 3 1 469 470 517 807
2163 4 2 3 1 824 884 297 1009
2164 4 2 3 1 416 358 360 890
2165 4 2 3 1 548 484 440 888
2166 4 2 3 1 986 1027 803 1030
2167 4 2 3 1 295 253 262 1048
2168 4 2 3 1 780 1061 945 1064
2169 4 2 3 1 993 1025 784 1061
2170 4 2 3 1 856 941 458 1060
2171 4 2 3 1 763 1004 882 1034
2172 4 2 3 1 793 870 868 1017
2173 4 2 3 1 844 1052 831 1066
2174 4 2 3 1 753 942 902 945
2175 4 2 3 1 786 751 915 1008
2176 4 2 3 1 809 962 939 1145
2177 4 2 3 1 809 893 962 1145
2178 4 2 3 1 779 897 922 1024
2179 4 2 3 1 390 823 1018 1127
2180 4 2 3 1 806 902 741 955
2181 4 2 3 1 465 795 502 1149
2182 4 2 3 1 519 498 808 929
2183 4 2 3 1 774 876 957 1055
2184 4 2 3 1 856 1053 783 1060
2185 4 2 3 1 621 573 574 817
2186 4 2 3 1 775 925 825 965
2187 4 2 3 1 141 798 188 1039
2188 4 2 3 1 199 860 146 871
2189 4 2 3 1 297 268 824 1009
2190 4 2 3 1 686 964 685 1135
2191 4 2 3 1 351 951 352 1133
2192 4 2 3 1 583 582 584 844
2193 4 2 3 1 804 947 853 1134
2194 4 2 3 1 756 846 789 885
2195 4 2 3 1 497 525 612 904
2196 4 2 3 1 584 844 582 875
2197 4 2 3 1 678 961 677 965
2198 4 2 3 1 613 631 217 944
2199 4 2 3 1 776 969 874 1130
2200 4 2 3 1 783 941 856 1060
2201 4 2 3 1 800 755 920 1022
2202 4 2 3 1 276 992 807 1047
2203 4 2 3 1 807 1014 950 1128
2204 4 2 3 1 791 917 877 976
2205 4 2 3 1 856 866 752 978
2206 4 2 3 1 826 761 968 1078
2207 4 2 3 1 746 833 834 1035
2208 4 2 3 1 352 951 791 1133
2209 4 2 3 1 746 946 834 1084
2210 4 2 3 1 778 960 821 967
2211 4 2 3 1 132 545 185 931
2212 4 2 3 1 548 484 888 1079
2213 4 2 3 1 859 869 762 1081
2214 4 2 3 1 788 951 890 1154
2215 4 2 3 1 656 657 962 1002
2216 4 2 3 1 679 878 723 1026
2217 4 2 3 1 200 826 482 985
2218 4 2 3 1 951 1101 791 1133
2219 4 2 3 1 754 912 797 980
2220 4 2 3 1 297 884 824 1088
2221 4 2 3 1 573 870 817 1139
2222 4 2 3 1 790 1051 857 1097
2223 4 2 3 1 850 1022 800 1112
2224 4 2 3 1 765 834 833 1035
2225 4 2 3 1 161 154 208 906
2226 4 2 3 1 760 835 832 1002
2227 4 2 3 1 658 657 910 1062
2228 4 2 3 1 856 978 455 1155
2229 4 2 3 1 781 866 856 978
2230 4 2 3 1 906 1057 811 1125
2231 4 2 3 1 791 976 1101 1126
2232 4 2 3 1 145 146 151 811
2233 4 2 3 1 164 134 133 820
2234 4 2 3 1 522 464 966 1079
2235 4 2 3 1 868 870 794 1017
2236 4 2 3 1 359 877 367 1044
2237 4 2 3 1 777 942 945 1027
2238 4 2 3 1 663 939 809 962
2239 4 2 3 1 784 1025 921 1061
2240 4 2 3 1 522 520 464 1079
2241 4 2 3 1 725 815 678 961
2242 4 2 3 1 833 993 784 1035
2243 4 2 3 1 543 548 440 888
2244 4 2 3 1 574 870 609 1003
2245 4 2 3 1 373 995 848 1114
2246 4 2 3 1 386 829 855 1023
2247 4 2 3 1 592 617 907 1140
2248 4 2 3 1 739 962 666 1122
2249 4 2 3 1 270 298 833 1080
2250 4 2 3 1 803 960 821 989
2251 4 2 3 1 161 906 208 907
2252 4 2 3 1 980 1061 784 1100
2253 4 2 3 1 397 935 799 1018
2254 4 2 3 1 151 906 811 1125
2255 4 2 3 1 793 1017 747 1085
2256 4 2 3 1 154 209 1059 1125
2257 4 2 3 1 811 757 916 1001
2258 4 2 3 1 914 925 786 965
2259 4 2 3 1 460 456 502 978
2260 4 2 3 1 796 883 841 1082
2261 4 2 3 1 752 866 821 920
2262 4 2 3 1 688 879 961 964
2263 4 2 3 1 132 913 545 931
2264 4 2 3 1 756 789 846 979
2265 4 2 3 1 686 687 685 964
2266 4 2 3 1 746 1084 834 1098
2267 4 2 3 1 815 775 987 1068
2268 4 2 3 1 753 1021 827 1110
2269 4 2 3 1 156 155 839 991
2270 4 2 3 1 837 889 785 1097
2271 4 2 3 1 263 1000 815 1116
2272 4 2 3 1 562 800 605 1119
2273 4 2 3 1 878 1026 772 1063
2274 4 2 3 1 886 1143 801 1152
2275 4 2 3 1 276 304 992 1047
2276 4 2 3 1 616 598 850 1131
2277 4 2 3 1 783 458 941 1060
2278 4 2 3 1 838 662 939 1094
2279 4 2 3 1 814 916 757 1001
2280 4 2 3 1 781 929 899 1155
2281 4 2 3 1 754 804 912 1134
2282 4 2 3 1 741 902 806 959
2283 4 2 3 1 867 1018 381 1118
2284 4 2 3 1 673 675 965 1094
2285 4 2 3 1 263 815 887 1116
2286 4 2 3 1 930 1008 827 1095
2287 4 2 3 1 751 852 838 939
2288 4 2 3 1 583 843 844 1003
2289 4 2 3 1 361 401 363 1148
2290 4 2 3 1 132 913 931 1106
2291 4 2 3 1 752 881 947 1031
2292 4 2 3 1 708 837 910 1159
2293 4 2 3 1 571 569 609 870
2294 4 2 3 1 631 217 944 1147
2295 4 2 3 1 825 925 914 965
2296 4 2 3 1 519 808 901 929
2297 4 2 3 1 848 995 373 1034
2298 4 2 3 1 286 285 314 1037
2299 4 2 3 1 722 943 738 952
2300 4 2 3 1 525 320 632 904
2301 4 2 3 1 748 971 819 1030
2302 4 2 3 1 491 516 898 994
2303 4 2 3 1 662 838 659 1062
2304 4 2 3 1 237 222 1088 1150
2305 4 2 3 1 797 754 880 1115
2306 4 2 3 1 777 1027 945 1064
2307 4 2 3 1 270 271 1009 1032
2308 4 2 3 1 761 826 968 994
2309 4 2 3 1 677 678 725 815
2310 4 2 3 1 673 786 914 1094
2311 4 2 3 1 348 351 354 842
2312 4 2 3 1 775 952 943 1000
2313 4 2 3 1 766 956 934 991
2314 4 2 3 1 694 702 1002 1054
2315 4 2 3 1 501 897 873 1087
2316 4 2 3 1 632 546 612 904
2317 4 2 3 1 833 884 784 993
2318 4 2 3 1 804 885 754 912
2319 4 2 3 1 831 844 770 1033
2320 4 2 3 1 745 1014 947 1020
2321 4 2 3 1 774 993 824 1009
2322 4 2 3 1 774 993 833 1098
2323 4 2 3 1 746 945 788 1025
2324 4 2 3 1 772 1063 823 1065
2325 4 2 3 1 778 821 989 1043
2326 4 2 3 1 884 993 833 1009
2327 4 2 3 1 835 1002 702 1054
2328 4 2 3 1 821 960 778 989
2329 4 2 3 1 168 166 167 983
2330 4 2 3 1 577 888 810 1079
2331 4 2 3 1 519 498 518 808
2332 4 2 3 1 787 997 878 1157
2333 4 2 3 1 381 390 823 1018
2334 4 2 3 1 610 843 609 1111
2335 4 2 3 1 252 283 859 1028
2336 4 2 3 1 800 977 755 1022
2337 4 2 3 1 900 984 782 1050
2338 4 2 3 1 575 619 944 1015
2339 4 2 3 1 810 969 776 982
2340 4 2 3 1 860 985 201 1106
2341 4 2 3 1 791 942 976 1126
2342 4 2 3 1 151 811 146 1125
2343 4 2 3 1 218 826 200 985
2344 4 2 3 1 961 965 675 1094
2345 4 2 3 1 194 847 168 938
2346 4 2 3 1 882 1004 763 1150
2347 4 2 3 1 775 848 925 1068
2348 4 2 3 1 809 999 893 1145
2349 4 2 3 1 744 989 821 1043
2350 4 2 3 1 797 880 754 980
2351 4 2 3 1 349 883 350 951
2352 4 2 3 1 304 483 992 1047
2353 4 2 3 1 791 951 890 1019
2354 4 2 3 1 754 869 789 885
2355 4 2 3 1 535 620 836 907
2356 4 2 3 1 755 854 810 966
2357 4 2 3 1 237 824 379 1150
2358 4 2 3 1 816 902 753 942
2359 4 2 3 1 812 1064 777 1084
2360 4 2 3 1 519 808 518 1074
2361 4 2 3 1 218 201 826 985
2362 4 2 3 1 149 191 158 872
2363 4 2 3 1 263 315 1000 1116
2364 4 2 3 1 612 888 497 904
2365 4 2 3 1 921 784 1061 1100
2366 4 2 3 1 523 522 466 810
2367 4 2 3 1 804 745 912 1134
2368 4 2 3 1 984 1050 900 1073
2369 4 2 3 1 305 276 1037 1047
2370 4 2 3 1 793 937 870 1085
2371 4 2 3 1 162 919 872 1105
2372 4 2 3 1 754 846 1005 1115
2373 4 2 3 1 276 950 807 1107
2374 4 2 3 1 678 675 961 965
2375 4 2 3 1 573 817 926 1139
2376 4 2 3 1 744 800 891 1043
2377 4 2 3 1 792 960 816 1029
2378 4 2 3 1 146 811 145 1012
2379 4 2 3 1 949 969 579 1091
2380 4 2 3 1 540 623 835 911
2381 4 2 3 1 811 744 916 989
2382 4 2 3 1 804 955 885 1051
2383 4 2 3 1 782 764 903 1056
2384 4 2 3 1 295 846 291 1005
2385 4 2 3 1 762 987 954 1028
2386 4 2 3 1 744 821 920 1043
2387 4 2 3 1 744 920 821 989
2388 4 2 3 1 350 951 883 1154
2389 4 2 3 1 146 860 152 1125
2390 4 2 3 1 837 1081 889 1097
2391 4 2 3 1 293 887 813 1116
2392 4 2 3 1 401 876 363 1148
2393 4 2 3 1 840 881 779 1031
2394 4 2 3 1 773 917 873 1072
2395 4 2 3 1 844 831 949 1066
2396 4 2 3 1 612 888 904 1091
2397 4 2 3 1 797 950 892 1107
2398 4 2 3 1 748 791 917 1156
2399 4 2 3 1 617 845 1089 1140
2400 4 2 3 1 786 915 751 1016
2401 4 2 3 1 861 936 830 1137
2402 4 2 3 1 171 172 871 898
2403 4 2 3 1 876 993 788 1004
2404 4 2 3 1 742 1021 816 1110
2405 4 2 3 1 755 920 899 1071
2406 4 2 3 1 771 937 817 963
2407 4 2 3 1 770 844 831 949
2408 4 2 3 1 206 907 836 970
2409 4 2 3 1 753 902 816 1110
2410 4 2 3 1 757 1001 811 1012
2411 4 2 3 1 966 982 755 1071
2412 4 2 3 1 296 311 817 963
2413 4 2 3 1 752 881 795 947
2414 4 2 3 1 414 830 936 1137
2415 4 2 3 1 812 947 946 1031
2416 4 2 3 1 745 924 912 1033
2417 4 2 3 1 772 930 855 1046
2418 4 2 3 1 833 834 765 862
2419 4 2 3 1 824 993 884 1009
2420 4 2 3 1 713 961 675 1094
2421 4 2 3 1 976 842 1101 1126
2422 4 2 3 1 874 969 776 1067
2423 4 2 3 1 791 976 842 1101
2424 4 2 3 1 575 836 903 1015
2425 4 2 3 1 828 847 773 1072
2426 4 2 3 1 754 880 801 1100
2427 4 2 3 1 810 969 577 1067
2428 4 2 3 1 745 950 1014 1128
2429 4 2 3 1 549 810 577 1067
2430 4 2 3 1 808 854 755 899
2431 4 2 3 1 752 978 920 1071
2432 4 2 3 1 295 979 846 1005
2433 4 2 3 1 522 810 523 1079
2434 4 2 3 1 678 815 677 961
2435 4 2 3 1 208 906 154 907
2436 4 2 3 1 756 844 831 1033
2437 4 2 3 1 161 906 907 970
2438 4 2 3 1 813 882 763 886
2439 4 2 3 1 746 834 833 1098
2440 4 2 3 1 753 816 1021 1110
2441 4 2 3 1 241 293 292 886
2442 4 2 3 1 161 907 206 970
2443 4 2 3 1 745 804 853 1134
2444 4 2 3 1 737 940 723 953
2445 4 2 3 1 837 785 889 1062
2446 4 2 3 1 807 1037 276 1047
2447 4 2 3 1 814 973 851 1036
2448 4 2 3 1 141 798 894 1036
2449 4 2 3 1 306 932 926 1011
2450 4 2 3 1 644 835 702 911
2451 4 2 3 1 771 963 926 1011
2452 4 2 3 1 950 1014 807 1107
2453 4 2 3 1 800 920 755 1120
2454 4 2 3 1 558 610 609 1111
2455 4 2 3 1 900 996 868 1144
2456 4 2 3 1 753 827 902 1110
2457 4 2 3 1 825 848 775 1114
2458 4 2 3 1 661 939 662 1094
2459 4 2 3 1 653 865 1041 1159
2460 4 2 3 1 748 847 971 1072
2461 4 2 3 1 806 790 959 1145
2462 4 2 3 1 752 920 821 1071
2463 4 2 3 1 752 986 803 1053
2464 4 2 3 1 218 201 172 826
2465 4 2 3 1 939 962 785 1145
2466 4 2 3 1 548 888 577 1079
2467 4 2 3 1 771 870 817 937
2468 4 2 3 1 808 901 598 1074
2469 4 2 3 1 658 910 837 1062
2470 4 2 3 1 754 885 804 955
2471 4 2 3 1 807 1020 1014 1128
2472 4 2 3 1 489 490 488 828
2473 4 2 3 1 172 200 218 826
2474 4 2 3 1 709 832 739 1002
2475 4 2 3 1 897 917 873 1087
2476 4 2 3 1 776 924 853 1033
2477 4 2 3 1 757 894 798 1036
2478 4 2 3 1 747 857 793 1083
2479 4 2 3 1 795 982 966 1071
2480 4 2 3 1 792 816 960 1110
2481 4 2 3 1 670 672 728 914
2482 4 2 3 1 688 961 714 964
2483 4 2 3 1 756 937 789 979
2484 4 2 3 1 589 808 598 1074
2485 4 2 3 1 801 859 954 1028
2486 4 2 3 1 835 849 769 1015
2487 4 2 3 1 774 818 957 1148
2488 4 2 3 1 859 879 762 1028
2489 4 2 3 1 746 1061 812 1084
2490 4 2 3 1 570 868 569 1146
2491 4 2 3 1 818 922 759 958
2492 4 2 3 1 810 888 523 1079
2493 4 2 3 1 762 954 859 1028
2494 4 2 3 1 743 848 925 974
2495 4 2 3 1 818 759 922 1158
2496 4 2 3 1 412 367 820 1044
2497 4 2 3 1 306 324 926 932
2498 4 2 3 1 747 869 789 998
2499 4 2 3 1 793 900 868 1144
2500 4 2 3 1 873 897 783 917
2501 4 2 3 1 140 819 894 1039
2502 4 2 3 1 821 920 866 989
2503 4 2 3 1 663 660 939 962
2504 4 2 3 1 750 853 821 1043
2505 4 2 3 1 856 866 781 994
2506 4 2 3 1 317 263 815 1028
2507 4 2 3 1 810 854 755 1067
2508 4 2 3 1 279 815 263 1000
2509 4 2 3 1 164 820 133 1006
2510 4 2 3 1 187 814 149 1036
2511 4 2 3 1 401 1004 876 1154
2512 4 2 3 1 747 1081 837 1097
2513 4 2 3 1 577 810 549 1079
2514 4 2 3 1 759 917 897 1087
2515 4 2 3 1 296 817 311 1121
2516 4 2 3 1 750 843 924 988
2517 4 2 3 1 809 893 832 962
2518 4 2 3 1 581 844 585 969
2519 4 2 3 1 830 877 773 972
2520 4 2 3 1 523 466 468 1109
2521 4 2 3 1 746 788 945 958
2522 4 2 3 1 802 919 162 1136
2523 4 2 3 1 811 744 989 1078
2524 4 2 3 1 784 1035 993 1061
2525 4 2 3 1 604 554 551 874
2526 4 2 3 1 793 868 996 1144
2527 4 2 3 1 455 453 881 1060
2528 4 2 3 1 782 903 764 984
2529 4 2 3 1 796 925 848 974
2530 4 2 3 1 471 826 929 985
2531 4 2 3 1 751 806 959 1145
2532 4 2 3 1 693 702 835 1002
2533 4 2 3 1 805 931 860 1125
2534 4 2 3 1 865 868 760 918
2535 4 2 3 1 860 1106 182 1125
2536 4 2 3 1 140 139 173 819
2537 4 2 3 1 613 217 196 944
2538 4 2 3 1 772 930 1046 1065
2539 4 2 3 1 568 868 570 1146
2540 4 2 3 1 471 929 515 985
2541 4 2 3 1 283 308 261 1048
2542 4 2 3 1 828 971 847 1072
2543 4 2 3 1 751 939 838 1145
2544 4 2 3 1 756 912 924 1033
2545 4 2 3 1 743 925 796 974
2546 4 2 3 1 824 876 365 1004
2547 4 2 3 1 756 885 789 937
2548 4 2 3 1 612 904 546 1091
2549 4 2 3 1 604 874 551 1067
2550 4 2 3 1 378 820 367 1006
2551 4 2 3 1 659 662 661 939
2552 4 2 3 1 859 869 789 1005
2553 4 2 3 1 429 534 492 854
2554 4 2 3 1 534 597 492 854
2555 4 2 3 1 833 834 774 1098
2556 4 2 3 1 800 891 845 1057
2557 4 2 3 1 390 1018 382 1127
2558 4 2 3 1 342 344 381 1018
2559 4 2 3 1 678 677 675 965
2560 4 2 3 1 807 1020 864 1049
2561 4 2 3 1 583 844 843 1130
2562 4 2 3 1 760 868 865 1017
2563 4 2 3 1 821 866 803 989
2564 4 2 3 1 889 837 1062 1081
2565 4 2 3 1 835 865 760 918
2566 4 2 3 1 709 962 832 1002
2567 4 2 3 1 471 463 929 994
2568 4 2 3 1 751 889 806 1145
2569 4 2 3 1 311 926 817 963
2570 4 2 3 1 792 909 851 1029
2571 4 2 3 1 764 814 984 1042
2572 4 2 3 1 445 473 1007 1086
2573 4 2 3 1 783 917 897 1024
2574 4 2 3 1 694 739 832 1002
2575 4 2 3 1 822 1011 685 1135
2576 4 2 3 1 725 961 688 1142
2577 4 2 3 1 761 866 856 994
2578 4 2 3 1 759 897 917 1024
2579 4 2 3 1 828 873 773 1138
2580 4 2 3 1 475 477 481 834
2581 4 2 3 1 522 466 810 966
2582 4 2 3 1 806 889 751 1016
2583 4 2 3 1 726 670 867 990
2584 4 2 3 1 488 513 491 941
2585 4 2 3 1 445 922 818 1007
2586 4 2 3 1 731 730 674 825
2587 4 2 3 1 747 889 1081 1097
2588 4 2 3 1 686 879 964 1135
2589 4 2 3 1 515 901 529 913
2590 4 2 3 1 774 876 824 993
2591 4 2 3 1 731 825 674 965
2592 4 2 3 1 865 868 794 1017
2593 4 2 3 1 168 938 828 1141
2594 4 2 3 1 822 998 1048 1081
2595 4 2 3 1 814 749 973 984
2596 4 2 3 1 752 821 947 1071
2597 4 2 3 1 747 793 937 1083
2598 4 2 3 1 864 1049 1020 1149
2599 4 2 3 1 141 894 798 1039
2600 4 2 3 1 385 386 384 829
2601 4 2 3 1 806 889 790 1145
2602 4 2 3 1 823 1018 867 1118
2603 4 2 3 1 708 658 655 910
2604 4 2 3 1 758 935 867 1018
2605 4 2 3 1 820 767 948 1090
2606 4 2 3 1 764 891 845 1056
2607 4 2 3 1 768 808 901 1131
2608 4 2 3 1 893 785 962 1145
2609 4 2 3 1 669 878 997 1157
2610 4 2 3 1 758 867 823 1018
2611 4 2 3 1 140 819 173 1012
2612 4 2 3 1 791 890 936 1019
2613 4 2 3 1 693 694 702 1002
2614 4 2 3 1 391 407 707 953
2615 4 2 3 1 169 170 168 938
2616 4 2 3 1 973 999 792 1073
2617 4 2 3 1 957 1086 419 1148
2618 4 2 3 1 758 1008 915 1058
2619 4 2 3 1 726 990 867 1118
2620 4 2 3 1 753 902 827 1104
2621 4 2 3 1 794 1017 870 1085
2622 4 2 3 1 562 556 858 1119
2623 4 2 3 1 768 850 808 1131
2624 4 2 3 1 674 914 673 965
2625 4 2 3 1 568 569 570 868
2626 4 2 3 1 663 809 666 962
2627 4 2 3 1 694 709 739 1002
2628 4 2 3 1 812 955 780 1061
2629 4 2 3 1 843 1003 793 1083
2630 4 2 3 1 139 948 819 1039
2631 4 2 3 1 775 965 987 1068
2632 4 2 3 1 827 930 799 1058
2633 4 2 3 1 786 925 915 987
2634 4 2 3 1 795 947 840 1020
2635 4 2 3 1 773 877 830 917
2636 4 2 3 1 373 848 371 1114
2637 4 2 3 1 676 965 677 1000
2638 4 2 3 1 1013 1026 772 1129
2639 4 2 3 1 589 854 550 977
2640 4 2 3 1 622 566 624 865
2641 4 2 3 1 902 942 816 1027
2642 4 2 3 1 540 603 623 911
2643 4 2 3 1 164 166 847 1006
2644 4 2 3 1 794 870 868 1146
2645 4 2 3 1 606 793 996 1111
2646 4 2 3 1 764 916 891 984
2647 4 2 3 1 791 1019 936 1156
2648 4 2 3 1 575 542 836 944
2649 4 2 3 1 125 405 195 1006
2650 4 2 3 1 346 796 935 1038
2651 4 2 3 1 749 999 973 1073
2652 4 2 3 1 455 881 856 1060
2653 4 2 3 1 756 831 912 1033
2654 4 2 3 1 241 886 240 1088
2655 4 2 3 1 742 799 930 975
2656 4 2 3 1 719 734 631 1147
2657 4 2 3 1 1021 1101 842 1126
2658 4 2 3 1 461 929 463 994
2659 4 2 3 1 860 931 768 1106
2660 4 2 3 1 685 684 1011 1040
2661 4 2 3 1 745 795 947 982
2662 4 2 3 1 765 946 834 1035
2663 4 2 3 1 631 613 547 944
2664 4 2 3 1 739 832 709 962
2665 4 2 3 1 746 834 946 1035
2666 4 2 3 1 577 810 888 969
2667 4 2 3 1 845 907 805 1057
2668 4 2 3 1 743 925 848 1068
2669 4 2 3 1 936 1019 759 1156
2670 4 2 3 1 488 828 490 941
2671 4 2 3 1 774 957 876 1148
2672 4 2 3 1 844 949 770 969
2673 4 2 3 1 463 826 516 994
2674 4 2 3 1 250 950 797 1102
2675 4 2 3 1 829 767 908 1090
2676 4 2 3 1 445 1007 818 1086
2677 4 2 3 1 186 1026 1013 1129
2678 4 2 3 1 465 966 795 1149
2679 4 2 3 1 554 969 604 1130
2680 4 2 3 1 789 937 747 998
2681 4 2 3 1 369 1038 825 1114
2682 4 2 3 1 237 379 222 1150
2683 4 2 3 1 269 229 1009 1055
2684 4 2 3 1 484 523 888 1079
2685 4 2 3 1 841 883 796 1099
2686 4 2 3 1 947 982 795 1071
2687 4 2 3 1 566 564 868 918
2688 4 2 3 1 683 685 689 1040
2689 4 2 3 1 802 981 766 1075
2690 4 2 3 1 902 955 806 1045
2691 4 2 3 1 654 653 655 910
2692 4 2 3 1 816 792 1029 1110
2693 4 2 3 1 791 942 748 976
2694 4 2 3 1 620 586 535 836
2695 4 2 3 1 199 171 172 871
2696 4 2 3 1 754 801 954 1100
2697 4 2 3 1 398 890 356 951
2698 4 2 3 1 139 193 847 948
2699 4 2 3 1 519 901 808 1074
2700 4 2 3 1 743 796 925 1104
2701 4 2 3 1 617 595 907 1089
2702 4 2 3 1 915 758 1058 1104
2703 4 2 3 1 166 193 164 847
2704 4 2 3 1 211 839 159 956
2705 4 2 3 1 293 813 294 1116
2706 4 2 3 1 146 871 811 1012
2707 4 2 3 1 769 836 1015 1042
2708 4 2 3 1 855 930 799 975
2709 4 2 3 1 856 881 752 1060
2710 4 2 3 1 430 388 325 861
2711 4 2 3 1 388 430 493 861
2712 4 2 3 1 754 955 804 1134
2713 4 2 3 1 748 917 976 1072
2714 4 2 3 1 316 862 273 992
2715 4 2 3 1 731 952 825 965
2716 4 2 3 1 793 870 1017 1085
2717 4 2 3 1 743 915 925 987
2718 4 2 3 1 819 757 895 1012
2719 4 2 3 1 753 827 1021 1058
2720 4 2 3 1 476 477 475 1032
2721 4 2 3 1 795 881 752 978
2722 4 2 3 1 799 758 930 1018
2723 4 2 3 1 161 208 206 907
2724 4 2 3 1 394 414 830 936
2725 4 2 3 1 145 811 1001 1012
2726 4 2 3 1 815 965 775 1000
2727 4 2 3 1 764 907 845 1057
2728 4 2 3 1 463 471 516 826
2729 4 2 3 1 263 887 815 1028
2730 4 2 3 1 524 478 862 992
2731 4 2 3 1 166 165 167 983
2732 4 2 3 1 764 814 916 984
2733 4 2 3 1 459 498 461 929
2734 4 2 3 1 742 816 1021 1126
2735 4 2 3 1 365 413 824 1004
2736 4 2 3 1 755 853 982 1120
2737 4 2 3 1 767 829 908 1023
2738 4 2 3 1 757 960 792 1029
2739 4 2 3 1 799 758 1018 1058
2740 4 2 3 1 253 789 1005 1048
2741 4 2 3 1 822 998 837 1040
2742 4 2 3 1 761 941 898 994
2743 4 2 3 1 877 976 917 1072
2744 4 2 3 1 963 1011 822 1048
2745 4 2 3 1 585 969 844 1130
2746 4 2 3 1 800 858 845 891
2747 4 2 3 1 473 957 1007 1086
2748 4 2 3 1 147 991 798 1036
2749 4 2 3 1 771 937 963 998
2750 4 2 3 1 750 804 857 967
2751 4 2 3 1 757 814 1001 1036
2752 4 2 3 1 491 941 503 994
2753 4 2 3 1 773 847 828 983
2754 4 2 3 1 459 929 461 1155
2755 4 2 3 1 631 734 217 1147
2756 4 2 3 1 812 780 955 1064
2757 4 2 3 1 812 980 955 1061
2758 4 2 3 1 844 969 770 1033
2759 4 2 3 1 386 384 829 1023
2760 4 2 3 1 478 862 992 1070
2761 4 2 3 1 757 894 1001 1012
2762 4 2 3 1 866 920 781 968
2763 4 2 3 1 139 193 194 847
2764 4 2 3 1 800 858 750 1120
2765 4 2 3 1 836 769 944 1105
2766 4 2 3 1 596 533 638 865
2767 4 2 3 1 596 638 701 865
2768 4 2 3 1 730 825 731 1123
2769 4 2 3 1 758 867 825 914
2770 4 2 3 1 211 160 159 839
2771 4 2 3 1 757 798 894 896
2772 4 2 3 1 644 702 703 911
2773 4 2 3 1 749 1042 872 1077
2774 4 2 3 1 668 852 710 914
2775 4 2 3 1 156 905 839 1129
2776 4 2 3 1 820 908 767 1090
2777 4 2 3 1 763 974 841 1034
2778 4 2 3 1 460 456 978 1155
2779 4 2 3 1 806 751 915 1016
2780 4 2 3 1 285 256 831 1037
2781 4 2 3 1 494 830 1087 1138
2782 4 2 3 1 710 914 852 1094
2783 4 2 3 1 276 807 992 1107
2784 4 2 3 1 725 815 961 1142
2785 4 2 3 1 744 1022 800 1043
2786 4 2 3 1 293 260 292 887
2787 4 2 3 1 821 778 967 1043
2788 4 2 3 1 758 799 930 1058
2789 4 2 3 1 854 977 589 1074
2790 4 2 3 1 748 942 791 1156
2791 4 2 3 1 744 866 920 989
2792 4 2 3 1 832 1077 1075 1122
2793 4 2 3 1 853 982 947 1071
2794 4 2 3 1 907 1089 845 1140
2795 4 2 3 1 469 807 517 1047
2796 4 2 3 1 754 912 980 1134
2797 4 2 3 1 280 293 813 1151
2798 4 2 3 1 303 950 276 1107
2799 4 2 3 1 811 916 744 1057
2800 4 2 3 1 811 895 757 1012
2801 4 2 3 1 808 850 768 1022
2802 4 2 3 1 592 617 595 907
2803 4 2 3 1 266 1011 963 1048
2804 4 2 3 1 760 849 835 918
2805 4 2 3 1 750 857 804 924
2806 4 2 3 1 269 928 229 1055
2807 4 2 3 1 454 881 840 1149
2808 4 2 3 1 808 755 977 1022
2809 4 2 3 1 764 891 916 1057
2810 4 2 3 1 823 953 390 1118
2811 4 2 3 1 819 894 757 1012
2812 4 2 3 1 744 920 866 968
2813 4 2 3 1 759 861 818 890
2814 4 2 3 1 673 914 710 1094
2815 4 2 3 1 803 933 777 986
2816 4 2 3 1 369 952 825 1123
2817 4 2 3 1 445 818 922 1158
2818 4 2 3 1 747 857 900 1017
2819 4 2 3 1 1019 1099 753 1101
2820 4 2 3 1 631 944 547 1147
2821 4 2 3 1 754 1005 880 1115
2822 4 2 3 1 169 938 168 1141
2823 4 2 3 1 791 936 917 1156
2824 4 2 3 1 822 964 879 1135
2825 4 2 3 1 315 279 263 1000
2826 4 2 3 1 928 957 426 1055
2827 4 2 3 1 895 971 761 1053
2828 4 2 3 1 820 367 1006 1108
2829 4 2 3 1 295 257 291 846
2830 4 2 3 1 743 974 796 1104
2831 4 2 3 1 810 755 966 982
2832 4 2 3 1 573 817 621 1121
2833 4 2 3 1 153 145 151 906
2834 4 2 3 1 774 1007 834 1032
2835 4 2 3 1 381 823 390 1118
2836 4 2 3 1 766 802 934 981
2837 4 2 3 1 298 272 270 833
2838 4 2 3 1 755 854 808 977
2839 4 2 3 1 673 668 710 914
2840 4 2 3 1 263 317 815 1142
2841 4 2 3 1 743 848 974 1068
2842 4 2 3 1 751 806 915 959
2843 4 2 3 1 796 753 883 1058
2844 4 2 3 1 351 842 1101 1133
2845 4 2 3 1 915 925 758 1104
2846 4 2 3 1 832 962 893 1002
2847 4 2 3 1 818 1086 957 1148
2848 4 2 3 1 916 973 757 989
2849 4 2 3 1 491 513 503 941
2850 4 2 3 1 202 919 1105 1147
2851 4 2 3 1 622 835 602 918
2852 4 2 3 1 471 826 463 994
2853 4 2 3 1 790 889 806 1051
2854 4 2 3 1 747 837 1017 1097
2855 4 2 3 1 760 832 849 893
2856 4 2 3 1 673 713 675 1094
2857 4 2 3 1 799 883 753 1058
2858 4 2 3 1 770 810 888 1109
2859 4 2 3 1 412 820 908 1044
2860 4 2 3 1 460 978 899 1155
2861 4 2 3 1 757 916 814 973
2862 4 2 3 1 471 482 516 826
2863 4 2 3 1 967 1043 778 1050
2864 4 2 3 1 668 852 990 1157
2865 4 2 3 1 619 576 633 1015
2866 4 2 3 1 578 577 888 969
2867 4 2 3 1 202 1105 944 1147
2868 4 2 3 1 266 822 1011 1048
2869 4 2 3 1 252 283 261 1048
2870 4 2 3 1 554 988 874 1130
2871 4 2 3 1 140 894 819 1012
2872 4 2 3 1 752 821 933 947
2873 4 2 3 1 851 973 792 1029
2874 4 2 3 1 830 917 759 1087
2875 4 2 3 1 831 846 756 912
2876 4 2 3 1 573 926 817 1121
2877 4 2 3 1 414 415 394 830
2878 4 2 3 1 352 355 353 1133
2879 4 2 3 1 539 598 901 1074
2880 4 2 3 1 805 1059 931 1125
2881 4 2 3 1 727 1063 726 1118
2882 4 2 3 1 930 975 855 1046
2883 4 2 3 1 813 882 280 1151
2884 4 2 3 1 831 844 756 1052
2885 4 2 3 1 854 550 977 1067
2886 4 2 3 1 750 858 800 1043
2887 4 2 3 1 1014 1020 807 1107
2888 4 2 3 1 753 1058 796 1104
2889 4 2 3 1 419 1086 418 1148
2890 4 2 3 1 748 847 1072 1160
2891 4 2 3 1 875 979 265 1121
2892 4 2 3 1 365 876 824 1055
2893 4 2 3 1 756 846 831 1052
2894 4 2 3 1 744 920 1022 1043
2895 4 2 3 1 416 414 358 861
2896 4 2 3 1 272 862 833 1092
2897 4 2 3 1 543 440 612 888
2898 4 2 3 1 868 918 564 1153
2899 4 2 3 1 700 637 326 867
2900 4 2 3 1 700 326 389 867
2901 4 2 3 1 742 975 930 1046
2902 4 2 3 1 272 833 298 1092
2903 4 2 3 1 915 1008 827 1058
2904 4 2 3 1 719 631 547 1147
2905 4 2 3 1 818 861 759 1158
2906 4 2 3 1 810 864 770 982
2907 4 2 3 1 757 792 973 1029
2908 4 2 3 1 545 636 608 931
2909 4 2 3 1 209 181 210 1059
2910 4 2 3 1 153 145 906 1001
2911 4 2 3 1 828 983 168 1141
2912 4 2 3 1 436 539 499 901
2913 4 2 3 1 280 241 239 882
2914 4 2 3 1 522 966 810 1079
2915 4 2 3 1 642 685 1011 1135
2916 4 2 3 1 792 960 757 973
2917 4 2 3 1 770 864 810 1109
2918 4 2 3 1 891 916 778 984
2919 4 2 3 1 568 570 626 1146
2920 4 2 3 1 474 475 1007 1032
2921 4 2 3 1 436 539 901 1074
2922 4 2 3 1 773 830 873 917
2923 4 2 3 1 773 972 877 1108
2924 4 2 3 1 469 807 1047 1109
2925 4 2 3 1 810 1067 549 1079
2926 4 2 3 1 759 917 936 1156
2927 4 2 3 1 749 849 832 893
2928 4 2 3 1 840 779 946 1031
2929 4 2 3 1 471 482 826 985
2930 4 2 3 1 745 795 982 1020
2931 4 2 3 1 688 687 879 964
2932 4 2 3 1 381 382 390 1018
2933 4 2 3 1 295 257 846 979
2934 4 2 3 1 798 905 188 1039
2935 4 2 3 1 517 992 807 1049
2936 4 2 3 1 461 471 463 929
2937 4 2 3 1 935 1018 758 1058
2938 4 2 3 1 749 1075 832 1077
2939 4 2 3 1 196 944 217 1147
2940 4 2 3 1 844 875 1052 1066
2941 4 2 3 1 807 1037 1047 1109
2942 4 2 3 1 830 972 494 1137
2943 4 2 3 1 620 836 907 1089
2944 4 2 3 1 567 836 620 1089
2945 4 2 3 1 805 1057 906 1125
2946 4 2 3 1 477 834 862 1070
2947 4 2 3 1 288 323 949 1091
2948 4 2 3 1 742 799 975 1021
2949 4 2 3 1 375 1034 841 1082
2950 4 2 3 1 654 865 910 1002
2951 4 2 3 1 248 1115 797 1117
2952 4 2 3 1 160 839 211 1026
2953 4 2 3 1 880 980 797 1117
2954 4 2 3 1 488 828 941 1141
2955 4 2 3 1 481 500 1007 1069
2956 4 2 3 1 757 798 896 1029
2957 4 2 3 1 753 796 883 1099
2958 4 2 3 1 601 716 863 932
2959 4 2 3 1 751 889 838 1016
2960 4 2 3 1 594 850 845 1140
2961 4 2 3 1 726 670 728 867
2962 4 2 3 1 350 349 347 883
2963 4 2 3 1 752 803 866 1053
2964 4 2 3 1 755 977 800 1120
2965 4 2 3 1 832 893 760 1002
2966 4 2 3 1 760 1017 910 1097
2967 4 2 3 1 758 914 825 925
2968 4 2 3 1 951 1099 883 1154
2969 4 2 3 1 807 770 1037 1109
2970 4 2 3 1 817 926 311 1121
2971 4 2 3 1 838 939 785 1145
2972 4 2 3 1 951 1099 1019 1101
2973 4 2 3 1 812 1014 947 1134
2974 4 2 3 1 761 856 866 1053
2975 4 2 3 1 750 1043 800 1120
2976 4 2 3 1 688 961 879 1142
2977 4 2 3 1 615 499 599 901
2978 4 2 3 1 686 879 687 964
2979 4 2 3 1 932 1011 682 1040
2980 4 2 3 1 815 775 1068 1116
2981 4 2 3 1 209 181 1059 1125
2982 4 2 3 1 809 939 663 1157
2983 4 2 3 1 814 906 764 916
2984 4 2 3 1 753 796 923 1104
2985 4 2 3 1 663 666 660 962
2986 4 2 3 1 378 412 367 820
2987 4 2 3 1 751 838 889 1145
2988 4 2 3 1 372 995 373 1114
2989 4 2 3 1 837 910 794 1017
2990 4 2 3 1 426 957 364 1055
2991 4 2 3 1 726 1063 823 1118
2992 4 2 3 1 515 471 472 929
2993 4 2 3 1 771 963 822 998
2994 4 2 3 1 903 1015 836 1042
2995 4 2 3 1 714 961 838 964
2996 4 2 3 1 812 955 933 1064
2997 4 2 3 1 539 599 499 901
2998 4 2 3 1 823 381 1018 1118
2999 4 2 3 1 799 1021 827 1058
3000 4 2 3 1 412 359 367 1044
3001 4 2 3 1 741 803 933 1027
3002 4 2 3 1 749 851 814 973
3003 4 2 3 1 922 1007 500 1069
3004 4 2 3 1 495 511 395 972
3005 4 2 3 1 902 923 753 945
3006 4 2 3 1 758 925 825 1038
3007 4 2 3 1 814 764 970 1042
3008 4 2 3 1 475 834 481 1007
3009 4 2 3 1 753 827 1058 1104
3010 4 2 3 1 610 843 583 1003
3011 4 2 3 1 285 256 255 831
3012 4 2 3 1 815 1068 887 1116
3013 4 2 3 1 757 894 819 896
3014 4 2 3 1 874 988 554 1119
3015 4 2 3 1 833 1080 298 1092
3016 4 2 3 1 211 839 956 1026
3017 4 2 3 1 754 869 806 1100
3018 4 2 3 1 651 707 407 953
3019 4 2 3 1 239 241 240 1088
3020 4 2 3 1 745 853 947 1134
3021 4 2 3 1 808 929 781 1022
3022 4 2 3 1 552 977 550 1067
3023 4 2 3 1 817 771 926 1139
3024 4 2 3 1 781 994 929 1155
3025 4 2 3 1 336 393 439 957
3026 4 2 3 1 758 925 935 1058
3027 4 2 3 1 238 268 237 824
3028 4 2 3 1 269 1009 928 1055
3029 4 2 3 1 814 764 906 970
3030 4 2 3 1 581 585 579 969
3031 4 2 3 1 753 923 796 1099
3032 4 2 3 1 814 973 916 984
3033 4 2 3 1 777 933 803 1027
3034 4 2 3 1 408 855 385 1127
3035 4 2 3 1 477 481 834 1070
3036 4 2 3 1 668 852 914 990
3037 4 2 3 1 822 963 771 1011
3038 4 2 3 1 755 899 966 1071
3039 4 2 3 1 766 909 997 1065
3040 4 2 3 1 753 923 902 1104
3041 4 2 3 1 469 467 470 864
3042 4 2 3 1 745 947 1014 1134
3043 4 2 3 1 466 864 468 1109
3044 4 2 3 1 489 983 828 1141
3045 4 2 3 1 763 882 813 974
3046 4 2 3 1 578 579 577 969
3047 4 2 3 1 808 589 977 1074
3048 4 2 3 1 461 929 994 1155
3049 4 2 3 1 661 852 939 1094
3050 4 2 3 1 317 1028 815 1142
3051 4 2 3 1 748 976 942 1126
3052 4 2 3 1 524 226 316 862
3053 4 2 3 1 858 988 750 1120
3054 4 2 3 1 715 714 838 964
3055 4 2 3 1 825 925 848 1038
3056 4 2 3 1 742 1029 1095 1110
3057 4 2 3 1 125 334 405 1006
3058 4 2 3 1 796 935 925 1058
3059 4 2 3 1 621 1003 584 1121
3060 4 2 3 1 823 390 953 1127
3061 4 2 3 1 815 965 961 987
3062 4 2 3 1 372 373 371 1114
3063 4 2 3 1 508 439 393 957
3064 4 2 3 1 435 494 972 1137
3065 4 2 3 1 555 554 988 1119
3066 4 2 3 1 571 609 574 870
3067 4 2 3 1 590 635 850 977
3068 4 2 3 1 666 809 711 981
3069 4 2 3 1 926 932 771 1011
3070 4 2 3 1 578 969 888 1091
3071 4 2 3 1 828 773 983 1138
3072 4 2 3 1 819 938 173 1012
3073 4 2 3 1 771 998 822 1040
3074 4 2 3 1 768 929 808 1022
3075 4 2 3 1 160 839 1026 1129
3076 4 2 3 1 839 772 1026 1129
3077 4 2 3 1 490 873 531 941
3078 4 2 3 1 817 870 771 1139
3079 4 2 3 1 776 982 853 1120
3080 4 2 3 1 197 126 509 985
3081 4 2 3 1 780 923 902 945
3082 4 2 3 1 755 874 977 1120
3083 4 2 3 1 755 854 977 1067
3084 4 2 3 1 877 1044 359 1133
3085 4 2 3 1 656 657 709 962
3086 4 2 3 1 651 407 940 953
3087 4 2 3 1 826 860 768 985
3088 4 2 3 1 778 973 916 989
3089 4 2 3 1 199 201 152 860
3090 4 2 3 1 414 415 830 1137
3091 4 2 3 1 405 927 195 1006
3092 4 2 3 1 829 905 767 1090
3093 4 2 3 1 397 1018 799 1132
3094 4 2 3 1 478 992 1049 1070
3095 4 2 3 1 369 825 952 1114
3096 4 2 3 1 799 753 883 1021
3097 4 2 3 1 757 973 960 989
3098 4 2 3 1 481 1007 834 1069
3099 4 2 3 1 817 756 875 979
3100 4 2 3 1 745 947 853 982
3101 4 2 3 1 830 861 759 936
3102 4 2 3 1 772 855 823 1127
3103 4 2 3 1 756 817 937 979
3104 4 2 3 1 753 1021 799 1058
3105 4 2 3 1 758 930 990 1008
3106 4 2 3 1 873 941 828 971
3107 4 2 3 1 305 322 276 1047
3108 4 2 3 1 746 993 1035 1061
3109 4 2 3 1 305 276 303 950
3110 4 2 3 1 162 202 919 1105
3111 4 2 3 1 310 265 979 1121
3112 4 2 3 1 171 871 150 938
3113 4 2 3 1 567 575 620 836
3114 4 2 3 1 749 849 893 1073
3115 4 2 3 1 309 226 521 1032
3116 4 2 3 1 207 127 220 1105
3117 4 2 3 1 363 876 401 1004
3118 4 2 3 1 777 1031 812 1084
3119 4 2 3 1 187 1001 814 1036
3120 4 2 3 1 759 861 830 1087
3121 4 2 3 1 800 1022 920 1043
3122 4 2 3 1 898 941 828 1141
3123 4 2 3 1 816 748 942 1126
3124 4 2 3 1 654 910 656 1002
3125 4 2 3 1 827 959 915 1045
3126 4 2 3 1 756 844 843 1003
3127 4 2 3 1 346 796 1038 1082
3128 4 2 3 1 828 898 761 941
3129 4 2 3 1 410 928 426 1055
3130 4 2 3 1 238 824 237 1088
3131 4 2 3 1 605 800 977 1119
3132 4 2 3 1 779 881 840 1069
3133 4 2 3 1 478 1049 480 1070
3134 4 2 3 1 571 569 870 1146
3135 4 2 3 1 770 969 810 982
3136 4 2 3 1 494 485 830 1137
3137 4 2 3 1 782 996 900 1144
3138 4 2 3 1 731 825 952 1123
3139 4 2 3 1 829 1090 908 1103
3140 4 2 3 1 500 922 445 1007
3141 4 2 3 1 263 815 279 1142
3142 4 2 3 1 494 1087 873 1138
3143 4 2 3 1 826 871 761 1078
3144 4 2 3 1 404 705 943 952
3145 4 2 3 1 654 693 865 1002
3146 4 2 3 1 895 938 819 1012
3147 4 2 3 1 721 666 981 1122
3148 4 2 3 1 818 1007 957 1086
3149 4 2 3 1 144 146 145 1012
3150 4 2 3 1 823 867 758 990
3151 4 2 3 1 294 813 293 1151
3152 4 2 3 1 772 878 839 1026
3153 4 2 3 1 484 523 440 888
3154 4 2 3 1 814 1010 149 1036
3155 4 2 3 1 694 832 739 1054
3156 4 2 3 1 780 812 1061 1064
3157 4 2 3 1 784 884 833 1080
3158 4 2 3 1 296 963 817 979
3159 4 2 3 1 807 770 1109 1128
3160 4 2 3 1 771 870 937 1085
3161 4 2 3 1 611 555 988 1111
3162 4 2 3 1 171 898 871 938
3163 4 2 3 1 302 614 231 926
3164 4 2 3 1 813 974 882 1034
3165 4 2 3 1 800 1043 920 1120
3166 4 2 3 1 413 824 1004 1150
3167 4 2 3 1 763 882 974 1034
3168 4 2 3 1 754 980 955 1134
3169 4 2 3 1 815 762 879 1028
3170 4 2 3 1 562 858 556 1056
3171 4 2 3 1 724 679 956 1096
3172 4 2 3 1 588 544 652 863
3173 4 2 3 1 741 804 967 1051
3174 4 2 3 1 777 1024 986 1031
3175 4 2 3 1 873 1087 830 1138
3176 4 2 3 1 799 1018 935 1058
3177 4 2 3 1 803 895 757 989
3178 4 2 3 1 810 966 854 1079
3179 4 2 3 1 397 348 354 1132
3180 4 2 3 1 445 1086 818 1158
3181 4 2 3 1 266 1011 822 1135
3182 4 2 3 1 765 807 1020 1107
3183 4 2 3 1 766 878 839 1065
3184 4 2 3 1 826 768 929 985
3185 4 2 3 1 752 795 978 1071
3186 4 2 3 1 769 919 872 1077
3187 4 2 3 1 868 900 793 1017
3188 4 2 3 1 503 941 856 994
3189 4 2 3 1 408 386 385 855
3190 4 2 3 1 748 986 971 1030
3191 4 2 3 1 872 919 802 1077
3192 4 2 3 1 874 977 552 1067
3193 4 2 3 1 758 935 925 1038
3194 4 2 3 1 188 156 189 905
3195 4 2 3 1 386 1023 855 1132
3196 4 2 3 1 871 938 895 1012
3197 4 2 3 1 747 900 857 1097
3198 4 2 3 1 485 494 830 1087
3199 4 2 3 1 407 392 940 953
3200 4 2 3 1 342 341 867 1123
3201 4 2 3 1 838 889 1062 1081
3202 4 2 3 1 755 977 874 1067
3203 4 2 3 1 555 988 554 1130
3204 4 2 3 1 803 757 960 989
3205 4 2 3 1 158 872 191 970
3206 4 2 3 1 285 831 255 1052
3207 4 2 3 1 851 1029 909 1076
3208 4 2 3 1 755 899 854 966
3209 4 2 3 1 748 816 1030 1126
3210 4 2 3 1 786 914 852 1008
3211 4 2 3 1 742 816 1029 1110
3212 4 2 3 1 829 855 772 1127
3213 4 2 3 1 331 390 953 1118
3214 4 2 3 1 575 576 619 1015
3215 4 2 3 1 819 895 757 1030
3216 4 2 3 1 508 393 928 957
3217 4 2 3 1 742 1021 975 1126
3218 4 2 3 1 761 895 871 938
3219 4 2 3 1 489 433 983 1141
3220 4 2 3 1 788 841 1025 1099
3221 4 2 3 1 746 993 833 1035
3222 4 2 3 1 567 903 836 1089
3223 4 2 3 1 774 833 1009 1032
3224 4 2 3 1 715 714 662 838
3225 4 2 3 1 809 663 997 1157
3226 4 2 3 1 614 541 231 926
3227 4 2 3 1 806 959 790 1051
3228 4 2 3 1 752 947 795 1071
3229 4 2 3 1 652 544 647 863
3230 4 2 3 1 122 168 983 1141
3231 4 2 3 1 223 304 483 992
3232 4 2 3 1 750 891 858 1043
3233 4 2 3 1 611 1111 988 1130
3234 4 2 3 1 280 294 293 1151
3235 4 2 3 1 797 980 892 1117
3236 4 2 3 1 299 320 510 904
3237 4 2 3 1 694 1002 832 1054
3238 4 2 3 1 828 938 847 971
3239 4 2 3 1 255 831 256 1102
3240 4 2 3 1 584 1003 875 1121
3241 4 2 3 1 811 989 895 1078
3242 4 2 3 1 815 879 762 961
3243 4 2 3 1 865 910 794 1159
3244 4 2 3 1 828 761 898 938
3245 4 2 3 1 688 714 687 964
3246 4 2 3 1 787 990 930 1008
3247 4 2 3 1 882 763 886 1088
3248 4 2 3 1 823 930 758 1018
3249 4 2 3 1 768 985 860 1106
3250 4 2 3 1 310 296 311 1121
3251 4 2 3 1 765 1020 1014 1107
3252 4 2 3 1 805 907 845 1140
3253 4 2 3 1 766 1065 839 1076
3254 4 2 3 1 701 654 693 865
3255 4 2 3 1 369 340 952 1123
3256 4 2 3 1 942 1019 753 1101
3257 4 2 3 1 310 312 265 1121
3258 4 2 3 1 817 963 937 979
3259 4 2 3 1 382 1018 855 1127
3260 4 2 3 1 726 823 990 1118
3261 4 2 3 1 765 1020 807 1049
3262 4 2 3 1 156 189 905 1129
3263 4 2 3 1 784 892 980 1117
3264 4 2 3 1 478 992 480 1049
3265 4 2 3 1 578 579 969 1091
3266 4 2 3 1 800 988 858 1120
3267 4 2 3 1 833 993 746 1098
3268 4 2 3 1 784 980 880 1117
3269 4 2 3 1 658 657 655 910
3270 4 2 3 1 845 891 858 1056
3271 4 2 3 1 489 828 488 1141
3272 4 2 3 1 273 992 862 1092
3273 4 2 3 1 301 229 269 928
3274 4 2 3 1 612 440 497 888
3275 4 2 3 1 770 949 831 1037
3276 4 2 3 1 443 901 615 913
3277 4 2 3 1 830 494 972 1138
3278 4 2 3 1 711 981 809 997
3279 4 2 3 1 838 961 714 1094
3280 4 2 3 1 668 990 667 1157
3281 4 2 3 1 567 575 836 903
3282 4 2 3 1 186 160 1026 1129
3283 4 2 3 1 803 741 960 1027
3284 4 2 3 1 844 875 756 1052
3285 4 2 3 1 171 170 898 938
3286 4 2 3 1 614 926 302 932
3287 4 2 3 1 877 917 791 936
3288 4 2 3 1 906 916 814 1001
3289 4 2 3 1 776 969 844 1033
3290 4 2 3 1 741 955 804 1051
3291 4 2 3 1 771 937 998 1085
3292 4 2 3 1 600 615 901 913
3293 4 2 3 1 547 633 911 944
3294 4 2 3 1 467 864 466 966
3295 4 2 3 1 677 815 725 1142
3296 4 2 3 1 743 801 921 954
3297 4 2 3 1 373 1034 995 1151
3298 4 2 3 1 815 1000 279 1142
3299 4 2 3 1 317 879 1028 1142
3300 4 2 3 1 711 809 663 997
3301 4 2 3 1 742 1029 909 1095
3302 4 2 3 1 925 935 796 1038
3303 4 2 3 1 127 944 220 1105
3304 4 2 3 1 778 960 973 989
3305 4 2 3 1 781 968 920 1022
3306 4 2 3 1 763 1004 841 1025
3307 4 2 3 1 861 890 759 936
3308 4 2 3 1 709 656 962 1002
3309 4 2 3 1 858 891 800 1043
3310 4 2 3 1 312 875 265 1121
3311 4 2 3 1 467 466 465 966
3312 4 2 3 1 827 902 959 1045
3313 4 2 3 1 458 856 503 941
3314 4 2 3 1 711 666 663 809
3315 4 2 3 1 508 928 474 957
3316 4 2 3 1 800 977 874 1120
3317 4 2 3 1 787 997 909 1065
3318 4 2 3 1 313 1052 875 1066
3319 4 2 3 1 370 404 943 952
3320 4 2 3 1 361 356 398 890
3321 4 2 3 1 751 915 827 959
3322 4 2 3 1 197 509 913 985
3323 4 2 3 1 759 890 818 958
3324 4 2 3 1 483 432 223 992
3325 4 2 3 1 767 820 948 1160
3326 4 2 3 1 774 876 993 1098
3327 4 2 3 1 772 839 878 1065
3328 4 2 3 1 753 1019 945 1099
3329 4 2 3 1 288 234 323 1091
3330 4 2 3 1 829 772 1013 1127
3331 4 2 3 1 762 815 987 1028
3332 4 2 3 1 556 858 559 1056
3333 4 2 3 1 419 364 957 1148
3334 4 2 3 1 226 524 434 862
3335 4 2 3 1 819 757 896 1030
3336 4 2 3 1 873 917 783 971
3337 4 2 3 1 525 510 320 904
3338 4 2 3 1 425 972 927 1108
3339 4 2 3 1 937 963 789 979
3340 4 2 3 1 839 956 766 991
3341 4 2 3 1 473 444 957 1086
3342 4 2 3 1 317 879 283 1028
3343 4 2 3 1 797 912 745 1134
3344 4 2 3 1 872 919 769 1105
3345 4 2 3 1 757 803 960 1030
3346 4 2 3 1 744 920 968 1022
3347 4 2 3 1 765 992 862 1070
3348 4 2 3 1 777 803 986 1027
3349 4 2 3 1 329 121 400 1013
3350 4 2 3 1 548 543 577 888
3351 4 2 3 1 658 708 689 837
3352 4 2 3 1 770 807 1037 1128
3353 4 2 3 1 169 898 170 938
3354 4 2 3 1 655 708 910 1159
3355 4 2 3 1 169 898 938 1141
3356 4 2 3 1 863 932 682 1040
3357 4 2 3 1 981 1122 802 1136
3358 4 2 3 1 365 366 413 1004
3359 4 2 3 1 708 689 837 1040
3360 4 2 3 1 149 872 158 1010
3361 4 2 3 1 797 745 1014 1134
3362 4 2 3 1 762 879 822 964
3363 4 2 3 1 615 443 499 901
3364 4 2 3 1 329 121 1013 1103
3365 4 2 3 1 582 875 844 1066
3366 4 2 3 1 407 391 392 953
3367 4 2 3 1 758 930 823 990
3368 4 2 3 1 596 622 624 865
3369 4 2 3 1 742 1095 827 1110
3370 4 2 3 1 685 683 684 1040
3371 4 2 3 1 803 757 895 1030
3372 4 2 3 1 771 822 1011 1040
3373 4 2 3 1 914 990 852 1008
3374 4 2 3 1 179 991 148 1010
3375 4 2 3 1 170 171 150 938
3376 4 2 3 1 395 511 339 972
3377 4 2 3 1 519 436 901 1074
3378 4 2 3 1 915 1058 827 1104
3379 4 2 3 1 756 875 844 1003
3380 4 2 3 1 375 841 402 1082
3381 4 2 3 1 745 947 795 1020
3382 4 2 3 1 329 1013 385 1103
3383 4 2 3 1 746 812 946 1084
3384 4 2 3 1 677 1000 815 1142
3385 4 2 3 1 742 975 1093 1126
3386 4 2 3 1 747 1017 900 1097
3387 4 2 3 1 654 655 656 910
3388 4 2 3 1 741 959 806 1051
3389 4 2 3 1 639 724 956 1096
3390 4 2 3 1 869 954 806 1100
3391 4 2 3 1 534 854 429 1079
3392 4 2 3 1 780 955 902 1045
3393 4 2 3 1 857 885 804 924
3394 4 2 3 1 551 874 552 1067
3395 4 2 3 1 611 988 555 1130
3396 4 2 3 1 763 841 974 1025
3397 4 2 3 1 323 904 307 1037
3398 4 2 3 1 762 961 879 964
3399 4 2 3 1 722 676 677 1000
3400 4 2 3 1 865 794 1041 1159
3401 4 2 3 1 769 849 832 1077
3402 4 2 3 1 813 995 848 1034
3403 4 2 3 1 837 1017 794 1085
3404 4 2 3 1 455 856 458 1060
3405 4 2 3 1 661 939 852 1157
3406 4 2 3 1 760 865 835 1002
3407 4 2 3 1 756 937 817 1003
3408 4 2 3 1 313 875 312 1066
3409 4 2 3 1 647 716 682 863
3410 4 2 3 1 385 1013 829 1103
3411 4 2 3 1 811 916 906 1001
3412 4 2 3 1 838 939 852 1094
3413 4 2 3 1 655 910 653 1159
3414 4 2 3 1 772 855 829 1046
3415 4 2 3 1 621 817 1003 1121
3416 4 2 3 1 749 832 849 1077
3417 4 2 3 1 173 938 150 1012
3418 4 2 3 1 152 860 182 1125
3419 4 2 3 1 653 865 654 1041
3420 4 2 3 1 394 877 357 936
3421 4 2 3 1 897 922 759 1158
3422 4 2 3 1 750 924 853 1120
3423 4 2 3 1 741 806 955 1051
3424 4 2 3 1 363 401 366 1004
3425 4 2 3 1 741 933 955 1064
3426 4 2 3 1 792 1095 1029 1110
3427 4 2 3 1 954 1016 806 1045
3428 4 2 3 1 923 974 841 1025
3429 4 2 3 1 395 332 435 972
3430 4 2 3 1 767 976 820 1160
3431 4 2 3 1 370 335 404 952
3432 4 2 3 1 751 959 827 1095
3433 4 2 3 1 770 969 949 1091
3434 4 2 3 1 753 883 1021 1101
3435 4 2 3 1 761 871 826 898
3436 4 2 3 1 501 873 531 1087
3437 4 2 3 1 714 662 838 1094
3438 4 2 3 1 802 1075 1077 1122
3439 4 2 3 1 679 690 956 1026
3440 4 2 3 1 915 1016 954 1045
3441 4 2 3 1 915 806 1016 1045
3442 4 2 3 1 508 474 439 957
3443 4 2 3 1 754 806 955 1100
3444 4 2 3 1 766 997 878 1065
3445 4 2 3 1 696 1122 981 1136
3446 4 2 3 1 843 844 776 1130
3447 4 2 3 1 809 1113 939 1157
3448 4 2 3 1 747 885 857 1083
3449 4 2 3 1 757 1001 894 1036
3450 4 2 3 1 853 982 776 1033
3451 4 2 3 1 661 852 664 1157
3452 4 2 3 1 743 987 925 1068
3453 4 2 3 1 727 706 726 1063
3454 4 2 3 1 580 949 579 1091
3455 4 2 3 1 746 946 812 1061
3456 4 2 3 1 285 258 313 1052
3457 4 2 3 1 948 820 1072 1160
3458 4 2 3 1 438 509 126 985
3459 4 2 3 1 891 778 1043 1050
3460 4 2 3 1 415 972 830 1137
3461 4 2 3 1 864 982 795 1020
3462 4 2 3 1 497 888 530 904
3463 4 2 3 1 824 876 774 1055
3464 4 2 3 1 552 589 550 977
3465 4 2 3 1 756 937 1003 1083
3466 4 2 3 1 741 960 1027 1110
3467 4 2 3 1 821 853 947 1071
3468 4 2 3 1 256 950 831 1037
3469 4 2 3 1 362 419 418 1148
3470 4 2 3 1 334 378 367 1006
3471 4 2 3 1 906 916 811 1057
3472 4 2 3 1 788 1004 841 1154
3473 4 2 3 1 222 328 284 882
3474 4 2 3 1 837 998 822 1081
3475 4 2 3 1 121 190 1013 1103
3476 4 2 3 1 756 817 875 1003
3477 4 2 3 1 502 453 454 881
3478 4 2 3 1 435 495 395 972
3479 4 2 3 1 588 863 652 1041
3480 4 2 3 1 240 886 884 1088
3481 4 2 3 1 847 948 820 1072
3482 4 2 3 1 501 531 486 1087
3483 4 2 3 1 765 1049 807 1107
3484 4 2 3 1 470 864 467 1149
3485 4 2 3 1 925 1058 758 1104
3486 4 2 3 1 747 1017 837 1085
3487 4 2 3 1 768 826 929 968
3488 4 2 3 1 777 812 1031 1064
3489 4 2 3 1 790 857 967 1050
3490 4 2 3 1 949 1037 770 1091
3491 4 2 3 1 837 822 964 1081
3492 4 2 3 1 566 563 564 918
3493 4 2 3 1 267 963 266 1011
3494 4 2 3 1 878 956 679 1096
3495 4 2 3 1 462 498 459 899
3496 4 2 3 1 139 140 138 1039
3497 4 2 3 1 192 872 970 1105
3498 4 2 3 1 816 1027 960 1110
3499 4 2 3 1 679 956 878 1026
3500 4 2 3 1 855 1018 823 1127
3501 4 2 3 1 759 1024 1019 1084
3502 4 2 3 1 715 964 838 1062
3503 4 2 3 1 414 861 416 1137
3504 4 2 3 1 759 917 830 936
3505 4 2 3 1 639 956 934 1096
3506 4 2 3 1 768 901 808 929
3507 4 2 3 1 234 904 323 1091
3508 4 2 3 1 750 1043 967 1050
3509 4 2 3 1 756 846 885 912
3510 4 2 3 1 831 950 256 1102
3511 4 2 3 1 603 703 719 911
3512 4 2 3 1 943 995 370 1114
3513 4 2 3 1 206 208 120 907
3514 4 2 3 1 602 622 623 835
3515 4 2 3 1 868 564 996 1153
3516 4 2 3 1 247 859 253 1005
3517 4 2 3 1 829 1013 190 1103
3518 4 2 3 1 602 918 835 1015
3519 4 2 3 1 707 643 331 953
3520 4 2 3 1 748 1126 1030 1160
3521 4 2 3 1 182 860 201 1106
3522 4 2 3 1 803 895 866 1053
3523 4 2 3 1 194 166 168 847
3524 4 2 3 1 745 982 853 1033
3525 4 2 3 1 759 861 1087 1158
3526 4 2 3 1 739 1054 832 1122
3527 4 2 3 1 425 927 411 1108
3528 4 2 3 1 170 194 168 938
3529 4 2 3 1 768 860 826 968
3530 4 2 3 1 716 682 863 932
3531 4 2 3 1 848 825 1038 1114
3532 4 2 3 1 226 434 521 1032
3533 4 2 3 1 474 476 475 1032
3534 4 2 3 1 770 969 982 1033
3535 4 2 3 1 693 702 644 835
3536 4 2 3 1 542 586 575 836
3537 4 2 3 1 783 971 917 986
3538 4 2 3 1 790 900 857 1050
3539 4 2 3 1 601 863 634 932
3540 4 2 3 1 842 1023 409 1132
3541 4 2 3 1 788 876 1004 1154
3542 4 2 3 1 758 990 914 1008
3543 4 2 3 1 547 619 633 944
3544 4 2 3 1 511 927 339 972
3545 4 2 3 1 669 997 665 1157
3546 4 2 3 1 820 1006 847 1072
3547 4 2 3 1 511 496 927 972
3548 4 2 3 1 242 886 292 1143
3549 4 2 3 1 746 958 945 1084
3550 4 2 3 1 772 1046 829 1129
3551 4 2 3 1 792 909 1029 1095
3552 4 2 3 1 134 948 136 1090
3553 4 2 3 1 380 336 444 957
3554 4 2 3 1 162 157 158 872
3555 4 2 3 1 884 886 240 1143
3556 4 2 3 1 684 642 685 1011
3557 4 2 3 1 634 601 544 863
3558 4 2 3 1 483 517 432 992
3559 4 2 3 1 602 835 623 1015
3560 4 2 3 1 753 816 942 1021
3561 4 2 3 1 772 829 1013 1129
3562 4 2 3 1 878 956 839 1026
3563 4 2 3 1 838 1016 889 1081
3564 4 2 3 1 946 1035 812 1061
3565 4 2 3 1 328 222 379 1150
3566 4 2 3 1 611 843 1111 1130
3567 4 2 3 1 927 983 165 1006
3568 4 2 3 1 332 435 972 1137
3569 4 2 3 1 759 1019 958 1084
3570 4 2 3 1 648 340 692 952
3571 4 2 3 1 783 941 873 971
3572 4 2 3 1 707 331 391 953
3573 4 2 3 1 761 898 826 994
3574 4 2 3 1 457 994 856 1155
3575 4 2 3 1 365 364 876 1055
3576 4 2 3 1 625 288 949 1091
3577 4 2 3 1 351 352 353 1133
3578 4 2 3 1 777 1031 933 1064
3579 4 2 3 1 686 688 687 879
3580 4 2 3 1 770 888 810 969
3581 4 2 3 1 830 917 877 936
3582 4 2 3 1 359 357 367 877
3583 4 2 3 1 885 924 857 1083
3584 4 2 3 1 491 463 516 994
3585 4 2 3 1 762 869 859 954
3586 4 2 3 1 150 938 871 1012
3587 4 2 3 1 948 1072 847 1160
3588 4 2 3 1 557 858 555 1111
3589 4 2 3 1 710 852 661 1094
3590 4 2 3 1 858 555 1111 1119
3591 4 2 3 1 835 911 623 1015
3592 4 2 3 1 919 769 1105 1147
3593 4 2 3 1 988 1111 843 1130
3594 4 2 3 1 747 937 885 1083
3595 4 2 3 1 798 839 905 1093
3596 4 2 3 1 564 918 563 1153
3597 4 2 3 1 858 988 800 1119
3598 4 2 3 1 397 427 1018 1132
3599 4 2 3 1 485 861 446 1087
3600 4 2 3 1 1112 1131 931 1140
3601 4 2 3 1 717 940 198 1026
3602 4 2 3 1 933 1031 812 1064
3603 4 2 3 1 830 485 1087 1137
3604 4 2 3 1 565 918 903 1153
3605 4 2 3 1 142 1001 894 1012
3606 4 2 3 1 531 873 486 1087
3607 4 2 3 1 857 900 793 1144
3608 4 2 3 1 444 336 439 957
3609 4 2 3 1 494 486 873 1087
3610 4 2 3 1 775 815 1000 1116
3611 4 2 3 1 750 858 891 1144
3612 4 2 3 1 342 343 344 935
3613 4 2 3 1 847 1006 773 1072
3614 4 2 3 1 581 579 580 949
3615 4 2 3 1 618 926 614 932
3616 4 2 3 1 839 878 766 956
3617 4 2 3 1 242 292 245 1143
3618 4 2 3 1 223 276 304 992
3619 4 2 3 1 958 1019 945 1084
3620 4 2 3 1 725 678 688 961
3621 4 2 3 1 196 217 130 1147
3622 4 2 3 1 271 272 862 1032
3623 4 2 3 1 755 920 853 1120
3624 4 2 3 1 590 605 635 977
3625 4 2 3 1 335 340 648 952
3626 4 2 3 1 782 849 903 984
3627 4 2 3 1 233 338 943 995
3628 4 2 3 1 719 547 911 1147
3629 4 2 3 1 944 1105 769 1147
3630 4 2 3 1 135 1090 176 1103
3631 4 2 3 1 485 446 861 1137
3632 4 2 3 1 546 904 234 1091
3633 4 2 3 1 265 979 875 1052
3634 4 2 3 1 782 891 858 1144
3635 4 2 3 1 743 954 915 1016
3636 4 2 3 1 770 1037 831 1128
3637 4 2 3 1 950 831 1037 1128
3638 4 2 3 1 838 889 785 1062
3639 4 2 3 1 682 1011 684 1040
3640 4 2 3 1 750 821 967 1043
3641 4 2 3 1 726 867 728 1118
3642 4 2 3 1 867 914 758 990
3643 4 2 3 1 761 938 828 971
3644 4 2 3 1 504 433 122 983
3645 4 2 3 1 656 655 657 910
3646 4 2 3 1 764 845 891 1057
3647 4 2 3 1 820 767 908 1044
3648 4 2 3 1 915 959 806 1045
3649 4 2 3 1 374 376 1034 1150
3650 4 2 3 1 583 843 610 1130
3651 4 2 3 1 519 901 472 929
3652 4 2 3 1 430 861 325 1086
3653 4 2 3 1 741 960 1110 1124
3654 4 2 3 1 743 915 954 1045
3655 4 2 3 1 750 891 1050 1144
3656 4 2 3 1 357 367 877 1108
3657 4 2 3 1 379 824 413 1150
3658 4 2 3 1 575 903 565 1015
3659 4 2 3 1 300 943 718 1000
3660 4 2 3 1 222 238 237 1088
3661 4 2 3 1 374 1034 882 1150
3662 4 2 3 1 766 981 997 1075
3663 4 2 3 1 587 926 573 1121
3664 4 2 3 1 142 144 1001 1012
3665 4 2 3 1 702 911 835 1054
3666 4 2 3 1 852 990 787 1008
3667 4 2 3 1 850 1131 1112 1140
3668 4 2 3 1 799 1021 883 1101
3669 4 2 3 1 118 934 639 956
3670 4 2 3 1 754 954 869 1100
3671 4 2 3 1 867 990 823 1118
3672 4 2 3 1 759 936 890 1019
3673 4 2 3 1 861 1087 485 1137
3674 4 2 3 1 782 903 849 918
3675 4 2 3 1 902 806 959 1045
3676 4 2 3 1 922 958 818 1098
3677 4 2 3 1 302 926 324 932
3678 4 2 3 1 817 937 870 1003
3679 4 2 3 1 833 862 765 1092
3680 4 2 3 1 260 887 263 1028
3681 4 2 3 1 142 894 144 1012
3682 4 2 3 1 264 887 293 1116
3683 4 2 3 1 295 963 296 979
3684 4 2 3 1 853 924 776 1120
3685 4 2 3 1 634 932 863 1139
3686 4 2 3 1 145 1001 144 1012
3687 4 2 3 1 205 504 122 983
3688 4 2 3 1 890 951 788 1019
3689 4 2 3 1 748 917 971 986
3690 4 2 3 1 770 831 1033 1128
3691 4 2 3 1 226 862 434 1032
3692 4 2 3 1 869 889 806 1016
3693 4 2 3 1 762 1016 838 1081
3694 4 2 3 1 853 920 821 1043
3695 4 2 3 1 690 118 639 956
3696 4 2 3 1 746 1035 946 1061
3697 4 2 3 1 553 874 554 1119
3698 4 2 3 1 409 842 399 1023
3699 4 2 3 1 547 944 911 1147
3700 4 2 3 1 750 853 1043 1120
3701 4 2 3 1 573 571 574 870
3702 4 2 3 1 433 122 983 1141
3703 4 2 3 1 814 970 872 1042
3704 4 2 3 1 646 175 690 1026
3705 4 2 3 1 175 956 690 1026
3706 4 2 3 1 450 449 447 922
3707 4 2 3 1 782 1050 891 1144
3708 4 2 3 1 760 900 868 1017
3709 4 2 3 1 496 532 927 1138
3710 4 2 3 1 284 328 420 882
3711 4 2 3 1 788 1025 945 1099
3712 4 2 3 1 893 900 760 1097
3713 4 2 3 1 338 370 943 995
3714 4 2 3 1 764 836 907 970
3715 4 2 3 1 622 602 566 918
3716 4 2 3 1 902 923 1045 1104
3717 4 2 3 1 798 1076 839 1093
3718 4 2 3 1 741 955 902 1064
3719 4 2 3 1 532 983 927 1138
3720 4 2 3 1 559 996 560 1153
3721 4 2 3 1 785 889 838 1145
3722 4 2 3 1 808 977 854 1074
3723 4 2 3 1 931 1112 768 1131
3724 4 2 3 1 192 872 158 970
3725 4 2 3 1 658 837 689 1062
3726 4 2 3 1 151 146 152 1125
3727 4 2 3 1 840 881 795 1149
3728 4 2 3 1 809 997 981 1075
3729 4 2 3 1 177 591 120 907
3730 4 2 3 1 355 394 357 936
3731 4 2 3 1 328 882 222 1150
3732 4 2 3 1 597 492 854 1074
3733 4 2 3 1 773 877 917 1072
3734 4 2 3 1 756 1003 843 1083
3735 4 2 3 1 705 738 943 952
3736 4 2 3 1 592 907 1059 1140
3737 4 2 3 1 600 913 901 1131
3738 4 2 3 1 457 503 856 994
3739 4 2 3 1 550 854 589 1074
3740 4 2 3 1 152 201 182 860
3741 4 2 3 1 762 964 822 1081
3742 4 2 3 1 385 829 384 1103
3743 4 2 3 1 146 150 871 1012
3744 4 2 3 1 689 685 687 964
3745 4 2 3 1 924 988 776 1120
3746 4 2 3 1 253 1005 859 1048
3747 4 2 3 1 797 831 912 1102
3748 4 2 3 1 903 918 565 1015
3749 4 2 3 1 768 968 929 1022
3750 4 2 3 1 369 396 1038 1114
3751 4 2 3 1 274 298 1080 1092
3752 4 2 3 1 673 674 672 914
3753 4 2 3 1 369 396 341 1038
3754 4 2 3 1 745 1014 1020 1128
3755 4 2 3 1 623 622 540 835
3756 4 2 3 1 853 920 755 1071
3757 4 2 3 1 633 623 911 1015
3758 4 2 3 1 356 890 358 936
3759 4 2 3 1 765 862 834 1070
3760 4 2 3 1 763 993 1004 1025
3761 4 2 3 1 413 379 365 824
3762 4 2 3 1 294 813 995 1116
3763 4 2 3 1 530 904 888 1109
3764 4 2 3 1 545 913 600 1131
3765 4 2 3 1 929 968 826 994
3766 4 2 3 1 724 679 690 956
3767 4 2 3 1 266 228 1011 1135
3768 4 2 3 1 773 873 830 1138
3769 4 2 3 1 743 915 987 1016
3770 4 2 3 1 846 912 831 1102
3771 4 2 3 1 750 988 924 1120
3772 4 2 3 1 896 1030 816 1126
3773 4 2 3 1 834 1007 922 1069
3774 4 2 3 1 445 446 1086 1158
3775 4 2 3 1 690 639 724 956
3776 4 2 3 1 162 163 202 1105
3777 4 2 3 1 861 1086 446 1158
3778 4 2 3 1 921 974 923 1025
3779 4 2 3 1 643 331 953 1118
3780 4 2 3 1 236 650 932 1011
3781 4 2 3 1 834 922 779 1069
3782 4 2 3 1 562 556 559 1056
3783 4 2 3 1 169 171 170 898
3784 4 2 3 1 804 885 857 1051
3785 4 2 3 1 342 867 381 1118
3786 4 2 3 1 181 152 182 1125
3787 4 2 3 1 754 955 980 1100
3788 4 2 3 1 465 502 505 1149
3789 4 2 3 1 752 866 856 1053
3790 4 2 3 1 835 918 849 1015
3791 4 2 3 1 799 935 883 1058
3792 4 2 3 1 931 1106 913 1131
3793 4 2 3 1 252 251 1028 1152
3794 4 2 3 1 794 863 1040 1085
3795 4 2 3 1 764 845 907 1089
3796 4 2 3 1 777 1019 1024 1084
3797 4 2 3 1 625 288 227 949
3798 4 2 3 1 737 651 940 953
3799 4 2 3 1 797 892 980 1014
3800 4 2 3 1 122 168 167 983
3801 4 2 3 1 493 388 861 1137
3802 4 2 3 1 254 250 303 950
3803 4 2 3 1 156 159 160 839
3804 4 2 3 1 715 838 662 1062
3805 4 2 3 1 780 902 955 1064
3806 4 2 3 1 192 158 872 1105
3807 4 2 3 1 904 1047 1037 1109
3808 4 2 3 1 961 965 786 987
3809 4 2 3 1 555 553 554 1119
3810 4 2 3 1 278 231 587 926
3811 4 2 3 1 186 940 1013 1026
3812 4 2 3 1 855 930 823 1018
3813 4 2 3 1 743 921 923 1045
3814 4 2 3 1 942 945 753 1019
3815 4 2 3 1 923 1025 841 1099
3816 4 2 3 1 856 941 761 994
3817 4 2 3 1 945 1025 746 1061
3818 4 2 3 1 921 763 974 1025
3819 4 2 3 1 529 901 443 913
3820 4 2 3 1 559 858 996 1056
3821 4 2 3 1 904 770 1037 1091
3822 4 2 3 1 717 198 128 1026
3823 4 2 3 1 800 1119 988 1120
3824 4 2 3 1 785 939 838 1062
3825 4 2 3 1 887 987 815 1028
3826 4 2 3 1 879 961 815 1142
3827 4 2 3 1 869 806 954 1016
3828 4 2 3 1 795 966 864 1149
3829 4 2 3 1 271 272 226 862
3830 4 2 3 1 243 884 240 1143
3831 4 2 3 1 265 875 312 1052
3832 4 2 3 1 559 1056 996 1153
3833 4 2 3 1 135 908 1090 1103
3834 4 2 3 1 874 988 776 1130
3835 4 2 3 1 130 217 734 1147
3836 4 2 3 1 828 941 761 971
3837 4 2 3 1 144 894 140 1012
3838 4 2 3 1 797 980 912 1134
3839 4 2 3 1 908 1023 829 1103
3840 4 2 3 1 821 920 853 1071
3841 4 2 3 1 134 135 908 1090
3842 4 2 3 1 1030 1126 896 1160
3843 4 2 3 1 762 815 961 987
3844 4 2 3 1 801 1143 880 1152
3845 4 2 3 1 252 253 247 859
3846 4 2 3 1 751 827 915 1008
3847 4 2 3 1 638 865 533 1041
3848 4 2 3 1 254 950 303 1107
3849 4 2 3 1 441 504 205 983
3850 4 2 3 1 846 979 789 1005
3851 4 2 3 1 781 968 929 994
3852 4 2 3 1 584 875 536 1121
3853 4 2 3 1 988 1111 555 1119
3854 4 2 3 1 534 550 854 1079
3855 4 2 3 1 1029 1093 896 1126
3856 4 2 3 1 919 1077 1054 1122
3857 4 2 3 1 291 253 295 1005
3858 4 2 3 1 864 966 795 982
3859 4 2 3 1 690 175 118 956
3860 4 2 3 1 763 824 884 1088
3861 4 2 3 1 835 911 769 1054
3862 4 2 3 1 603 719 547 911
3863 4 2 3 1 748 1030 819 1160
3864 4 2 3 1 467 864 469 1109
3865 4 2 3 1 144 142 140 894
3866 4 2 3 1 920 1043 853 1120
3867 4 2 3 1 764 907 906 970
3868 4 2 3 1 721 698 666 1122
3869 4 2 3 1 769 1054 919 1077
3870 4 2 3 1 206 836 192 970
3871 4 2 3 1 820 976 767 1044
3872 4 2 3 1 242 240 886 1143
3873 4 2 3 1 837 910 785 1062
3874 4 2 3 1 696 981 934 1136
3875 4 2 3 1 536 875 221 1121
3876 4 2 3 1 816 1029 896 1126
3877 4 2 3 1 845 764 1056 1089
3878 4 2 3 1 751 1113 939 1145
3879 4 2 3 1 637 326 867 1123
3880 4 2 3 1 370 952 943 1114
3881 4 2 3 1 769 911 835 1015
3882 4 2 3 1 466 467 468 864
3883 4 2 3 1 271 862 226 1032
3884 4 2 3 1 652 1041 863 1159
3885 4 2 3 1 394 358 414 936
3886 4 2 3 1 506 454 507 840
3887 4 2 3 1 802 981 1075 1122
3888 4 2 3 1 790 1050 967 1073
3889 4 2 3 1 749 984 849 1073
3890 4 2 3 1 682 932 684 1011
3891 4 2 3 1 309 521 442 1032
3892 4 2 3 1 807 1049 992 1107
3893 4 2 3 1 444 380 957 1086
3894 4 2 3 1 550 1067 854 1079
3895 4 2 3 1 206 207 192 836
3896 4 2 3 1 275 276 992 1107
3897 4 2 3 1 759 1087 897 1158
3898 4 2 3 1 605 977 552 1119
3899 4 2 3 1 564 568 566 868
3900 4 2 3 1 708 683 689 1040
3901 4 2 3 1 294 995 813 1151
3902 4 2 3 1 717 723 940 1026
3903 4 2 3 1 729 228 642 1011
3904 4 2 3 1 763 884 824 993
3905 4 2 3 1 784 980 892 1035
3906 4 2 3 1 636 545 600 1131
3907 4 2 3 1 776 982 969 1033
3908 4 2 3 1 230 299 510 904
3909 4 2 3 1 679 646 690 1026
3910 4 2 3 1 594 562 617 845
3911 4 2 3 1 689 837 964 1062
3912 4 2 3 1 980 1014 892 1035
3913 4 2 3 1 426 928 393 957
3914 4 2 3 1 365 824 379 1055
3915 4 2 3 1 340 692 952 1123
3916 4 2 3 1 511 495 496 972
3917 4 2 3 1 155 213 159 956
3918 4 2 3 1 193 136 134 948
3919 4 2 3 1 750 857 1083 1144
3920 4 2 3 1 748 971 917 1072
3921 4 2 3 1 904 1037 770 1109
3922 4 2 3 1 794 863 1085 1146
3923 4 2 3 1 451 881 453 1060
3924 4 2 3 1 805 845 1057 1112
3925 4 2 3 1 876 788 958 1148
3926 4 2 3 1 817 926 771 963
3927 4 2 3 1 430 325 388 94
3928 4 2 3 1 326 700 85 637
3929 4 2 3 1 112 596 533 638
3930 4 2 3 1 103 429 534 492
3931 4 2 3 1 94 388 430 493
3932 4 2 3 1 389 700 85 326
3933 4 2 3 1 534 597 103 492
3934 4 2 3 1 596 112 701 638
3935 4 2 3 1 111 701 540 596
3936 4 2 3 1 701 540 644 111
3937 4 2 3 1 515 913 509 985
3938 4 2 3 1 838 1062 964 1081
3939 4 2 3 1 797 950 831 1102
3940 4 2 3 1 752 881 856 978
3941 4 2 3 1 708 1040 837 1159
3942 4 2 3 1 777 945 1019 1084
3943 4 2 3 1 955 980 812 1134
3944 4 2 3 1 594 845 617 1140
3945 4 2 3 1 252 1028 859 1152
3946 4 2 3 1 765 992 1049 1107
3947 4 2 3 1 402 841 403 1082
3948 4 2 3 1 232 300 718 1000
3949 4 2 3 1 903 1056 764 1089
3950 4 2 3 1 782 984 891 1050
3951 4 2 3 1 883 935 796 1058
3952 4 2 3 1 792 1073 999 1124
3953 4 2 3 1 255 1052 831 1102
3954 4 2 3 1 396 848 377 1038
3955 4 2 3 1 346 1038 377 1082
3956 4 2 3 1 621 584 536 1121
3957 4 2 3 1 557 556 555 858
3958 4 2 3 1 791 1019 942 1101
3959 4 2 3 1 610 843 611 1130
3960 4 2 3 1 751 999 1113 1145
3961 4 2 3 1 818 1098 958 1148
3962 4 2 3 1 477 862 478 1070
3963 4 2 3 1 575 619 542 944
3964 4 2 3 1 399 842 409 1132
3965 4 2 3 1 863 771 1085 1146
3966 4 2 3 1 848 1038 396 1114
3967 4 2 3 1 777 986 942 1027
3968 4 2 3 1 342 867 326 1123
3969 4 2 3 1 652 863 681 1159
3970 4 2 3 1 375 402 403 1082
3971 4 2 3 1 818 774 957 1007
3972 4 2 3 1 190 1103 176 1129
3973 4 2 3 1 691 1000 677 1142
3974 4 2 3 1 249 291 257 846
3975 4 2 3 1 461 994 457 1155
3976 4 2 3 1 263 887 264 1116
3977 4 2 3 1 525 497 510 904
3978 4 2 3 1 344 935 397 1018
3979 4 2 3 1 767 975 829 1023
3980 4 2 3 1 233 287 338 995
3981 4 2 3 1 769 944 911 1015
3982 4 2 3 1 429 492 520 854
3983 4 2 3 1 583 585 844 1130
3984 4 2 3 1 599 539 598 901
3985 4 2 3 1 583 610 611 1130
3986 4 2 3 1 641 124 712 919
3987 4 2 3 1 771 1040 863 1085
3988 4 2 3 1 882 1088 222 1150
3989 4 2 3 1 750 857 924 1083
3990 4 2 3 1 755 982 853 1071
3991 4 2 3 1 743 987 954 1016
3992 4 2 3 1 377 1038 848 1082
3993 4 2 3 1 794 910 837 1159
3994 4 2 3 1 157 158 872 1010
3995 4 2 3 1 446 861 430 1086
3996 4 2 3 1 837 1040 998 1085
3997 4 2 3 1 587 573 621 1121
3998 4 2 3 1 777 1024 1019 1156
3999 4 2 3 1 668 664 852 1157
4000 4 2 3 1 945 1025 923 1099
4001 4 2 3 1 771 1011 932 1040
4002 4 2 3 1 774 1009 824 1055
4003 4 2 3 1 559 858 557 996
4004 4 2 3 1 902 1045 827 1104
4005 4 2 3 1 836 764 907 1089
4006 4 2 3 1 772 1046 839 1065
4007 4 2 3 1 346 396 377 1038
4008 4 2 3 1 175 646 128 1026
4009 4 2 3 1 772 823 953 1127
4010 4 2 3 1 357 877 359 1133
4011 4 2 3 1 855 1018 427 1132
4012 4 2 3 1 308 228 266 1135
4013 4 2 3 1 772 839 1046 1129
4014 4 2 3 1 365 364 363 876
4015 4 2 3 1 464 899 460 966
4016 4 2 3 1 885 912 804 924
4017 4 2 3 1 507 506 840 1070
4018 4 2 3 1 415 332 972 1137
4019 4 2 3 1 817 979 875 1121
4020 4 2 3 1 273 316 226 862
4021 4 2 3 1 670 668 914 990
4022 4 2 3 1 269 928 1009 1032
4023 4 2 3 1 452 455 458 1060
4024 4 2 3 1 392 940 953 1127
4025 4 2 3 1 839 991 766 1076
4026 4 2 3 1 839 1046 905 1093
4027 4 2 3 1 296 295 262 963
4028 4 2 3 1 890 958 788 1148
4029 4 2 3 1 789 963 937 998
4030 4 2 3 1 588 627 863 1041
4031 4 2 3 1 958 1098 876 1148
4032 4 2 3 1 751 827 1008 1095
4033 4 2 3 1 783 917 1024 1156
4034 4 2 3 1 829 905 1046 1093
4035 4 2 3 1 697 919 1122 1136
4036 4 2 3 1 833 765 1035 1092
4037 4 2 3 1 770 982 864 1128
4038 4 2 3 1 780 923 921 1045
4039 4 2 3 1 493 861 446 1137
4040 4 2 3 1 247 859 1005 1152
4041 4 2 3 1 274 1080 892 1092
4042 4 2 3 1 455 452 453 1060
4043 4 2 3 1 267 926 311 963
4044 4 2 3 1 367 334 1006 1108
4045 4 2 3 1 121 184 400 1013
4046 4 2 3 1 615 630 527 913
4047 4 2 3 1 786 987 915 1016
4048 4 2 3 1 820 773 1006 1072
4049 4 2 3 1 371 848 396 1114
4050 4 2 3 1 945 958 788 1019
4051 4 2 3 1 826 860 871 1078
4052 4 2 3 1 634 618 932 1139
4053 4 2 3 1 338 372 370 995
4054 4 2 3 1 740 697 919 1054
4055 4 2 3 1 771 932 863 1040
4056 4 2 3 1 903 918 782 1153
4057 4 2 3 1 840 946 779 1069
4058 4 2 3 1 605 552 553 1119
4059 4 2 3 1 587 278 926 1121
4060 4 2 3 1 851 798 1029 1076
4061 4 2 3 1 555 858 556 1119
4062 4 2 3 1 849 769 1015 1042
4063 4 2 3 1 749 849 984 1042
4064 4 2 3 1 417 338 287 995
4065 4 2 3 1 392 428 940 1013
4066 4 2 3 1 756 912 885 924
4067 4 2 3 1 863 1041 627 1146
4068 4 2 3 1 128 646 717 1026
4069 4 2 3 1 496 532 441 927
4070 4 2 3 1 815 987 887 1068
4071 4 2 3 1 153 906 161 970
4072 4 2 3 1 791 951 1019 1101
4073 4 2 3 1 228 642 1011 1135
4074 4 2 3 1 551 552 550 1067
4075 4 2 3 1 236 289 650 1011
4076 4 2 3 1 749 849 1042 1077
4077 4 2 3 1 828 938 898 1141
4078 4 2 3 1 604 969 585 1130
4079 4 2 3 1 535 120 591 907
4080 4 2 3 1 485 493 446 1137
4081 4 2 3 1 710 664 661 852
4082 4 2 3 1 858 1111 988 1119
4083 4 2 3 1 417 225 330 1151
4084 4 2 3 1 389 867 342 1118
4085 4 2 3 1 285 286 256 1037
4086 4 2 3 1 667 990 706 1063
4087 4 2 3 1 684 932 650 1011
4088 4 2 3 1 192 970 836 1105
4089 4 2 3 1 797 912 846 1102
4090 4 2 3 1 774 1007 818 1098
4091 4 2 3 1 875 979 756 1052
4092 4 2 3 1 441 927 532 983
4093 4 2 3 1 838 961 786 1016
4094 4 2 3 1 805 1112 931 1140
4095 4 2 3 1 384 1023 908 1103
4096 4 2 3 1 290 233 943 995
4097 4 2 3 1 190 829 1103 1129
4098 4 2 3 1 291 846 249 1115
4099 4 2 3 1 519 472 498 929
4100 4 2 3 1 571 870 573 1139
4101 4 2 3 1 389 700 867 1118
4102 4 2 3 1 848 995 775 1114
4103 4 2 3 1 813 1068 995 1116
4104 4 2 3 1 833 1035 892 1092
4105 4 2 3 1 744 866 989 1078
4106 4 2 3 1 559 557 560 996
4107 4 2 3 1 377 371 373 848
4108 4 2 3 1 389 342 381 1118
4109 4 2 3 1 342 326 341 1123
4110 4 2 3 1 884 886 763 1088
4111 4 2 3 1 829 1046 975 1093
4112 4 2 3 1 766 851 909 1076
4113 4 2 3 1 691 279 1000 1142
4114 4 2 3 1 799 930 855 1018
4115 4 2 3 1 597 854 550 1074
4116 4 2 3 1 761 866 895 1053
4117 4 2 3 1 825 775 952 1114
4118 4 2 3 1 138 948 139 1039
4119 4 2 3 1 638 654 865 1041
4120 4 2 3 1 902 923 780 1045
4121 4 2 3 1 192 836 207 1105
4122 4 2 3 1 995 1034 813 1151
4123 4 2 3 1 766 909 851 1075
4124 4 2 3 1 554 604 585 1130
4125 4 2 3 1 682 650 684 932
4126 4 2 3 1 834 779 946 1069
4127 4 2 3 1 922 818 1007 1098
4128 4 2 3 1 822 998 963 1048
4129 4 2 3 1 830 873 917 1087
4130 4 2 3 1 403 402 350 841
4131 4 2 3 1 583 585 581 844
4132 4 2 3 1 597 534 550 854
4133 4 2 3 1 476 862 477 1032
4134 4 2 3 1 506 454 840 1149
4135 4 2 3 1 773 830 972 1138
4136 4 2 3 1 287 225 417 1151
4137 4 2 3 1 743 923 921 974
4138 4 2 3 1 880 797 1115 1117
4139 4 2 3 1 396 371 377 848
4140 4 2 3 1 206 174 207 836
4141 4 2 3 1 341 340 369 1123
4142 4 2 3 1 857 900 790 1097
4143 4 2 3 1 871 898 761 938
4144 4 2 3 1 832 1002 835 1054
4145 4 2 3 1 841 796 923 1099
4146 4 2 3 1 282 640 732 879
4147 4 2 3 1 141 894 142 1036
4148 4 2 3 1 426 364 410 1055
4149 4 2 3 1 844 969 776 1130
4150 4 2 3 1 123 185 608 931
4151 4 2 3 1 253 859 252 1048
4152 4 2 3 1 345 397 344 935
4153 4 2 3 1 482 438 126 985
4154 4 2 3 1 946 1069 840 1070
4155 4 2 3 1 275 303 276 1107
4156 4 2 3 1 611 555 554 1130
4157 4 2 3 1 729 650 289 1011
4158 4 2 3 1 403 347 346 1082
4159 4 2 3 1 829 975 855 1023
4160 4 2 3 1 929 968 781 1022
4161 4 2 3 1 608 537 123 931
4162 4 2 3 1 530 888 523 1109
4163 4 2 3 1 670 668 672 914
4164 4 2 3 1 824 763 1004 1088
4165 4 2 3 1 750 988 858 1144
4166 4 2 3 1 713 714 961 1094
4167 4 2 3 1 512 494 486 873
4168 4 2 3 1 458 455 503 856
4169 4 2 3 1 762 869 954 1016
4170 4 2 3 1 561 1056 903 1089
4171 4 2 3 1 921 1061 780 1100
4172 4 2 3 1 919 1054 697 1122
4173 4 2 3 1 230 510 437 904
4174 4 2 3 1 258 285 255 1052
4175 4 2 3 1 745 1020 982 1128
4176 4 2 3 1 829 190 1013 1129
4177 4 2 3 1 313 227 314 1066
4178 4 2 3 1 625 227 538 949
4179 4 2 3 1 809 999 909 1075
4180 4 2 3 1 289 228 729 1011
4181 4 2 3 1 787 878 997 1065
4182 4 2 3 1 497 530 514 904
4183 4 2 3 1 571 570 569 1146
4184 4 2 3 1 788 945 1019 1099
4185 4 2 3 1 129 165 927 983
4186 4 2 3 1 597 550 589 1074
4187 4 2 3 1 780 945 902 1064
4188 4 2 3 1 441 205 129 983
4189 4 2 3 1 519 529 472 901
4190 4 2 3 1 416 325 388 861
4191 4 2 3 1 392 1013 940 1127
4192 4 2 3 1 213 934 118 956
4193 4 2 3 1 445 446 430 1086
4194 4 2 3 1 356 360 358 890
4195 4 2 3 1 796 974 923 1104
4196 4 2 3 1 408 382 855 1127
4197 4 2 3 1 352 398 356 951
4198 4 2 3 1 850 808 977 1022
4199 4 2 3 1 460 464 462 899
4200 4 2 3 1 838 961 762 964
4201 4 2 3 1 306 302 324 932
4202 4 2 3 1 431 491 516 898
4203 4 2 3 1 669 665 667 1157
4204 4 2 3 1 797 1014 950 1107
4205 4 2 3 1 812 946 1014 1035
4206 4 2 3 1 140 894 141 1039
4207 4 2 3 1 377 848 373 1034
4208 4 2 3 1 530 514 904 1109
4209 4 2 3 1 428 1013 392 1127
4210 4 2 3 1 988 1111 858 1144
4211 4 2 3 1 893 900 790 1073
4212 4 2 3 1 721 981 696 1122
4213 4 2 3 1 772 1013 940 1026
4214 4 2 3 1 259 251 260 1028
4215 4 2 3 1 788 1019 951 1099
4216 4 2 3 1 995 1068 775 1116
4217 4 2 3 1 272 298 274 1092
4218 4 2 3 1 892 1035 765 1092
4219 4 2 3 1 849 1015 903 1042
4220 4 2 3 1 327 119 180 908
4221 4 2 3 1 515 509 438 985
4222 4 2 3 1 783 986 917 1156
4223 4 2 3 1 798 991 839 1076
4224 4 2 3 1 140 141 138 1039
4225 4 2 3 1 399 1023 842 1044
4226 4 2 3 1 495 435 494 972
4227 4 2 3 1 658 659 657 1062
4228 4 2 3 1 350 841 402 1154
4229 4 2 3 1 861 446 1087 1158
4230 4 2 3 1 694 739 720 1054
4231 4 2 3 1 784 886 884 1143
4232 4 2 3 1 717 646 723 1026
4233 4 2 3 1 445 444 473 1086
4234 4 2 3 1 927 972 496 1138
4235 4 2 3 1 661 663 939 1157
4236 4 2 3 1 186 160 211 1026
4237 4 2 3 1 231 541 587 926
4238 4 2 3 1 481 1069 834 1070
4239 4 2 3 1 445 473 500 1007
4240 4 2 3 1 482 126 200 985
4241 4 2 3 1 596 624 533 865
4242 4 2 3 1 638 653 654 1041
4243 4 2 3 1 790 999 959 1145
4244 4 2 3 1 519 436 499 901
4245 4 2 3 1 458 490 531 941
4246 4 2 3 1 278 311 926 1121
4247 4 2 3 1 800 850 977 1022
4248 4 2 3 1 691 279 645 1000
4249 4 2 3 1 478 480 479 1070
4250 4 2 3 1 973 1073 792 1124
4251 4 2 3 1 825 952 775 965
4252 4 2 3 1 254 1092 892 1107
4253 4 2 3 1 773 820 1006 1108
4254 4 2 3 1 747 869 998 1081
4255 4 2 3 1 848 925 796 1038
4256 4 2 3 1 796 841 923 974
4257 4 2 3 1 141 143 147 1036
4258 4 2 3 1 773 1072 820 1108
4259 4 2 3 1 606 558 609 1111
4260 4 2 3 1 339 927 425 972
4261 4 2 3 1 839 1076 1046 1093
4262 4 2 3 1 895 989 866 1078
4263 4 2 3 1 577 549 548 1079
4264 4 2 3 1 612 578 888 1091
4265 4 2 3 1 581 844 949 1066
4266 4 2 3 1 434 524 478 862
4267 4 2 3 1 769 836 1042 1105
4268 4 2 3 1 346 935 343 1038
4269 4 2 3 1 264 293 294 1116
4270 4 2 3 1 401 402 1004 1154
4271 4 2 3 1 600 545 615 913
4272 4 2 3 1 263 279 317 1142
4273 4 2 3 1 741 1110 959 1124
4274 4 2 3 1 746 958 1084 1098
4275 4 2 3 1 778 916 973 984
4276 4 2 3 1 331 390 391 953
4277 4 2 3 1 154 161 153 906
4278 4 2 3 1 455 457 856 1155
4279 4 2 3 1 744 968 866 1078
4280 4 2 3 1 823 772 953 1063
4281 4 2 3 1 761 941 856 1053
4282 4 2 3 1 982 1020 864 1128
4283 4 2 3 1 488 490 513 941
4284 4 2 3 1 137 905 176 1090
4285 4 2 3 1 773 983 927 1006
4286 4 2 3 1 306 267 266 1011
4287 4 2 3 1 494 435 485 1137
4288 4 2 3 1 324 302 231 926
4289 4 2 3 1 429 854 520 1079
4290 4 2 3 1 614 618 541 926
4291 4 2 3 1 799 842 1021 1101
4292 4 2 3 1 790 1073 967 1124
4293 4 2 3 1 780 1025 945 1061
4294 4 2 3 1 722 705 738 943
4295 4 2 3 1 384 829 1023 1103
4296 4 2 3 1 138 136 139 948
4297 4 2 3 1 765 834 946 1070
4298 4 2 3 1 840 1069 507 1070
4299 4 2 3 1 836 903 764 1089
4300 4 2 3 1 676 952 731 965
4301 4 2 3 1 601 634 618 932
4302 4 2 3 1 455 457 503 856
4303 4 2 3 1 502 454 505 1149
4304 4 2 3 1 232 718 645 1000
4305 4 2 3 1 426 393 336 957
4306 4 2 3 1 633 576 623 1015
4307 4 2 3 1 807 1109 864 1128
4308 4 2 3 1 727 643 953 1118
4309 4 2 3 1 776 924 843 988
4310 4 2 3 1 759 1024 917 1156
4311 4 2 3 1 718 943 722 1000
4312 4 2 3 1 862 992 765 1092
4313 4 2 3 1 419 362 364 1148
4314 4 2 3 1 141 142 143 1036
4315 4 2 3 1 787 990 852 1157
4316 4 2 3 1 629 614 321 932
4317 4 2 3 1 850 768 1112 1131
4318 4 2 3 1 331 381 390 1118
4319 4 2 3 1 787 909 997 1113
4320 4 2 3 1 809 997 909 1113
4321 4 2 3 1 443 615 527 913
4322 4 2 3 1 741 1027 902 1110
4323 4 2 3 1 794 1040 837 1085
4324 4 2 3 1 150 173 170 938
4325 4 2 3 1 282 879 732 1135
4326 4 2 3 1 900 1017 760 1097
4327 4 2 3 1 812 1014 980 1035
4328 4 2 3 1 493 430 446 861
4329 4 2 3 1 894 896 798 1039
4330 4 2 3 1 236 932 306 1011
4331 4 2 3 1 279 232 645 1000
4332 4 2 3 1 323 307 286 1037
4333 4 2 3 1 373 995 372 1151
4334 4 2 3 1 871 895 811 1012
4335 4 2 3 1 697 1122 696 1136
4336 4 2 3 1 451 454 453 881
4337 4 2 3 1 1004 1088 763 1150
4338 4 2 3 1 897 1024 779 1060
4339 4 2 3 1 599 600 615 901
4340 4 2 3 1 741 967 960 1124
4341 4 2 3 1 370 995 372 1114
4342 4 2 3 1 790 900 1050 1073
4343 4 2 3 1 406 928 410 1055
4344 4 2 3 1 819 896 894 1039
4345 4 2 3 1 903 984 849 1042
4346 4 2 3 1 475 481 500 1007
4347 4 2 3 1 731 952 692 1123
4348 4 2 3 1 705 648 738 952
4349 4 2 3 1 473 957 474 1007
4350 4 2 3 1 263 260 264 887
4351 4 2 3 1 190 186 1013 1129
4352 4 2 3 1 824 1088 1004 1150
4353 4 2 3 1 239 222 882 1088
4354 4 2 3 1 834 922 1007 1098
4355 4 2 3 1 849 918 903 1015
4356 4 2 3 1 242 243 240 1143
4357 4 2 3 1 762 961 838 1016
4358 4 2 3 1 235 928 269 1032
4359 4 2 3 1 1008 1095 787 1113
4360 4 2 3 1 222 284 239 882
4361 4 2 3 1 834 1069 946 1070
4362 4 2 3 1 877 976 820 1044
4363 4 2 3 1 668 667 664 1157
4364 4 2 3 1 434 862 476 1032
4365 4 2 3 1 188 905 137 1039
4366 4 2 3 1 737 651 723 940
4367 4 2 3 1 133 15 125 378
4368 4 2 3 1 701 638 654 865
4369 4 2 3 1 419 957 380 1086
4370 4 2 3 1 743 923 974 1104
4371 4 2 3 1 846 756 979 1052
4372 4 2 3 1 696 699 934 981
4373 4 2 3 1 494 873 512 1138
4374 4 2 3 1 477 478 479 1070
4375 4 2 3 1 589 598 539 1074
4376 4 2 3 1 959 999 790 1124
4377 4 2 3 1 274 892 254 1092
4378 4 2 3 1 252 259 283 1028
4379 4 2 3 1 765 840 1020 1049
4380 4 2 3 1 548 105 440 484
4381 4 2 3 1 444 380 96 336
4382 4 2 3 1 692 648 87 340
4383 4 2 3 1 588 114 652 544
4384 4 2 3 1 561 903 567 1089
4385 4 2 3 1 300 290 943 1000
4386 4 2 3 1 299 234 320 904
4387 4 2 3 1 497 440 530 888
4388 4 2 3 1 837 1040 794 1159
4389 4 2 3 1 891 984 778 1050
4390 4 2 3 1 810 966 864 982
4391 4 2 3 1 146 144 150 1012
4392 4 2 3 1 824 763 993 1004
4393 4 2 3 1 114 647 652 544
4394 4 2 3 1 96 439 444 336
4395 4 2 3 1 543 548 105 440
4396 4 2 3 1 648 335 87 340
4397 4 2 3 1 771 998 1040 1085
4398 4 2 3 1 921 954 801 1100
4399 4 2 3 1 32 120 535 174
4400 4 2 3 1 13 180 327 119
4401 4 2 3 1 119 134 135 908
4402 4 2 3 1 784 833 1035 1080
4403 4 2 3 1 257 249 846 1102
4404 4 2 3 1 287 417 995 1151
4405 4 2 3 1 247 252 859 1152
4406 4 2 3 1 765 1049 992 1070
4407 4 2 3 1 238 240 297 1088
4408 4 2 3 1 740 720 697 1054
4409 4 2 3 1 477 476 434 862
4410 4 2 3 1 227 949 314 1066
4411 4 2 3 1 768 913 1106 1131
4412 4 2 3 1 743 954 921 1100
4413 4 2 3 1 363 876 364 1148
4414 4 2 3 1 260 263 259 1028
4415 4 2 3 1 474 928 442 1032
4416 4 2 3 1 420 284 882 1151
4417 4 2 3 1 173 194 170 938
4418 4 2 3 1 783 1024 986 1156
4419 4 2 3 1 327 133 14 119
4420 4 2 3 1 762 838 964 1081
4421 4 2 3 1 399 842 351 1133
4422 4 2 3 1 613 127 542 944
4423 4 2 3 1 641 124 919 1136
4424 4 2 3 1 797 892 1014 1107
4425 4 2 3 1 802 1077 919 1122
4426 4 2 3 1 553 552 551 874
4427 4 2 3 1 613 196 127 944
4428 4 2 3 1 333 406 410 1055
4429 4 2 3 1 850 768 1022 1112
4430 4 2 3 1 737 707 651 953
4431 4 2 3 1 787 1095 909 1113
4432 4 2 3 1 819 1039 948 1160
4433 4 2 3 1 790 900 893 1097
4434 4 2 3 1 819 896 1039 1160
4435 4 2 3 1 504 489 433 983
4436 4 2 3 1 698 739 666 1122
4437 4 2 3 1 447 445 922 1158
4438 4 2 3 1 774 957 928 1055
4439 4 2 3 1 826 968 860 1078
4440 4 2 3 1 792 1110 960 1124
4441 4 2 3 1 747 998 837 1081
4442 4 2 3 1 442 235 309 1032
4443 4 2 3 1 329 400 385 1013
4444 4 2 3 1 138 136 948 1039
4445 4 2 3 1 189 176 905 1129
4446 4 2 3 1 811 895 871 1078
4447 4 2 3 1 720 1054 739 1122
4448 4 2 3 1 257 846 979 1052
4449 4 2 3 1 369 340 335 952
4450 4 2 3 1 180 135 176 1103
4451 4 2 3 1 766 991 851 1076
4452 4 2 3 1 960 967 778 1124
4453 4 2 3 1 387 908 384 1023
4454 4 2 3 1 411 927 1006 1108
4455 4 2 3 1 819 948 847 1160
4456 4 2 3 1 841 1004 402 1154
4457 4 2 3 1 101 499 436 539
4458 4 2 3 1 603 540 110 644
4459 4 2 3 1 331 83 643 707
4460 4 2 3 1 395 92 435 332
4461 4 2 3 1 852 914 786 1094
4462 4 2 3 1 317 224 879 1142
4463 4 2 3 1 83 331 391 707
4464 4 2 3 1 703 603 110 644
4465 4 2 3 1 435 495 92 395
4466 4 2 3 1 539 101 499 599
4467 4 2 3 1 728 637 700 867
4468 4 2 3 1 681 652 647 863
4469 4 2 3 1 240 884 297 1088
4470 4 2 3 1 563 918 565 1153
4471 4 2 3 1 439 473 444 957
4472 4 2 3 1 536 875 582 1066
4473 4 2 3 1 812 1031 946 1084
4474 4 2 3 1 500 447 445 922
4475 4 2 3 1 915 827 1045 1104
4476 4 2 3 1 888 969 770 1091
4477 4 2 3 1 855 1023 975 1132
4478 4 2 3 1 565 903 561 1153
4479 4 2 3 1 627 1041 626 1146
4480 4 2 3 1 337 131 940 1013
4481 4 2 3 1 441 129 927 983
4482 4 2 3 1 259 252 251 1028
4483 4 2 3 1 976 1072 820 1160
4484 4 2 3 1 837 998 747 1085
4485 4 2 3 1 748 986 942 1156
4486 4 2 3 1 324 311 267 926
4487 4 2 3 1 274 277 892 1080
4488 4 2 3 1 764 984 903 1042
4489 4 2 3 1 818 1086 861 1158
4490 4 2 3 1 926 932 618 1139
4491 4 2 3 1 140 173 144 1012
4492 4 2 3 1 756 924 885 1083
4493 4 2 3 1 866 895 803 989
4494 4 2 3 1 335 88 404 648
4495 4 2 3 1 115 647 544 716
4496 4 2 3 1 106 612 543 440
4497 4 2 3 1 721 666 711 981
4498 4 2 3 1 451 453 452 1060
4499 4 2 3 1 266 261 308 1048
4500 4 2 3 1 967 1050 778 1073
4501 4 2 3 1 967 1073 778 1124
4502 4 2 3 1 301 52 229 406
4503 4 2 3 1 325 861 416 1086
4504 4 2 3 1 180 908 135 1103
4505 4 2 3 1 143 187 149 1036
4506 4 2 3 1 391 407 82 707
4507 4 2 3 1 603 109 719 703
4508 4 2 3 1 395 495 91 511
4509 4 2 3 1 615 599 499 100
4510 4 2 3 1 761 895 866 1078
4511 4 2 3 1 405 16 125 195
4512 4 2 3 1 361 398 401 1154
4513 4 2 3 1 902 1027 816 1110
4514 4 2 3 1 137 189 176 905
4515 4 2 3 1 275 1092 254 1107
4516 4 2 3 1 524 316 432 992
4517 4 2 3 1 283 317 224 879
4518 4 2 3 1 649 130 734 1147
4519 4 2 3 1 674 673 675 965
4520 4 2 3 1 736 716 629 932
4521 4 2 3 1 224 640 282 879
4522 4 2 3 1 842 975 799 1021
4523 4 2 3 1 302 321 614 932
4524 4 2 3 1 760 910 865 1002
4525 4 2 3 1 581 582 844 1066
4526 4 2 3 1 743 921 1045 1100
4527 4 2 3 1 398 349 350 951
4528 4 2 3 1 637 867 728 1123
4529 4 2 3 1 859 1028 801 1152
4530 4 2 3 1 778 1073 973 1124
4531 4 2 3 1 777 945 942 1019
4532 4 2 3 1 778 973 960 1124
4533 4 2 3 1 602 565 918 1015
4534 4 2 3 1 51 237 229 379
4535 4 2 3 1 668 664 710 852
4536 4 2 3 1 337 392 428 940
4537 4 2 3 1 399 354 351 842
4538 4 2 3 1 522 464 466 966
4539 4 2 3 1 177 120 208 907
4540 4 2 3 1 852 939 751 1113
4541 4 2 3 1 591 120 31 177
4542 4 2 3 1 246 1005 880 1152
4543 4 2 3 1 661 664 663 1157
4544 4 2 3 1 616 590 635 850
4545 4 2 3 1 806 1045 955 1100
4546 4 2 3 1 212 487 898 1141
4547 4 2 3 1 782 996 858 1056
4548 4 2 3 1 216 630 132 913
4549 4 2 3 1 584 582 536 875
4550 4 2 3 1 428 337 940 1013
4551 4 2 3 1 216 527 630 913
4552 4 2 3 1 147 143 991 1036
4553 4 2 3 1 878 787 1063 1065
4554 4 2 3 1 515 529 443 913
4555 4 2 3 1 129 167 165 983
4556 4 2 3 1 583 581 582 844
4557 4 2 3 1 275 274 254 1092
4558 4 2 3 1 317 283 259 1028
4559 4 2 3 1 374 376 375 1034
4560 4 2 3 1 389 326 342 867
4561 4 2 3 1 736 321 236 932
4562 4 2 3 1 851 991 798 1076
4563 4 2 3 1 262 266 963 1048
4564 4 2 3 1 812 1035 980 1061
4565 4 2 3 1 741 902 959 1110
4566 4 2 3 1 856 941 783 1053
4567 4 2 3 1 832 1054 769 1077
4568 4 2 3 1 398 951 350 1154
4569 4 2 3 1 713 678 675 961
4570 4 2 3 1 846 1052 257 1102
4571 4 2 3 1 124 183 712 919
4572 4 2 3 1 384 908 383 1103
4573 4 2 3 1 417 330 995 1151
4574 4 2 3 1 575 586 620 836
4575 4 2 3 1 157 179 148 1010
4576 4 2 3 1 202 220 944 1105
4577 4 2 3 1 156 839 160 1129
4578 4 2 3 1 153 151 154 906
4579 4 2 3 1 578 543 612 888
4580 4 2 3 1 620 907 595 1089
4581 4 2 3 1 697 1054 720 1122
4582 4 2 3 1 996 1056 782 1153
4583 4 2 3 1 561 903 1056 1153
4584 4 2 3 1 428 385 1013 1127
4585 4 2 3 1 314 288 323 949
4586 4 2 3 1 805 1059 907 1140
4587 4 2 3 1 786 961 838 1094
4588 4 2 3 1 427 855 382 1018
4589 4 2 3 1 423 511 526 927
4590 4 2 3 1 877 936 791 1133
4591 4 2 3 1 816 942 1021 1126
4592 4 2 3 1 628 536 582 1066
4593 4 2 3 1 408 390 382 1127
4594 4 2 3 1 948 1039 136 1090
4595 4 2 3 1 193 166 194 847
4596 4 2 3 1 567 565 575 903
4597 4 2 3 1 610 583 584 1003
4598 4 2 3 1 796 841 974 1082
4599 4 2 3 1 749 893 999 1073
4600 4 2 3 1 624 533 865 1041
4601 4 2 3 1 409 1023 399 1044
4602 4 2 3 1 443 529 499 901
4603 4 2 3 1 264 260 293 887
4604 4 2 3 1 138 136 1039 1090
4605 4 2 3 1 870 1139 571 1146
4606 4 2 3 1 265 296 310 979
4607 4 2 3 1 689 964 715 1062
4608 4 2 3 1 269 1009 271 1032
4609 4 2 3 1 186 940 131 1013
4610 4 2 3 1 345 347 348 883
4611 4 2 3 1 842 1023 767 1044
4612 4 2 3 1 610 574 609 1003
4613 4 2 3 1 530 523 468 1109
4614 4 2 3 1 739 709 666 962
4615 4 2 3 1 145 142 144 1001
4616 4 2 3 1 934 981 802 1136
4617 4 2 3 1 556 562 605 1119
4618 4 2 3 1 416 861 388 1137
4619 4 2 3 1 736 629 321 932
4620 4 2 3 1 501 897 449 1060
4621 4 2 3 1 422 735 407 940
4622 4 2 3 1 487 491 898 1141
4623 4 2 3 1 681 863 682 1040
4624 4 2 3 1 766 909 1065 1076
4625 4 2 3 1 611 558 555 1111
4626 4 2 3 1 750 967 857 1050
4627 4 2 3 1 489 488 433 1141
4628 4 2 3 1 809 997 1113 1157
4629 4 2 3 1 572 571 1139 1146
4630 4 2 3 1 291 1005 846 1115
4631 4 2 3 1 29 123 185 608
4632 4 2 3 1 509 527 197 913
4633 4 2 3 1 520 854 492 1074
4634 4 2 3 1 955 1045 780 1100
4635 4 2 3 1 123 29 537 608
4636 4 2 3 1 420 225 284 1151
4637 4 2 3 1 767 896 1039 1093
4638 4 2 3 1 772 878 1063 1065
4639 4 2 3 1 961 987 786 1016
4640 4 2 3 1 790 999 1073 1124
4641 4 2 3 1 373 372 330 1151
4642 4 2 3 1 774 834 1007 1098
4643 4 2 3 1 562 607 617 845
4644 4 2 3 1 171 117 172 898
4645 4 2 3 1 290 287 233 995
4646 4 2 3 1 811 871 860 1078
4647 4 2 3 1 179 155 148 991
4648 4 2 3 1 281 221 67 628
4649 4 2 3 1 751 959 999 1145
4650 4 2 3 1 767 842 975 1023
4651 4 2 3 1 747 889 869 1081
4652 4 2 3 1 183 130 649 1147
4653 4 2 3 1 761 871 895 1078
4654 4 2 3 1 192 158 191 970
4655 4 2 3 1 759 1019 1024 1156
4656 4 2 3 1 588 627 544 863
4657 4 2 3 1 712 919 183 1147
4658 4 2 3 1 740 1054 919 1147
4659 4 2 3 1 191 153 161 970
4660 4 2 3 1 880 1143 245 1152
4661 4 2 3 1 410 393 426 928
4662 4 2 3 1 782 858 891 1056
4663 4 2 3 1 676 731 674 965
4664 4 2 3 1 728 867 700 1118
4665 4 2 3 1 670 726 706 990
4666 4 2 3 1 586 32 535 174
4667 4 2 3 1 909 999 809 1113
4668 4 2 3 1 138 188 137 1039
4669 4 2 3 1 767 1039 905 1093
4670 4 2 3 1 15 334 125 378
4671 4 2 3 1 296 267 311 963
4672 4 2 3 1 337 184 131 1013
4673 4 2 3 1 146 150 199 871
4674 4 2 3 1 378 133 14 327
4675 4 2 3 1 892 1080 833 1092
4676 4 2 3 1 813 974 848 1068
4677 4 2 3 1 309 271 226 1032
4678 4 2 3 1 712 183 649 1147
4679 4 2 3 1 513 458 503 941
4680 4 2 3 1 343 346 345 935
4681 4 2 3 1 235 269 271 1032
4682 4 2 3 1 894 1001 142 1036
4683 4 2 3 1 790 1051 959 1124
4684 4 2 3 1 601 629 716 932
4685 4 2 3 1 793 1083 857 1144
4686 4 2 3 1 366 401 402 1004
4687 4 2 3 1 875 1003 817 1121
4688 4 2 3 1 124 162 919 1136
4689 4 2 3 1 517 480 992 1049
4690 4 2 3 1 185 545 28 608
4691 4 2 3 1 290 995 943 1116
4692 4 2 3 1 121 11 329 400
4693 4 2 3 1 799 975 842 1132
4694 4 2 3 1 272 273 862 1092
4695 4 2 3 1 796 974 848 1082
4696 4 2 3 1 254 892 277 1117
4697 4 2 3 1 154 906 151 1125
4698 4 2 3 1 508 421 528 928
4699 4 2 3 1 467 465 505 1149
4700 4 2 3 1 351 349 352 951
4701 4 2 3 1 765 946 840 1070
4702 4 2 3 1 909 1095 999 1113
4703 4 2 3 1 654 656 693 1002
4704 4 2 3 1 250 248 249 1115
4705 4 2 3 1 424 404 733 943
4706 4 2 3 1 221 875 312 1121
4707 4 2 3 1 815 1028 879 1142
4708 4 2 3 1 449 448 447 1158
4709 4 2 3 1 743 1045 954 1100
4710 4 2 3 1 870 1085 771 1146
4711 4 2 3 1 756 843 924 1083
4712 4 2 3 1 300 232 290 1000
4713 4 2 3 1 854 1067 810 1079
4714 4 2 3 1 795 1020 840 1149
4715 4 2 3 1 598 600 901 1131
4716 4 2 3 1 788 958 890 1019
4717 4 2 3 1 408 382 427 855
4718 4 2 3 1 290 943 1000 1116
4719 4 2 3 1 565 563 602 918
4720 4 2 3 1 180 383 327 908
4721 4 2 3 1 710 661 662 1094
4722 4 2 3 1 764 903 836 1042
4723 4 2 3 1 442 928 235 1032
4724 4 2 3 1 241 242 240 886
4725 4 2 3 1 964 1062 837 1081
4726 4 2 3 1 872 1042 970 1105
4727 4 2 3 1 414 332 415 1137
4728 4 2 3 1 414 416 388 1137
4729 4 2 3 1 449 897 448 1158
4730 4 2 3 1 572 571 573 1139
4731 4 2 3 1 257 979 265 1052
4732 4 2 3 1 246 247 1005 1152
4733 4 2 3 1 759 890 958 1019
4734 4 2 3 1 392 391 390 953
4735 4 2 3 1 190 121 176 1103
4736 4 2 3 1 208 177 907 1059
4737 4 2 3 1 506 1049 840 1070
4738 4 2 3 1 968 1022 768 1112
4739 4 2 3 1 692 730 731 1123
4740 4 2 3 1 88 705 404 648
4741 4 2 3 1 544 601 115 716
4742 4 2 3 1 612 106 497 440
4743 4 2 3 1 273 226 272 862
4744 4 2 3 1 679 724 671 1096
4745 4 2 3 1 842 767 976 1044
4746 4 2 3 1 425 368 972 1108
4747 4 2 3 1 727 726 643 1118
4748 4 2 3 1 726 728 700 1118
4749 4 2 3 1 183 919 202 1147
4750 4 2 3 1 197 527 216 913
4751 4 2 3 1 637 728 730 1123
4752 4 2 3 1 752 947 933 1031
4753 4 2 3 1 208 209 177 1059
4754 4 2 3 1 820 1072 877 1108
4755 4 2 3 1 545 132 630 913
4756 4 2 3 1 425 339 411 927
4757 4 2 3 1 370 369 335 952
4758 4 2 3 1 317 259 263 1028
4759 4 2 3 1 278 311 231 926
4760 4 2 3 1 921 1025 780 1061
4761 4 2 3 1 970 1042 836 1105
4762 4 2 3 1 799 1018 855 1132
4763 4 2 3 1 617 845 607 1089
4764 4 2 3 1 143 142 187 1001
4765 4 2 3 1 783 1024 897 1060
4766 4 2 3 1 651 82 407 707
4767 4 2 3 1 547 109 719 603
4768 4 2 3 1 499 615 100 443
4769 4 2 3 1 339 395 91 511
4770 4 2 3 1 250 249 1102 1115
4771 4 2 3 1 333 229 52 406
4772 4 2 3 1 230 904 437 1047
4773 4 2 3 1 125 334 16 405
4774 4 2 3 1 299 61 230 510
4775 4 2 3 1 215 195 405 927
4776 4 2 3 1 250 256 950 1102
4777 4 2 3 1 614 70 302 231
4778 4 2 3 1 804 857 967 1051
4779 4 2 3 1 339 425 395 972
4780 4 2 3 1 138 141 188 1039
4781 4 2 3 1 184 337 400 1013
4782 4 2 3 1 770 1033 982 1128
4783 4 2 3 1 255 257 1052 1102
4784 4 2 3 1 842 976 791 1133
4785 4 2 3 1 667 706 669 1063
4786 4 2 3 1 354 842 399 1132
4787 4 2 3 1 25 509 197 126
4788 4 2 3 1 613 34 127 196
4789 4 2 3 1 535 595 620 907
4790 4 2 3 1 423 339 511 927
4791 4 2 3 1 127 33 586 174
4792 4 2 3 1 450 922 500 1069
4793 4 2 3 1 564 569 568 868
4794 4 2 3 1 679 671 878 1096
4795 4 2 3 1 256 305 303 950
4796 4 2 3 1 859 1005 789 1048
4797 4 2 3 1 143 142 1001 1036
4798 4 2 3 1 356 358 355 936
4799 4 2 3 1 768 1106 931 1131
4800 4 2 3 1 762 987 961 1016
4801 4 2 3 1 646 679 723 1026
4802 4 2 3 1 487 488 491 1141
4803 4 2 3 1 592 907 591 1059
4804 4 2 3 1 518 520 492 1074
4805 4 2 3 1 436 519 518 1074
4806 4 2 3 1 905 1046 839 1129
4807 4 2 3 1 263 264 315 1116
4808 4 2 3 1 561 607 1056 1089
4809 4 2 3 1 148 147 143 991
4810 4 2 3 1 474 473 439 957
4811 4 2 3 1 741 959 1051 1124
4812 4 2 3 1 792 999 959 1124
4813 4 2 3 1 203 197 913 985
4814 4 2 3 1 418 419 380 1086
4815 4 2 3 1 735 651 407 940
4816 4 2 3 1 775 995 943 1114
4817 4 2 3 1 215 526 129 927
4818 4 2 3 1 50 237 379 222
4819 4 2 3 1 780 921 923 1025
4820 4 2 3 1 458 501 452 1060
4821 4 2 3 1 748 917 986 1156
4822 4 2 3 1 333 51 229 379
4823 4 2 3 1 143 148 991 1036
4824 4 2 3 1 305 950 256 1037
4825 4 2 3 1 325 416 418 1086
4826 4 2 3 1 562 607 845 1056
4827 4 2 3 1 420 882 374 1151
4828 4 2 3 1 477 479 481 1070
4829 4 2 3 1 143 1001 187 1036
4830 4 2 3 1 884 243 1080 1143
4831 4 2 3 1 484 522 523 1079
4832 4 2 3 1 231 614 70 541
4833 4 2 3 1 468 864 467 1109
4834 4 2 3 1 848 1034 377 1082
4835 4 2 3 1 125 164 133 1006
4836 4 2 3 1 127 542 34 613
4837 4 2 3 1 319 406 301 928
4838 4 2 3 1 669 878 671 997
4839 4 2 3 1 624 626 533 1041
4840 4 2 3 1 588 626 627 1041
4841 4 2 3 1 429 520 522 1079
4842 4 2 3 1 807 950 1037 1128
4843 4 2 3 1 120 591 31 535
4844 4 2 3 1 223 432 316 992
4845 4 2 3 1 933 947 812 1031
4846 4 2 3 1 244 245 246 880
4847 4 2 3 1 677 676 675 965
4848 4 2 3 1 384 387 383 908
4849 4 2 3 1 678 714 688 961
4850 4 2 3 1 841 1034 974 1082
4851 4 2 3 1 490 512 531 873
4852 4 2 3 1 702 704 911 1054
4853 4 2 3 1 750 1050 857 1144
4854 4 2 3 1 794 1085 870 1146
4855 4 2 3 1 411 1006 334 1108
4856 4 2 3 1 554 553 551 874
4857 4 2 3 1 976 1044 877 1133
4858 4 2 3 1 288 65 625 227
4859 4 2 3 1 750 891 1043 1050
4860 4 2 3 1 921 780 1045 1100
4861 4 2 3 1 131 214 422 940
4862 4 2 3 1 153 187 145 1001
4863 4 2 3 1 729 642 684 1011
4864 4 2 3 1 138 1039 137 1090
4865 4 2 3 1 489 983 532 1138
4866 4 2 3 1 943 952 775 1114
4867 4 2 3 1 856 994 781 1155
4868 4 2 3 1 790 967 857 1051
4869 4 2 3 1 831 1052 846 1102
4870 4 2 3 1 319 442 528 928
4871 4 2 3 1 790 999 893 1073
4872 4 2 3 1 746 1025 993 1061
4873 4 2 3 1 709 694 656 1002
4874 4 2 3 1 942 986 777 1156
4875 4 2 3 1 870 771 1139 1146
4876 4 2 3 1 249 846 1102 1115
4877 4 2 3 1 491 503 463 994
4878 4 2 3 1 650 736 236 932
4879 4 2 3 1 764 916 906 1057
4880 4 2 3 1 880 1005 246 1115
4881 4 2 3 1 307 1037 904 1047
4882 4 2 3 1 354 399 409 1132
4883 4 2 3 1 254 277 248 1117
4884 4 2 3 1 186 198 940 1026
4885 4 2 3 1 143 149 1010 1036
4886 4 2 3 1 714 713 662 1094
4887 4 2 3 1 735 198 717 940
4888 4 2 3 1 851 798 991 1036
4889 4 2 3 1 753 945 923 1099
4890 4 2 3 1 718 722 645 1000
4891 4 2 3 1 496 441 511 927
4892 4 2 3 1 369 952 370 1114
4893 4 2 3 1 13 180 383 327
4894 4 2 3 1 318 233 424 943
4895 4 2 3 1 705 733 404 943
4896 4 2 3 1 355 357 353 1133
4897 4 2 3 1 905 137 1039 1090
4898 4 2 3 1 508 393 421 928
4899 4 2 3 1 121 190 184 1013
4900 4 2 3 1 960 973 792 1124
4901 4 2 3 1 591 907 177 1059
4902 4 2 3 1 215 405 423 927
4903 4 2 3 1 767 975 842 1126
4904 4 2 3 1 461 463 457 994
4905 4 2 3 1 274 298 277 1080
4906 4 2 3 1 165 195 927 1006
4907 4 2 3 1 860 1078 968 1112
4908 4 2 3 1 199 150 171 871
4909 4 2 3 1 434 476 521 1032
4910 4 2 3 1 283 879 282 1135
4911 4 2 3 1 901 913 768 1131
4912 4 2 3 1 742 1046 930 1065
4913 4 2 3 1 715 662 659 1062
4914 4 2 3 1 680 878 669 1063
4915 4 2 3 1 641 919 697 1136
4916 4 2 3 1 634 863 627 1139
4917 4 2 3 1 696 721 699 981
4918 4 2 3 1 244 1080 243 1143
4919 4 2 3 1 236 306 289 1011
4920 4 2 3 1 448 897 501 1087
4921 4 2 3 1 69 278 231 587
4922 4 2 3 1 392 953 390 1127
4923 4 2 3 1 203 126 197 985
4924 4 2 3 1 733 718 300 943
4925 4 2 3 1 244 1117 1080 1143
4926 4 2 3 1 615 545 630 913
4927 4 2 3 1 192 163 158 1105
4928 4 2 3 1 292 242 241 886
4929 4 2 3 1 575 565 576 1015
4930 4 2 3 1 423 526 215 927
4931 4 2 3 1 471 438 482 985
4932 4 2 3 1 682 684 683 1040
4933 4 2 3 1 941 971 783 1053
4934 4 2 3 1 818 958 890 1148
4935 4 2 3 1 729 684 650 1011
4936 4 2 3 1 421 406 319 928
4937 4 2 3 1 183 202 130 1147
4938 4 2 3 1 704 1054 740 1147
4939 4 2 3 1 764 836 970 1042
4940 4 2 3 1 927 972 773 1108
4941 4 2 3 1 690 646 42 175
4942 4 2 3 1 123 931 537 1059
4943 4 2 3 1 735 422 214 940
4944 4 2 3 1 753 1021 942 1101
4945 4 2 3 1 374 1034 373 1151
4946 4 2 3 1 721 696 698 1122
4947 4 2 3 1 297 270 268 1009
4948 4 2 3 1 409 387 1023 1044
4949 4 2 3 1 322 304 276 1047
4950 4 2 3 1 863 1139 771 1146
4951 4 2 3 1 156 147 155 991
4952 4 2 3 1 481 450 500 1069
4953 4 2 3 1 258 265 312 1052
4954 4 2 3 1 561 567 607 1089
4955 4 2 3 1 791 1101 842 1133
4956 4 2 3 1 330 225 420 1151
4957 4 2 3 1 210 219 931 1106
4958 4 2 3 1 417 372 338 995
4959 4 2 3 1 268 269 229 1009
4960 4 2 3 1 829 1046 905 1129
4961 4 2 3 1 864 1109 770 1128
4962 4 2 3 1 288 625 64 234
4963 4 2 3 1 144 173 150 1012
4964 4 2 3 1 794 1040 863 1159
4965 4 2 3 1 824 993 876 1004
4966 4 2 3 1 313 312 281 1066
4967 4 2 3 1 557 996 858 1111
4968 4 2 3 1 494 496 495 972
4969 4 2 3 1 431 487 491 898
4970 4 2 3 1 635 594 616 850
4971 4 2 3 1 440 523 530 888
4972 4 2 3 1 245 880 244 1143
4973 4 2 3 1 48 284 420 225
4974 4 2 3 1 126 218 200 985
4975 4 2 3 1 660 659 661 939
4976 4 2 3 1 691 677 725 1142
4977 4 2 3 1 689 687 715 964
4978 4 2 3 1 234 307 323 904
4979 4 2 3 1 38 124 712 641
4980 4 2 3 1 318 424 733 943
4981 4 2 3 1 715 687 714 964
4982 4 2 3 1 245 246 880 1152
4983 4 2 3 1 506 840 1049 1149
4984 4 2 3 1 633 623 603 911
4985 4 2 3 1 421 319 528 928
4986 4 2 3 1 882 763 1088 1150
4987 4 2 3 1 374 420 328 882
4988 4 2 3 1 412 908 387 1044
4989 4 2 3 1 767 842 976 1126
4990 4 2 3 1 830 1087 861 1137
4991 4 2 3 1 148 1010 991 1036
4992 4 2 3 1 813 887 1068 1116
4993 4 2 3 1 24 482 438 126
4994 4 2 3 1 735 214 198 940
4995 4 2 3 1 374 882 328 1150
4996 4 2 3 1 857 1050 900 1144
4997 4 2 3 1 143 1010 148 1036
4998 4 2 3 1 224 282 283 879
4999 4 2 3 1 244 277 243 1080
5000 4 2 3 1 221 536 67 628
5001 4 2 3 1 765 1014 946 1035
5002 4 2 3 1 56 309 226 521
5003 4 2 3 1 372 995 330 1151
5004 4 2 3 1 134 136 135 1090
5005 4 2 3 1 210 931 123 1059
5006 4 2 3 1 761 971 941 1053
5007 4 2 3 1 799 855 975 1132
5008 4 2 3 1 132 545 28 185
5009 4 2 3 1 480 1049 479 1070
5010 4 2 3 1 244 277 1080 1117
5011 4 2 3 1 460 899 459 1155
5012 4 2 3 1 437 230 61 510
5013 4 2 3 1 774 1009 928 1032
5014 4 2 3 1 509 25 438 126
5015 4 2 3 1 563 566 602 918
5016 4 2 3 1 415 425 368 972
5017 4 2 3 1 547 613 619 944
5018 4 2 3 1 138 137 136 1090
5019 4 2 3 1 165 125 195 1006
5020 4 2 3 1 129 526 441 927
5021 4 2 3 1 374 882 1034 1151
5022 4 2 3 1 646 128 42 175
5023 4 2 3 1 769 1042 849 1077
5024 4 2 3 1 300 318 733 943
5025 4 2 3 1 209 210 123 1059
5026 4 2 3 1 794 1041 863 1146
5027 4 2 3 1 277 254 274 892
5028 4 2 3 1 244 880 246 1117
5029 4 2 3 1 802 1122 919 1136
5030 4 2 3 1 279 78 645 232
5031 4 2 3 1 767 905 1039 1090
5032 4 2 3 1 167 205 122 983
5033 4 2 3 1 744 968 1078 1112
5034 4 2 3 1 130 37 183 649
5035 4 2 3 1 476 474 442 1032
5036 4 2 3 1 239 284 280 882
5037 4 2 3 1 781 978 856 1155
5038 4 2 3 1 765 892 1014 1035
5039 4 2 3 1 408 427 386 855
5040 4 2 3 1 909 1029 742 1076
5041 4 2 3 1 337 131 422 940
5042 4 2 3 1 874 977 800 1119
5043 4 2 3 1 820 976 877 1072
5044 4 2 3 1 647 682 681 863
5045 4 2 3 1 796 1058 925 1104
5046 4 2 3 1 691 78 645 279
5047 4 2 3 1 222 379 50 328
5048 4 2 3 1 586 542 33 127
5049 4 2 3 1 591 592 595 907
5050 4 2 3 1 24 482 126 200
5051 4 2 3 1 524 226 57 316
5052 4 2 3 1 616 850 594 1140
5053 4 2 3 1 669 680 679 878
5054 4 2 3 1 508 442 474 928
5055 4 2 3 1 863 1041 794 1159
5056 4 2 3 1 855 975 829 1046
5057 4 2 3 1 178 934 204 1136
5058 4 2 3 1 669 671 665 997
5059 4 2 3 1 297 884 243 1080
5060 4 2 3 1 395 415 332 972
5061 4 2 3 1 360 890 361 1148
5062 4 2 3 1 364 426 419 957
5063 4 2 3 1 589 552 590 977
5064 4 2 3 1 691 645 677 1000
5065 4 2 3 1 538 625 65 227
5066 4 2 3 1 399 1044 842 1133
5067 4 2 3 1 275 992 273 1092
5068 4 2 3 1 762 954 987 1016
5069 4 2 3 1 772 953 940 1127
5070 4 2 3 1 275 254 303 1107
5071 4 2 3 1 813 848 974 1034
5072 4 2 3 1 814 851 1010 1036
5073 4 2 3 1 560 996 564 1153
5074 4 2 3 1 524 432 478 992
5075 4 2 3 1 618 614 601 932
5076 4 2 3 1 797 1014 980 1134
5077 4 2 3 1 719 911 704 1147
5078 4 2 3 1 581 949 538 1066
5079 4 2 3 1 309 55 442 521
5080 4 2 3 1 275 992 1092 1107
5081 4 2 3 1 695 118 178 934
5082 4 2 3 1 743 1045 923 1104
5083 4 2 3 1 776 988 843 1130
5084 4 2 3 1 756 885 937 1083
5085 4 2 3 1 240 243 297 884
5086 4 2 3 1 262 266 267 963
5087 4 2 3 1 483 469 517 1047
5088 4 2 3 1 712 183 37 649
5089 4 2 3 1 283 282 308 1135
5090 4 2 3 1 731 676 738 952
5091 4 2 3 1 11 121 184 400
5092 4 2 3 1 458 513 490 941
5093 4 2 3 1 848 1038 796 1082
5094 4 2 3 1 143 149 148 1010
5095 4 2 3 1 827 959 902 1110
5096 4 2 3 1 494 496 972 1138
5097 4 2 3 1 139 136 193 948
5098 4 2 3 1 923 945 780 1025
5099 4 2 3 1 164 165 166 1006
5100 4 2 3 1 280 882 284 1151
5101 4 2 3 1 547 633 603 911
5102 4 2 3 1 670 667 668 990
5103 4 2 3 1 276 223 275 992
5104 4 2 3 1 190 160 186 1129
5105 4 2 3 1 417 330 372 995
5106 4 2 3 1 330 48 420 225
5107 4 2 3 1 442 319 235 928
5108 4 2 3 1 465 464 460 966
5109 4 2 3 1 481 507 1069 1070
5110 4 2 3 1 233 338 424 943
5111 4 2 3 1 751 999 959 1095
5112 4 2 3 1 60 230 437 1047
5113 4 2 3 1 704 911 1054 1147
5114 4 2 3 1 175 211 956 1026
5115 4 2 3 1 767 1039 948 1090
5116 4 2 3 1 329 385 384 1103
5117 4 2 3 1 47 330 417 225
5118 4 2 3 1 504 205 19 441
5119 4 2 3 1 507 479 506 1070
5120 4 2 3 1 641 712 697 919
5121 4 2 3 1 791 976 877 1133
5122 4 2 3 1 213 118 175 956
5123 4 2 3 1 288 314 227 949
5124 4 2 3 1 795 864 1020 1149
5125 4 2 3 1 337 10 131 184
5126 4 2 3 1 580 625 949 1091
5127 4 2 3 1 840 1049 765 1070
5128 4 2 3 1 481 479 507 1070
5129 4 2 3 1 703 702 704 911
5130 4 2 3 1 394 355 358 936
5131 4 2 3 1 942 777 1019 1156
5132 4 2 3 1 896 798 1039 1093
5133 4 2 3 1 224 640 879 1142
5134 4 2 3 1 202 183 162 919
5135 4 2 3 1 943 995 775 1116
5136 4 2 3 1 681 863 1040 1159
5137 4 2 3 1 337 10 184 400
5138 4 2 3 1 118 695 639 934
5139 4 2 3 1 778 984 973 1073
5140 4 2 3 1 407 392 337 940
5141 4 2 3 1 230 60 304 1047
5142 4 2 3 1 919 1054 769 1147
5143 4 2 3 1 892 1035 833 1080
5144 4 2 3 1 186 131 184 1013
5145 4 2 3 1 696 934 695 1136
5146 4 2 3 1 587 541 573 926
5147 4 2 3 1 792 999 909 1095
5148 4 2 3 1 577 543 578 888
5149 4 2 3 1 719 703 704 911
5150 4 2 3 1 587 231 69 541
5151 4 2 3 1 845 1056 607 1089
5152 4 2 3 1 369 371 396 1114
5153 4 2 3 1 538 949 227 1066
5154 4 2 3 1 782 858 996 1144
5155 4 2 3 1 959 999 792 1095
5156 4 2 3 1 261 253 252 1048
5157 4 2 3 1 778 1050 984 1073
5158 4 2 3 1 41 690 118 639
5159 4 2 3 1 124 162 183 919
5160 4 2 3 1 673 672 668 914
5161 4 2 3 1 361 360 356 890
5162 4 2 3 1 616 1131 850 1140
5163 4 2 3 1 472 471 461 929
5164 4 2 3 1 590 552 605 977
5165 4 2 3 1 506 505 454 1149
5166 4 2 3 1 572 634 627 1139
5167 4 2 3 1 246 1005 291 1115
5168 4 2 3 1 306 236 302 932
5169 4 2 3 1 765 1014 892 1107
5170 4 2 3 1 212 898 169 1141
5171 4 2 3 1 434 226 57 524
5172 4 2 3 1 720 702 694 1054
5173 4 2 3 1 860 968 768 1112
5174 4 2 3 1 784 1035 892 1080
5175 4 2 3 1 908 767 1023 1044
5176 4 2 3 1 188 189 137 905
5177 4 2 3 1 889 1097 790 1145
5178 4 2 3 1 782 1056 903 1153
5179 4 2 3 1 599 598 600 901
5180 4 2 3 1 386 855 427 1132
5181 4 2 3 1 204 178 179 934
5182 4 2 3 1 973 984 749 1073
5183 4 2 3 1 905 1039 798 1093
5184 4 2 3 1 769 1042 872 1105
5185 4 2 3 1 506 479 1049 1070
5186 4 2 3 1 943 775 1000 1116
5187 4 2 3 1 680 727 737 953
5188 4 2 3 1 471 515 438 985
5189 4 2 3 1 41 690 175 118
5190 4 2 3 1 333 365 379 1055
5191 4 2 3 1 185 210 219 931
5192 4 2 3 1 223 316 273 992
5193 4 2 3 1 806 954 1045 1100
5194 4 2 3 1 872 1042 769 1077
5195 4 2 3 1 434 478 477 862
5196 4 2 3 1 565 567 561 903
5197 4 2 3 1 751 999 1095 1113
5198 4 2 3 1 374 373 330 1151
5199 4 2 3 1 501 448 449 897
5200 4 2 3 1 180 119 135 908
5201 4 2 3 1 743 925 915 1104
5202 4 2 3 1 766 956 878 1096
5203 4 2 3 1 452 449 451 1060
5204 4 2 3 1 940 1013 772 1127
5205 4 2 3 1 774 928 1009 1055
5206 4 2 3 1 773 877 1072 1108
5207 4 2 3 1 347 349 348 883
5208 4 2 3 1 686 732 879 1135
5209 4 2 3 1 671 997 878 1096
5210 4 2 3 1 154 181 209 1125
5211 4 2 3 1 696 699 695 934
5212 4 2 3 1 212 117 169 898
5213 4 2 3 1 480 432 517 992
5214 4 2 3 1 713 714 678 961
5215 4 2 3 1 409 399 387 1044
5216 4 2 3 1 963 998 789 1048
5217 4 2 3 1 776 988 874 1120
5218 4 2 3 1 1046 1076 742 1093
5219 4 2 3 1 981 997 711 1096
5220 4 2 3 1 705 722 718 943
5221 4 2 3 1 213 179 118 934
5222 4 2 3 1 485 486 494 1087
5223 4 2 3 1 878 997 766 1096
5224 4 2 3 1 360 362 418 1148
5225 4 2 3 1 627 1139 863 1146
5226 4 2 3 1 514 1047 904 1109
5227 4 2 3 1 665 997 663 1157
5228 4 2 3 1 404 338 370 943
5229 4 2 3 1 279 315 232 1000
5230 4 2 3 1 911 769 1054 1147
5231 4 2 3 1 792 959 1110 1124
5232 4 2 3 1 747 998 937 1085
5233 4 2 3 1 707 727 643 953
5234 4 2 3 1 934 956 766 1096
5235 4 2 3 1 434 56 226 521
5236 4 2 3 1 441 532 504 983
5237 4 2 3 1 167 129 205 983
5238 4 2 3 1 202 220 196 944
5239 4 2 3 1 723 651 717 940
5240 4 2 3 1 336 380 419 957
5241 4 2 3 1 124 204 162 1136
5242 4 2 3 1 460 462 459 899
5243 4 2 3 1 230 307 904 1047
5244 4 2 3 1 428 408 385 1127
5245 4 2 3 1 893 999 790 1145
5246 4 2 3 1 546 64 625 234
5247 4 2 3 1 161 206 192 970
5248 4 2 3 1 706 667 670 990
5249 4 2 3 1 975 1021 842 1126
5250 4 2 3 1 441 205 19 129
5251 4 2 3 1 468 467 469 1109
5252 4 2 3 1 186 128 198 1026
5253 4 2 3 1 618 573 926 1139
5254 4 2 3 1 412 327 387 908
5255 4 2 3 1 235 271 309 1032
5256 4 2 3 1 773 927 983 1138
5257 4 2 3 1 773 972 927 1138
5258 4 2 3 1 751 1095 1008 1113
5259 4 2 3 1 397 427 382 1018
5260 4 2 3 1 295 265 257 979
5261 4 2 3 1 178 40 118 695
5262 4 2 3 1 839 1065 1046 1076
5263 4 2 3 1 784 884 1080 1143
5264 4 2 3 1 202 163 220 1105
5265 4 2 3 1 976 1126 748 1160
5266 4 2 3 1 510 497 514 904
5267 4 2 3 1 971 986 783 1053
5268 4 2 3 1 251 245 292 1152
5269 4 2 3 1 771 863 932 1139
5270 4 2 3 1 731 648 692 952
5271 4 2 3 1 719 649 734 1147
5272 4 2 3 1 686 732 640 879
5273 4 2 3 1 501 449 452 1060
5274 4 2 3 1 343 341 396 1038
5275 4 2 3 1 256 303 250 950
5276 4 2 3 1 657 660 709 962
5277 4 2 3 1 257 265 258 1052
5278 4 2 3 1 769 911 944 1147
5279 4 2 3 1 183 38 124 712
5280 4 2 3 1 478 432 480 992
5281 4 2 3 1 601 614 629 932
5282 4 2 3 1 157 149 158 1010
5283 4 2 3 1 639 934 699 1096
5284 4 2 3 1 606 996 557 1111
5285 4 2 3 1 287 47 417 225
5286 4 2 3 1 560 606 564 996
5287 4 2 3 1 201 985 203 1106
5288 4 2 3 1 537 593 592 1140
5289 4 2 3 1 363 364 362 1148
5290 4 2 3 1 269 270 271 1009
5291 4 2 3 1 729 74 642 228
5292 4 2 3 1 464 465 466 966
5293 4 2 3 1 946 1031 779 1084
5294 4 2 3 1 140 142 141 894
5295 4 2 3 1 880 1115 246 1117
5296 4 2 3 1 717 128 43 646
5297 4 2 3 1 718 645 79 232
5298 4 2 3 1 800 874 1119 1120
5299 4 2 3 1 377 1034 375 1082
5300 4 2 3 1 469 1047 514 1109
5301 4 2 3 1 257 255 249 1102
5302 4 2 3 1 639 118 40 695
5303 4 2 3 1 888 904 770 1109
5304 4 2 3 1 321 302 236 932
5305 4 2 3 1 967 1051 790 1124
5306 4 2 3 1 751 1008 852 1113
5307 4 2 3 1 353 399 351 1133
5308 4 2 3 1 383 908 180 1103
5309 4 2 3 1 1054 1077 832 1122
5310 4 2 3 1 437 904 514 1047
5311 4 2 3 1 475 473 474 1007
5312 4 2 3 1 203 985 913 1106
5313 4 2 3 1 441 526 511 927
5314 4 2 3 1 771 932 926 1139
5315 4 2 3 1 480 506 479 1049
5316 4 2 3 1 310 311 278 1121
5317 4 2 3 1 221 312 310 1121
5318 4 2 3 1 245 247 246 1152
5319 4 2 3 1 123 210 185 931
5320 4 2 3 1 852 1008 787 1113
5321 4 2 3 1 512 486 531 873
5322 4 2 3 1 841 1099 788 1154
5323 4 2 3 1 653 1041 652 1159
5324 4 2 3 1 420 374 330 1151
5325 4 2 3 1 300 718 79 232
5326 4 2 3 1 819 1030 896 1160
5327 4 2 3 1 250 255 256 1102
5328 4 2 3 1 366 402 376 1004
5329 4 2 3 1 315 290 1000 1116
5330 4 2 3 1 346 343 396 1038
5331 4 2 3 1 681 682 683 1040
5332 4 2 3 1 461 498 472 929
5333 4 2 3 1 198 128 43 717
5334 4 2 3 1 22 431 117 212
5335 4 2 3 1 741 1027 933 1064
5336 4 2 3 1 934 981 699 1096
5337 4 2 3 1 255 257 258 1052
5338 4 2 3 1 230 307 299 904
5339 4 2 3 1 175 128 211 1026
5340 4 2 3 1 604 577 579 969
5341 4 2 3 1 773 1006 927 1108
5342 4 2 3 1 448 1087 446 1158
5343 4 2 3 1 291 246 247 1005
5344 4 2 3 1 880 1117 244 1143
5345 4 2 3 1 556 557 559 858
5346 4 2 3 1 893 790 1097 1145
5347 4 2 3 1 273 275 223 992
5348 4 2 3 1 699 981 711 1096
5349 4 2 3 1 537 592 1059 1140
5350 4 2 3 1 933 1027 777 1064
5351 4 2 3 1 704 720 740 1054
5352 4 2 3 1 235 55 442 309
5353 4 2 3 1 785 893 1097 1145
5354 4 2 3 1 770 904 888 1091
5355 4 2 3 1 60 437 483 1047
5356 4 2 3 1 266 228 289 1011
5357 4 2 3 1 716 650 682 932
5358 4 2 3 1 413 1004 366 1150
5359 4 2 3 1 939 1113 852 1157
5360 4 2 3 1 679 671 669 878
5361 4 2 3 1 447 500 450 922
5362 4 2 3 1 460 459 456 1155
5363 4 2 3 1 506 1049 470 1149
5364 4 2 3 1 386 409 1023 1132
5365 4 2 3 1 604 579 585 969
5366 4 2 3 1 203 132 219 1106
5367 4 2 3 1 627 634 544 863
5368 4 2 3 1 290 232 315 1000
5369 4 2 3 1 294 995 290 1116
5370 4 2 3 1 262 261 266 1048
5371 4 2 3 1 431 200 23 117
5372 4 2 3 1 618 573 541 926
5373 4 2 3 1 640 688 879 1142
5374 4 2 3 1 344 343 345 935
5375 4 2 3 1 203 913 132 1106
5376 4 2 3 1 60 483 304 1047
5377 4 2 3 1 287 294 225 1151
5378 4 2 3 1 515 443 509 913
5379 4 2 3 1 211 159 175 956
5380 4 2 3 1 727 953 680 1063
5381 4 2 3 1 627 626 570 1146
5382 4 2 3 1 328 379 413 1150
5383 4 2 3 1 913 985 768 1106
5384 4 2 3 1 683 1040 708 1159
5385 4 2 3 1 196 220 127 944
5386 4 2 3 1 576 602 623 1015
5387 4 2 3 1 58 524 316 432
5388 4 2 3 1 663 660 661 939
5389 4 2 3 1 200 23 482 431
5390 4 2 3 1 699 721 711 981
5391 4 2 3 1 559 561 1056 1153
5392 4 2 3 1 709 660 666 962
5393 4 2 3 1 902 1027 741 1064
5394 4 2 3 1 942 1019 791 1156
5395 4 2 3 1 269 235 301 928
5396 4 2 3 1 165 195 129 927
5397 4 2 3 1 476 442 521 1032
5398 4 2 3 1 431 22 487 212
5399 4 2 3 1 712 740 919 1147
5400 4 2 3 1 382 381 344 1018
5401 4 2 3 1 218 203 201 985
5402 4 2 3 1 741 1051 967 1124
5403 4 2 3 1 572 1139 627 1146
5404 4 2 3 1 510 514 437 904
5405 4 2 3 1 766 997 981 1096
5406 4 2 3 1 563 565 561 1153
5407 4 2 3 1 499 529 519 901
5408 4 2 3 1 184 190 186 1013
5409 4 2 3 1 658 689 715 1062
5410 4 2 3 1 559 560 561 1153
5411 4 2 3 1 387 908 1023 1044
5412 4 2 3 1 807 864 1020 1128
5413 4 2 3 1 980 1014 812 1134
5414 4 2 3 1 640 688 686 879
5415 4 2 3 1 300 290 233 943
5416 4 2 3 1 508 528 442 928
5417 4 2 3 1 131 186 198 940
5418 4 2 3 1 537 608 593 931
5419 4 2 3 1 189 156 160 1129
5420 4 2 3 1 593 1131 616 1140
5421 4 2 3 1 641 697 696 1136
5422 4 2 3 1 210 182 219 1106
5423 4 2 3 1 724 639 699 1096
5424 4 2 3 1 448 485 446 1087
5425 4 2 3 1 265 295 296 979
5426 4 2 3 1 410 406 393 928
5427 4 2 3 1 489 532 512 1138
5428 4 2 3 1 509 443 527 913
5429 4 2 3 1 74 729 289 228
5430 4 2 3 1 448 501 486 1087
5431 4 2 3 1 899 978 781 1155
5432 4 2 3 1 991 1010 851 1036
5433 4 2 3 1 30 123 537 1059
5434 4 2 3 1 846 797 1102 1115
5435 4 2 3 1 858 1111 996 1144
5436 4 2 3 1 591 595 535 907
5437 4 2 3 1 580 538 581 949
5438 4 2 3 1 533 113 638 1041
5439 4 2 3 1 113 588 652 1041
5440 4 2 3 1 287 995 294 1151
5441 4 2 3 1 711 663 665 997
5442 4 2 3 1 612 546 578 1091
5443 4 2 3 1 117 171 169 898
5444 4 2 3 1 766 981 934 1096
5445 4 2 3 1 411 339 405 927
5446 4 2 3 1 407 337 422 940
5447 4 2 3 1 30 177 123 1059
5448 4 2 3 1 798 1029 1076 1093
5449 4 2 3 1 896 1029 798 1093
5450 4 2 3 1 716 736 650 932
5451 4 2 3 1 580 625 538 949
5452 4 2 3 1 782 900 1050 1144
5453 4 2 3 1 427 397 354 1132
5454 4 2 3 1 197 132 203 913
5455 4 2 3 1 653 652 681 1159
5456 4 2 3 1 457 463 503 994
5457 4 2 3 1 451 450 507 1069
5458 4 2 3 1 470 467 505 1149
5459 4 2 3 1 683 681 1040 1159
5460 4 2 3 1 360 361 362 1148
5461 4 2 3 1 980 1035 784 1061
5462 4 2 3 1 533 588 113 1041
5463 4 2 3 1 655 653 708 1159
5464 4 2 3 1 113 652 638 1041
5465 4 2 3 1 735 717 651 940
5466 4 2 3 1 694 693 656 1002
5467 4 2 3 1 307 234 299 904
5468 4 2 3 1 742 1065 909 1076
5469 4 2 3 1 135 137 176 1090
5470 4 2 3 1 287 290 294 995
5471 4 2 3 1 767 1093 975 1126
5472 4 2 3 1 377 373 375 1034
5473 4 2 3 1 733 705 718 943
5474 4 2 3 1 504 532 489 983
5475 4 2 3 1 742 1076 1029 1093
5476 4 2 3 1 66 227 281 1066
5477 4 2 3 1 892 1080 277 1117
5478 4 2 3 1 549 604 551 1067
5479 4 2 3 1 230 322 307 1047
5480 4 2 3 1 1024 1031 777 1084
5481 4 2 3 1 437 514 469 1047
5482 4 2 3 1 645 722 677 1000
5483 4 2 3 1 349 398 352 951
5484 4 2 3 1 702 720 704 1054
5485 4 2 3 1 223 58 316 432
5486 4 2 3 1 366 1004 376 1150
5487 4 2 3 1 557 606 560 996
5488 4 2 3 1 683 708 681 1159
5489 4 2 3 1 231 311 324 926
5490 4 2 3 1 883 753 1099 1101
5491 4 2 3 1 338 404 424 943
5492 4 2 3 1 584 621 574 1003
5493 4 2 3 1 606 557 558 1111
5494 4 2 3 1 248 246 1115 1117
5495 4 2 3 1 506 470 505 1149
5496 4 2 3 1 296 262 267 963
5497 4 2 3 1 298 297 243 1080
5498 4 2 3 1 640 725 688 1142
5499 4 2 3 1 882 813 1034 1151
5500 4 2 3 1 784 1080 892 1117
5501 4 2 3 1 974 1034 848 1082
5502 4 2 3 1 178 695 934 1136
5503 4 2 3 1 1046 1065 742 1076
5504 4 2 3 1 448 897 1087 1158
5505 4 2 3 1 779 1031 1024 1084
5506 4 2 3 1 386 409 384 1023
5507 4 2 3 1 161 192 191 970
5508 4 2 3 1 216 132 197 913
5509 4 2 3 1 931 1131 593 1140
5510 4 2 3 1 602 576 565 1015
5511 4 2 3 1 413 366 376 1150
5512 4 2 3 1 557 555 558 1111
5513 4 2 3 1 131 198 214 940
5514 4 2 3 1 767 896 1093 1126
5515 4 2 3 1 578 580 579 1091
5516 4 2 3 1 883 1099 951 1101
5517 4 2 3 1 195 215 129 927
5518 4 2 3 1 636 593 931 1131
5519 4 2 3 1 367 411 334 1108
5520 4 2 3 1 699 639 695 934
5521 4 2 3 1 66 538 227 1066
5522 4 2 3 1 593 616 594 1140
5523 4 2 3 1 593 608 636 931
5524 4 2 3 1 382 344 397 1018
5525 4 2 3 1 339 423 405 927
5526 4 2 3 1 744 1022 968 1112
5527 4 2 3 1 318 300 233 943
5528 4 2 3 1 598 616 600 1131
5529 4 2 3 1 428 400 337 1013
5530 4 2 3 1 745 982 1033 1128
5531 4 2 3 1 239 238 222 1088
5532 4 2 3 1 393 406 421 928
5533 4 2 3 1 301 235 319 928
5534 4 2 3 1 102 539 436 1074
5535 4 2 3 1 597 102 492 1074
5536 4 2 3 1 827 1095 959 1110
5537 4 2 3 1 291 247 253 1005
5538 4 2 3 1 628 66 281 1066
5539 4 2 3 1 517 470 480 1049
5540 4 2 3 1 697 698 696 1122
5541 4 2 3 1 104 534 429 1079
5542 4 2 3 1 118 179 178 934
5543 4 2 3 1 548 104 484 1079
5544 4 2 3 1 673 710 713 1094
5545 4 2 3 1 675 676 674 965
5546 4 2 3 1 743 915 1045 1104
5547 4 2 3 1 542 619 613 944
5548 4 2 3 1 385 400 428 1013
5549 4 2 3 1 720 739 698 1122
5550 4 2 3 1 975 1046 742 1093
5551 4 2 3 1 54 528 319 442
5552 4 2 3 1 852 1113 787 1157
5553 4 2 3 1 225 280 284 1151
5554 4 2 3 1 986 1024 777 1156
5555 4 2 3 1 455 456 457 1155
5556 4 2 3 1 748 1072 976 1160
5557 4 2 3 1 327 383 387 908
5558 4 2 3 1 842 1044 976 1133
5559 4 2 3 1 30 591 177 1059
5560 4 2 3 1 793 996 1111 1144
5561 4 2 3 1 988 1119 874 1120
5562 4 2 3 1 712 740 697 919
5563 4 2 3 1 711 997 671 1096
5564 4 2 3 1 27 216 630 132
5565 4 2 3 1 880 784 1117 1143
5566 4 2 3 1 975 1023 842 1132
5567 4 2 3 1 632 63 546 320
5568 4 2 3 1 787 1113 997 1157
5569 4 2 3 1 580 546 625 1091
5570 4 2 3 1 163 192 207 1105
5571 4 2 3 1 562 559 607 1056
5572 4 2 3 1 1080 1117 784 1143
5573 4 2 3 1 124 641 39 1136
5574 4 2 3 1 253 261 262 1048
5575 4 2 3 1 95 430 325 1086
5576 4 2 3 1 380 444 95 1086
5577 4 2 3 1 195 405 17 215
5578 4 2 3 1 102 436 492 1074
5579 4 2 3 1 597 539 102 1074
5580 4 2 3 1 698 697 720 1122
5581 4 2 3 1 429 484 104 1079
5582 4 2 3 1 581 538 582 1066
5583 4 2 3 1 248 244 246 1117
5584 4 2 3 1 246 291 249 1115
5585 4 2 3 1 104 548 534 1079
5586 4 2 3 1 301 319 53 406
5587 4 2 3 1 425 411 368 1108
5588 4 2 3 1 560 564 563 1153
5589 4 2 3 1 18 129 215 526
5590 4 2 3 1 176 189 190 1129
5591 4 2 3 1 695 39 641 1136
5592 4 2 3 1 785 1097 889 1145
5593 4 2 3 1 122 433 21 1141
5594 4 2 3 1 30 537 591 1059
5595 4 2 3 1 685 642 686 1135
5596 4 2 3 1 399 359 1044 1133
5597 4 2 3 1 767 896 1126 1160
5598 4 2 3 1 409 387 384 1023
5599 4 2 3 1 765 1092 992 1107
5600 4 2 3 1 695 178 39 1136
5601 4 2 3 1 239 240 238 1088
5602 4 2 3 1 374 328 376 1150
5603 4 2 3 1 500 473 475 1007
5604 4 2 3 1 305 256 286 1037
5605 4 2 3 1 66 628 538 1066
5606 4 2 3 1 403 377 375 1082
5607 4 2 3 1 357 368 367 1108
5608 4 2 3 1 215 405 17 423
5609 4 2 3 1 266 289 306 1011
5610 4 2 3 1 765 892 1092 1107
5611 4 2 3 1 124 39 178 1136
5612 4 2 3 1 187 142 145 1001
5613 4 2 3 1 319 421 53 406
5614 4 2 3 1 712 649 740 1147
5615 4 2 3 1 380 95 325 1086
5616 4 2 3 1 95 444 430 1086
5617 4 2 3 1 84 331 643 1118
5618 4 2 3 1 700 389 84 1118
5619 4 2 3 1 788 1099 951 1154
5620 4 2 3 1 545 27 630 132
5621 4 2 3 1 197 509 26 527
5622 4 2 3 1 459 461 457 1155
5623 4 2 3 1 326 637 86 1123
5624 4 2 3 1 86 692 340 1123
5625 4 2 3 1 329 12 121 1103
5626 4 2 3 1 442 319 54 235
5627 4 2 3 1 536 221 68 1121
5628 4 2 3 1 247 251 252 1152
5629 4 2 3 1 129 18 441 526
5630 4 2 3 1 353 357 359 1133
5631 4 2 3 1 305 286 307 1037
5632 4 2 3 1 415 395 425 972
5633 4 2 3 1 169 168 122 1141
5634 4 2 3 1 363 362 361 1148
5635 4 2 3 1 574 610 584 1003
5636 4 2 3 1 159 213 175 956
5637 4 2 3 1 410 364 365 1055
5638 4 2 3 1 447 446 445 1158
5639 4 2 3 1 419 426 336 957
5640 4 2 3 1 93 435 332 1137
5641 4 2 3 1 493 93 388 1137
5642 4 2 3 1 805 931 1059 1140
5643 4 2 3 1 186 211 128 1026
5644 4 2 3 1 198 44 735 717
5645 4 2 3 1 570 571 572 1146
5646 4 2 3 1 300 80 718 733
5647 4 2 3 1 272 274 273 1092
5648 4 2 3 1 1020 1049 840 1149
5649 4 2 3 1 653 638 652 1041
5650 4 2 3 1 234 546 63 320
5651 4 2 3 1 216 197 26 527
5652 4 2 3 1 738 648 731 952
5653 4 2 3 1 737 727 707 953
5654 4 2 3 1 182 201 203 1106
5655 4 2 3 1 180 121 12 1103
5656 4 2 3 1 371 370 372 1114
5657 4 2 3 1 21 433 487 1141
5658 4 2 3 1 632 107 525 612
5659 4 2 3 1 424 89 733 404
5660 4 2 3 1 508 421 98 528
5661 4 2 3 1 116 736 716 629
5662 4 2 3 1 422 735 81 407
5663 4 2 3 1 99 527 615 630
5664 4 2 3 1 631 108 734 719
5665 4 2 3 1 423 511 90 526
5666 4 2 3 1 551 550 549 1067
5667 4 2 3 1 700 84 643 1118
5668 4 2 3 1 84 389 331 1118
5669 4 2 3 1 377 403 346 1082
5670 4 2 3 1 705 733 89 404
5671 4 2 3 1 421 393 508 98
5672 4 2 3 1 497 525 107 612
5673 4 2 3 1 116 716 601 629
5674 4 2 3 1 86 637 692 1123
5675 4 2 3 1 326 86 340 1123
5676 4 2 3 1 304 322 230 1047
5677 4 2 3 1 122 21 212 1141
5678 4 2 3 1 233 45 318 424
5679 4 2 3 1 147 148 155 991
5680 4 2 3 1 631 35 613 217
5681 4 2 3 1 407 735 81 651
5682 4 2 3 1 511 90 339 423
5683 4 2 3 1 631 108 719 547
5684 4 2 3 1 527 615 443 99
5685 4 2 3 1 242 245 244 1143
5686 4 2 3 1 71 321 629 614
5687 4 2 3 1 321 236 72 736
5688 4 2 3 1 792 959 1095 1110
5689 4 2 3 1 399 353 359 1133
5690 4 2 3 1 214 44 735 198
5691 4 2 3 1 80 300 318 733
5692 4 2 3 1 659 658 715 1062
5693 4 2 3 1 374 375 373 1034
5694 4 2 3 1 196 613 35 217
5695 4 2 3 1 567 620 595 1089
5696 4 2 3 1 767 1126 976 1160
5697 4 2 3 1 270 269 268 1009
5698 4 2 3 1 321 71 302 614
5699 4 2 3 1 274 275 273 1092
5700 4 2 3 1 583 611 585 1130
5701 4 2 3 1 589 539 597 1074
5702 4 2 3 1 228 75 642 1135
5703 4 2 3 1 691 77 279 1142
5704 4 2 3 1 249 248 246 1115
5705 4 2 3 1 699 711 671 1096
5706 4 2 3 1 534 548 549 1079
5707 4 2 3 1 164 125 165 1006
5708 4 2 3 1 75 732 642 1135
5709 4 2 3 1 68 221 278 1121
5710 4 2 3 1 75 282 732 1135
5711 4 2 3 1 154 151 181 1125
5712 4 2 3 1 93 332 388 1137
5713 4 2 3 1 93 493 435 1137
5714 4 2 3 1 294 280 225 1151
5715 4 2 3 1 592 594 617 1140
5716 4 2 3 1 719 704 649 1147
5717 4 2 3 1 214 422 9 131
5718 4 2 3 1 412 387 359 1044
5719 4 2 3 1 131 422 9 337
5720 4 2 3 1 207 220 163 1105
5721 4 2 3 1 445 430 444 1086
5722 4 2 3 1 130 734 36 649
5723 4 2 3 1 217 734 36 130
5724 4 2 3 1 665 671 711 997
5725 4 2 3 1 401 350 402 1154
5726 4 2 3 1 45 233 338 424
5727 4 2 3 1 506 480 470 1049
5728 4 2 3 1 218 126 203 985
5729 4 2 3 1 236 650 72 736
5730 4 2 3 1 250 249 255 1102
5731 4 2 3 1 181 151 152 1125
5732 4 2 3 1 75 228 282 1135
5733 4 2 3 1 21 487 212 1141
5734 4 2 3 1 224 279 77 1142
5735 4 2 3 1 180 12 383 1103
5736 4 2 3 1 294 290 264 1116
5737 4 2 3 1 536 68 587 1121
5738 4 2 3 1 389 381 331 1118
5739 4 2 3 1 68 278 587 1121
5740 4 2 3 1 326 340 341 1123
5741 4 2 3 1 667 665 664 1157
5742 4 2 3 1 530 468 514 1109
5743 4 2 3 1 469 483 437 1047
5744 4 2 3 1 386 354 409 1132
5745 4 2 3 1 485 435 493 1137
5746 4 2 3 1 618 572 573 1139
5747 4 2 3 1 242 244 243 1143
5748 4 2 3 1 469 514 468 1109
5749 4 2 3 1 157 148 149 1010
5750 4 2 3 1 585 611 554 1130
5751 4 2 3 1 555 556 553 1119
5752 4 2 3 1 387 399 359 1044
5753 4 2 3 1 435 92 93 332
5754 4 2 3 1 83 84 331 643
5755 4 2 3 1 101 436 102 539
5756 4 2 3 1 540 110 644 111
5757 4 2 3 1 29 30 123 537
5758 4 2 3 1 534 104 429 103
5759 4 2 3 1 325 430 95 94
5760 4 2 3 1 85 86 326 637
5761 4 2 3 1 112 533 113 638
5762 4 2 3 1 700 85 84 389
5763 4 2 3 1 111 112 701 596
5764 4 2 3 1 94 93 388 493
5765 4 2 3 1 597 102 103 492
5766 4 2 3 1 114 652 113 588
5767 4 2 3 1 692 87 86 340
5768 4 2 3 1 444 380 95 96
5769 4 2 3 1 548 105 484 104
5770 4 2 3 1 640 224 77 1142
5771 4 2 3 1 617 607 595 1089
5772 4 2 3 1 448 446 447 1158
5773 4 2 3 1 713 710 662 1094
5774 4 2 3 1 329 383 12 1103
5775 4 2 3 1 12 11 329 121
5776 4 2 3 1 727 680 706 1063
5777 4 2 3 1 180 176 121 1103
5778 4 2 3 1 136 137 135 1090
5779 4 2 3 1 507 450 481 1069
5780 4 2 3 1 350 401 398 1154
5781 4 2 3 1 281 227 313 1066
5782 4 2 3 1 333 410 365 1055
5783 4 2 3 1 587 621 536 1121
5784 4 2 3 1 680 669 706 1063
5785 4 2 3 1 640 77 691 1142
5786 4 2 3 1 224 317 279 1142
5787 4 2 3 1 354 386 427 1132
5788 4 2 3 1 605 553 556 1119
5789 4 2 3 1 277 298 243 1080
5790 4 2 3 1 369 370 371 1114
5791 4 2 3 1 244 248 277 1117
5792 4 2 3 1 664 665 663 1157
5793 4 2 3 1 494 512 496 1138
5794 4 2 3 1 545 28 27 132
5795 4 2 3 1 580 578 546 1091
5796 4 2 3 1 586 33 32 174
5797 4 2 3 1 636 616 593 1131
5798 4 2 3 1 133 14 15 378
5799 4 2 3 1 392 390 408 1127
5800 4 2 3 1 123 177 209 1059
5801 4 2 3 1 538 65 66 227
5802 4 2 3 1 536 67 68 221
5803 4 2 3 1 222 50 49 328
5804 4 2 3 1 334 16 15 125
5805 4 2 3 1 122 20 21 433
5806 4 2 3 1 626 588 533 1041
5807 4 2 3 1 229 52 51 333
5808 4 2 3 1 223 59 58 432
5809 4 2 3 1 124 38 39 641
5810 4 2 3 1 487 433 488 1141
5811 4 2 3 1 330 47 48 225
5812 4 2 3 1 428 392 408 1127
5813 4 2 3 1 607 559 561 1056
5814 4 2 3 1 120 31 32 535
5815 4 2 3 1 327 14 13 119
5816 4 2 3 1 441 19 18 129
5817 4 2 3 1 570 572 627 1146
5818 4 2 3 1 563 561 560 1153
5819 4 2 3 1 696 695 641 1136
5820 4 2 3 1 537 592 591 1059
5821 4 2 3 1 601 115 716 116
5822 4 2 3 1 89 88 705 404
5823 4 2 3 1 97 508 393 98
5824 4 2 3 1 106 497 107 612
5825 4 2 3 1 391 82 83 707
5826 4 2 3 1 109 603 110 703
5827 4 2 3 1 599 101 499 100
5828 4 2 3 1 495 91 92 395
5829 4 2 3 1 335 87 88 648
5830 4 2 3 1 544 114 647 115
5831 4 2 3 1 336 96 439 97
5832 4 2 3 1 106 543 105 440
5833 4 2 3 1 9 10 131 337
5834 4 2 3 1 57 56 226 434
5835 4 2 3 1 130 36 37 649
5836 4 2 3 1 339 91 90 511
5837 4 2 3 1 407 81 82 651
5838 4 2 3 1 615 100 443 99
5839 4 2 3 1 109 719 108 547
5840 4 2 3 1 31 30 591 177
5841 4 2 3 1 180 12 13 383
5842 4 2 3 1 486 485 448 1087
5843 4 2 3 1 315 264 290 1116
5844 4 2 3 1 35 34 613 196
5845 4 2 3 1 302 71 70 614
5846 4 2 3 1 42 41 690 175
5847 4 2 3 1 572 618 634 1139
5848 4 2 3 1 442 54 55 235
5849 4 2 3 1 532 496 512 1138
5850 4 2 3 1 518 492 436 1074
5851 4 2 3 1 63 64 546 234
5852 4 2 3 1 484 429 522 1079
5853 4 2 3 1 185 28 29 608
5854 4 2 3 1 46 45 233 338
5855 4 2 3 1 456 459 457 1155
5856 4 2 3 1 251 247 245 1152
5857 4 2 3 1 72 73 650 236
5858 4 2 3 1 649 704 740 1147
5859 4 2 3 1 542 34 33 127
5860 4 2 3 1 124 178 204 1136
5861 4 2 3 1 422 1 735 214
5862 4 2 3 1 4 631 734 217
5863 4 2 3 1 3 216 527 630
5864 4 2 3 1 2 215 423 526
5865 4 2 3 1 733 318 5 424
5866 4 2 3 1 528 421 6 319
5867 4 2 3 1 8 321 736 629
5868 4 2 3 1 7 632 525 320
5869 4 2 3 1 74 75 642 228
5870 4 2 3 1 70 69 231 541
5871 4 2 3 1 325 418 380 1086
5872 4 2 3 1 77 78 691 279
5873 4 2 3 1 411 367 368 1108
5874 4 2 3 1 17 16 405 195
5875 4 2 3 1 301 53 52 406
5876 4 2 3 1 708 653 681 1159
5877 4 2 3 1 636 600 616 1131
5878 4 2 3 1 595 607 567 1089
5879 4 2 3 1 128 42 43 646
5880 4 2 3 1 645 78 79 232
5881 4 2 3 1 228 308 282 1135
5882 4 2 3 1 431 23 22 117
5883 4 2 3 1 183 37 38 712
5884 4 2 3 1 10 11 184 400
5885 4 2 3 1 438 25 24 126
5886 4 2 3 1 582 538 628 1066
5887 4 2 3 1 230 61 60 437
5888 4 2 3 1 643 726 700 1118
5889 4 2 3 1 69 68 278 587
5890 4 2 3 1 384 383 329 1103
5891 4 2 3 1 237 51 50 379
5892 4 2 3 1 692 637 730 1123
5893 4 2 3 1 77 76 224 640
5894 4 2 3 1 699 671 724 1096
5895 4 2 3 1 43 44 198 717
5896 4 2 3 1 718 79 80 300
5897 4 2 3 1 178 39 40 695
5898 4 2 3 1 189 160 190 1129
5899 4 2 3 1 388 332 414 1137
5900 4 2 3 1 642 732 686 1135
5901 4 2 3 1 26 25 509 197
5902 4 2 3 1 299 62 61 510
5903 4 2 3 1 376 328 413 1150
5904 4 2 3 1 592 593 594 1140
5905 4 2 3 1 169 122 212 1141
5906 4 2 3 1 640 691 725 1142
5907 4 2 3 1 221 310 278 1121
5908 4 2 3 1 281 67 66 628
5909 4 2 3 1 284 49 48 420
5910 4 2 3 1 421 53 6 319
5911 4 2 3 1 525 62 7 320
5912 4 2 3 1 318 5 80 733
5913 4 2 3 1 735 1 44 214
5914 4 2 3 1 216 26 3 527
5915 4 2 3 1 215 17 2 423
5916 4 2 3 1 118 40 41 639
5917 4 2 3 1 219 182 203 1106
5918 4 2 3 1 205 19 20 504
5919 4 2 3 1 482 24 23 200
5920 4 2 3 1 321 72 8 736
5921 4 2 3 1 318 45 5 424
5922 4 2 3 1 6 54 528 319
5923 4 2 3 1 73 74 729 289
5924 4 2 3 1 64 65 625 288
5925 4 2 3 1 417 46 47 287
5926 4 2 3 1 321 8 71 629
5927 4 2 3 1 631 4 35 217
5928 4 2 3 1 8 736 116 629
5929 4 2 3 1 98 421 6 528
5930 4 2 3 1 7 632 107 525
5931 4 2 3 1 733 5 89 424
5932 4 2 3 1 4 631 108 734
5933 4 2 3 1 3 527 99 630
5934 4 2 3 1 90 2 423 526
5935 4 2 3 1 735 81 1 422
5936 4 2 3 1 632 7 63 320
5937 4 2 3 1 76 75 282 732
5938 4 2 3 1 216 3 27 630
5939 4 2 3 1 215 2 18 526
5940 4 2 3 1 9 1 422 214
5941 4 2 3 1 734 36 4 217
5942 4 2 3 1 304 60 59 483
5943 4 2 3 1 487 22 21 212
5944 4 2 3 1 56 55 309 521
5945 4 2 3 1 57 58 524 316
5946 4 2 3 1 1108 394 357 368
5947 4 2 3 1 1108 357 394 877
5948 4 2 3 1 991 213 179 155
5949 4 2 3 1 991 179 213 934
5950 4 2 3 1 1074 462 808 518
5951 4 2 3 1 1074 808 462 899
5952 4 2 3 1 498 808 462 518
5953 4 2 3 1 498 462 808 899
5954 4 2 3 1 883 346 1082 796
5955 4 2 3 1 883 1082 346 347
5956 4 2 3 1 1010 749 814 872
5957 4 2 3 1 1010 814 749 851
5958 4 2 3 1 562 850 594 635
5959 4 2 3 1 594 850 562 845
5960 4 2 3 1 1101 951 349 351
5961 4 2 3 1 349 951 1101 883
5962 4 2 3 1 349 348 1101 351
5963 4 2 3 1 1101 348 349 883
5964 4 2 3 1 887 251 292 801
5965 4 2 3 1 887 292 251 260
5966 4 2 3 1 723 1063 878 680
5967 4 2 3 1 878 1063 723 1026
5968 4 2 3 1 850 605 562 800
5969 4 2 3 1 850 562 605 635
5970 4 2 3 1 891 989 916 744
5971 4 2 3 1 916 989 891 778
5972 4 2 3 1 1026 953 1063 723
5973 4 2 3 1 1026 1063 953 772
5974 4 2 3 1 490 1138 828 489
5975 4 2 3 1 828 1138 490 873
5976 4 2 3 1 1123 672 728 730
5977 4 2 3 1 900 918 849 760
5978 4 2 3 1 849 918 900 782
5979 4 2 3 1 462 1074 520 518
5980 4 2 3 1 520 1074 462 854
5981 4 2 3 1 1080 1009 270 297
5982 4 2 3 1 1080 270 1009 833
5983 4 2 3 1 1123 1038 369 341
5984 4 2 3 1 1123 369 1038 825
5985 4 2 3 1 1060 1069 881 779
5986 4 2 3 1 881 1069 1060 451
5987 4 2 3 1 1010 204 872 157
5988 4 2 3 1 1010 872 204 802
5989 4 2 3 1 162 872 204 157
5990 4 2 3 1 162 204 872 802
5991 4 2 3 1 1125 907 1059 154
5992 4 2 3 1 1125 1059 907 805
5993 4 2 3 1 1154 890 1148 361
5994 4 2 3 1 1154 1148 890 788
5995 4 2 3 1 1032 957 1007 474
5996 4 2 3 1 1032 1007 957 774
5997 4 2 3 1 1144 843 793 1083
5998 4 2 3 1 1144 793 843 1111
5999 4 2 3 1 933 1134 955 812
6000 4 2 3 1 955 1134 933 804
6001 4 2 3 1 210 1125 1059 181
6002 4 2 3 1 1059 1125 210 931
6003 4 2 3 1 1063 1157 878 669
6004 4 2 3 1 878 1157 1063 787
6005 4 2 3 1 910 893 1097 785
6006 4 2 3 1 910 1097 893 760
6007 4 2 3 1 569 996 564 606
6008 4 2 3 1 564 996 569 868
6009 4 2 3 1 920 899 1022 755
6010 4 2 3 1 920 1022 899 781
6011 4 2 3 1 1086 360 416 418
6012 4 2 3 1 1112 845 800 850
6013 4 2 3 1 1112 800 845 1057
6014 4 2 3 1 1084 922 1024 779
6015 4 2 3 1 1027 1030 960 803
6016 4 2 3 1 960 1030 1027 816
6017 4 2 3 1 890 416 1086 360
6018 4 2 3 1 890 1086 416 861
6019 4 2 3 1 1135 1048 266 308
6020 4 2 3 1 1135 266 1048 822
6021 4 2 3 1 946 1020 765 840
6022 4 2 3 1 765 1020 946 1014
6023 4 2 3 1 881 455 978 453
6024 4 2 3 1 881 978 455 856
6025 4 2 3 1 966 978 1071 899
6026 4 2 3 1 1071 978 966 795
6027 4 2 3 1 958 993 1098 746
6028 4 2 3 1 1098 993 958 876
6029 4 2 3 1 1135 283 1048 308
6030 4 2 3 1 1135 1048 283 879
6031 4 2 3 1 1115 250 797 1102
6032 4 2 3 1 1115 797 250 248
6033 4 2 3 1 1041 568 624 626
6034 4 2 3 1 1041 624 568 865
6035 4 2 3 1 914 728 1123 672
6036 4 2 3 1 914 1123 728 867
6037 4 2 3 1 973 999 1075 792
6038 4 2 3 1 1075 999 973 749
6039 4 2 3 1 1075 851 973 792
6040 4 2 3 1 973 851 1075 749
6041 4 2 3 1 865 1017 910 760
6042 4 2 3 1 910 1017 865 794
6043 4 2 3 1 1084 759 922 958
6044 4 2 3 1 1084 922 759 1024
6045 4 2 3 1 1075 893 999 749
6046 4 2 3 1 1075 999 893 809
6047 4 2 3 1 1131 545 931 636
6048 4 2 3 1 1131 931 545 913
6049 4 2 3 1 758 915 786 925
6050 4 2 3 1 786 915 758 1008
6051 4 2 3 1 577 1067 604 549
6052 4 2 3 1 604 1067 577 969
6053 4 2 3 1 1112 931 860 805
6054 4 2 3 1 1112 860 931 768
6055 4 2 3 1 1065 823 787 1063
6056 4 2 3 1 1065 787 823 930
6057 4 2 3 1 990 787 823 1063
6058 4 2 3 1 990 823 787 930
6059 4 2 3 1 1055 406 229 333
6060 4 2 3 1 1055 229 406 928
6061 4 2 3 1 1059 154 208 209
6062 4 2 3 1 1059 208 154 907
6063 4 2 3 1 1111 610 611 558
6064 4 2 3 1 1111 611 610 843
6065 4 2 3 1 1121 296 979 310
6066 4 2 3 1 1121 979 296 817
6067 4 2 3 1 1145 809 1113 939
6068 4 2 3 1 1145 1113 809 999
6069 4 2 3 1 544 716 863 601
6070 4 2 3 1 863 716 544 647
6071 4 2 3 1 404 648 952 335
6072 4 2 3 1 952 648 404 705
6073 4 2 3 1 439 393 97 508
6074 4 2 3 1 97 393 439 336
6075 4 2 3 1 314 1037 323 286
6076 4 2 3 1 323 1037 314 949
6077 4 2 3 1 1061 955 1100 980
6078 4 2 3 1 1061 1100 955 780
6079 4 2 3 1 1118 1063 953 727
6080 4 2 3 1 1118 953 1063 823
6081 4 2 3 1 1057 907 906 764
6082 4 2 3 1 1057 906 907 805
6083 4 2 3 1 1063 726 990 706
6084 4 2 3 1 1063 990 726 823
6085 4 2 3 1 1141 491 941 488
6086 4 2 3 1 1141 941 491 898
6087 4 2 3 1 944 633 1015 619
6088 4 2 3 1 944 1015 633 911
6089 4 2 3 1 312 1052 313 258
6090 4 2 3 1 313 1052 312 875
6091 4 2 3 1 320 510 62 299
6092 4 2 3 1 62 510 320 525
6093 4 2 3 1 1148 1098 774 818
6094 4 2 3 1 1148 774 1098 876
6095 4 2 3 1 966 467 1149 465
6096 4 2 3 1 966 1149 467 864
6097 4 2 3 1 357 936 1133 355
6098 4 2 3 1 1133 936 357 877
6099 4 2 3 1 997 1075 909 766
6100 4 2 3 1 909 1075 997 809
6101 4 2 3 1 1119 552 874 977
6102 4 2 3 1 1119 874 552 553
6103 4 2 3 1 1006 405 411 334
6104 4 2 3 1 1006 411 405 927
6105 4 2 3 1 1126 1029 742 816
6106 4 2 3 1 1126 742 1029 1093
6107 4 2 3 1 978 920 899 781
6108 4 2 3 1 978 899 920 1071
6109 4 2 3 1 1068 995 848 813
6110 4 2 3 1 1068 848 995 775
6111 4 2 3 1 1093 829 767 975
6112 4 2 3 1 1093 767 829 905
6113 4 2 3 1 1058 1008 930 758
6114 4 2 3 1 1058 930 1008 827
6115 4 2 3 1 1004 363 365 366
6116 4 2 3 1 1004 365 363 876
6117 4 2 3 1 1103 1129 905 176
6118 4 2 3 1 905 1129 1103 829
6119 4 2 3 1 905 1090 1103 176
6120 4 2 3 1 1103 1090 905 829
6121 4 2 3 1 1105 158 162 163
6122 4 2 3 1 1105 162 158 872
6123 4 2 3 1 125 378 1006 133
6124 4 2 3 1 1006 378 125 334
6125 4 2 3 1 1081 1016 869 762
6126 4 2 3 1 1081 869 1016 889
6127 4 2 3 1 1079 550 549 534
6128 4 2 3 1 1079 549 550 1067
6129 4 2 3 1 229 379 1055 333
6130 4 2 3 1 1055 379 229 237
6131 4 2 3 1 314 1066 285 313
6132 4 2 3 1 285 1066 314 949
6133 4 2 3 1 483 223 59 304
6134 4 2 3 1 483 59 223 432
6135 4 2 3 1 1144 988 843 750
6136 4 2 3 1 1144 843 988 1111
6137 4 2 3 1 122 504 20 433
6138 4 2 3 1 20 504 122 205
6139 4 2 3 1 1147 196 202 130
6140 4 2 3 1 1147 202 196 944
6141 4 2 3 1 328 284 49 222
6142 4 2 3 1 328 49 284 420
6143 4 2 3 1 221 628 1066 536
6144 4 2 3 1 1066 628 221 281
6145 4 2 3 1 1066 875 221 536
6146 4 2 3 1 1158 449 922 447
6147 4 2 3 1 1158 922 449 897
6148 4 2 3 1 1047 305 307 1037
6149 4 2 3 1 1047 307 305 322
6150 4 2 3 1 289 650 73 236
6151 4 2 3 1 289 73 650 729
6152 4 2 3 1 234 625 1091 288
6153 4 2 3 1 234 1091 625 546
6154 4 2 3 1 1039 1160 767 948
6155 4 2 3 1 767 1160 1039 896
6156 4 2 3 1 1140 1112 845 805
6157 4 2 3 1 1140 845 1112 850
6158 4 2 3 1 640 282 76 224
6159 4 2 3 1 640 76 282 732
6160 4 2 3 1 1140 537 931 1059
6161 4 2 3 1 1140 931 537 593
6162 4 2 3 1 212 431 898 487
6163 4 2 3 1 212 898 431 117
6164 4 2 3 1 338 287 46 417
6165 4 2 3 1 46 287 338 233
6166 4 2 3 1 320 546 904 234
6167 4 2 3 1 320 904 546 632
6168 4 2 3 1 221 1066 312 875
6169 4 2 3 1 312 1066 221 281
$EndElements
