$MeshFormat
2.2 0 8
$EndMeshFormat
$Nodes
1857
1 -1 -1 0
2 1 1 0
3 -1 1 0
4 1 -1 0
5 -1 -0.9375 0
6 -1 0.9375 0
7 -1 0.8125 0
8 -1 0.6875 0
9 -1 0.5625 0
10 -1 0.4375 0
11 -1 0.3125 0
12 -1 0.1875 0
13 -1 0.0625 0
14 -1 -0.0625 0
15 -1 -0.1875 0
16 -1 -0.3125 0
17 -1 -0.4375 0
18 -1 -0.5625 0
19 -1 -0.6875 0
20 -1 -0.8125 0
21 -1 -0.75 0
22 -1 0.875 0
23 -1 0.625 0
24 -1 0.375 0
25 -1 0.125 0
26 -1 -0.125 0
27 -1 -0.375 0
28 -1 -0.625 0
29 -1 -0.875 0
30 -1 0.75 0
31 -1 0.5 0
32 -1 0.25 0
33 -1 0 0
34 -1 -0.25 0
35 -1 -0.5 0
36 -0.9375 1 0
37 0.9375 1 0
38 0.8125 1 0
39 0.6875 1 0
40 0.5625 1 0
41 0.4375 1 0
42 0.3125 1 0
43 0.1875 1 0
44 0.0625 1 0
45 -0.0625 1 0
46 -0.1875 1 0
47 -0.3125 1 0
48 -0.4375 1 0
49 -0.5625 1 0
50 -0.6875 1 0
51 -0.8125 1 0
52 -0.75 1 0
53 0.875 1 0
54 0.625 1 0
55 0.375 1 0
56 0.125 1 0
57 -0.125 1 0
58 -0.375 1 0
59 -0.625 1 0
60 -0.875 1 0
61 0.75 1 0
62 0.5 1 0
63 0.25 1 0
64 0 1 0
65 -0.25 1 0
66 -0.5 1 0
67 1 0.9375 0
68 1 -0.9375 0
69 1 -0.8125 0
70 1 -0.6875 0
71 1 -0.5625 0
72 1 -0.4375 0
73 1 -0.3125 0
74 1 -0.1875 0
75 1 -0.0625 0
76 1 0.0625 0
77 1 0.1875 0
78 1 0.3125 0
79 1 0.4375 0
80 1 0.5625 0
81 1 0.6875 0
82 1 0.8125 0
83 1 0.75 0
84 1 -0.875 0
85 1 -0.625 0
86 1 -0.375 0
87 1 -0.125 0
88 1 0.125 0
89 1 0.375 0
90 1 0.625 0
91 1 0.875 0
92 1 -0.75 0
93 1 -0.5 0
94 1 -0.25 0
95 1 0 0
96 1 0.25 0
97 1 0.5 0
98 0.9375 -1 0
99 -0.9375 -1 0
100 -0.8125 -1 0
101 -0.6875 -1 0
102 -0.5625 -1 0
103 -0.4375 -1 0
104 -0.3125 -1 0
105 -0.1875 -1 0
106 -0.0625 -1 0
107 0.0625 -1 0
108 0.1875 -1 0
109 0.3125 -1 0
110 0.4375 -1 0
111 0.5625 -1 0
112 0.6875 -1 0
113 0.8125 -1 0
114 0.75 -1 0
115 -0.875 -1 0
116 -0.625 -1 0
117 -0.375 -1 0
118 -0.125 -1 0
119 0.125 -1 0
120 0.375 -1 0
121 0.625 -1 0
122 0.875 -1 0
123 -0.75 -1 0
124 -0.5 -1 0
125 -0.25 -1 0
126 0 -1 0
127 0.25 -1 0
128 0.5 -1 0
129 -0.5 -0.5 0
130 -0.2499999999999999 0.2500000000000001 0
131 0.4375000000000002 0.4375000000000001 0
132 0.3085937499999999 -0.3085937499999999 0
133 -0.625 0.625 0
134 -0.625 0.1250000000000001 0
135 -0.1249999999999999 0.625 0
136 0.654296875 -0.654296875 0
137 0.654296875 -0.154296875 0
138 0.154296875 -0.654296875 0
139 0.7187500000000001 0.71875 0
140 0.2187500000000001 0.71875 0
141 0.7187500000000001 0.2187500000000001 0
142 -0.75 -0.25 0
143 -0.75 -0.75 0
144 -0.25 -0.75 0
145 0.029296875 -0.02929687499999989 0
146 -0.09570312500000006 -0.404296875 0
147 -0.3749999999999999 -0.1249999999999999 0
148 0.3730468750000001 0.06445312500000011 0
149 0.09375000000000011 0.3437500000000001 0
150 -0.8125 0.8125 0
151 -0.8125 0.5625 0
152 -0.625 0.375 0
153 -0.8125 0.3125 0
154 -0.4374999999999999 0.4375000000000001 0
155 -0.4374999999999999 0.1875000000000001 0
156 -0.8125 0.06250000000000003 0
157 -0.06249999999999997 0.8125 0
158 -0.3125 0.8125 0
159 -0.3749999999999999 0.625 0
160 -0.5625 0.8125 0
161 -0.1874999999999999 0.4375000000000001 0
162 0.8271484375 -0.8271484375 0
163 0.8271484375 -0.5771484375 0
164 0.654296875 -0.404296875 0
165 0.8271484375 -0.3271484375 0
166 0.4814453125 -0.4814453125 0
167 0.4814453125 -0.2314453124999999 0
168 0.8271484375 -0.07714843749999999 0
169 0.07714843749999999 -0.8271484375 0
170 0.3271484375 -0.8271484375 0
171 0.404296875 -0.654296875 0
172 0.5771484375 -0.8271484375 0
173 0.2314453124999999 -0.4814453125 0
174 0.859375 0.859375 0
175 0.609375 0.859375 0
176 0.4687500000000001 0.71875 0
177 0.359375 0.859375 0
178 0.5781250000000001 0.578125 0
179 0.3281250000000001 0.578125 0
180 0.109375 0.859375 0
181 0.859375 0.109375 0
182 0.859375 0.359375 0
183 0.7187500000000001 0.46875 0
184 0.859375 0.609375 0
185 0.5781250000000001 0.3281250000000001 0
186 -0.875 -0.125 0
187 -0.875 -0.375 0
188 -0.75 -0.5 0
189 -0.875 -0.625 0
190 -0.625 -0.375 0
191 -0.625 -0.625 0
192 -0.875 -0.875 0
193 -0.625 -0.875 0
194 -0.5 -0.75 0
195 -0.375 -0.875 0
196 -0.375 -0.625 0
197 -0.125 -0.875 0
198 -0.1103515624999999 0.1103515625000001 0
199 -0.1728515625 -0.07714843749999992 0
200 -0.3124999999999999 0.06250000000000008 0
201 -0.03320312500000003 -0.2167968749999999 0
202 -0.2353515625 -0.2646484375 0
203 0.1689453125 -0.1689453124999999 0
204 0.1064453124999999 -0.3564453125 0
205 -0.2978515625 -0.4521484375 0
206 -0.4375 -0.3125 0
207 -0.1728515625 -0.5771484375 0
208 0.02929687499999994 -0.529296875 0
209 -0.04785156250000003 -0.7021484375 0
210 -0.6875 -0.06249999999999997 0
211 -0.5 5.551115123125783e-17 0
212 -0.5625 -0.1875 0
213 0.4052734375000001 0.2509765625000001 0
214 0.2333984375000001 0.2041015625000001 0
215 0.2656250000000001 0.3906250000000001 0
216 0.201171875 0.01757812500000011 0
217 0.06152343750000006 0.1572265625000001 0
218 0.3408203125 -0.1220703124999999 0
219 -0.07812499999999989 0.2968750000000001 0
220 0.6865234375 0.03222656250000003 0
221 0.513671875 -0.04492187499999993 0
222 0.5458984375000001 0.1416015625000001 0
223 0.04687500000000008 0.671875 0
224 0.1562500000000001 0.53125 0
225 -0.01562499999999992 0.4843750000000001 0
226 -0.90625 0.90625 0
227 -0.90625 0.78125 0
228 -0.8125 0.6875 0
229 -0.90625 0.65625 0
230 -0.71875 0.71875 0
231 -0.71875 0.59375 0
232 -0.90625 0.53125 0
233 -0.625 0.5 0
234 -0.71875 0.46875 0
235 -0.71875 0.34375 0
236 -0.8125 0.4375 0
237 -0.625 0.2500000000000001 0
238 -0.71875 0.2187500000000001 0
239 -0.90625 0.40625 0
240 -0.53125 0.53125 0
241 -0.53125 0.4062500000000001 0
242 -0.4374999999999999 0.3125000000000001 0
243 -0.53125 0.2812500000000001 0
244 -0.3437499999999999 0.3437500000000001 0
245 -0.3437499999999999 0.2187500000000001 0
246 -0.53125 0.1562500000000001 0
247 -0.90625 0.28125 0
248 -0.8125 0.1875 0
249 -0.90625 0.15625 0
250 -0.71875 0.09375000000000007 0
251 -0.90625 0.03125000000000001 0
252 -0.03124999999999999 0.90625 0
253 -0.15625 0.90625 0
254 -0.1875 0.8125 0
255 -0.28125 0.90625 0
256 -0.09374999999999994 0.71875 0
257 -0.2187499999999999 0.71875 0
258 -0.40625 0.90625 0
259 -0.2499999999999999 0.625 0
260 -0.3437499999999999 0.71875 0
261 -0.4687499999999999 0.71875 0
262 -0.4375 0.8125 0
263 -0.4999999999999999 0.625 0
264 -0.59375 0.71875 0
265 -0.53125 0.90625 0
266 -0.1562499999999999 0.53125 0
267 -0.2812499999999999 0.53125 0
268 -0.3124999999999999 0.4375000000000001 0
269 -0.4062499999999999 0.53125 0
270 -0.2187499999999999 0.3437500000000001 0
271 -0.65625 0.90625 0
272 -0.6875 0.8125 0
273 -0.78125 0.90625 0
274 0.91357421875 -0.91357421875 0
275 0.91357421875 -0.78857421875 0
276 0.8271484375 -0.7021484375 0
277 0.91357421875 -0.66357421875 0
278 0.74072265625 -0.74072265625 0
279 0.74072265625 -0.61572265625 0
280 0.91357421875 -0.53857421875 0
281 0.654296875 -0.529296875 0
282 0.74072265625 -0.49072265625 0
283 0.74072265625 -0.36572265625 0
284 0.8271484375 -0.4521484375 0
285 0.654296875 -0.279296875 0
286 0.74072265625 -0.24072265625 0
287 0.91357421875 -0.41357421875 0
288 0.56787109375 -0.56787109375 0
289 0.56787109375 -0.44287109375 0
290 0.4814453125 -0.3564453124999999 0
291 0.56787109375 -0.3178710937499999 0
292 0.3950195312499999 -0.3950195312499999 0
293 0.3950195312499999 -0.2700195312499999 0
294 0.56787109375 -0.1928710937499999 0
295 0.91357421875 -0.28857421875 0
296 0.8271484375 -0.2021484375 0
297 0.91357421875 -0.16357421875 0
298 0.74072265625 -0.11572265625 0
299 0.91357421875 -0.03857421874999999 0
300 0.03857421874999999 -0.91357421875 0
301 0.16357421875 -0.91357421875 0
302 0.2021484375 -0.8271484375 0
303 0.28857421875 -0.91357421875 0
304 0.11572265625 -0.74072265625 0
305 0.24072265625 -0.74072265625 0
306 0.41357421875 -0.91357421875 0
307 0.279296875 -0.654296875 0
308 0.36572265625 -0.74072265625 0
309 0.49072265625 -0.74072265625 0
310 0.4521484375 -0.8271484375 0
311 0.529296875 -0.654296875 0
312 0.61572265625 -0.74072265625 0
313 0.53857421875 -0.91357421875 0
314 0.1928710937499999 -0.56787109375 0
315 0.3178710937499999 -0.56787109375 0
316 0.3564453124999999 -0.4814453125 0
317 0.44287109375 -0.56787109375 0
318 0.2700195312499999 -0.3950195312499999 0
319 0.66357421875 -0.91357421875 0
320 0.7021484375 -0.8271484375 0
321 0.78857421875 -0.91357421875 0
322 0.9296875 0.9296875 0
323 0.8046875 0.9296875 0
324 0.734375 0.859375 0
325 0.6796875 0.9296875 0
326 0.7890625 0.7890625 0
327 0.6640625 0.7890625 0
328 0.5546875 0.9296875 0
329 0.5937500000000001 0.71875 0
330 0.5390625 0.7890625 0
331 0.4140625000000001 0.7890625 0
332 0.484375 0.859375 0
333 0.3437500000000001 0.71875 0
334 0.2890625000000001 0.7890625 0
335 0.4296875 0.9296875 0
336 0.6484375000000001 0.6484375 0
337 0.5234375000000001 0.6484375 0
338 0.4531250000000001 0.578125 0
339 0.3984375000000001 0.6484375 0
340 0.5078125000000002 0.5078125 0
341 0.3828125000000002 0.5078125 0
342 0.2734375000000001 0.6484375 0
343 0.3046875 0.9296875 0
344 0.234375 0.859375 0
345 0.1796875 0.9296875 0
346 0.1640625000000001 0.7890625 0
347 0.0546875 0.9296875 0
348 0.9296875 0.0546875 0
349 0.9296875 0.1796875 0
350 0.859375 0.234375 0
351 0.9296875 0.3046875 0
352 0.7890625 0.1640625000000001 0
353 0.7890625 0.2890625000000001 0
354 0.9296875 0.4296875 0
355 0.7187500000000001 0.3437500000000001 0
356 0.7890625 0.4140625 0
357 0.7890625 0.5390625 0
358 0.859375 0.484375 0
359 0.7187500000000001 0.59375 0
360 0.7890625 0.6640625 0
361 0.9296875 0.5546875 0
362 0.6484375000000001 0.2734375000000001 0
363 0.6484375000000001 0.3984375000000001 0
364 0.5781250000000001 0.4531250000000001 0
365 0.6484375000000001 0.5234375 0
366 0.5078125000000002 0.3828125000000001 0
367 0.9296875 0.6796875 0
368 0.859375 0.734375 0
369 0.9296875 0.8046875 0
370 -0.9375 -0.0625 0
371 -0.9375 -0.1875 0
372 -0.875 -0.25 0
373 -0.9375 -0.3125 0
374 -0.8125 -0.1875 0
375 -0.8125 -0.3125 0
376 -0.9375 -0.4375 0
377 -0.75 -0.375 0
378 -0.8125 -0.4375 0
379 -0.8125 -0.5625 0
380 -0.875 -0.5 0
381 -0.75 -0.625 0
382 -0.8125 -0.6875 0
383 -0.9375 -0.5625 0
384 -0.6875 -0.3125 0
385 -0.6875 -0.4375 0
386 -0.625 -0.5 0
387 -0.6875 -0.5625 0
388 -0.5625 -0.4375 0
389 -0.5625 -0.5625 0
390 -0.6875 -0.6875 0
391 -0.9375 -0.6875 0
392 -0.875 -0.75 0
393 -0.9375 -0.8125 0
394 -0.8125 -0.8125 0
395 -0.9375 -0.9375 0
396 -0.8125 -0.9375 0
397 -0.75 -0.875 0
398 -0.6875 -0.9375 0
399 -0.6875 -0.8125 0
400 -0.5625 -0.9375 0
401 -0.625 -0.75 0
402 -0.5625 -0.8125 0
403 -0.4375 -0.8125 0
404 -0.5 -0.875 0
405 -0.375 -0.75 0
406 -0.3125 -0.8125 0
407 -0.4375 -0.9375 0
408 -0.5625 -0.6875 0
409 -0.5 -0.625 0
410 -0.4375 -0.6875 0
411 -0.4375 -0.5625 0
412 -0.3125 -0.6875 0
413 -0.3125 -0.9375 0
414 -0.25 -0.875 0
415 -0.1875 -0.9375 0
416 -0.1875 -0.8125 0
417 -0.0625 -0.9375 0
418 -0.1801757812499999 0.1801757812500001 0
419 -0.2114257812499999 0.08642578125000008 0
420 -0.2812499999999999 0.1562500000000001 0
421 -0.1416015624999999 0.01660156250000009 0
422 -0.2426757812499999 -0.007324218749999917 0
423 -0.04052734374999995 0.0405273437500001 0
424 -0.07177734375 -0.0532226562499999 0
425 -0.2739257812499999 -0.1010742187499999 0
426 -0.3437499999999999 -0.03124999999999991 0
427 -0.001953125000000014 -0.1230468749999999 0
428 -0.10302734375 -0.1469726562499999 0
429 -0.13427734375 -0.2407226562499999 0
430 -0.2041015625 -0.1708984374999999 0
431 -0.06445312500000004 -0.3105468749999999 0
432 -0.16552734375 -0.33447265625 0
433 -0.3051757812499999 -0.1948242187499999 0
434 0.09912109375 -0.09912109374999989 0
435 0.06787109374999999 -0.1928710937499999 0
436 0.1376953124999999 -0.2626953124999999 0
437 0.03662109374999994 -0.2866210937499999 0
438 0.2387695312499999 -0.2387695312499999 0
439 0.2075195312499999 -0.3325195312499999 0
440 0.005371093749999924 -0.38037109375 0
441 -0.33642578125 -0.28857421875 0
442 -0.4062499999999999 -0.2187499999999999 0
443 -0.2666015625 -0.3583984375 0
444 -0.36767578125 -0.38232421875 0
445 -0.19677734375 -0.42822265625 0
446 -0.39892578125 -0.47607421875 0
447 -0.46875 -0.40625 0
448 -0.33642578125 -0.53857421875 0
449 -0.2353515625 -0.5146484375 0
450 -0.27392578125 -0.60107421875 0
451 -0.13427734375 -0.49072265625 0
452 -0.21142578125 -0.66357421875 0
453 -0.03320312500000006 -0.466796875 0
454 -0.07177734375000003 -0.55322265625 0
455 -0.009277343750000043 -0.61572265625 0
456 -0.1103515625 -0.6396484375 0
457 0.09179687499999997 -0.591796875 0
458 0.05322265624999999 -0.67822265625 0
459 -0.14892578125 -0.72607421875 0
460 0.06787109374999992 -0.44287109375 0
461 0.1689453124999999 -0.4189453125 0
462 0.1303710937499999 -0.50537109375 0
463 -0.08642578125000001 -0.78857421875 0
464 0.01464843749999998 -0.7646484375 0
465 -0.02392578125000001 -0.85107421875 0
466 -0.84375 -0.03124999999999999 0
467 -0.75 2.775557561562891e-17 0
468 -0.78125 -0.09374999999999999 0
469 -0.65625 0.03125000000000007 0
470 -0.71875 -0.15625 0
471 -0.5625 0.06250000000000008 0
472 -0.59375 -0.03124999999999996 0
473 -0.53125 -0.09374999999999997 0
474 -0.625 -0.125 0
475 -0.4374999999999999 -0.06249999999999992 0
476 -0.4687499999999999 -0.1562499999999999 0
477 -0.65625 -0.21875 0
478 -0.4687499999999999 0.09375000000000008 0
479 -0.3749999999999999 0.1250000000000001 0
480 -0.4062499999999999 0.03125000000000007 0
481 -0.59375 -0.28125 0
482 -0.5 -0.25 0
483 -0.53125 -0.34375 0
484 0.4213867187500002 0.3442382812500001 0
485 0.3354492187500001 0.3208007812500001 0
486 0.3515625000000002 0.4140625000000001 0
487 0.3193359375000001 0.2275390625000001 0
488 0.2495117187500001 0.2973632812500001 0
489 0.3891601562500001 0.1577148437500001 0
490 0.3032226562500001 0.1342773437500001 0
491 0.1635742187500001 0.2739257812500001 0
492 0.1796875000000001 0.3671875000000001 0
493 0.2871093750000001 0.04101562500000011 0
494 0.2172851562500001 0.1108398437500001 0
495 0.13134765625 0.08740234375000011 0
496 0.1474609375000001 0.1806640625000001 0
497 0.115234375 -0.005859374999999889 0
498 0.04541015625000003 0.06396484375000011 0
499 0.07763671875000008 0.2504882812500001 0
500 0.3569335937500001 -0.0288085937499999 0
501 0.27099609375 -0.0522460937499999 0
502 0.2548828125 -0.1455078124999999 0
503 0.18505859375 -0.07568359374999989 0
504 0.3247070312499999 -0.2153320312499999 0
505 -0.008300781249999913 0.2270507812500001 0
506 0.007812500000000111 0.3203125000000001 0
507 -0.02441406249999992 0.1337890625000001 0
508 -0.09423828124999989 0.2036132812500001 0
509 -0.1640624999999999 0.2734375000000001 0
510 0.84326171875 0.01611328125000001 0
511 0.7568359375 -0.02246093749999998 0
512 0.77294921875 0.07080078125000001 0
513 0.67041015625 -0.06103515624999999 0
514 0.70263671875 0.1254882812500001 0
515 0.583984375 -0.09960937499999997 0
516 0.60009765625 -0.006347656249999951 0
517 0.52978515625 0.04833984375000009 0
518 0.6162109375 0.08691406250000007 0
519 0.4433593750000001 0.00976562500000009 0
520 0.4594726562500001 0.1030273437500001 0
521 0.6323242187500001 0.1801757812500001 0
522 0.49755859375 -0.1381835937499999 0
523 0.4111328125 -0.1767578124999999 0
524 0.42724609375 -0.08349609374999992 0
525 0.5620117187500001 0.2348632812500001 0
526 0.4755859375000001 0.1962890625000001 0
527 0.4916992187500001 0.2895507812500001 0
528 0.02343750000000001 0.8359375 0
529 0.07812500000000004 0.765625 0
530 -0.007812499999999944 0.7421875 0
531 0.1328125000000001 0.6953125 0
532 -0.03906249999999991 0.6484375 0
533 0.1875000000000001 0.625 0
534 0.1015625000000001 0.6015625 0
535 0.0703125000000001 0.5078125 0
536 0.01562500000000008 0.578125 0
537 0.1250000000000001 0.4375000000000001 0
538 0.0390625000000001 0.4140625000000001 0
539 -0.07031249999999992 0.5546875 0
540 0.2421875000000001 0.5546875 0
541 0.2968750000000001 0.4843750000000001 0
542 0.2109375000000001 0.4609375000000001 0
543 -0.1015624999999999 0.4609375000000001 0
544 -0.0468749999999999 0.3906250000000001 0
545 -0.1328124999999999 0.3671875000000001 0
546 -0.953125 0.953125 0
547 -0.953125 0.890625 0
548 -0.90625 0.84375 0
549 -0.953125 0.828125 0
550 -0.859375 0.859375 0
551 -0.859375 0.796875 0
552 -0.953125 0.765625 0
553 -0.8125 0.75 0
554 -0.859375 0.734375 0
555 -0.859375 0.671875 0
556 -0.90625 0.71875 0
557 -0.8125 0.625 0
558 -0.859375 0.609375 0
559 -0.953125 0.703125 0
560 -0.765625 0.765625 0
561 -0.765625 0.703125 0
562 -0.71875 0.65625 0
563 -0.765625 0.640625 0
564 -0.671875 0.671875 0
565 -0.671875 0.609375 0
566 -0.765625 0.578125 0
567 -0.953125 0.640625 0
568 -0.90625 0.59375 0
569 -0.953125 0.578125 0
570 -0.859375 0.546875 0
571 -0.953125 0.515625 0
572 -0.625 0.5625 0
573 -0.671875 0.546875 0
574 -0.671875 0.484375 0
575 -0.71875 0.53125 0
576 -0.625 0.4375 0
577 -0.671875 0.421875 0
578 -0.765625 0.515625 0
579 -0.671875 0.359375 0
580 -0.71875 0.40625 0
581 -0.765625 0.390625 0
582 -0.765625 0.453125 0
583 -0.765625 0.328125 0
584 -0.8125 0.375 0
585 -0.8125 0.5 0
586 -0.625 0.3125 0
587 -0.671875 0.296875 0
588 -0.671875 0.2343750000000001 0
589 -0.71875 0.28125 0
590 -0.625 0.1875000000000001 0
591 -0.671875 0.1718750000000001 0
592 -0.765625 0.265625 0
593 -0.859375 0.484375 0
594 -0.859375 0.421875 0
595 -0.90625 0.46875 0
596 -0.859375 0.359375 0
597 -0.953125 0.453125 0
598 -0.578125 0.578125 0
599 -0.578125 0.515625 0
600 -0.53125 0.46875 0
601 -0.578125 0.453125 0
602 -0.4843749999999999 0.4843750000000001 0
603 -0.4843749999999999 0.4218750000000001 0
604 -0.578125 0.390625 0
605 -0.4374999999999999 0.3750000000000001 0
606 -0.4843749999999999 0.3593750000000001 0
607 -0.4843749999999999 0.2968750000000001 0
608 -0.53125 0.3437500000000001 0
609 -0.4374999999999999 0.2500000000000001 0
610 -0.4843749999999999 0.2343750000000001 0
611 -0.578125 0.328125 0
612 -0.3906249999999999 0.3906250000000001 0
613 -0.3906249999999999 0.3281250000000001 0
614 -0.3437499999999999 0.2812500000000001 0
615 -0.3906249999999999 0.2656250000000001 0
616 -0.2968749999999999 0.2968750000000001 0
617 -0.2968749999999999 0.2343750000000001 0
618 -0.3906249999999999 0.2031250000000001 0
619 -0.578125 0.2656250000000001 0
620 -0.53125 0.2187500000000001 0
621 -0.578125 0.2031250000000001 0
622 -0.4843749999999999 0.1718750000000001 0
623 -0.578125 0.1406250000000001 0
624 -0.953125 0.390625 0
625 -0.90625 0.34375 0
626 -0.953125 0.328125 0
627 -0.859375 0.296875 0
628 -0.953125 0.265625 0
629 -0.8125 0.25 0
630 -0.859375 0.234375 0
631 -0.859375 0.171875 0
632 -0.90625 0.21875 0
633 -0.8125 0.125 0
634 -0.859375 0.109375 0
635 -0.953125 0.203125 0
636 -0.765625 0.203125 0
637 -0.71875 0.1562500000000001 0
638 -0.765625 0.140625 0
639 -0.671875 0.1093750000000001 0
640 -0.765625 0.07812500000000006 0
641 -0.953125 0.140625 0
642 -0.90625 0.09375 0
643 -0.953125 0.078125 0
644 -0.859375 0.04687500000000002 0
645 -0.953125 0.01562500000000001 0
646 -0.01562499999999999 0.953125 0
647 -0.078125 0.953125 0
648 -0.09375 0.90625 0
649 -0.140625 0.953125 0
650 -0.04687499999999998 0.859375 0
651 -0.109375 0.859375 0
652 -0.203125 0.953125 0
653 -0.125 0.8125 0
654 -0.171875 0.859375 0
655 -0.234375 0.859375 0
656 -0.21875 0.90625 0
657 -0.25 0.8125 0
658 -0.296875 0.859375 0
659 -0.265625 0.953125 0
660 -0.07812499999999996 0.765625 0
661 -0.140625 0.765625 0
662 -0.1562499999999999 0.71875 0
663 -0.203125 0.765625 0
664 -0.1093749999999999 0.671875 0
665 -0.1718749999999999 0.671875 0
666 -0.265625 0.765625 0
667 -0.328125 0.953125 0
668 -0.34375 0.90625 0
669 -0.390625 0.953125 0
670 -0.359375 0.859375 0
671 -0.453125 0.953125 0
672 -0.1874999999999999 0.625 0
673 -0.2343749999999999 0.671875 0
674 -0.2968749999999999 0.671875 0
675 -0.2812499999999999 0.71875 0
676 -0.3124999999999999 0.625 0
677 -0.3593749999999999 0.671875 0
678 -0.328125 0.765625 0
679 -0.4218749999999999 0.671875 0
680 -0.4062499999999999 0.71875 0
681 -0.453125 0.765625 0
682 -0.390625 0.765625 0
683 -0.515625 0.765625 0
684 -0.5 0.8125 0
685 -0.375 0.8125 0
686 -0.4374999999999999 0.625 0
687 -0.4843749999999999 0.671875 0
688 -0.546875 0.671875 0
689 -0.53125 0.71875 0
690 -0.5625 0.625 0
691 -0.609375 0.671875 0
692 -0.578125 0.765625 0
693 -0.421875 0.859375 0
694 -0.484375 0.859375 0
695 -0.46875 0.90625 0
696 -0.546875 0.859375 0
697 -0.515625 0.953125 0
698 -0.1406249999999999 0.578125 0
699 -0.2031249999999999 0.578125 0
700 -0.2187499999999999 0.53125 0
701 -0.2656249999999999 0.578125 0
702 -0.1718749999999999 0.4843750000000001 0
703 -0.2343749999999999 0.4843750000000001 0
704 -0.3281249999999999 0.578125 0
705 -0.2499999999999999 0.4375000000000001 0
706 -0.2968749999999999 0.4843750000000001 0
707 -0.3593749999999999 0.4843750000000001 0
708 -0.3437499999999999 0.53125 0
709 -0.3749999999999999 0.4375000000000001 0
710 -0.4218749999999999 0.4843750000000001 0
711 -0.3906249999999999 0.578125 0
712 -0.2031249999999999 0.3906250000000001 0
713 -0.2656249999999999 0.3906250000000001 0
714 -0.2812499999999999 0.3437500000000001 0
715 -0.3281249999999999 0.3906250000000001 0
716 -0.2343749999999999 0.2968750000000001 0
717 -0.4531249999999999 0.578125 0
718 -0.4687499999999999 0.53125 0
719 -0.515625 0.578125 0
720 -0.578125 0.953125 0
721 -0.59375 0.90625 0
722 -0.640625 0.953125 0
723 -0.609375 0.859375 0
724 -0.703125 0.953125 0
725 -0.625 0.8125 0
726 -0.671875 0.859375 0
727 -0.734375 0.859375 0
728 -0.71875 0.90625 0
729 -0.75 0.8125 0
730 -0.796875 0.859375 0
731 -0.765625 0.953125 0
732 -0.640625 0.765625 0
733 -0.65625 0.71875 0
734 -0.703125 0.765625 0
735 -0.828125 0.953125 0
736 -0.84375 0.90625 0
737 -0.890625 0.953125 0
738 0.956787109375 -0.956787109375 0
739 0.956787109375 -0.894287109375 0
740 0.91357421875 -0.85107421875 0
741 0.956787109375 -0.831787109375 0
742 0.870361328125 -0.870361328125 0
743 0.870361328125 -0.807861328125 0
744 0.956787109375 -0.769287109375 0
745 0.8271484375 -0.7646484375 0
746 0.870361328125 -0.745361328125 0
747 0.870361328125 -0.682861328125 0
748 0.91357421875 -0.72607421875 0
749 0.8271484375 -0.6396484375 0
750 0.870361328125 -0.620361328125 0
751 0.956787109375 -0.706787109375 0
752 0.783935546875 -0.783935546875 0
753 0.783935546875 -0.721435546875 0
754 0.74072265625 -0.67822265625 0
755 0.783935546875 -0.658935546875 0
756 0.697509765625 -0.697509765625 0
757 0.697509765625 -0.635009765625 0
758 0.783935546875 -0.596435546875 0
759 0.956787109375 -0.644287109375 0
760 0.91357421875 -0.60107421875 0
761 0.956787109375 -0.581787109375 0
762 0.870361328125 -0.557861328125 0
763 0.956787109375 -0.519287109375 0
764 0.654296875 -0.591796875 0
765 0.697509765625 -0.572509765625 0
766 0.697509765625 -0.510009765625 0
767 0.74072265625 -0.55322265625 0
768 0.654296875 -0.466796875 0
769 0.697509765625 -0.447509765625 0
770 0.783935546875 -0.533935546875 0
771 0.697509765625 -0.385009765625 0
772 0.74072265625 -0.42822265625 0
773 0.783935546875 -0.408935546875 0
774 0.783935546875 -0.471435546875 0
775 0.783935546875 -0.346435546875 0
776 0.8271484375 -0.3896484375 0
777 0.8271484375 -0.5146484375 0
778 0.654296875 -0.341796875 0
779 0.697509765625 -0.322509765625 0
780 0.697509765625 -0.260009765625 0
781 0.74072265625 -0.30322265625 0
782 0.654296875 -0.216796875 0
783 0.697509765625 -0.197509765625 0
784 0.783935546875 -0.283935546875 0
785 0.870361328125 -0.495361328125 0
786 0.870361328125 -0.432861328125 0
787 0.91357421875 -0.47607421875 0
788 0.870361328125 -0.370361328125 0
789 0.956787109375 -0.456787109375 0
790 0.611083984375 -0.611083984375 0
791 0.611083984375 -0.548583984375 0
792 0.56787109375 -0.50537109375 0
793 0.611083984375 -0.486083984375 0
794 0.524658203125 -0.524658203125 0
795 0.524658203125 -0.462158203125 0
796 0.611083984375 -0.423583984375 0
797 0.4814453125 -0.4189453125 0
798 0.524658203125 -0.399658203125 0
799 0.524658203125 -0.3371582031249999 0
800 0.56787109375 -0.38037109375 0
801 0.4814453125 -0.2939453124999999 0
802 0.524658203125 -0.2746582031249999 0
803 0.611083984375 -0.361083984375 0
804 0.438232421875 -0.438232421875 0
805 0.438232421875 -0.3757324218749999 0
806 0.3950195312499999 -0.3325195312499999 0
807 0.438232421875 -0.3132324218749999 0
808 0.3518066406249999 -0.3518066406249999 0
809 0.3518066406249999 -0.2893066406249999 0
810 0.438232421875 -0.2507324218749999 0
811 0.611083984375 -0.298583984375 0
812 0.56787109375 -0.2553710937499999 0
813 0.611083984375 -0.236083984375 0
814 0.524658203125 -0.2121582031249999 0
815 0.611083984375 -0.173583984375 0
816 0.956787109375 -0.394287109375 0
817 0.91357421875 -0.35107421875 0
818 0.956787109375 -0.331787109375 0
819 0.870361328125 -0.307861328125 0
820 0.956787109375 -0.269287109375 0
821 0.8271484375 -0.2646484375 0
822 0.870361328125 -0.245361328125 0
823 0.870361328125 -0.182861328125 0
824 0.91357421875 -0.22607421875 0
825 0.8271484375 -0.1396484375 0
826 0.870361328125 -0.120361328125 0
827 0.956787109375 -0.206787109375 0
828 0.783935546875 -0.221435546875 0
829 0.74072265625 -0.17822265625 0
830 0.783935546875 -0.158935546875 0
831 0.697509765625 -0.135009765625 0
832 0.783935546875 -0.096435546875 0
833 0.956787109375 -0.144287109375 0
834 0.91357421875 -0.10107421875 0
835 0.956787109375 -0.081787109375 0
836 0.870361328125 -0.05786132812499999 0
837 0.956787109375 -0.019287109375 0
838 0.019287109375 -0.956787109375 0
839 0.081787109375 -0.956787109375 0
840 0.10107421875 -0.91357421875 0
841 0.144287109375 -0.956787109375 0
842 0.05786132812499999 -0.870361328125 0
843 0.120361328125 -0.870361328125 0
844 0.206787109375 -0.956787109375 0
845 0.1396484375 -0.8271484375 0
846 0.182861328125 -0.870361328125 0
847 0.245361328125 -0.870361328125 0
848 0.22607421875 -0.91357421875 0
849 0.2646484375 -0.8271484375 0
850 0.307861328125 -0.870361328125 0
851 0.269287109375 -0.956787109375 0
852 0.096435546875 -0.783935546875 0
853 0.158935546875 -0.783935546875 0
854 0.17822265625 -0.74072265625 0
855 0.221435546875 -0.783935546875 0
856 0.135009765625 -0.697509765625 0
857 0.197509765625 -0.697509765625 0
858 0.283935546875 -0.783935546875 0
859 0.331787109375 -0.956787109375 0
860 0.35107421875 -0.91357421875 0
861 0.394287109375 -0.956787109375 0
862 0.370361328125 -0.870361328125 0
863 0.456787109375 -0.956787109375 0
864 0.216796875 -0.654296875 0
865 0.260009765625 -0.697509765625 0
866 0.322509765625 -0.697509765625 0
867 0.30322265625 -0.74072265625 0
868 0.341796875 -0.654296875 0
869 0.385009765625 -0.697509765625 0
870 0.346435546875 -0.783935546875 0
871 0.447509765625 -0.697509765625 0
872 0.42822265625 -0.74072265625 0
873 0.471435546875 -0.783935546875 0
874 0.408935546875 -0.783935546875 0
875 0.533935546875 -0.783935546875 0
876 0.5146484375 -0.8271484375 0
877 0.3896484375 -0.8271484375 0
878 0.466796875 -0.654296875 0
879 0.510009765625 -0.697509765625 0
880 0.572509765625 -0.697509765625 0
881 0.55322265625 -0.74072265625 0
882 0.591796875 -0.654296875 0
883 0.635009765625 -0.697509765625 0
884 0.596435546875 -0.783935546875 0
885 0.432861328125 -0.870361328125 0
886 0.495361328125 -0.870361328125 0
887 0.47607421875 -0.91357421875 0
888 0.557861328125 -0.870361328125 0
889 0.519287109375 -0.956787109375 0
890 0.173583984375 -0.611083984375 0
891 0.236083984375 -0.611083984375 0
892 0.2553710937499999 -0.56787109375 0
893 0.298583984375 -0.611083984375 0
894 0.2121582031249999 -0.524658203125 0
895 0.2746582031249999 -0.524658203125 0
896 0.361083984375 -0.611083984375 0
897 0.2939453124999999 -0.4814453125 0
898 0.3371582031249999 -0.524658203125 0
899 0.399658203125 -0.524658203125 0
900 0.38037109375 -0.56787109375 0
901 0.4189453125 -0.4814453125 0
902 0.462158203125 -0.524658203125 0
903 0.423583984375 -0.611083984375 0
904 0.2507324218749999 -0.438232421875 0
905 0.3132324218749999 -0.438232421875 0
906 0.3325195312499999 -0.3950195312499999 0
907 0.3757324218749999 -0.438232421875 0
908 0.2893066406249999 -0.3518066406249999 0
909 0.486083984375 -0.611083984375 0
910 0.50537109375 -0.56787109375 0
911 0.548583984375 -0.611083984375 0
912 0.581787109375 -0.956787109375 0
913 0.60107421875 -0.91357421875 0
914 0.644287109375 -0.956787109375 0
915 0.620361328125 -0.870361328125 0
916 0.706787109375 -0.956787109375 0
917 0.6396484375 -0.8271484375 0
918 0.682861328125 -0.870361328125 0
919 0.745361328125 -0.870361328125 0
920 0.72607421875 -0.91357421875 0
921 0.7646484375 -0.8271484375 0
922 0.807861328125 -0.870361328125 0
923 0.769287109375 -0.956787109375 0
924 0.658935546875 -0.783935546875 0
925 0.67822265625 -0.74072265625 0
926 0.721435546875 -0.783935546875 0
927 0.831787109375 -0.956787109375 0
928 0.85107421875 -0.91357421875 0
929 0.894287109375 -0.956787109375 0
930 0.96484375 0.96484375 0
931 0.90234375 0.96484375 0
932 0.8671875 0.9296875 0
933 0.83984375 0.96484375 0
934 0.89453125 0.89453125 0
935 0.83203125 0.89453125 0
936 0.77734375 0.96484375 0
937 0.796875 0.859375 0
938 0.76953125 0.89453125 0
939 0.70703125 0.89453125 0
940 0.7421875 0.9296875 0
941 0.671875 0.859375 0
942 0.64453125 0.89453125 0
943 0.71484375 0.96484375 0
944 0.82421875 0.82421875 0
945 0.76171875 0.82421875 0
946 0.7265625 0.7890625 0
947 0.69921875 0.82421875 0
948 0.75390625 0.75390625 0
949 0.69140625 0.75390625 0
950 0.63671875 0.82421875 0
951 0.65234375 0.96484375 0
952 0.6171875 0.9296875 0
953 0.58984375 0.96484375 0
954 0.58203125 0.89453125 0
955 0.52734375 0.96484375 0
956 0.6562500000000001 0.71875 0
957 0.62890625 0.75390625 0
958 0.56640625 0.75390625 0
959 0.6015625 0.7890625 0
960 0.5312500000000001 0.71875 0
961 0.50390625 0.75390625 0
962 0.57421875 0.82421875 0
963 0.4414062500000001 0.75390625 0
964 0.4765625 0.7890625 0
965 0.44921875 0.82421875 0
966 0.51171875 0.82421875 0
967 0.38671875 0.82421875 0
968 0.421875 0.859375 0
969 0.546875 0.859375 0
970 0.4062500000000001 0.71875 0
971 0.3789062500000001 0.75390625 0
972 0.3164062500000001 0.75390625 0
973 0.3515625000000001 0.7890625 0
974 0.2812500000000001 0.71875 0
975 0.2539062500000001 0.75390625 0
976 0.32421875 0.82421875 0
977 0.51953125 0.89453125 0
978 0.45703125 0.89453125 0
979 0.4921875 0.9296875 0
980 0.39453125 0.89453125 0
981 0.46484375 0.96484375 0
982 0.6835937500000001 0.68359375 0
983 0.6210937500000001 0.68359375 0
984 0.5859375000000001 0.6484375 0
985 0.5585937500000001 0.68359375 0
986 0.6132812500000001 0.61328125 0
987 0.5507812500000001 0.61328125 0
988 0.4960937500000001 0.68359375 0
989 0.5156250000000001 0.578125 0
990 0.4882812500000001 0.61328125 0
991 0.4257812500000001 0.61328125 0
992 0.4609375000000001 0.6484375 0
993 0.3906250000000001 0.578125 0
994 0.3632812500000001 0.61328125 0
995 0.4335937500000001 0.68359375 0
996 0.5429687500000002 0.54296875 0
997 0.4804687500000002 0.54296875 0
998 0.4453125000000002 0.5078125 0
999 0.4179687500000001 0.54296875 0
1000 0.4726562500000002 0.4726562500000001 0
1001 0.4101562500000002 0.4726562500000001 0
1002 0.3554687500000001 0.54296875 0
1003 0.3710937500000001 0.68359375 0
1004 0.3359375000000001 0.6484375 0
1005 0.3085937500000001 0.68359375 0
1006 0.3007812500000001 0.61328125 0
1007 0.2460937500000001 0.68359375 0
1008 0.40234375 0.96484375 0
1009 0.3671875 0.9296875 0
1010 0.33984375 0.96484375 0
1011 0.33203125 0.89453125 0
1012 0.27734375 0.96484375 0
1013 0.296875 0.859375 0
1014 0.26953125 0.89453125 0
1015 0.20703125 0.89453125 0
1016 0.2421875 0.9296875 0
1017 0.171875 0.859375 0
1018 0.14453125 0.89453125 0
1019 0.21484375 0.96484375 0
1020 0.26171875 0.82421875 0
1021 0.2265625000000001 0.7890625 0
1022 0.19921875 0.82421875 0
1023 0.1914062500000001 0.75390625 0
1024 0.13671875 0.82421875 0
1025 0.15234375 0.96484375 0
1026 0.1171875 0.9296875 0
1027 0.08984375 0.96484375 0
1028 0.08203125 0.89453125 0
1029 0.02734375 0.96484375 0
1030 0.96484375 0.02734375 0
1031 0.96484375 0.08984375 0
1032 0.9296875 0.1171875 0
1033 0.96484375 0.15234375 0
1034 0.89453125 0.08203125 0
1035 0.89453125 0.14453125 0
1036 0.96484375 0.21484375 0
1037 0.859375 0.171875 0
1038 0.89453125 0.20703125 0
1039 0.89453125 0.26953125 0
1040 0.9296875 0.2421875 0
1041 0.859375 0.296875 0
1042 0.89453125 0.33203125 0
1043 0.96484375 0.27734375 0
1044 0.82421875 0.13671875 0
1045 0.82421875 0.19921875 0
1046 0.7890625 0.2265625000000001 0
1047 0.82421875 0.26171875 0
1048 0.75390625 0.1914062500000001 0
1049 0.75390625 0.2539062500000001 0
1050 0.82421875 0.32421875 0
1051 0.96484375 0.33984375 0
1052 0.9296875 0.3671875 0
1053 0.96484375 0.40234375 0
1054 0.89453125 0.39453125 0
1055 0.96484375 0.46484375 0
1056 0.7187500000000001 0.2812500000000001 0
1057 0.75390625 0.3164062500000001 0
1058 0.75390625 0.37890625 0
1059 0.7890625 0.3515625 0
1060 0.7187500000000001 0.40625 0
1061 0.75390625 0.44140625 0
1062 0.82421875 0.38671875 0
1063 0.75390625 0.50390625 0
1064 0.7890625 0.4765625 0
1065 0.82421875 0.51171875 0
1066 0.82421875 0.44921875 0
1067 0.82421875 0.57421875 0
1068 0.859375 0.546875 0
1069 0.859375 0.421875 0
1070 0.7187500000000001 0.53125 0
1071 0.75390625 0.56640625 0
1072 0.75390625 0.62890625 0
1073 0.7890625 0.6015625 0
1074 0.7187500000000001 0.65625 0
1075 0.75390625 0.69140625 0
1076 0.82421875 0.63671875 0
1077 0.89453125 0.45703125 0
1078 0.89453125 0.51953125 0
1079 0.9296875 0.4921875 0
1080 0.89453125 0.58203125 0
1081 0.96484375 0.52734375 0
1082 0.6835937500000001 0.2460937500000001 0
1083 0.6835937500000001 0.3085937500000001 0
1084 0.6484375000000001 0.3359375000000001 0
1085 0.6835937500000001 0.3710937500000001 0
1086 0.6132812500000001 0.3007812500000001 0
1087 0.6132812500000001 0.3632812500000001 0
1088 0.6835937500000001 0.43359375 0
1089 0.5781250000000001 0.3906250000000001 0
1090 0.6132812500000001 0.4257812500000001 0
1091 0.6132812500000001 0.48828125 0
1092 0.6484375000000001 0.4609375 0
1093 0.5781250000000001 0.515625 0
1094 0.6132812500000001 0.55078125 0
1095 0.6835937500000001 0.49609375 0
1096 0.5429687500000002 0.3554687500000001 0
1097 0.5429687500000002 0.4179687500000001 0
1098 0.5078125000000002 0.4453125000000001 0
1099 0.5429687500000002 0.48046875 0
1100 0.4726562500000002 0.4101562500000001 0
1101 0.6835937500000001 0.55859375 0
1102 0.6484375000000001 0.5859375 0
1103 0.6835937500000001 0.62109375 0
1104 0.96484375 0.58984375 0
1105 0.9296875 0.6171875 0
1106 0.96484375 0.65234375 0
1107 0.89453125 0.64453125 0
1108 0.96484375 0.71484375 0
1109 0.859375 0.671875 0
1110 0.89453125 0.70703125 0
1111 0.89453125 0.76953125 0
1112 0.9296875 0.7421875 0
1113 0.859375 0.796875 0
1114 0.89453125 0.83203125 0
1115 0.96484375 0.77734375 0
1116 0.82421875 0.69921875 0
1117 0.7890625 0.7265625 0
1118 0.82421875 0.76171875 0
1119 0.96484375 0.83984375 0
1120 0.9296875 0.8671875 0
1121 0.96484375 0.90234375 0
1122 -0.96875 -0.03125 0
1123 -0.96875 -0.09375 0
1124 -0.9375 -0.125 0
1125 -0.96875 -0.15625 0
1126 -0.90625 -0.09375 0
1127 -0.90625 -0.15625 0
1128 -0.96875 -0.21875 0
1129 -0.875 -0.1875 0
1130 -0.90625 -0.21875 0
1131 -0.90625 -0.28125 0
1132 -0.9375 -0.25 0
1133 -0.875 -0.3125 0
1134 -0.90625 -0.34375 0
1135 -0.96875 -0.28125 0
1136 -0.84375 -0.15625 0
1137 -0.84375 -0.21875 0
1138 -0.8125 -0.25 0
1139 -0.84375 -0.28125 0
1140 -0.78125 -0.21875 0
1141 -0.78125 -0.28125 0
1142 -0.84375 -0.34375 0
1143 -0.96875 -0.34375 0
1144 -0.9375 -0.375 0
1145 -0.96875 -0.40625 0
1146 -0.90625 -0.40625 0
1147 -0.96875 -0.46875 0
1148 -0.75 -0.3125 0
1149 -0.78125 -0.34375 0
1150 -0.78125 -0.40625 0
1151 -0.8125 -0.375 0
1152 -0.75 -0.4375 0
1153 -0.78125 -0.46875 0
1154 -0.84375 -0.40625 0
1155 -0.78125 -0.53125 0
1156 -0.8125 -0.5 0
1157 -0.84375 -0.53125 0
1158 -0.84375 -0.46875 0
1159 -0.84375 -0.59375 0
1160 -0.875 -0.5625 0
1161 -0.875 -0.4375 0
1162 -0.75 -0.5625 0
1163 -0.78125 -0.59375 0
1164 -0.78125 -0.65625 0
1165 -0.8125 -0.625 0
1166 -0.75 -0.6875 0
1167 -0.78125 -0.71875 0
1168 -0.84375 -0.65625 0
1169 -0.90625 -0.46875 0
1170 -0.90625 -0.53125 0
1171 -0.9375 -0.5 0
1172 -0.90625 -0.59375 0
1173 -0.96875 -0.53125 0
1174 -0.71875 -0.28125 0
1175 -0.71875 -0.34375 0
1176 -0.6875 -0.375 0
1177 -0.71875 -0.40625 0
1178 -0.65625 -0.34375 0
1179 -0.65625 -0.40625 0
1180 -0.71875 -0.46875 0
1181 -0.625 -0.4375 0
1182 -0.65625 -0.46875 0
1183 -0.65625 -0.53125 0
1184 -0.6875 -0.5 0
1185 -0.625 -0.5625 0
1186 -0.65625 -0.59375 0
1187 -0.71875 -0.53125 0
1188 -0.59375 -0.40625 0
1189 -0.59375 -0.46875 0
1190 -0.5625 -0.5 0
1191 -0.59375 -0.53125 0
1192 -0.53125 -0.46875 0
1193 -0.53125 -0.53125 0
1194 -0.59375 -0.59375 0
1195 -0.71875 -0.59375 0
1196 -0.6875 -0.625 0
1197 -0.71875 -0.65625 0
1198 -0.65625 -0.65625 0
1199 -0.71875 -0.71875 0
1200 -0.96875 -0.59375 0
1201 -0.9375 -0.625 0
1202 -0.96875 -0.65625 0
1203 -0.90625 -0.65625 0
1204 -0.96875 -0.71875 0
1205 -0.875 -0.6875 0
1206 -0.90625 -0.71875 0
1207 -0.90625 -0.78125 0
1208 -0.9375 -0.75 0
1209 -0.875 -0.8125 0
1210 -0.90625 -0.84375 0
1211 -0.96875 -0.78125 0
1212 -0.84375 -0.71875 0
1213 -0.8125 -0.75 0
1214 -0.84375 -0.78125 0
1215 -0.78125 -0.78125 0
1216 -0.84375 -0.84375 0
1217 -0.96875 -0.84375 0
1218 -0.9375 -0.875 0
1219 -0.96875 -0.90625 0
1220 -0.90625 -0.90625 0
1221 -0.96875 -0.96875 0
1222 -0.90625 -0.96875 0
1223 -0.875 -0.9375 0
1224 -0.84375 -0.96875 0
1225 -0.84375 -0.90625 0
1226 -0.78125 -0.96875 0
1227 -0.8125 -0.875 0
1228 -0.78125 -0.90625 0
1229 -0.71875 -0.90625 0
1230 -0.75 -0.9375 0
1231 -0.6875 -0.875 0
1232 -0.65625 -0.90625 0
1233 -0.71875 -0.96875 0
1234 -0.78125 -0.84375 0
1235 -0.75 -0.8125 0
1236 -0.71875 -0.84375 0
1237 -0.71875 -0.78125 0
1238 -0.65625 -0.84375 0
1239 -0.65625 -0.96875 0
1240 -0.625 -0.9375 0
1241 -0.59375 -0.96875 0
1242 -0.59375 -0.90625 0
1243 -0.53125 -0.96875 0
1244 -0.6875 -0.75 0
1245 -0.65625 -0.78125 0
1246 -0.59375 -0.78125 0
1247 -0.625 -0.8125 0
1248 -0.5625 -0.75 0
1249 -0.53125 -0.78125 0
1250 -0.59375 -0.84375 0
1251 -0.46875 -0.78125 0
1252 -0.5 -0.8125 0
1253 -0.46875 -0.84375 0
1254 -0.53125 -0.84375 0
1255 -0.40625 -0.84375 0
1256 -0.4375 -0.875 0
1257 -0.5625 -0.875 0
1258 -0.4375 -0.75 0
1259 -0.40625 -0.78125 0
1260 -0.34375 -0.78125 0
1261 -0.375 -0.8125 0
1262 -0.3125 -0.75 0
1263 -0.28125 -0.78125 0
1264 -0.34375 -0.84375 0
1265 -0.53125 -0.90625 0
1266 -0.46875 -0.90625 0
1267 -0.5 -0.9375 0
1268 -0.40625 -0.90625 0
1269 -0.46875 -0.96875 0
1270 -0.65625 -0.71875 0
1271 -0.625 -0.6875 0
1272 -0.59375 -0.71875 0
1273 -0.59375 -0.65625 0
1274 -0.53125 -0.71875 0
1275 -0.5625 -0.625 0
1276 -0.53125 -0.65625 0
1277 -0.46875 -0.65625 0
1278 -0.5 -0.6875 0
1279 -0.4375 -0.625 0
1280 -0.40625 -0.65625 0
1281 -0.46875 -0.71875 0
1282 -0.53125 -0.59375 0
1283 -0.5 -0.5625 0
1284 -0.46875 -0.59375 0
1285 -0.46875 -0.53125 0
1286 -0.40625 -0.59375 0
1287 -0.40625 -0.71875 0
1288 -0.375 -0.6875 0
1289 -0.34375 -0.71875 0
1290 -0.34375 -0.65625 0
1291 -0.28125 -0.71875 0
1292 -0.40625 -0.96875 0
1293 -0.375 -0.9375 0
1294 -0.34375 -0.96875 0
1295 -0.34375 -0.90625 0
1296 -0.28125 -0.96875 0
1297 -0.3125 -0.875 0
1298 -0.28125 -0.90625 0
1299 -0.21875 -0.90625 0
1300 -0.25 -0.9375 0
1301 -0.1875 -0.875 0
1302 -0.15625 -0.90625 0
1303 -0.21875 -0.96875 0
1304 -0.28125 -0.84375 0
1305 -0.25 -0.8125 0
1306 -0.21875 -0.84375 0
1307 -0.21875 -0.78125 0
1308 -0.15625 -0.84375 0
1309 -0.15625 -0.96875 0
1310 -0.125 -0.9375 0
1311 -0.09375 -0.96875 0
1312 -0.09375 -0.90625 0
1313 -0.03125 -0.96875 0
1314 -0.2150878906249999 0.2150878906250001 0
1315 -0.2307128906249999 0.1682128906250001 0
1316 -0.2656249999999999 0.2031250000000001 0
1317 -0.1958007812499999 0.1333007812500001 0
1318 -0.2463378906249999 0.1213378906250001 0
1319 -0.1452636718749999 0.1452636718750001 0
1320 -0.1608886718749999 0.09838867187500008 0
1321 -0.2619628906249999 0.07446289062500008 0
1322 -0.2968749999999999 0.1093750000000001 0
1323 -0.1259765624999999 0.0634765625000001 0
1324 -0.1765136718749999 0.05151367187500008 0
1325 -0.1921386718749999 0.004638671875000087 0
1326 -0.2270507812499999 0.03955078125000008 0
1327 -0.1572265625 -0.03027343749999991 0
1328 -0.207763671875 -0.04223632812499992 0
1329 -0.2775878906249999 0.02758789062500008 0
1330 -0.07543945312499993 0.0754394531250001 0
1331 -0.09106445312499994 0.0285644531250001 0
1332 -0.05615234374999997 -0.006347656249999899 0
1333 -0.106689453125 -0.01831054687499991 0
1334 -0.005615234374999976 0.005615234375000108 0
1335 -0.021240234375 -0.0412597656249999 0
1336 -0.122314453125 -0.06518554687499992 0
1337 -0.2932128906249999 -0.01928710937499991 0
1338 -0.3281249999999999 0.01562500000000009 0
1339 -0.2583007812499999 -0.05419921874999992 0
1340 -0.3088378906249999 -0.06616210937499992 0
1341 -0.223388671875 -0.08911132812499992 0
1342 -0.3244628906249999 -0.1130371093749999 0
1343 -0.3593749999999999 -0.0781249999999999 0
1344 0.01367187499999999 -0.07617187499999989 0
1345 -0.03686523437500001 -0.08813476562499989 0
1346 -0.05249023437500001 -0.1350097656249999 0
1347 -0.08740234375 -0.1000976562499999 0
1348 -0.01757812500000002 -0.1699218749999999 0
1349 -0.06811523437500003 -0.1818847656249999 0
1350 -0.137939453125 -0.1120605468749999 0
1351 -0.08374023437500001 -0.2287597656249999 0
1352 -0.11865234375 -0.1938476562499999 0
1353 -0.169189453125 -0.2058105468749999 0
1354 -0.153564453125 -0.1589355468749999 0
1355 -0.184814453125 -0.252685546875 0
1356 -0.2197265625 -0.2177734375 0
1357 -0.1884765625 -0.1240234374999999 0
1358 -0.04882812500000003 -0.2636718749999999 0
1359 -0.09936523437500003 -0.2756347656249999 0
1360 -0.114990234375 -0.322509765625 0
1361 -0.14990234375 -0.28759765625 0
1362 -0.08007812500000006 -0.357421875 0
1363 -0.1306152343750001 -0.369384765625 0
1364 -0.200439453125 -0.299560546875 0
1365 -0.239013671875 -0.1359863281249999 0
1366 -0.254638671875 -0.1828613281249999 0
1367 -0.2895507812499999 -0.1479492187499999 0
1368 -0.270263671875 -0.229736328125 0
1369 -0.3400878906249999 -0.1599121093749999 0
1370 0.064208984375 -0.06420898437499989 0
1371 0.04858398437499999 -0.1110839843749999 0
1372 0.08349609375 -0.1459960937499999 0
1373 0.03295898437499999 -0.1579589843749999 0
1374 0.134033203125 -0.1340332031249999 0
1375 0.118408203125 -0.1809082031249999 0
1376 0.01733398437499998 -0.2048339843749999 0
1377 0.1533203125 -0.2158203124999999 0
1378 0.102783203125 -0.2277832031249999 0
1379 0.08715820312499994 -0.2746582031249999 0
1380 0.05224609374999996 -0.2397460937499999 0
1381 0.1220703124999999 -0.3095703125 0
1382 0.07153320312499992 -0.321533203125 0
1383 0.001708984374999955 -0.2517089843749999 0
1384 0.203857421875 -0.2038574218749999 0
1385 0.1882324218749999 -0.2507324218749999 0
1386 0.2231445312499999 -0.2856445312499999 0
1387 0.1726074218749999 -0.2976074218749999 0
1388 0.2736816406249999 -0.2736816406249999 0
1389 0.2580566406249999 -0.3205566406249999 0
1390 0.1569824218749999 -0.344482421875 0
1391 -0.01391601562500005 -0.2985839843749999 0
1392 0.02099609374999993 -0.33349609375 0
1393 -0.02954101562500006 -0.345458984375 0
1394 0.05590820312499992 -0.368408203125 0
1395 -0.04516601562500007 -0.392333984375 0
1396 -0.3557128906249999 -0.2067871093749999 0
1397 -0.3906249999999999 -0.1718749999999999 0
1398 -0.32080078125 -0.24169921875 0
1399 -0.371337890625 -0.253662109375 0
1400 -0.285888671875 -0.276611328125 0
1401 -0.386962890625 -0.300537109375 0
1402 -0.421875 -0.265625 0
1403 -0.2509765625 -0.3115234375 0
1404 -0.301513671875 -0.323486328125 0
1405 -0.317138671875 -0.370361328125 0
1406 -0.35205078125 -0.33544921875 0
1407 -0.2822265625 -0.4052734375 0
1408 -0.332763671875 -0.417236328125 0
1409 -0.402587890625 -0.347412109375 0
1410 -0.216064453125 -0.346435546875 0
1411 -0.18115234375 -0.38134765625 0
1412 -0.231689453125 -0.393310546875 0
1413 -0.1462402343750001 -0.416259765625 0
1414 -0.247314453125 -0.440185546875 0
1415 -0.418212890625 -0.394287109375 0
1416 -0.453125 -0.359375 0
1417 -0.38330078125 -0.42919921875 0
1418 -0.433837890625 -0.441162109375 0
1419 -0.348388671875 -0.464111328125 0
1420 -0.449462890625 -0.488037109375 0
1421 -0.484375 -0.453125 0
1422 -0.418212890625 -0.519287109375 0
1423 -0.36767578125 -0.50732421875 0
1424 -0.386962890625 -0.550537109375 0
1425 -0.317138671875 -0.495361328125 0
1426 -0.355712890625 -0.581787109375 0
1427 -0.2666015625 -0.4833984375 0
1428 -0.285888671875 -0.526611328125 0
1429 -0.254638671875 -0.557861328125 0
1430 -0.30517578125 -0.56982421875 0
1431 -0.2041015625 -0.5458984375 0
1432 -0.223388671875 -0.589111328125 0
1433 -0.324462890625 -0.613037109375 0
1434 -0.216064453125 -0.471435546875 0
1435 -0.16552734375 -0.45947265625 0
1436 -0.184814453125 -0.502685546875 0
1437 -0.114990234375 -0.447509765625 0
1438 -0.153564453125 -0.533935546875 0
1439 -0.293212890625 -0.644287109375 0
1440 -0.24267578125 -0.63232421875 0
1441 -0.261962890625 -0.675537109375 0
1442 -0.192138671875 -0.620361328125 0
1443 -0.230712890625 -0.706787109375 0
1444 -0.06445312500000006 -0.435546875 0
1445 -0.08374023437500004 -0.478759765625 0
1446 -0.05249023437500004 -0.510009765625 0
1447 -0.10302734375 -0.52197265625 0
1448 -0.001953125000000057 -0.498046875 0
1449 -0.02124023437500004 -0.541259765625 0
1450 -0.122314453125 -0.565185546875 0
1451 0.01000976562499995 -0.572509765625 0
1452 -0.04052734375000003 -0.58447265625 0
1453 -0.05981445312500003 -0.627685546875 0
1454 -0.09106445312500003 -0.596435546875 0
1455 -0.02856445312500003 -0.658935546875 0
1456 -0.07910156250000003 -0.6708984375 0
1457 -0.1416015625 -0.6083984375 0
1458 0.06054687499999996 -0.560546875 0
1459 0.04125976562499997 -0.603759765625 0
1460 0.07250976562499997 -0.635009765625 0
1461 0.02197265624999997 -0.64697265625 0
1462 0.123046875 -0.623046875 0
1463 0.103759765625 -0.666259765625 0
1464 0.002685546874999979 -0.690185546875 0
1465 -0.160888671875 -0.651611328125 0
1466 -0.129638671875 -0.682861328125 0
1467 -0.18017578125 -0.69482421875 0
1468 -0.09838867187500001 -0.714111328125 0
1469 -0.199462890625 -0.738037109375 0
1470 -0.01391601562500007 -0.423583984375 0
1471 0.03662109374999992 -0.41162109375 0
1472 0.01733398437499993 -0.454833984375 0
1473 0.08715820312499992 -0.399658203125 0
1474 0.04858398437499993 -0.486083984375 0
1475 0.1376953124999999 -0.3876953125 0
1476 0.1184082031249999 -0.430908203125 0
1477 0.1496582031249999 -0.462158203125 0
1478 0.09912109374999992 -0.47412109375 0
1479 0.2001953124999999 -0.4501953125 0
1480 0.1809082031249999 -0.493408203125 0
1481 0.07983398437499993 -0.517333984375 0
1482 0.1882324218749999 -0.375732421875 0
1483 0.2387695312499999 -0.3637695312499999 0
1484 0.2194824218749999 -0.406982421875 0
1485 0.1110839843749999 -0.548583984375 0
1486 0.1616210937499999 -0.53662109375 0
1487 0.1423339843749999 -0.579833984375 0
1488 -0.168212890625 -0.769287109375 0
1489 -0.11767578125 -0.75732421875 0
1490 -0.136962890625 -0.800537109375 0
1491 -0.06713867187500003 -0.745361328125 0
1492 -0.105712890625 -0.831787109375 0
1493 -0.01660156250000002 -0.7333984375 0
1494 -0.03588867187500001 -0.776611328125 0
1495 -0.004638671875000014 -0.807861328125 0
1496 -0.05517578125000001 -0.81982421875 0
1497 0.04589843749999999 -0.7958984375 0
1498 0.02661132812499999 -0.839111328125 0
1499 -0.074462890625 -0.863037109375 0
1500 0.03393554687499999 -0.721435546875 0
1501 0.08447265625 -0.70947265625 0
1502 0.06518554687499999 -0.752685546875 0
1503 -0.043212890625 -0.894287109375 0
1504 0.007324218749999993 -0.88232421875 0
1505 -0.011962890625 -0.925537109375 0
1506 -0.921875 -0.01562499999999999 0
1507 -0.875 1.387778780781446e-17 0
1508 -0.890625 -0.04687499999999999 0
1509 -0.828125 0.01562500000000002 0
1510 -0.859375 -0.078125 0
1511 -0.78125 0.03125000000000003 0
1512 -0.796875 -0.01562499999999998 0
1513 -0.765625 -0.04687499999999998 0
1514 -0.8125 -0.06249999999999999 0
1515 -0.71875 -0.03124999999999997 0
1516 -0.734375 -0.07812499999999997 0
1517 -0.828125 -0.109375 0
1518 -0.734375 0.04687500000000005 0
1519 -0.6875 0.06250000000000007 0
1520 -0.703125 0.01562500000000005 0
1521 -0.640625 0.07812500000000008 0
1522 -0.671875 -0.01562499999999995 0
1523 -0.796875 -0.140625 0
1524 -0.75 -0.125 0
1525 -0.765625 -0.171875 0
1526 -0.703125 -0.109375 0
1527 -0.734375 -0.203125 0
1528 -0.59375 0.0937500000000001 0
1529 -0.609375 0.04687500000000008 0
1530 -0.578125 0.01562500000000006 0
1531 -0.625 5.551115123125783e-17 0
1532 -0.53125 0.03125000000000007 0
1533 -0.546875 -0.01562499999999995 0
1534 -0.640625 -0.04687499999999997 0
1535 -0.515625 -0.04687499999999996 0
1536 -0.5625 -0.06249999999999997 0
1537 -0.578125 -0.109375 0
1538 -0.609375 -0.07812499999999997 0
1539 -0.546875 -0.140625 0
1540 -0.59375 -0.15625 0
1541 -0.65625 -0.09374999999999997 0
1542 -0.46875 -0.03124999999999993 0
1543 -0.484375 -0.07812499999999994 0
1544 -0.4531249999999999 -0.1093749999999999 0
1545 -0.5 -0.125 0
1546 -0.4062499999999999 -0.09374999999999992 0
1547 -0.4218749999999999 -0.1406249999999999 0
1548 -0.515625 -0.171875 0
1549 -0.671875 -0.140625 0
1550 -0.640625 -0.171875 0
1551 -0.6875 -0.1875 0
1552 -0.609375 -0.203125 0
1553 -0.703125 -0.234375 0
1554 -0.546875 0.1093750000000001 0
1555 -0.5 0.1250000000000001 0
1556 -0.515625 0.07812500000000008 0
1557 -0.4531249999999999 0.1406250000000001 0
1558 -0.484375 0.04687500000000007 0
1559 -0.4062499999999999 0.1562500000000001 0
1560 -0.4218749999999999 0.1093750000000001 0
1561 -0.3906249999999999 0.07812500000000008 0
1562 -0.4374999999999999 0.06250000000000008 0
1563 -0.3437499999999999 0.0937500000000001 0
1564 -0.3593749999999999 0.04687500000000008 0
1565 -0.453125 0.01562500000000006 0
1566 -0.3593749999999999 0.1718750000000001 0
1567 -0.3124999999999999 0.1875000000000001 0
1568 -0.3281249999999999 0.1406250000000001 0
1569 -0.4218749999999999 -0.01562499999999993 0
1570 -0.3749999999999999 7.979727989493313e-17 0
1571 -0.3906249999999999 -0.04687499999999992 0
1572 -0.671875 -0.265625 0
1573 -0.625 -0.25 0
1574 -0.640625 -0.296875 0
1575 -0.578125 -0.234375 0
1576 -0.609375 -0.328125 0
1577 -0.53125 -0.21875 0
1578 -0.546875 -0.265625 0
1579 -0.515625 -0.296875 0
1580 -0.5625 -0.3125 0
1581 -0.46875 -0.28125 0
1582 -0.484375 -0.328125 0
1583 -0.578125 -0.359375 0
1584 -0.484375 -0.203125 0
1585 -0.4374999999999999 -0.1874999999999999 0
1586 -0.453125 -0.234375 0
1587 -0.546875 -0.390625 0
1588 -0.5 -0.375 0
1589 -0.515625 -0.421875 0
1590 0.4294433593750002 0.3908691406250001 0
1591 0.3864746093750002 0.3791503906250001 0
1592 0.3945312500000002 0.4257812500000001 0
1593 0.3784179687500001 0.3325195312500001 0
1594 0.3435058593750001 0.3674316406250001 0
1595 0.4133300781250001 0.2976074218750001 0
1596 0.3703613281250001 0.2858886718750001 0
1597 0.3005371093750001 0.3557128906250001 0
1598 0.3085937500000001 0.4023437500000001 0
1599 0.3623046875000001 0.2392578125000001 0
1600 0.3273925781250001 0.2741699218750001 0
1601 0.2844238281250001 0.2624511718750001 0
1602 0.2924804687500001 0.3090820312500001 0
1603 0.2763671875000001 0.2158203125000001 0
1604 0.2414550781250001 0.2507324218750001 0
1605 0.2575683593750001 0.3439941406250001 0
1606 0.3972167968750001 0.2043457031250001 0
1607 0.3542480468750001 0.1926269531250001 0
1608 0.3461914062500001 0.1459960937500001 0
1609 0.3112792968750001 0.1809082031250001 0
1610 0.3811035156250001 0.1110839843750001 0
1611 0.3381347656250001 0.09936523437500011 0
1612 0.2683105468750001 0.1691894531250001 0
1613 0.2145996093750001 0.3322753906250001 0
1614 0.2226562500000001 0.3789062500000001 0
1615 0.2065429687500001 0.2856445312500001 0
1616 0.1716308593750001 0.3205566406250001 0
1617 0.1984863281250001 0.2390136718750001 0
1618 0.1286621093750001 0.3088378906250001 0
1619 0.1367187500000001 0.3554687500000001 0
1620 0.3300781250000001 0.05273437500000011 0
1621 0.2951660156250001 0.08764648437500011 0
1622 0.2521972656250001 0.07592773437500011 0
1623 0.2602539062500001 0.1225585937500001 0
1624 0.244140625 0.02929687500000011 0
1625 0.209228515625 0.06420898437500011 0
1626 0.2253417968750001 0.1574707031250001 0
1627 0.166259765625 0.05249023437500011 0
1628 0.1743164062500001 0.09912109375000011 0
1629 0.1394042968750001 0.1340332031250001 0
1630 0.1823730468750001 0.1457519531250001 0
1631 0.09643554687500004 0.1223144531250001 0
1632 0.1044921875000001 0.1689453125000001 0
1633 0.1904296875000001 0.1923828125000001 0
1634 0.158203125 0.005859375000000111 0
1635 0.123291015625 0.04077148437500011 0
1636 0.08032226562500001 0.02905273437500011 0
1637 0.08837890625000003 0.07568359375000011 0
1638 0.072265625 -0.01757812499999989 0
1639 0.03735351562500001 0.01733398437500011 0
1640 0.05346679687500004 0.1105957031250001 0
1641 0.1555175781250001 0.2272949218750001 0
1642 0.1125488281250001 0.2155761718750001 0
1643 0.1206054687500001 0.2622070312500001 0
1644 0.06958007812500007 0.2038574218750001 0
1645 0.0856933593750001 0.2971191406250001 0
1646 0.3649902343750001 0.01782226562500011 0
1647 0.3220214843750001 0.006103515625000108 0
1648 0.31396484375 -0.0405273437499999 0
1649 0.279052734375 -0.005615234374999892 0
1650 0.348876953125 -0.0754394531249999 0
1651 0.305908203125 -0.0871582031249999 0
1652 0.236083984375 -0.01733398437499989 0
1653 0.2978515625 -0.1337890624999999 0
1654 0.262939453125 -0.09887695312499989 0
1655 0.219970703125 -0.1105957031249999 0
1656 0.22802734375 -0.06396484374999989 0
1657 0.2119140625 -0.1572265624999999 0
1658 0.177001953125 -0.1223144531249999 0
1659 0.193115234375 -0.02905273437499989 0
1660 0.332763671875 -0.1687011718749999 0
1661 0.289794921875 -0.1804199218749999 0
1662 0.2817382812499999 -0.2270507812499999 0
1663 0.246826171875 -0.1921386718749999 0
1664 0.3166503906249999 -0.2619628906249999 0
1665 0.150146484375 -0.04077148437499989 0
1666 0.14208984375 -0.08740234374999989 0
1667 0.107177734375 -0.05249023437499989 0
1668 0.0427246093750001 0.2854003906250001 0
1669 0.05078125000000011 0.3320312500000001 0
1670 0.03466796875000008 0.2387695312500001 0
1671 -0.0002441406249999011 0.2736816406250001 0
1672 0.02661132812500008 0.1921386718750001 0
1673 -0.0432128906249999 0.2619628906250001 0
1674 -0.03515624999999989 0.3085937500000001 0
1675 0.01855468750000007 0.1455078125000001 0
1676 -0.01635742187499992 0.1804199218750001 0
1677 -0.0593261718749999 0.1687011718750001 0
1678 -0.0512695312499999 0.2153320312500001 0
1679 -0.06738281249999992 0.1220703125000001 0
1680 -0.1022949218749999 0.1569824218750001 0
1681 -0.08618164062499989 0.2502441406250001 0
1682 0.01049804687500005 0.09887695312500011 0
1683 0.002441406250000038 0.05224609375000011 0
1684 -0.03247070312499994 0.08715820312500011 0
1685 -0.1291503906249999 0.2385253906250001 0
1686 -0.1210937499999999 0.2851562500000001 0
1687 -0.1372070312499999 0.1918945312500001 0
1688 -0.1721191406249999 0.2268066406250001 0
1689 -0.2070312499999999 0.2617187500000001 0
1690 0.921630859375 0.008056640625000003 0
1691 0.87841796875 -0.01123046874999999 0
1692 0.886474609375 0.035400390625 0
1693 0.835205078125 -0.03051757812499999 0
1694 0.851318359375 0.062744140625 0
1695 0.7919921875 -0.04980468749999999 0
1696 0.800048828125 -0.003173828124999986 0
1697 0.764892578125 0.02416992187500002 0
1698 0.80810546875 0.04345703125000001 0
1699 0.7216796875 0.004882812500000024 0
1700 0.729736328125 0.05151367187500002 0
1701 0.816162109375 0.090087890625 0
1702 0.748779296875 -0.06909179687499999 0
1703 0.70556640625 -0.08837890625 0
1704 0.713623046875 -0.04174804687499999 0
1705 0.662353515625 -0.107666015625 0
1706 0.678466796875 -0.01440429687499998 0
1707 0.781005859375 0.117431640625 0
1708 0.73779296875 0.09814453125000003 0
1709 0.745849609375 0.1447753906250001 0
1710 0.694580078125 0.07885742187500004 0
1711 0.710693359375 0.1721191406250001 0
1712 0.619140625 -0.126953125 0
1713 0.627197265625 -0.08032226562499997 0
1714 0.592041015625 -0.05297851562499996 0
1715 0.63525390625 -0.03369140624999997 0
1716 0.548828125 -0.07226562499999994 0
1717 0.556884765625 -0.02563476562499994 0
1718 0.643310546875 0.01293945312500004 0
1719 0.521728515625 0.00170898437500008 0
1720 0.56494140625 0.02099609375000007 0
1721 0.572998046875 0.06762695312500008 0
1722 0.608154296875 0.04028320312500006 0
1723 0.537841796875 0.0949707031250001 0
1724 0.5810546875 0.1142578125000001 0
1725 0.6513671875 0.05957031250000005 0
1726 0.478515625 -0.01757812499999992 0
1727 0.486572265625 0.02905273437500009 0
1728 0.4514160156250001 0.0563964843750001 0
1729 0.4946289062500001 0.0756835937500001 0
1730 0.4082031250000001 0.0371093750000001 0
1731 0.4162597656250001 0.08374023437500011 0
1732 0.5026855468750001 0.1223144531250001 0
1733 0.659423828125 0.1062011718750001 0
1734 0.624267578125 0.1335449218750001 0
1735 0.66748046875 0.1528320312500001 0
1736 0.5891113281250001 0.1608886718750001 0
1737 0.6755371093750001 0.1994628906250001 0
1738 0.575927734375 -0.1462402343749999 0
1739 0.53271484375 -0.1655273437499999 0
1740 0.540771484375 -0.1188964843749999 0
1741 0.489501953125 -0.1848144531249999 0
1742 0.505615234375 -0.09155273437499992 0
1743 0.4462890625 -0.2041015624999999 0
1744 0.454345703125 -0.1574707031249999 0
1745 0.419189453125 -0.1301269531249999 0
1746 0.46240234375 -0.1108398437499999 0
1747 0.3759765625 -0.1494140624999999 0
1748 0.384033203125 -0.1027832031249999 0
1749 0.470458984375 -0.06420898437499992 0
1750 0.403076171875 -0.2233886718749999 0
1751 0.3598632812499999 -0.2426757812499999 0
1752 0.367919921875 -0.1960449218749999 0
1753 0.435302734375 -0.03686523437499992 0
1754 0.39208984375 -0.0561523437499999 0
1755 0.4001464843750001 -0.009521484374999903 0
1756 0.6403808593750001 0.2268066406250001 0
1757 0.5971679687500001 0.2075195312500001 0
1758 0.6052246093750001 0.2541503906250001 0
1759 0.5539550781250001 0.1882324218750001 0
1760 0.5700683593750001 0.2814941406250001 0
1761 0.5107421875000001 0.1689453125000001 0
1762 0.5187988281250001 0.2155761718750001 0
1763 0.4836425781250001 0.2429199218750001 0
1764 0.5268554687500001 0.2622070312500001 0
1765 0.4404296875000001 0.2236328125000001 0
1766 0.4484863281250001 0.2702636718750001 0
1767 0.5349121093750001 0.3088378906250001 0
1768 0.4675292968750001 0.1496582031250001 0
1769 0.4243164062500001 0.1303710937500001 0
1770 0.4323730468750001 0.1770019531250001 0
1771 0.4997558593750002 0.3361816406250001 0
1772 0.4565429687500001 0.3168945312500001 0
1773 0.4645996093750002 0.3635253906250001 0
1774 0.01171875000000001 0.91796875 0
1775 0.03906250000000001 0.8828125 0
1776 -0.003906249999999986 0.87109375 0
1777 0.06640625 0.84765625 0
1778 -0.01953124999999998 0.82421875 0
1779 0.09375000000000003 0.8125 0
1780 0.05078125000000003 0.80078125 0
1781 0.03515625000000005 0.75390625 0
1782 0.007812500000000035 0.7890625 0
1783 0.06250000000000006 0.71875 0
1784 0.01953125000000007 0.70703125 0
1785 -0.03515624999999996 0.77734375 0
1786 0.1210937500000001 0.77734375 0
1787 0.1484375000000001 0.7421875 0
1788 0.1054687500000001 0.73046875 0
1789 0.1757812500000001 0.70703125 0
1790 0.0898437500000001 0.68359375 0
1791 -0.05078124999999994 0.73046875 0
1792 -0.02343749999999993 0.6953125 0
1793 -0.06640624999999993 0.68359375 0
1794 0.003906250000000087 0.66015625 0
1795 -0.0820312499999999 0.63671875 0
1796 0.2031250000000001 0.671875 0
1797 0.1601562500000001 0.66015625 0
1798 0.1445312500000001 0.61328125 0
1799 0.1171875000000001 0.6484375 0
1800 0.1718750000000001 0.578125 0
1801 0.1289062500000001 0.56640625 0
1802 0.07421875000000008 0.63671875 0
1803 0.1132812500000001 0.51953125 0
1804 0.0859375000000001 0.5546875 0
1805 0.04296875000000009 0.54296875 0
1806 0.05859375000000009 0.58984375 0
1807 0.02734375000000009 0.4960937500000001 0
1808 8.153200337090993e-17 0.53125 0
1809 0.03125000000000008 0.625 0
1810 0.1406250000000001 0.484375 0
1811 0.09765625000000011 0.47265625 0
1812 0.08203125000000011 0.4257812500000001 0
1813 0.0546875000000001 0.4609375000000001 0
1814 0.1093750000000001 0.3906250000000001 0
1815 0.06640625000000011 0.3789062500000001 0
1816 0.01171875000000009 0.4492187500000001 0
1817 -0.01171874999999991 0.61328125 0
1818 -0.02734374999999992 0.56640625 0
1819 -0.05468749999999992 0.6015625 0
1820 -0.04296874999999992 0.51953125 0
1821 -0.09765624999999992 0.58984375 0
1822 0.2304687500000001 0.63671875 0
1823 0.2578125000000001 0.6015625 0
1824 0.2148437500000001 0.58984375 0
1825 0.2851562500000001 0.56640625 0
1826 0.1992187500000001 0.54296875 0
1827 0.3125000000000001 0.53125 0
1828 0.2695312500000001 0.51953125 0
1829 0.2539062500000001 0.4726562500000001 0
1830 0.2265625000000001 0.5078125 0
1831 0.2812500000000001 0.4375000000000001 0
1832 0.2382812500000001 0.4257812500000001 0
1833 0.1835937500000001 0.49609375 0
1834 0.3398437500000001 0.49609375 0
1835 0.3671875000000002 0.4609375000000001 0
1836 0.3242187500000001 0.4492187500000001 0
1837 0.1679687500000001 0.4492187500000001 0
1838 0.1953125000000001 0.4140625000000001 0
1839 0.1523437500000001 0.4023437500000001 0
1840 -0.1132812499999999 0.54296875 0
1841 -0.08593749999999992 0.5078125 0
1842 -0.1289062499999999 0.4960937500000001 0
1843 -0.05859374999999991 0.4726562500000001 0
1844 -0.1445312499999999 0.4492187500000001 0
1845 -0.03124999999999991 0.4375000000000001 0
1846 -0.0742187499999999 0.4257812500000001 0
1847 -0.08984374999999989 0.3789062500000001 0
1848 -0.1171874999999999 0.4140625000000001 0
1849 -0.0624999999999999 0.3437500000000001 0
1850 -0.1054687499999999 0.3320312500000001 0
1851 -0.1601562499999999 0.4023437500000001 0
1852 -0.003906249999999903 0.4023437500000001 0
1853 0.0234375000000001 0.3671875000000001 0
1854 -0.0195312499999999 0.3554687500000001 0
1855 -0.1757812499999999 0.3554687500000001 0
1856 -0.1484374999999999 0.3203125000000001 0
1857 -0.1914062499999999 0.3085937500000001 0
$EndNodes
$Elements
3716
1 15 2 0 1 1
2 15 2 0 2 2
3 15 2 0 3 3
4 15 2 0 4 4
5 1 2 0 1 1 5
6 1 2 0 1 5 29
7 1 2 0 1 29 20
8 1 2 0 1 20 21
9 1 2 0 1 21 19
10 1 2 0 1 19 28
11 1 2 0 1 28 18
12 1 2 0 1 18 35
13 1 2 0 1 35 17
14 1 2 0 1 17 27
15 1 2 0 1 27 16
16 1 2 0 1 16 34
17 1 2 0 1 34 15
18 1 2 0 1 15 26
19 1 2 0 1 26 14
20 1 2 0 1 14 33
21 1 2 0 1 33 13
22 1 2 0 1 13 25
23 1 2 0 1 25 12
24 1 2 0 1 12 32
25 1 2 0 1 32 11
26 1 2 0 1 11 24
27 1 2 0 1 24 10
28 1 2 0 1 10 31
29 1 2 0 1 31 9
30 1 2 0 1 9 23
31 1 2 0 1 23 8
32 1 2 0 1 8 30
33 1 2 0 1 30 7
34 1 2 0 1 7 22
35 1 2 0 1 22 6
36 1 2 0 1 6 3
37 1 2 0 2 3 36
38 1 2 0 2 36 60
39 1 2 0 2 60 51
40 1 2 0 2 51 52
41 1 2 0 2 52 50
42 1 2 0 2 50 59
43 1 2 0 2 59 49
44 1 2 0 2 49 66
45 1 2 0 2 66 48
46 1 2 0 2 48 58
47 1 2 0 2 58 47
48 1 2 0 2 47 65
49 1 2 0 2 65 46
50 1 2 0 2 46 57
51 1 2 0 2 57 45
52 1 2 0 2 45 64
53 1 2 0 2 64 44
54 1 2 0 2 44 56
55 1 2 0 2 56 43
56 1 2 0 2 43 63
57 1 2 0 2 63 42
58 1 2 0 2 42 55
59 1 2 0 2 55 41
60 1 2 0 2 41 62
61 1 2 0 2 62 40
62 1 2 0 2 40 54
63 1 2 0 2 54 39
64 1 2 0 2 39 61
65 1 2 0 2 61 38
66 1 2 0 2 38 53
67 1 2 0 2 53 37
68 1 2 0 2 37 2
69 1 2 0 3 2 67
70 1 2 0 3 67 91
71 1 2 0 3 91 82
72 1 2 0 3 82 83
73 1 2 0 3 83 81
74 1 2 0 3 81 90
75 1 2 0 3 90 80
76 1 2 0 3 80 97
77 1 2 0 3 97 79
78 1 2 0 3 79 89
79 1 2 0 3 89 78
80 1 2 0 3 78 96
81 1 2 0 3 96 77
82 1 2 0 3 77 88
83 1 2 0 3 88 76
84 1 2 0 3 76 95
85 1 2 0 3 95 75
86 1 2 0 3 75 87
87 1 2 0 3 87 74
88 1 2 0 3 74 94
89 1 2 0 3 94 73
90 1 2 0 3 73 86
91 1 2 0 3 86 72
92 1 2 0 3 72 93
93 1 2 0 3 93 71
94 1 2 0 3 71 85
95 1 2 0 3 85 70
96 1 2 0 3 70 92
97 1 2 0 3 92 69
98 1 2 0 3 69 84
99 1 2 0 3 84 68
100 1 2 0 3 68 4
101 1 2 0 4 4 98
102 1 2 0 4 98 122
103 1 2 0 4 122 113
104 1 2 0 4 113 114
105 1 2 0 4 114 112
106 1 2 0 4 112 121
107 1 2 0 4 121 111
108 1 2 0 4 111 128
109 1 2 0 4 128 110
110 1 2 0 4 110 120
111 1 2 0 4 120 109
112 1 2 0 4 109 127
113 1 2 0 4 127 108
114 1 2 0 4 108 119
115 1 2 0 4 119 107
116 1 2 0 4 107 126
117 1 2 0 4 126 106
118 1 2 0 4 106 118
119 1 2 0 4 118 105
120 1 2 0 4 105 125
121 1 2 0 4 125 104
122 1 2 0 4 104 117
123 1 2 0 4 117 103
124 1 2 0 4 103 124
125 1 2 0 4 124 102
126 1 2 0 4 102 116
127 1 2 0 4 116 101
128 1 2 0 4 101 123
129 1 2 0 4 123 100
130 1 2 0 4 100 115
131 1 2 0 4 115 99
132 1 2 0 4 99 1
133 2 2 0 1 3 546 6
134 2 2 0 1 546 547 6
135 2 2 0 1 546 226 547
136 2 2 0 1 6 547 22
137 2 2 0 1 226 548 547
138 2 2 0 1 548 549 547
139 2 2 0 1 548 227 549
140 2 2 0 1 547 549 22
141 2 2 0 1 226 550 548
142 2 2 0 1 550 551 548
143 2 2 0 1 550 150 551
144 2 2 0 1 548 551 227
145 2 2 0 1 22 549 7
146 2 2 0 1 549 552 7
147 2 2 0 1 549 227 552
148 2 2 0 1 7 552 30
149 2 2 0 1 150 553 551
150 2 2 0 1 553 554 551
151 2 2 0 1 553 228 554
152 2 2 0 1 551 554 227
153 2 2 0 1 228 555 554
154 2 2 0 1 555 556 554
155 2 2 0 1 555 229 556
156 2 2 0 1 554 556 227
157 2 2 0 1 228 557 555
158 2 2 0 1 557 558 555
159 2 2 0 1 557 151 558
160 2 2 0 1 555 558 229
161 2 2 0 1 227 556 552
162 2 2 0 1 556 559 552
163 2 2 0 1 556 229 559
164 2 2 0 1 552 559 30
165 2 2 0 1 150 560 553
166 2 2 0 1 560 561 553
167 2 2 0 1 560 230 561
168 2 2 0 1 553 561 228
169 2 2 0 1 230 562 561
170 2 2 0 1 562 563 561
171 2 2 0 1 562 231 563
172 2 2 0 1 561 563 228
173 2 2 0 1 230 564 562
174 2 2 0 1 564 565 562
175 2 2 0 1 564 133 565
176 2 2 0 1 562 565 231
177 2 2 0 1 228 563 557
178 2 2 0 1 563 566 557
179 2 2 0 1 563 231 566
180 2 2 0 1 557 566 151
181 2 2 0 1 30 559 8
182 2 2 0 1 559 567 8
183 2 2 0 1 559 229 567
184 2 2 0 1 8 567 23
185 2 2 0 1 229 568 567
186 2 2 0 1 568 569 567
187 2 2 0 1 568 232 569
188 2 2 0 1 567 569 23
189 2 2 0 1 229 558 568
190 2 2 0 1 558 570 568
191 2 2 0 1 558 151 570
192 2 2 0 1 568 570 232
193 2 2 0 1 23 569 9
194 2 2 0 1 569 571 9
195 2 2 0 1 569 232 571
196 2 2 0 1 9 571 31
197 2 2 0 1 133 572 565
198 2 2 0 1 572 573 565
199 2 2 0 1 572 233 573
200 2 2 0 1 565 573 231
201 2 2 0 1 233 574 573
202 2 2 0 1 574 575 573
203 2 2 0 1 574 234 575
204 2 2 0 1 573 575 231
205 2 2 0 1 233 576 574
206 2 2 0 1 576 577 574
207 2 2 0 1 576 152 577
208 2 2 0 1 574 577 234
209 2 2 0 1 231 575 566
210 2 2 0 1 575 578 566
211 2 2 0 1 575 234 578
212 2 2 0 1 566 578 151
213 2 2 0 1 152 579 577
214 2 2 0 1 579 580 577
215 2 2 0 1 579 235 580
216 2 2 0 1 577 580 234
217 2 2 0 1 235 581 580
218 2 2 0 1 581 582 580
219 2 2 0 1 581 236 582
220 2 2 0 1 580 582 234
221 2 2 0 1 235 583 581
222 2 2 0 1 583 584 581
223 2 2 0 1 583 153 584
224 2 2 0 1 581 584 236
225 2 2 0 1 234 582 578
226 2 2 0 1 582 585 578
227 2 2 0 1 582 236 585
228 2 2 0 1 578 585 151
229 2 2 0 1 152 586 579
230 2 2 0 1 586 587 579
231 2 2 0 1 586 237 587
232 2 2 0 1 579 587 235
233 2 2 0 1 237 588 587
234 2 2 0 1 588 589 587
235 2 2 0 1 588 238 589
236 2 2 0 1 587 589 235
237 2 2 0 1 237 590 588
238 2 2 0 1 590 591 588
239 2 2 0 1 590 134 591
240 2 2 0 1 588 591 238
241 2 2 0 1 235 589 583
242 2 2 0 1 589 592 583
243 2 2 0 1 589 238 592
244 2 2 0 1 583 592 153
245 2 2 0 1 151 585 570
246 2 2 0 1 585 593 570
247 2 2 0 1 585 236 593
248 2 2 0 1 570 593 232
249 2 2 0 1 236 594 593
250 2 2 0 1 594 595 593
251 2 2 0 1 594 239 595
252 2 2 0 1 593 595 232
253 2 2 0 1 236 584 594
254 2 2 0 1 584 596 594
255 2 2 0 1 584 153 596
256 2 2 0 1 594 596 239
257 2 2 0 1 232 595 571
258 2 2 0 1 595 597 571
259 2 2 0 1 595 239 597
260 2 2 0 1 571 597 31
261 2 2 0 1 133 598 572
262 2 2 0 1 598 599 572
263 2 2 0 1 598 240 599
264 2 2 0 1 572 599 233
265 2 2 0 1 240 600 599
266 2 2 0 1 600 601 599
267 2 2 0 1 600 241 601
268 2 2 0 1 599 601 233
269 2 2 0 1 240 602 600
270 2 2 0 1 602 603 600
271 2 2 0 1 602 154 603
272 2 2 0 1 600 603 241
273 2 2 0 1 233 601 576
274 2 2 0 1 601 604 576
275 2 2 0 1 601 241 604
276 2 2 0 1 576 604 152
277 2 2 0 1 154 605 603
278 2 2 0 1 605 606 603
279 2 2 0 1 605 242 606
280 2 2 0 1 603 606 241
281 2 2 0 1 242 607 606
282 2 2 0 1 607 608 606
283 2 2 0 1 607 243 608
284 2 2 0 1 606 608 241
285 2 2 0 1 242 609 607
286 2 2 0 1 609 610 607
287 2 2 0 1 609 155 610
288 2 2 0 1 607 610 243
289 2 2 0 1 241 608 604
290 2 2 0 1 608 611 604
291 2 2 0 1 608 243 611
292 2 2 0 1 604 611 152
293 2 2 0 1 154 612 605
294 2 2 0 1 612 613 605
295 2 2 0 1 612 244 613
296 2 2 0 1 605 613 242
297 2 2 0 1 244 614 613
298 2 2 0 1 614 615 613
299 2 2 0 1 614 245 615
300 2 2 0 1 613 615 242
301 2 2 0 1 244 616 614
302 2 2 0 1 616 617 614
303 2 2 0 1 616 130 617
304 2 2 0 1 614 617 245
305 2 2 0 1 242 615 609
306 2 2 0 1 615 618 609
307 2 2 0 1 615 245 618
308 2 2 0 1 609 618 155
309 2 2 0 1 152 611 586
310 2 2 0 1 611 619 586
311 2 2 0 1 611 243 619
312 2 2 0 1 586 619 237
313 2 2 0 1 243 620 619
314 2 2 0 1 620 621 619
315 2 2 0 1 620 246 621
316 2 2 0 1 619 621 237
317 2 2 0 1 243 610 620
318 2 2 0 1 610 622 620
319 2 2 0 1 610 155 622
320 2 2 0 1 620 622 246
321 2 2 0 1 237 621 590
322 2 2 0 1 621 623 590
323 2 2 0 1 621 246 623
324 2 2 0 1 590 623 134
325 2 2 0 1 31 597 10
326 2 2 0 1 597 624 10
327 2 2 0 1 597 239 624
328 2 2 0 1 10 624 24
329 2 2 0 1 239 625 624
330 2 2 0 1 625 626 624
331 2 2 0 1 625 247 626
332 2 2 0 1 624 626 24
333 2 2 0 1 239 596 625
334 2 2 0 1 596 627 625
335 2 2 0 1 596 153 627
336 2 2 0 1 625 627 247
337 2 2 0 1 24 626 11
338 2 2 0 1 626 628 11
339 2 2 0 1 626 247 628
340 2 2 0 1 11 628 32
341 2 2 0 1 153 629 627
342 2 2 0 1 629 630 627
343 2 2 0 1 629 248 630
344 2 2 0 1 627 630 247
345 2 2 0 1 248 631 630
346 2 2 0 1 631 632 630
347 2 2 0 1 631 249 632
348 2 2 0 1 630 632 247
349 2 2 0 1 248 633 631
350 2 2 0 1 633 634 631
351 2 2 0 1 633 156 634
352 2 2 0 1 631 634 249
353 2 2 0 1 247 632 628
354 2 2 0 1 632 635 628
355 2 2 0 1 632 249 635
356 2 2 0 1 628 635 32
357 2 2 0 1 153 592 629
358 2 2 0 1 592 636 629
359 2 2 0 1 592 238 636
360 2 2 0 1 629 636 248
361 2 2 0 1 238 637 636
362 2 2 0 1 637 638 636
363 2 2 0 1 637 250 638
364 2 2 0 1 636 638 248
365 2 2 0 1 238 591 637
366 2 2 0 1 591 639 637
367 2 2 0 1 591 134 639
368 2 2 0 1 637 639 250
369 2 2 0 1 248 638 633
370 2 2 0 1 638 640 633
371 2 2 0 1 638 250 640
372 2 2 0 1 633 640 156
373 2 2 0 1 32 635 12
374 2 2 0 1 635 641 12
375 2 2 0 1 635 249 641
376 2 2 0 1 12 641 25
377 2 2 0 1 249 642 641
378 2 2 0 1 642 643 641
379 2 2 0 1 642 251 643
380 2 2 0 1 641 643 25
381 2 2 0 1 249 634 642
382 2 2 0 1 634 644 642
383 2 2 0 1 634 156 644
384 2 2 0 1 642 644 251
385 2 2 0 1 25 643 13
386 2 2 0 1 643 645 13
387 2 2 0 1 643 251 645
388 2 2 0 1 13 645 33
389 2 2 0 1 64 646 45
390 2 2 0 1 646 647 45
391 2 2 0 1 646 252 647
392 2 2 0 1 45 647 57
393 2 2 0 1 252 648 647
394 2 2 0 1 648 649 647
395 2 2 0 1 648 253 649
396 2 2 0 1 647 649 57
397 2 2 0 1 252 650 648
398 2 2 0 1 650 651 648
399 2 2 0 1 650 157 651
400 2 2 0 1 648 651 253
401 2 2 0 1 57 649 46
402 2 2 0 1 649 652 46
403 2 2 0 1 649 253 652
404 2 2 0 1 46 652 65
405 2 2 0 1 157 653 651
406 2 2 0 1 653 654 651
407 2 2 0 1 653 254 654
408 2 2 0 1 651 654 253
409 2 2 0 1 254 655 654
410 2 2 0 1 655 656 654
411 2 2 0 1 655 255 656
412 2 2 0 1 654 656 253
413 2 2 0 1 254 657 655
414 2 2 0 1 657 658 655
415 2 2 0 1 657 158 658
416 2 2 0 1 655 658 255
417 2 2 0 1 253 656 652
418 2 2 0 1 656 659 652
419 2 2 0 1 656 255 659
420 2 2 0 1 652 659 65
421 2 2 0 1 157 660 653
422 2 2 0 1 660 661 653
423 2 2 0 1 660 256 661
424 2 2 0 1 653 661 254
425 2 2 0 1 256 662 661
426 2 2 0 1 662 663 661
427 2 2 0 1 662 257 663
428 2 2 0 1 661 663 254
429 2 2 0 1 256 664 662
430 2 2 0 1 664 665 662
431 2 2 0 1 664 135 665
432 2 2 0 1 662 665 257
433 2 2 0 1 254 663 657
434 2 2 0 1 663 666 657
435 2 2 0 1 663 257 666
436 2 2 0 1 657 666 158
437 2 2 0 1 65 659 47
438 2 2 0 1 659 667 47
439 2 2 0 1 659 255 667
440 2 2 0 1 47 667 58
441 2 2 0 1 255 668 667
442 2 2 0 1 668 669 667
443 2 2 0 1 668 258 669
444 2 2 0 1 667 669 58
445 2 2 0 1 255 658 668
446 2 2 0 1 658 670 668
447 2 2 0 1 658 158 670
448 2 2 0 1 668 670 258
449 2 2 0 1 58 669 48
450 2 2 0 1 669 671 48
451 2 2 0 1 669 258 671
452 2 2 0 1 48 671 66
453 2 2 0 1 135 672 665
454 2 2 0 1 672 673 665
455 2 2 0 1 672 259 673
456 2 2 0 1 665 673 257
457 2 2 0 1 259 674 673
458 2 2 0 1 674 675 673
459 2 2 0 1 674 260 675
460 2 2 0 1 673 675 257
461 2 2 0 1 259 676 674
462 2 2 0 1 676 677 674
463 2 2 0 1 676 159 677
464 2 2 0 1 674 677 260
465 2 2 0 1 257 675 666
466 2 2 0 1 675 678 666
467 2 2 0 1 675 260 678
468 2 2 0 1 666 678 158
469 2 2 0 1 159 679 677
470 2 2 0 1 679 680 677
471 2 2 0 1 679 261 680
472 2 2 0 1 677 680 260
473 2 2 0 1 261 681 680
474 2 2 0 1 681 682 680
475 2 2 0 1 681 262 682
476 2 2 0 1 680 682 260
477 2 2 0 1 261 683 681
478 2 2 0 1 683 684 681
479 2 2 0 1 683 160 684
480 2 2 0 1 681 684 262
481 2 2 0 1 260 682 678
482 2 2 0 1 682 685 678
483 2 2 0 1 682 262 685
484 2 2 0 1 678 685 158
485 2 2 0 1 159 686 679
486 2 2 0 1 686 687 679
487 2 2 0 1 686 263 687
488 2 2 0 1 679 687 261
489 2 2 0 1 263 688 687
490 2 2 0 1 688 689 687
491 2 2 0 1 688 264 689
492 2 2 0 1 687 689 261
493 2 2 0 1 263 690 688
494 2 2 0 1 690 691 688
495 2 2 0 1 690 133 691
496 2 2 0 1 688 691 264
497 2 2 0 1 261 689 683
498 2 2 0 1 689 692 683
499 2 2 0 1 689 264 692
500 2 2 0 1 683 692 160
501 2 2 0 1 158 685 670
502 2 2 0 1 685 693 670
503 2 2 0 1 685 262 693
504 2 2 0 1 670 693 258
505 2 2 0 1 262 694 693
506 2 2 0 1 694 695 693
507 2 2 0 1 694 265 695
508 2 2 0 1 693 695 258
509 2 2 0 1 262 684 694
510 2 2 0 1 684 696 694
511 2 2 0 1 684 160 696
512 2 2 0 1 694 696 265
513 2 2 0 1 258 695 671
514 2 2 0 1 695 697 671
515 2 2 0 1 695 265 697
516 2 2 0 1 671 697 66
517 2 2 0 1 135 698 672
518 2 2 0 1 698 699 672
519 2 2 0 1 698 266 699
520 2 2 0 1 672 699 259
521 2 2 0 1 266 700 699
522 2 2 0 1 700 701 699
523 2 2 0 1 700 267 701
524 2 2 0 1 699 701 259
525 2 2 0 1 266 702 700
526 2 2 0 1 702 703 700
527 2 2 0 1 702 161 703
528 2 2 0 1 700 703 267
529 2 2 0 1 259 701 676
530 2 2 0 1 701 704 676
531 2 2 0 1 701 267 704
532 2 2 0 1 676 704 159
533 2 2 0 1 161 705 703
534 2 2 0 1 705 706 703
535 2 2 0 1 705 268 706
536 2 2 0 1 703 706 267
537 2 2 0 1 268 707 706
538 2 2 0 1 707 708 706
539 2 2 0 1 707 269 708
540 2 2 0 1 706 708 267
541 2 2 0 1 268 709 707
542 2 2 0 1 709 710 707
543 2 2 0 1 709 154 710
544 2 2 0 1 707 710 269
545 2 2 0 1 267 708 704
546 2 2 0 1 708 711 704
547 2 2 0 1 708 269 711
548 2 2 0 1 704 711 159
549 2 2 0 1 161 712 705
550 2 2 0 1 712 713 705
551 2 2 0 1 712 270 713
552 2 2 0 1 705 713 268
553 2 2 0 1 270 714 713
554 2 2 0 1 714 715 713
555 2 2 0 1 714 244 715
556 2 2 0 1 713 715 268
557 2 2 0 1 270 716 714
558 2 2 0 1 716 616 714
559 2 2 0 1 716 130 616
560 2 2 0 1 714 616 244
561 2 2 0 1 268 715 709
562 2 2 0 1 715 612 709
563 2 2 0 1 715 244 612
564 2 2 0 1 709 612 154
565 2 2 0 1 159 711 686
566 2 2 0 1 711 717 686
567 2 2 0 1 711 269 717
568 2 2 0 1 686 717 263
569 2 2 0 1 269 718 717
570 2 2 0 1 718 719 717
571 2 2 0 1 718 240 719
572 2 2 0 1 717 719 263
573 2 2 0 1 269 710 718
574 2 2 0 1 710 602 718
575 2 2 0 1 710 154 602
576 2 2 0 1 718 602 240
577 2 2 0 1 263 719 690
578 2 2 0 1 719 598 690
579 2 2 0 1 719 240 598
580 2 2 0 1 690 598 133
581 2 2 0 1 66 697 49
582 2 2 0 1 697 720 49
583 2 2 0 1 697 265 720
584 2 2 0 1 49 720 59
585 2 2 0 1 265 721 720
586 2 2 0 1 721 722 720
587 2 2 0 1 721 271 722
588 2 2 0 1 720 722 59
589 2 2 0 1 265 696 721
590 2 2 0 1 696 723 721
591 2 2 0 1 696 160 723
592 2 2 0 1 721 723 271
593 2 2 0 1 59 722 50
594 2 2 0 1 722 724 50
595 2 2 0 1 722 271 724
596 2 2 0 1 50 724 52
597 2 2 0 1 160 725 723
598 2 2 0 1 725 726 723
599 2 2 0 1 725 272 726
600 2 2 0 1 723 726 271
601 2 2 0 1 272 727 726
602 2 2 0 1 727 728 726
603 2 2 0 1 727 273 728
604 2 2 0 1 726 728 271
605 2 2 0 1 272 729 727
606 2 2 0 1 729 730 727
607 2 2 0 1 729 150 730
608 2 2 0 1 727 730 273
609 2 2 0 1 271 728 724
610 2 2 0 1 728 731 724
611 2 2 0 1 728 273 731
612 2 2 0 1 724 731 52
613 2 2 0 1 160 692 725
614 2 2 0 1 692 732 725
615 2 2 0 1 692 264 732
616 2 2 0 1 725 732 272
617 2 2 0 1 264 733 732
618 2 2 0 1 733 734 732
619 2 2 0 1 733 230 734
620 2 2 0 1 732 734 272
621 2 2 0 1 264 691 733
622 2 2 0 1 691 564 733
623 2 2 0 1 691 133 564
624 2 2 0 1 733 564 230
625 2 2 0 1 272 734 729
626 2 2 0 1 734 560 729
627 2 2 0 1 734 230 560
628 2 2 0 1 729 560 150
629 2 2 0 1 52 731 51
630 2 2 0 1 731 735 51
631 2 2 0 1 731 273 735
632 2 2 0 1 51 735 60
633 2 2 0 1 273 736 735
634 2 2 0 1 736 737 735
635 2 2 0 1 736 226 737
636 2 2 0 1 735 737 60
637 2 2 0 1 273 730 736
638 2 2 0 1 730 550 736
639 2 2 0 1 730 150 550
640 2 2 0 1 736 550 226
641 2 2 0 1 60 737 36
642 2 2 0 1 737 546 36
643 2 2 0 1 737 226 546
644 2 2 0 1 36 546 3
645 2 2 0 1 4 738 68
646 2 2 0 1 738 739 68
647 2 2 0 1 738 274 739
648 2 2 0 1 68 739 84
649 2 2 0 1 274 740 739
650 2 2 0 1 740 741 739
651 2 2 0 1 740 275 741
652 2 2 0 1 739 741 84
653 2 2 0 1 274 742 740
654 2 2 0 1 742 743 740
655 2 2 0 1 742 162 743
656 2 2 0 1 740 743 275
657 2 2 0 1 84 741 69
658 2 2 0 1 741 744 69
659 2 2 0 1 741 275 744
660 2 2 0 1 69 744 92
661 2 2 0 1 162 745 743
662 2 2 0 1 745 746 743
663 2 2 0 1 745 276 746
664 2 2 0 1 743 746 275
665 2 2 0 1 276 747 746
666 2 2 0 1 747 748 746
667 2 2 0 1 747 277 748
668 2 2 0 1 746 748 275
669 2 2 0 1 276 749 747
670 2 2 0 1 749 750 747
671 2 2 0 1 749 163 750
672 2 2 0 1 747 750 277
673 2 2 0 1 275 748 744
674 2 2 0 1 748 751 744
675 2 2 0 1 748 277 751
676 2 2 0 1 744 751 92
677 2 2 0 1 162 752 745
678 2 2 0 1 752 753 745
679 2 2 0 1 752 278 753
680 2 2 0 1 745 753 276
681 2 2 0 1 278 754 753
682 2 2 0 1 754 755 753
683 2 2 0 1 754 279 755
684 2 2 0 1 753 755 276
685 2 2 0 1 278 756 754
686 2 2 0 1 756 757 754
687 2 2 0 1 756 136 757
688 2 2 0 1 754 757 279
689 2 2 0 1 276 755 749
690 2 2 0 1 755 758 749
691 2 2 0 1 755 279 758
692 2 2 0 1 749 758 163
693 2 2 0 1 92 751 70
694 2 2 0 1 751 759 70
695 2 2 0 1 751 277 759
696 2 2 0 1 70 759 85
697 2 2 0 1 277 760 759
698 2 2 0 1 760 761 759
699 2 2 0 1 760 280 761
700 2 2 0 1 759 761 85
701 2 2 0 1 277 750 760
702 2 2 0 1 750 762 760
703 2 2 0 1 750 163 762
704 2 2 0 1 760 762 280
705 2 2 0 1 85 761 71
706 2 2 0 1 761 763 71
707 2 2 0 1 761 280 763
708 2 2 0 1 71 763 93
709 2 2 0 1 136 764 757
710 2 2 0 1 764 765 757
711 2 2 0 1 764 281 765
712 2 2 0 1 757 765 279
713 2 2 0 1 281 766 765
714 2 2 0 1 766 767 765
715 2 2 0 1 766 282 767
716 2 2 0 1 765 767 279
717 2 2 0 1 281 768 766
718 2 2 0 1 768 769 766
719 2 2 0 1 768 164 769
720 2 2 0 1 766 769 282
721 2 2 0 1 279 767 758
722 2 2 0 1 767 770 758
723 2 2 0 1 767 282 770
724 2 2 0 1 758 770 163
725 2 2 0 1 164 771 769
726 2 2 0 1 771 772 769
727 2 2 0 1 771 283 772
728 2 2 0 1 769 772 282
729 2 2 0 1 283 773 772
730 2 2 0 1 773 774 772
731 2 2 0 1 773 284 774
732 2 2 0 1 772 774 282
733 2 2 0 1 283 775 773
734 2 2 0 1 775 776 773
735 2 2 0 1 775 165 776
736 2 2 0 1 773 776 284
737 2 2 0 1 282 774 770
738 2 2 0 1 774 777 770
739 2 2 0 1 774 284 777
740 2 2 0 1 770 777 163
741 2 2 0 1 164 778 771
742 2 2 0 1 778 779 771
743 2 2 0 1 778 285 779
744 2 2 0 1 771 779 283
745 2 2 0 1 285 780 779
746 2 2 0 1 780 781 779
747 2 2 0 1 780 286 781
748 2 2 0 1 779 781 283
749 2 2 0 1 285 782 780
750 2 2 0 1 782 783 780
751 2 2 0 1 782 137 783
752 2 2 0 1 780 783 286
753 2 2 0 1 283 781 775
754 2 2 0 1 781 784 775
755 2 2 0 1 781 286 784
756 2 2 0 1 775 784 165
757 2 2 0 1 163 777 762
758 2 2 0 1 777 785 762
759 2 2 0 1 777 284 785
760 2 2 0 1 762 785 280
761 2 2 0 1 284 786 785
762 2 2 0 1 786 787 785
763 2 2 0 1 786 287 787
764 2 2 0 1 785 787 280
765 2 2 0 1 284 776 786
766 2 2 0 1 776 788 786
767 2 2 0 1 776 165 788
768 2 2 0 1 786 788 287
769 2 2 0 1 280 787 763
770 2 2 0 1 787 789 763
771 2 2 0 1 787 287 789
772 2 2 0 1 763 789 93
773 2 2 0 1 136 790 764
774 2 2 0 1 790 791 764
775 2 2 0 1 790 288 791
776 2 2 0 1 764 791 281
777 2 2 0 1 288 792 791
778 2 2 0 1 792 793 791
779 2 2 0 1 792 289 793
780 2 2 0 1 791 793 281
781 2 2 0 1 288 794 792
782 2 2 0 1 794 795 792
783 2 2 0 1 794 166 795
784 2 2 0 1 792 795 289
785 2 2 0 1 281 793 768
786 2 2 0 1 793 796 768
787 2 2 0 1 793 289 796
788 2 2 0 1 768 796 164
789 2 2 0 1 166 797 795
790 2 2 0 1 797 798 795
791 2 2 0 1 797 290 798
792 2 2 0 1 795 798 289
793 2 2 0 1 290 799 798
794 2 2 0 1 799 800 798
795 2 2 0 1 799 291 800
796 2 2 0 1 798 800 289
797 2 2 0 1 290 801 799
798 2 2 0 1 801 802 799
799 2 2 0 1 801 167 802
800 2 2 0 1 799 802 291
801 2 2 0 1 289 800 796
802 2 2 0 1 800 803 796
803 2 2 0 1 800 291 803
804 2 2 0 1 796 803 164
805 2 2 0 1 166 804 797
806 2 2 0 1 804 805 797
807 2 2 0 1 804 292 805
808 2 2 0 1 797 805 290
809 2 2 0 1 292 806 805
810 2 2 0 1 806 807 805
811 2 2 0 1 806 293 807
812 2 2 0 1 805 807 290
813 2 2 0 1 292 808 806
814 2 2 0 1 808 809 806
815 2 2 0 1 808 132 809
816 2 2 0 1 806 809 293
817 2 2 0 1 290 807 801
818 2 2 0 1 807 810 801
819 2 2 0 1 807 293 810
820 2 2 0 1 801 810 167
821 2 2 0 1 164 803 778
822 2 2 0 1 803 811 778
823 2 2 0 1 803 291 811
824 2 2 0 1 778 811 285
825 2 2 0 1 291 812 811
826 2 2 0 1 812 813 811
827 2 2 0 1 812 294 813
828 2 2 0 1 811 813 285
829 2 2 0 1 291 802 812
830 2 2 0 1 802 814 812
831 2 2 0 1 802 167 814
832 2 2 0 1 812 814 294
833 2 2 0 1 285 813 782
834 2 2 0 1 813 815 782
835 2 2 0 1 813 294 815
836 2 2 0 1 782 815 137
837 2 2 0 1 93 789 72
838 2 2 0 1 789 816 72
839 2 2 0 1 789 287 816
840 2 2 0 1 72 816 86
841 2 2 0 1 287 817 816
842 2 2 0 1 817 818 816
843 2 2 0 1 817 295 818
844 2 2 0 1 816 818 86
845 2 2 0 1 287 788 817
846 2 2 0 1 788 819 817
847 2 2 0 1 788 165 819
848 2 2 0 1 817 819 295
849 2 2 0 1 86 818 73
850 2 2 0 1 818 820 73
851 2 2 0 1 818 295 820
852 2 2 0 1 73 820 94
853 2 2 0 1 165 821 819
854 2 2 0 1 821 822 819
855 2 2 0 1 821 296 822
856 2 2 0 1 819 822 295
857 2 2 0 1 296 823 822
858 2 2 0 1 823 824 822
859 2 2 0 1 823 297 824
860 2 2 0 1 822 824 295
861 2 2 0 1 296 825 823
862 2 2 0 1 825 826 823
863 2 2 0 1 825 168 826
864 2 2 0 1 823 826 297
865 2 2 0 1 295 824 820
866 2 2 0 1 824 827 820
867 2 2 0 1 824 297 827
868 2 2 0 1 820 827 94
869 2 2 0 1 165 784 821
870 2 2 0 1 784 828 821
871 2 2 0 1 784 286 828
872 2 2 0 1 821 828 296
873 2 2 0 1 286 829 828
874 2 2 0 1 829 830 828
875 2 2 0 1 829 298 830
876 2 2 0 1 828 830 296
877 2 2 0 1 286 783 829
878 2 2 0 1 783 831 829
879 2 2 0 1 783 137 831
880 2 2 0 1 829 831 298
881 2 2 0 1 296 830 825
882 2 2 0 1 830 832 825
883 2 2 0 1 830 298 832
884 2 2 0 1 825 832 168
885 2 2 0 1 94 827 74
886 2 2 0 1 827 833 74
887 2 2 0 1 827 297 833
888 2 2 0 1 74 833 87
889 2 2 0 1 297 834 833
890 2 2 0 1 834 835 833
891 2 2 0 1 834 299 835
892 2 2 0 1 833 835 87
893 2 2 0 1 297 826 834
894 2 2 0 1 826 836 834
895 2 2 0 1 826 168 836
896 2 2 0 1 834 836 299
897 2 2 0 1 87 835 75
898 2 2 0 1 835 837 75
899 2 2 0 1 835 299 837
900 2 2 0 1 75 837 95
901 2 2 0 1 126 838 107
902 2 2 0 1 838 839 107
903 2 2 0 1 838 300 839
904 2 2 0 1 107 839 119
905 2 2 0 1 300 840 839
906 2 2 0 1 840 841 839
907 2 2 0 1 840 301 841
908 2 2 0 1 839 841 119
909 2 2 0 1 300 842 840
910 2 2 0 1 842 843 840
911 2 2 0 1 842 169 843
912 2 2 0 1 840 843 301
913 2 2 0 1 119 841 108
914 2 2 0 1 841 844 108
915 2 2 0 1 841 301 844
916 2 2 0 1 108 844 127
917 2 2 0 1 169 845 843
918 2 2 0 1 845 846 843
919 2 2 0 1 845 302 846
920 2 2 0 1 843 846 301
921 2 2 0 1 302 847 846
922 2 2 0 1 847 848 846
923 2 2 0 1 847 303 848
924 2 2 0 1 846 848 301
925 2 2 0 1 302 849 847
926 2 2 0 1 849 850 847
927 2 2 0 1 849 170 850
928 2 2 0 1 847 850 303
929 2 2 0 1 301 848 844
930 2 2 0 1 848 851 844
931 2 2 0 1 848 303 851
932 2 2 0 1 844 851 127
933 2 2 0 1 169 852 845
934 2 2 0 1 852 853 845
935 2 2 0 1 852 304 853
936 2 2 0 1 845 853 302
937 2 2 0 1 304 854 853
938 2 2 0 1 854 855 853
939 2 2 0 1 854 305 855
940 2 2 0 1 853 855 302
941 2 2 0 1 304 856 854
942 2 2 0 1 856 857 854
943 2 2 0 1 856 138 857
944 2 2 0 1 854 857 305
945 2 2 0 1 302 855 849
946 2 2 0 1 855 858 849
947 2 2 0 1 855 305 858
948 2 2 0 1 849 858 170
949 2 2 0 1 127 851 109
950 2 2 0 1 851 859 109
951 2 2 0 1 851 303 859
952 2 2 0 1 109 859 120
953 2 2 0 1 303 860 859
954 2 2 0 1 860 861 859
955 2 2 0 1 860 306 861
956 2 2 0 1 859 861 120
957 2 2 0 1 303 850 860
958 2 2 0 1 850 862 860
959 2 2 0 1 850 170 862
960 2 2 0 1 860 862 306
961 2 2 0 1 120 861 110
962 2 2 0 1 861 863 110
963 2 2 0 1 861 306 863
964 2 2 0 1 110 863 128
965 2 2 0 1 138 864 857
966 2 2 0 1 864 865 857
967 2 2 0 1 864 307 865
968 2 2 0 1 857 865 305
969 2 2 0 1 307 866 865
970 2 2 0 1 866 867 865
971 2 2 0 1 866 308 867
972 2 2 0 1 865 867 305
973 2 2 0 1 307 868 866
974 2 2 0 1 868 869 866
975 2 2 0 1 868 171 869
976 2 2 0 1 866 869 308
977 2 2 0 1 305 867 858
978 2 2 0 1 867 870 858
979 2 2 0 1 867 308 870
980 2 2 0 1 858 870 170
981 2 2 0 1 171 871 869
982 2 2 0 1 871 872 869
983 2 2 0 1 871 309 872
984 2 2 0 1 869 872 308
985 2 2 0 1 309 873 872
986 2 2 0 1 873 874 872
987 2 2 0 1 873 310 874
988 2 2 0 1 872 874 308
989 2 2 0 1 309 875 873
990 2 2 0 1 875 876 873
991 2 2 0 1 875 172 876
992 2 2 0 1 873 876 310
993 2 2 0 1 308 874 870
994 2 2 0 1 874 877 870
995 2 2 0 1 874 310 877
996 2 2 0 1 870 877 170
997 2 2 0 1 171 878 871
998 2 2 0 1 878 879 871
999 2 2 0 1 878 311 879
1000 2 2 0 1 871 879 309
1001 2 2 0 1 311 880 879
1002 2 2 0 1 880 881 879
1003 2 2 0 1 880 312 881
1004 2 2 0 1 879 881 309
1005 2 2 0 1 311 882 880
1006 2 2 0 1 882 883 880
1007 2 2 0 1 882 136 883
1008 2 2 0 1 880 883 312
1009 2 2 0 1 309 881 875
1010 2 2 0 1 881 884 875
1011 2 2 0 1 881 312 884
1012 2 2 0 1 875 884 172
1013 2 2 0 1 170 877 862
1014 2 2 0 1 877 885 862
1015 2 2 0 1 877 310 885
1016 2 2 0 1 862 885 306
1017 2 2 0 1 310 886 885
1018 2 2 0 1 886 887 885
1019 2 2 0 1 886 313 887
1020 2 2 0 1 885 887 306
1021 2 2 0 1 310 876 886
1022 2 2 0 1 876 888 886
1023 2 2 0 1 876 172 888
1024 2 2 0 1 886 888 313
1025 2 2 0 1 306 887 863
1026 2 2 0 1 887 889 863
1027 2 2 0 1 887 313 889
1028 2 2 0 1 863 889 128
1029 2 2 0 1 138 890 864
1030 2 2 0 1 890 891 864
1031 2 2 0 1 890 314 891
1032 2 2 0 1 864 891 307
1033 2 2 0 1 314 892 891
1034 2 2 0 1 892 893 891
1035 2 2 0 1 892 315 893
1036 2 2 0 1 891 893 307
1037 2 2 0 1 314 894 892
1038 2 2 0 1 894 895 892
1039 2 2 0 1 894 173 895
1040 2 2 0 1 892 895 315
1041 2 2 0 1 307 893 868
1042 2 2 0 1 893 896 868
1043 2 2 0 1 893 315 896
1044 2 2 0 1 868 896 171
1045 2 2 0 1 173 897 895
1046 2 2 0 1 897 898 895
1047 2 2 0 1 897 316 898
1048 2 2 0 1 895 898 315
1049 2 2 0 1 316 899 898
1050 2 2 0 1 899 900 898
1051 2 2 0 1 899 317 900
1052 2 2 0 1 898 900 315
1053 2 2 0 1 316 901 899
1054 2 2 0 1 901 902 899
1055 2 2 0 1 901 166 902
1056 2 2 0 1 899 902 317
1057 2 2 0 1 315 900 896
1058 2 2 0 1 900 903 896
1059 2 2 0 1 900 317 903
1060 2 2 0 1 896 903 171
1061 2 2 0 1 173 904 897
1062 2 2 0 1 904 905 897
1063 2 2 0 1 904 318 905
1064 2 2 0 1 897 905 316
1065 2 2 0 1 318 906 905
1066 2 2 0 1 906 907 905
1067 2 2 0 1 906 292 907
1068 2 2 0 1 905 907 316
1069 2 2 0 1 318 908 906
1070 2 2 0 1 908 808 906
1071 2 2 0 1 908 132 808
1072 2 2 0 1 906 808 292
1073 2 2 0 1 316 907 901
1074 2 2 0 1 907 804 901
1075 2 2 0 1 907 292 804
1076 2 2 0 1 901 804 166
1077 2 2 0 1 171 903 878
1078 2 2 0 1 903 909 878
1079 2 2 0 1 903 317 909
1080 2 2 0 1 878 909 311
1081 2 2 0 1 317 910 909
1082 2 2 0 1 910 911 909
1083 2 2 0 1 910 288 911
1084 2 2 0 1 909 911 311
1085 2 2 0 1 317 902 910
1086 2 2 0 1 902 794 910
1087 2 2 0 1 902 166 794
1088 2 2 0 1 910 794 288
1089 2 2 0 1 311 911 882
1090 2 2 0 1 911 790 882
1091 2 2 0 1 911 288 790
1092 2 2 0 1 882 790 136
1093 2 2 0 1 128 889 111
1094 2 2 0 1 889 912 111
1095 2 2 0 1 889 313 912
1096 2 2 0 1 111 912 121
1097 2 2 0 1 313 913 912
1098 2 2 0 1 913 914 912
1099 2 2 0 1 913 319 914
1100 2 2 0 1 912 914 121
1101 2 2 0 1 313 888 913
1102 2 2 0 1 888 915 913
1103 2 2 0 1 888 172 915
1104 2 2 0 1 913 915 319
1105 2 2 0 1 121 914 112
1106 2 2 0 1 914 916 112
1107 2 2 0 1 914 319 916
1108 2 2 0 1 112 916 114
1109 2 2 0 1 172 917 915
1110 2 2 0 1 917 918 915
1111 2 2 0 1 917 320 918
1112 2 2 0 1 915 918 319
1113 2 2 0 1 320 919 918
1114 2 2 0 1 919 920 918
1115 2 2 0 1 919 321 920
1116 2 2 0 1 918 920 319
1117 2 2 0 1 320 921 919
1118 2 2 0 1 921 922 919
1119 2 2 0 1 921 162 922
1120 2 2 0 1 919 922 321
1121 2 2 0 1 319 920 916
1122 2 2 0 1 920 923 916
1123 2 2 0 1 920 321 923
1124 2 2 0 1 916 923 114
1125 2 2 0 1 172 884 917
1126 2 2 0 1 884 924 917
1127 2 2 0 1 884 312 924
1128 2 2 0 1 917 924 320
1129 2 2 0 1 312 925 924
1130 2 2 0 1 925 926 924
1131 2 2 0 1 925 278 926
1132 2 2 0 1 924 926 320
1133 2 2 0 1 312 883 925
1134 2 2 0 1 883 756 925
1135 2 2 0 1 883 136 756
1136 2 2 0 1 925 756 278
1137 2 2 0 1 320 926 921
1138 2 2 0 1 926 752 921
1139 2 2 0 1 926 278 752
1140 2 2 0 1 921 752 162
1141 2 2 0 1 114 923 113
1142 2 2 0 1 923 927 113
1143 2 2 0 1 923 321 927
1144 2 2 0 1 113 927 122
1145 2 2 0 1 321 928 927
1146 2 2 0 1 928 929 927
1147 2 2 0 1 928 274 929
1148 2 2 0 1 927 929 122
1149 2 2 0 1 321 922 928
1150 2 2 0 1 922 742 928
1151 2 2 0 1 922 162 742
1152 2 2 0 1 928 742 274
1153 2 2 0 1 122 929 98
1154 2 2 0 1 929 738 98
1155 2 2 0 1 929 274 738
1156 2 2 0 1 98 738 4
1157 2 2 0 1 2 930 37
1158 2 2 0 1 930 931 37
1159 2 2 0 1 930 322 931
1160 2 2 0 1 37 931 53
1161 2 2 0 1 322 932 931
1162 2 2 0 1 932 933 931
1163 2 2 0 1 932 323 933
1164 2 2 0 1 931 933 53
1165 2 2 0 1 322 934 932
1166 2 2 0 1 934 935 932
1167 2 2 0 1 934 174 935
1168 2 2 0 1 932 935 323
1169 2 2 0 1 53 933 38
1170 2 2 0 1 933 936 38
1171 2 2 0 1 933 323 936
1172 2 2 0 1 38 936 61
1173 2 2 0 1 174 937 935
1174 2 2 0 1 937 938 935
1175 2 2 0 1 937 324 938
1176 2 2 0 1 935 938 323
1177 2 2 0 1 324 939 938
1178 2 2 0 1 939 940 938
1179 2 2 0 1 939 325 940
1180 2 2 0 1 938 940 323
1181 2 2 0 1 324 941 939
1182 2 2 0 1 941 942 939
1183 2 2 0 1 941 175 942
1184 2 2 0 1 939 942 325
1185 2 2 0 1 323 940 936
1186 2 2 0 1 940 943 936
1187 2 2 0 1 940 325 943
1188 2 2 0 1 936 943 61
1189 2 2 0 1 174 944 937
1190 2 2 0 1 944 945 937
1191 2 2 0 1 944 326 945
1192 2 2 0 1 937 945 324
1193 2 2 0 1 326 946 945
1194 2 2 0 1 946 947 945
1195 2 2 0 1 946 327 947
1196 2 2 0 1 945 947 324
1197 2 2 0 1 326 948 946
1198 2 2 0 1 948 949 946
1199 2 2 0 1 948 139 949
1200 2 2 0 1 946 949 327
1201 2 2 0 1 324 947 941
1202 2 2 0 1 947 950 941
1203 2 2 0 1 947 327 950
1204 2 2 0 1 941 950 175
1205 2 2 0 1 61 943 39
1206 2 2 0 1 943 951 39
1207 2 2 0 1 943 325 951
1208 2 2 0 1 39 951 54
1209 2 2 0 1 325 952 951
1210 2 2 0 1 952 953 951
1211 2 2 0 1 952 328 953
1212 2 2 0 1 951 953 54
1213 2 2 0 1 325 942 952
1214 2 2 0 1 942 954 952
1215 2 2 0 1 942 175 954
1216 2 2 0 1 952 954 328
1217 2 2 0 1 54 953 40
1218 2 2 0 1 953 955 40
1219 2 2 0 1 953 328 955
1220 2 2 0 1 40 955 62
1221 2 2 0 1 139 956 949
1222 2 2 0 1 956 957 949
1223 2 2 0 1 956 329 957
1224 2 2 0 1 949 957 327
1225 2 2 0 1 329 958 957
1226 2 2 0 1 958 959 957
1227 2 2 0 1 958 330 959
1228 2 2 0 1 957 959 327
1229 2 2 0 1 329 960 958
1230 2 2 0 1 960 961 958
1231 2 2 0 1 960 176 961
1232 2 2 0 1 958 961 330
1233 2 2 0 1 327 959 950
1234 2 2 0 1 959 962 950
1235 2 2 0 1 959 330 962
1236 2 2 0 1 950 962 175
1237 2 2 0 1 176 963 961
1238 2 2 0 1 963 964 961
1239 2 2 0 1 963 331 964
1240 2 2 0 1 961 964 330
1241 2 2 0 1 331 965 964
1242 2 2 0 1 965 966 964
1243 2 2 0 1 965 332 966
1244 2 2 0 1 964 966 330
1245 2 2 0 1 331 967 965
1246 2 2 0 1 967 968 965
1247 2 2 0 1 967 177 968
1248 2 2 0 1 965 968 332
1249 2 2 0 1 330 966 962
1250 2 2 0 1 966 969 962
1251 2 2 0 1 966 332 969
1252 2 2 0 1 962 969 175
1253 2 2 0 1 176 970 963
1254 2 2 0 1 970 971 963
1255 2 2 0 1 970 333 971
1256 2 2 0 1 963 971 331
1257 2 2 0 1 333 972 971
1258 2 2 0 1 972 973 971
1259 2 2 0 1 972 334 973
1260 2 2 0 1 971 973 331
1261 2 2 0 1 333 974 972
1262 2 2 0 1 974 975 972
1263 2 2 0 1 974 140 975
1264 2 2 0 1 972 975 334
1265 2 2 0 1 331 973 967
1266 2 2 0 1 973 976 967
1267 2 2 0 1 973 334 976
1268 2 2 0 1 967 976 177
1269 2 2 0 1 175 969 954
1270 2 2 0 1 969 977 954
1271 2 2 0 1 969 332 977
1272 2 2 0 1 954 977 328
1273 2 2 0 1 332 978 977
1274 2 2 0 1 978 979 977
1275 2 2 0 1 978 335 979
1276 2 2 0 1 977 979 328
1277 2 2 0 1 332 968 978
1278 2 2 0 1 968 980 978
1279 2 2 0 1 968 177 980
1280 2 2 0 1 978 980 335
1281 2 2 0 1 328 979 955
1282 2 2 0 1 979 981 955
1283 2 2 0 1 979 335 981
1284 2 2 0 1 955 981 62
1285 2 2 0 1 139 982 956
1286 2 2 0 1 982 983 956
1287 2 2 0 1 982 336 983
1288 2 2 0 1 956 983 329
1289 2 2 0 1 336 984 983
1290 2 2 0 1 984 985 983
1291 2 2 0 1 984 337 985
1292 2 2 0 1 983 985 329
1293 2 2 0 1 336 986 984
1294 2 2 0 1 986 987 984
1295 2 2 0 1 986 178 987
1296 2 2 0 1 984 987 337
1297 2 2 0 1 329 985 960
1298 2 2 0 1 985 988 960
1299 2 2 0 1 985 337 988
1300 2 2 0 1 960 988 176
1301 2 2 0 1 178 989 987
1302 2 2 0 1 989 990 987
1303 2 2 0 1 989 338 990
1304 2 2 0 1 987 990 337
1305 2 2 0 1 338 991 990
1306 2 2 0 1 991 992 990
1307 2 2 0 1 991 339 992
1308 2 2 0 1 990 992 337
1309 2 2 0 1 338 993 991
1310 2 2 0 1 993 994 991
1311 2 2 0 1 993 179 994
1312 2 2 0 1 991 994 339
1313 2 2 0 1 337 992 988
1314 2 2 0 1 992 995 988
1315 2 2 0 1 992 339 995
1316 2 2 0 1 988 995 176
1317 2 2 0 1 178 996 989
1318 2 2 0 1 996 997 989
1319 2 2 0 1 996 340 997
1320 2 2 0 1 989 997 338
1321 2 2 0 1 340 998 997
1322 2 2 0 1 998 999 997
1323 2 2 0 1 998 341 999
1324 2 2 0 1 997 999 338
1325 2 2 0 1 340 1000 998
1326 2 2 0 1 1000 1001 998
1327 2 2 0 1 1000 131 1001
1328 2 2 0 1 998 1001 341
1329 2 2 0 1 338 999 993
1330 2 2 0 1 999 1002 993
1331 2 2 0 1 999 341 1002
1332 2 2 0 1 993 1002 179
1333 2 2 0 1 176 995 970
1334 2 2 0 1 995 1003 970
1335 2 2 0 1 995 339 1003
1336 2 2 0 1 970 1003 333
1337 2 2 0 1 339 1004 1003
1338 2 2 0 1 1004 1005 1003
1339 2 2 0 1 1004 342 1005
1340 2 2 0 1 1003 1005 333
1341 2 2 0 1 339 994 1004
1342 2 2 0 1 994 1006 1004
1343 2 2 0 1 994 179 1006
1344 2 2 0 1 1004 1006 342
1345 2 2 0 1 333 1005 974
1346 2 2 0 1 1005 1007 974
1347 2 2 0 1 1005 342 1007
1348 2 2 0 1 974 1007 140
1349 2 2 0 1 62 981 41
1350 2 2 0 1 981 1008 41
1351 2 2 0 1 981 335 1008
1352 2 2 0 1 41 1008 55
1353 2 2 0 1 335 1009 1008
1354 2 2 0 1 1009 1010 1008
1355 2 2 0 1 1009 343 1010
1356 2 2 0 1 1008 1010 55
1357 2 2 0 1 335 980 1009
1358 2 2 0 1 980 1011 1009
1359 2 2 0 1 980 177 1011
1360 2 2 0 1 1009 1011 343
1361 2 2 0 1 55 1010 42
1362 2 2 0 1 1010 1012 42
1363 2 2 0 1 1010 343 1012
1364 2 2 0 1 42 1012 63
1365 2 2 0 1 177 1013 1011
1366 2 2 0 1 1013 1014 1011
1367 2 2 0 1 1013 344 1014
1368 2 2 0 1 1011 1014 343
1369 2 2 0 1 344 1015 1014
1370 2 2 0 1 1015 1016 1014
1371 2 2 0 1 1015 345 1016
1372 2 2 0 1 1014 1016 343
1373 2 2 0 1 344 1017 1015
1374 2 2 0 1 1017 1018 1015
1375 2 2 0 1 1017 180 1018
1376 2 2 0 1 1015 1018 345
1377 2 2 0 1 343 1016 1012
1378 2 2 0 1 1016 1019 1012
1379 2 2 0 1 1016 345 1019
1380 2 2 0 1 1012 1019 63
1381 2 2 0 1 177 976 1013
1382 2 2 0 1 976 1020 1013
1383 2 2 0 1 976 334 1020
1384 2 2 0 1 1013 1020 344
1385 2 2 0 1 334 1021 1020
1386 2 2 0 1 1021 1022 1020
1387 2 2 0 1 1021 346 1022
1388 2 2 0 1 1020 1022 344
1389 2 2 0 1 334 975 1021
1390 2 2 0 1 975 1023 1021
1391 2 2 0 1 975 140 1023
1392 2 2 0 1 1021 1023 346
1393 2 2 0 1 344 1022 1017
1394 2 2 0 1 1022 1024 1017
1395 2 2 0 1 1022 346 1024
1396 2 2 0 1 1017 1024 180
1397 2 2 0 1 63 1019 43
1398 2 2 0 1 1019 1025 43
1399 2 2 0 1 1019 345 1025
1400 2 2 0 1 43 1025 56
1401 2 2 0 1 345 1026 1025
1402 2 2 0 1 1026 1027 1025
1403 2 2 0 1 1026 347 1027
1404 2 2 0 1 1025 1027 56
1405 2 2 0 1 345 1018 1026
1406 2 2 0 1 1018 1028 1026
1407 2 2 0 1 1018 180 1028
1408 2 2 0 1 1026 1028 347
1409 2 2 0 1 56 1027 44
1410 2 2 0 1 1027 1029 44
1411 2 2 0 1 1027 347 1029
1412 2 2 0 1 44 1029 64
1413 2 2 0 1 95 1030 76
1414 2 2 0 1 1030 1031 76
1415 2 2 0 1 1030 348 1031
1416 2 2 0 1 76 1031 88
1417 2 2 0 1 348 1032 1031
1418 2 2 0 1 1032 1033 1031
1419 2 2 0 1 1032 349 1033
1420 2 2 0 1 1031 1033 88
1421 2 2 0 1 348 1034 1032
1422 2 2 0 1 1034 1035 1032
1423 2 2 0 1 1034 181 1035
1424 2 2 0 1 1032 1035 349
1425 2 2 0 1 88 1033 77
1426 2 2 0 1 1033 1036 77
1427 2 2 0 1 1033 349 1036
1428 2 2 0 1 77 1036 96
1429 2 2 0 1 181 1037 1035
1430 2 2 0 1 1037 1038 1035
1431 2 2 0 1 1037 350 1038
1432 2 2 0 1 1035 1038 349
1433 2 2 0 1 350 1039 1038
1434 2 2 0 1 1039 1040 1038
1435 2 2 0 1 1039 351 1040
1436 2 2 0 1 1038 1040 349
1437 2 2 0 1 350 1041 1039
1438 2 2 0 1 1041 1042 1039
1439 2 2 0 1 1041 182 1042
1440 2 2 0 1 1039 1042 351
1441 2 2 0 1 349 1040 1036
1442 2 2 0 1 1040 1043 1036
1443 2 2 0 1 1040 351 1043
1444 2 2 0 1 1036 1043 96
1445 2 2 0 1 181 1044 1037
1446 2 2 0 1 1044 1045 1037
1447 2 2 0 1 1044 352 1045
1448 2 2 0 1 1037 1045 350
1449 2 2 0 1 352 1046 1045
1450 2 2 0 1 1046 1047 1045
1451 2 2 0 1 1046 353 1047
1452 2 2 0 1 1045 1047 350
1453 2 2 0 1 352 1048 1046
1454 2 2 0 1 1048 1049 1046
1455 2 2 0 1 1048 141 1049
1456 2 2 0 1 1046 1049 353
1457 2 2 0 1 350 1047 1041
1458 2 2 0 1 1047 1050 1041
1459 2 2 0 1 1047 353 1050
1460 2 2 0 1 1041 1050 182
1461 2 2 0 1 96 1043 78
1462 2 2 0 1 1043 1051 78
1463 2 2 0 1 1043 351 1051
1464 2 2 0 1 78 1051 89
1465 2 2 0 1 351 1052 1051
1466 2 2 0 1 1052 1053 1051
1467 2 2 0 1 1052 354 1053
1468 2 2 0 1 1051 1053 89
1469 2 2 0 1 351 1042 1052
1470 2 2 0 1 1042 1054 1052
1471 2 2 0 1 1042 182 1054
1472 2 2 0 1 1052 1054 354
1473 2 2 0 1 89 1053 79
1474 2 2 0 1 1053 1055 79
1475 2 2 0 1 1053 354 1055
1476 2 2 0 1 79 1055 97
1477 2 2 0 1 141 1056 1049
1478 2 2 0 1 1056 1057 1049
1479 2 2 0 1 1056 355 1057
1480 2 2 0 1 1049 1057 353
1481 2 2 0 1 355 1058 1057
1482 2 2 0 1 1058 1059 1057
1483 2 2 0 1 1058 356 1059
1484 2 2 0 1 1057 1059 353
1485 2 2 0 1 355 1060 1058
1486 2 2 0 1 1060 1061 1058
1487 2 2 0 1 1060 183 1061
1488 2 2 0 1 1058 1061 356
1489 2 2 0 1 353 1059 1050
1490 2 2 0 1 1059 1062 1050
1491 2 2 0 1 1059 356 1062
1492 2 2 0 1 1050 1062 182
1493 2 2 0 1 183 1063 1061
1494 2 2 0 1 1063 1064 1061
1495 2 2 0 1 1063 357 1064
1496 2 2 0 1 1061 1064 356
1497 2 2 0 1 357 1065 1064
1498 2 2 0 1 1065 1066 1064
1499 2 2 0 1 1065 358 1066
1500 2 2 0 1 1064 1066 356
1501 2 2 0 1 357 1067 1065
1502 2 2 0 1 1067 1068 1065
1503 2 2 0 1 1067 184 1068
1504 2 2 0 1 1065 1068 358
1505 2 2 0 1 356 1066 1062
1506 2 2 0 1 1066 1069 1062
1507 2 2 0 1 1066 358 1069
1508 2 2 0 1 1062 1069 182
1509 2 2 0 1 183 1070 1063
1510 2 2 0 1 1070 1071 1063
1511 2 2 0 1 1070 359 1071
1512 2 2 0 1 1063 1071 357
1513 2 2 0 1 359 1072 1071
1514 2 2 0 1 1072 1073 1071
1515 2 2 0 1 1072 360 1073
1516 2 2 0 1 1071 1073 357
1517 2 2 0 1 359 1074 1072
1518 2 2 0 1 1074 1075 1072
1519 2 2 0 1 1074 139 1075
1520 2 2 0 1 1072 1075 360
1521 2 2 0 1 357 1073 1067
1522 2 2 0 1 1073 1076 1067
1523 2 2 0 1 1073 360 1076
1524 2 2 0 1 1067 1076 184
1525 2 2 0 1 182 1069 1054
1526 2 2 0 1 1069 1077 1054
1527 2 2 0 1 1069 358 1077
1528 2 2 0 1 1054 1077 354
1529 2 2 0 1 358 1078 1077
1530 2 2 0 1 1078 1079 1077
1531 2 2 0 1 1078 361 1079
1532 2 2 0 1 1077 1079 354
1533 2 2 0 1 358 1068 1078
1534 2 2 0 1 1068 1080 1078
1535 2 2 0 1 1068 184 1080
1536 2 2 0 1 1078 1080 361
1537 2 2 0 1 354 1079 1055
1538 2 2 0 1 1079 1081 1055
1539 2 2 0 1 1079 361 1081
1540 2 2 0 1 1055 1081 97
1541 2 2 0 1 141 1082 1056
1542 2 2 0 1 1082 1083 1056
1543 2 2 0 1 1082 362 1083
1544 2 2 0 1 1056 1083 355
1545 2 2 0 1 362 1084 1083
1546 2 2 0 1 1084 1085 1083
1547 2 2 0 1 1084 363 1085
1548 2 2 0 1 1083 1085 355
1549 2 2 0 1 362 1086 1084
1550 2 2 0 1 1086 1087 1084
1551 2 2 0 1 1086 185 1087
1552 2 2 0 1 1084 1087 363
1553 2 2 0 1 355 1085 1060
1554 2 2 0 1 1085 1088 1060
1555 2 2 0 1 1085 363 1088
1556 2 2 0 1 1060 1088 183
1557 2 2 0 1 185 1089 1087
1558 2 2 0 1 1089 1090 1087
1559 2 2 0 1 1089 364 1090
1560 2 2 0 1 1087 1090 363
1561 2 2 0 1 364 1091 1090
1562 2 2 0 1 1091 1092 1090
1563 2 2 0 1 1091 365 1092
1564 2 2 0 1 1090 1092 363
1565 2 2 0 1 364 1093 1091
1566 2 2 0 1 1093 1094 1091
1567 2 2 0 1 1093 178 1094
1568 2 2 0 1 1091 1094 365
1569 2 2 0 1 363 1092 1088
1570 2 2 0 1 1092 1095 1088
1571 2 2 0 1 1092 365 1095
1572 2 2 0 1 1088 1095 183
1573 2 2 0 1 185 1096 1089
1574 2 2 0 1 1096 1097 1089
1575 2 2 0 1 1096 366 1097
1576 2 2 0 1 1089 1097 364
1577 2 2 0 1 366 1098 1097
1578 2 2 0 1 1098 1099 1097
1579 2 2 0 1 1098 340 1099
1580 2 2 0 1 1097 1099 364
1581 2 2 0 1 366 1100 1098
1582 2 2 0 1 1100 1000 1098
1583 2 2 0 1 1100 131 1000
1584 2 2 0 1 1098 1000 340
1585 2 2 0 1 364 1099 1093
1586 2 2 0 1 1099 996 1093
1587 2 2 0 1 1099 340 996
1588 2 2 0 1 1093 996 178
1589 2 2 0 1 183 1095 1070
1590 2 2 0 1 1095 1101 1070
1591 2 2 0 1 1095 365 1101
1592 2 2 0 1 1070 1101 359
1593 2 2 0 1 365 1102 1101
1594 2 2 0 1 1102 1103 1101
1595 2 2 0 1 1102 336 1103
1596 2 2 0 1 1101 1103 359
1597 2 2 0 1 365 1094 1102
1598 2 2 0 1 1094 986 1102
1599 2 2 0 1 1094 178 986
1600 2 2 0 1 1102 986 336
1601 2 2 0 1 359 1103 1074
1602 2 2 0 1 1103 982 1074
1603 2 2 0 1 1103 336 982
1604 2 2 0 1 1074 982 139
1605 2 2 0 1 97 1081 80
1606 2 2 0 1 1081 1104 80
1607 2 2 0 1 1081 361 1104
1608 2 2 0 1 80 1104 90
1609 2 2 0 1 361 1105 1104
1610 2 2 0 1 1105 1106 1104
1611 2 2 0 1 1105 367 1106
1612 2 2 0 1 1104 1106 90
1613 2 2 0 1 361 1080 1105
1614 2 2 0 1 1080 1107 1105
1615 2 2 0 1 1080 184 1107
1616 2 2 0 1 1105 1107 367
1617 2 2 0 1 90 1106 81
1618 2 2 0 1 1106 1108 81
1619 2 2 0 1 1106 367 1108
1620 2 2 0 1 81 1108 83
1621 2 2 0 1 184 1109 1107
1622 2 2 0 1 1109 1110 1107
1623 2 2 0 1 1109 368 1110
1624 2 2 0 1 1107 1110 367
1625 2 2 0 1 368 1111 1110
1626 2 2 0 1 1111 1112 1110
1627 2 2 0 1 1111 369 1112
1628 2 2 0 1 1110 1112 367
1629 2 2 0 1 368 1113 1111
1630 2 2 0 1 1113 1114 1111
1631 2 2 0 1 1113 174 1114
1632 2 2 0 1 1111 1114 369
1633 2 2 0 1 367 1112 1108
1634 2 2 0 1 1112 1115 1108
1635 2 2 0 1 1112 369 1115
1636 2 2 0 1 1108 1115 83
1637 2 2 0 1 184 1076 1109
1638 2 2 0 1 1076 1116 1109
1639 2 2 0 1 1076 360 1116
1640 2 2 0 1 1109 1116 368
1641 2 2 0 1 360 1117 1116
1642 2 2 0 1 1117 1118 1116
1643 2 2 0 1 1117 326 1118
1644 2 2 0 1 1116 1118 368
1645 2 2 0 1 360 1075 1117
1646 2 2 0 1 1075 948 1117
1647 2 2 0 1 1075 139 948
1648 2 2 0 1 1117 948 326
1649 2 2 0 1 368 1118 1113
1650 2 2 0 1 1118 944 1113
1651 2 2 0 1 1118 326 944
1652 2 2 0 1 1113 944 174
1653 2 2 0 1 83 1115 82
1654 2 2 0 1 1115 1119 82
1655 2 2 0 1 1115 369 1119
1656 2 2 0 1 82 1119 91
1657 2 2 0 1 369 1120 1119
1658 2 2 0 1 1120 1121 1119
1659 2 2 0 1 1120 322 1121
1660 2 2 0 1 1119 1121 91
1661 2 2 0 1 369 1114 1120
1662 2 2 0 1 1114 934 1120
1663 2 2 0 1 1114 174 934
1664 2 2 0 1 1120 934 322
1665 2 2 0 1 91 1121 67
1666 2 2 0 1 1121 930 67
1667 2 2 0 1 1121 322 930
1668 2 2 0 1 67 930 2
1669 2 2 0 1 33 1122 14
1670 2 2 0 1 1122 1123 14
1671 2 2 0 1 1122 370 1123
1672 2 2 0 1 14 1123 26
1673 2 2 0 1 370 1124 1123
1674 2 2 0 1 1124 1125 1123
1675 2 2 0 1 1124 371 1125
1676 2 2 0 1 1123 1125 26
1677 2 2 0 1 370 1126 1124
1678 2 2 0 1 1126 1127 1124
1679 2 2 0 1 1126 186 1127
1680 2 2 0 1 1124 1127 371
1681 2 2 0 1 26 1125 15
1682 2 2 0 1 1125 1128 15
1683 2 2 0 1 1125 371 1128
1684 2 2 0 1 15 1128 34
1685 2 2 0 1 186 1129 1127
1686 2 2 0 1 1129 1130 1127
1687 2 2 0 1 1129 372 1130
1688 2 2 0 1 1127 1130 371
1689 2 2 0 1 372 1131 1130
1690 2 2 0 1 1131 1132 1130
1691 2 2 0 1 1131 373 1132
1692 2 2 0 1 1130 1132 371
1693 2 2 0 1 372 1133 1131
1694 2 2 0 1 1133 1134 1131
1695 2 2 0 1 1133 187 1134
1696 2 2 0 1 1131 1134 373
1697 2 2 0 1 371 1132 1128
1698 2 2 0 1 1132 1135 1128
1699 2 2 0 1 1132 373 1135
1700 2 2 0 1 1128 1135 34
1701 2 2 0 1 186 1136 1129
1702 2 2 0 1 1136 1137 1129
1703 2 2 0 1 1136 374 1137
1704 2 2 0 1 1129 1137 372
1705 2 2 0 1 374 1138 1137
1706 2 2 0 1 1138 1139 1137
1707 2 2 0 1 1138 375 1139
1708 2 2 0 1 1137 1139 372
1709 2 2 0 1 374 1140 1138
1710 2 2 0 1 1140 1141 1138
1711 2 2 0 1 1140 142 1141
1712 2 2 0 1 1138 1141 375
1713 2 2 0 1 372 1139 1133
1714 2 2 0 1 1139 1142 1133
1715 2 2 0 1 1139 375 1142
1716 2 2 0 1 1133 1142 187
1717 2 2 0 1 34 1135 16
1718 2 2 0 1 1135 1143 16
1719 2 2 0 1 1135 373 1143
1720 2 2 0 1 16 1143 27
1721 2 2 0 1 373 1144 1143
1722 2 2 0 1 1144 1145 1143
1723 2 2 0 1 1144 376 1145
1724 2 2 0 1 1143 1145 27
1725 2 2 0 1 373 1134 1144
1726 2 2 0 1 1134 1146 1144
1727 2 2 0 1 1134 187 1146
1728 2 2 0 1 1144 1146 376
1729 2 2 0 1 27 1145 17
1730 2 2 0 1 1145 1147 17
1731 2 2 0 1 1145 376 1147
1732 2 2 0 1 17 1147 35
1733 2 2 0 1 142 1148 1141
1734 2 2 0 1 1148 1149 1141
1735 2 2 0 1 1148 377 1149
1736 2 2 0 1 1141 1149 375
1737 2 2 0 1 377 1150 1149
1738 2 2 0 1 1150 1151 1149
1739 2 2 0 1 1150 378 1151
1740 2 2 0 1 1149 1151 375
1741 2 2 0 1 377 1152 1150
1742 2 2 0 1 1152 1153 1150
1743 2 2 0 1 1152 188 1153
1744 2 2 0 1 1150 1153 378
1745 2 2 0 1 375 1151 1142
1746 2 2 0 1 1151 1154 1142
1747 2 2 0 1 1151 378 1154
1748 2 2 0 1 1142 1154 187
1749 2 2 0 1 188 1155 1153
1750 2 2 0 1 1155 1156 1153
1751 2 2 0 1 1155 379 1156
1752 2 2 0 1 1153 1156 378
1753 2 2 0 1 379 1157 1156
1754 2 2 0 1 1157 1158 1156
1755 2 2 0 1 1157 380 1158
1756 2 2 0 1 1156 1158 378
1757 2 2 0 1 379 1159 1157
1758 2 2 0 1 1159 1160 1157
1759 2 2 0 1 1159 189 1160
1760 2 2 0 1 1157 1160 380
1761 2 2 0 1 378 1158 1154
1762 2 2 0 1 1158 1161 1154
1763 2 2 0 1 1158 380 1161
1764 2 2 0 1 1154 1161 187
1765 2 2 0 1 188 1162 1155
1766 2 2 0 1 1162 1163 1155
1767 2 2 0 1 1162 381 1163
1768 2 2 0 1 1155 1163 379
1769 2 2 0 1 381 1164 1163
1770 2 2 0 1 1164 1165 1163
1771 2 2 0 1 1164 382 1165
1772 2 2 0 1 1163 1165 379
1773 2 2 0 1 381 1166 1164
1774 2 2 0 1 1166 1167 1164
1775 2 2 0 1 1166 143 1167
1776 2 2 0 1 1164 1167 382
1777 2 2 0 1 379 1165 1159
1778 2 2 0 1 1165 1168 1159
1779 2 2 0 1 1165 382 1168
1780 2 2 0 1 1159 1168 189
1781 2 2 0 1 187 1161 1146
1782 2 2 0 1 1161 1169 1146
1783 2 2 0 1 1161 380 1169
1784 2 2 0 1 1146 1169 376
1785 2 2 0 1 380 1170 1169
1786 2 2 0 1 1170 1171 1169
1787 2 2 0 1 1170 383 1171
1788 2 2 0 1 1169 1171 376
1789 2 2 0 1 380 1160 1170
1790 2 2 0 1 1160 1172 1170
1791 2 2 0 1 1160 189 1172
1792 2 2 0 1 1170 1172 383
1793 2 2 0 1 376 1171 1147
1794 2 2 0 1 1171 1173 1147
1795 2 2 0 1 1171 383 1173
1796 2 2 0 1 1147 1173 35
1797 2 2 0 1 142 1174 1148
1798 2 2 0 1 1174 1175 1148
1799 2 2 0 1 1174 384 1175
1800 2 2 0 1 1148 1175 377
1801 2 2 0 1 384 1176 1175
1802 2 2 0 1 1176 1177 1175
1803 2 2 0 1 1176 385 1177
1804 2 2 0 1 1175 1177 377
1805 2 2 0 1 384 1178 1176
1806 2 2 0 1 1178 1179 1176
1807 2 2 0 1 1178 190 1179
1808 2 2 0 1 1176 1179 385
1809 2 2 0 1 377 1177 1152
1810 2 2 0 1 1177 1180 1152
1811 2 2 0 1 1177 385 1180
1812 2 2 0 1 1152 1180 188
1813 2 2 0 1 190 1181 1179
1814 2 2 0 1 1181 1182 1179
1815 2 2 0 1 1181 386 1182
1816 2 2 0 1 1179 1182 385
1817 2 2 0 1 386 1183 1182
1818 2 2 0 1 1183 1184 1182
1819 2 2 0 1 1183 387 1184
1820 2 2 0 1 1182 1184 385
1821 2 2 0 1 386 1185 1183
1822 2 2 0 1 1185 1186 1183
1823 2 2 0 1 1185 191 1186
1824 2 2 0 1 1183 1186 387
1825 2 2 0 1 385 1184 1180
1826 2 2 0 1 1184 1187 1180
1827 2 2 0 1 1184 387 1187
1828 2 2 0 1 1180 1187 188
1829 2 2 0 1 190 1188 1181
1830 2 2 0 1 1188 1189 1181
1831 2 2 0 1 1188 388 1189
1832 2 2 0 1 1181 1189 386
1833 2 2 0 1 388 1190 1189
1834 2 2 0 1 1190 1191 1189
1835 2 2 0 1 1190 389 1191
1836 2 2 0 1 1189 1191 386
1837 2 2 0 1 388 1192 1190
1838 2 2 0 1 1192 1193 1190
1839 2 2 0 1 1192 129 1193
1840 2 2 0 1 1190 1193 389
1841 2 2 0 1 386 1191 1185
1842 2 2 0 1 1191 1194 1185
1843 2 2 0 1 1191 389 1194
1844 2 2 0 1 1185 1194 191
1845 2 2 0 1 188 1187 1162
1846 2 2 0 1 1187 1195 1162
1847 2 2 0 1 1187 387 1195
1848 2 2 0 1 1162 1195 381
1849 2 2 0 1 387 1196 1195
1850 2 2 0 1 1196 1197 1195
1851 2 2 0 1 1196 390 1197
1852 2 2 0 1 1195 1197 381
1853 2 2 0 1 387 1186 1196
1854 2 2 0 1 1186 1198 1196
1855 2 2 0 1 1186 191 1198
1856 2 2 0 1 1196 1198 390
1857 2 2 0 1 381 1197 1166
1858 2 2 0 1 1197 1199 1166
1859 2 2 0 1 1197 390 1199
1860 2 2 0 1 1166 1199 143
1861 2 2 0 1 35 1173 18
1862 2 2 0 1 1173 1200 18
1863 2 2 0 1 1173 383 1200
1864 2 2 0 1 18 1200 28
1865 2 2 0 1 383 1201 1200
1866 2 2 0 1 1201 1202 1200
1867 2 2 0 1 1201 391 1202
1868 2 2 0 1 1200 1202 28
1869 2 2 0 1 383 1172 1201
1870 2 2 0 1 1172 1203 1201
1871 2 2 0 1 1172 189 1203
1872 2 2 0 1 1201 1203 391
1873 2 2 0 1 28 1202 19
1874 2 2 0 1 1202 1204 19
1875 2 2 0 1 1202 391 1204
1876 2 2 0 1 19 1204 21
1877 2 2 0 1 189 1205 1203
1878 2 2 0 1 1205 1206 1203
1879 2 2 0 1 1205 392 1206
1880 2 2 0 1 1203 1206 391
1881 2 2 0 1 392 1207 1206
1882 2 2 0 1 1207 1208 1206
1883 2 2 0 1 1207 393 1208
1884 2 2 0 1 1206 1208 391
1885 2 2 0 1 392 1209 1207
1886 2 2 0 1 1209 1210 1207
1887 2 2 0 1 1209 192 1210
1888 2 2 0 1 1207 1210 393
1889 2 2 0 1 391 1208 1204
1890 2 2 0 1 1208 1211 1204
1891 2 2 0 1 1208 393 1211
1892 2 2 0 1 1204 1211 21
1893 2 2 0 1 189 1168 1205
1894 2 2 0 1 1168 1212 1205
1895 2 2 0 1 1168 382 1212
1896 2 2 0 1 1205 1212 392
1897 2 2 0 1 382 1213 1212
1898 2 2 0 1 1213 1214 1212
1899 2 2 0 1 1213 394 1214
1900 2 2 0 1 1212 1214 392
1901 2 2 0 1 382 1167 1213
1902 2 2 0 1 1167 1215 1213
1903 2 2 0 1 1167 143 1215
1904 2 2 0 1 1213 1215 394
1905 2 2 0 1 392 1214 1209
1906 2 2 0 1 1214 1216 1209
1907 2 2 0 1 1214 394 1216
1908 2 2 0 1 1209 1216 192
1909 2 2 0 1 21 1211 20
1910 2 2 0 1 1211 1217 20
1911 2 2 0 1 1211 393 1217
1912 2 2 0 1 20 1217 29
1913 2 2 0 1 393 1218 1217
1914 2 2 0 1 1218 1219 1217
1915 2 2 0 1 1218 395 1219
1916 2 2 0 1 1217 1219 29
1917 2 2 0 1 393 1210 1218
1918 2 2 0 1 1210 1220 1218
1919 2 2 0 1 1210 192 1220
1920 2 2 0 1 1218 1220 395
1921 2 2 0 1 29 1219 5
1922 2 2 0 1 1219 1221 5
1923 2 2 0 1 1219 395 1221
1924 2 2 0 1 5 1221 1
1925 2 2 0 1 1 1221 99
1926 2 2 0 1 1221 1222 99
1927 2 2 0 1 1221 395 1222
1928 2 2 0 1 99 1222 115
1929 2 2 0 1 395 1223 1222
1930 2 2 0 1 1223 1224 1222
1931 2 2 0 1 1223 396 1224
1932 2 2 0 1 1222 1224 115
1933 2 2 0 1 395 1220 1223
1934 2 2 0 1 1220 1225 1223
1935 2 2 0 1 1220 192 1225
1936 2 2 0 1 1223 1225 396
1937 2 2 0 1 115 1224 100
1938 2 2 0 1 1224 1226 100
1939 2 2 0 1 1224 396 1226
1940 2 2 0 1 100 1226 123
1941 2 2 0 1 192 1227 1225
1942 2 2 0 1 1227 1228 1225
1943 2 2 0 1 1227 397 1228
1944 2 2 0 1 1225 1228 396
1945 2 2 0 1 397 1229 1228
1946 2 2 0 1 1229 1230 1228
1947 2 2 0 1 1229 398 1230
1948 2 2 0 1 1228 1230 396
1949 2 2 0 1 397 1231 1229
1950 2 2 0 1 1231 1232 1229
1951 2 2 0 1 1231 193 1232
1952 2 2 0 1 1229 1232 398
1953 2 2 0 1 396 1230 1226
1954 2 2 0 1 1230 1233 1226
1955 2 2 0 1 1230 398 1233
1956 2 2 0 1 1226 1233 123
1957 2 2 0 1 192 1216 1227
1958 2 2 0 1 1216 1234 1227
1959 2 2 0 1 1216 394 1234
1960 2 2 0 1 1227 1234 397
1961 2 2 0 1 394 1235 1234
1962 2 2 0 1 1235 1236 1234
1963 2 2 0 1 1235 399 1236
1964 2 2 0 1 1234 1236 397
1965 2 2 0 1 394 1215 1235
1966 2 2 0 1 1215 1237 1235
1967 2 2 0 1 1215 143 1237
1968 2 2 0 1 1235 1237 399
1969 2 2 0 1 397 1236 1231
1970 2 2 0 1 1236 1238 1231
1971 2 2 0 1 1236 399 1238
1972 2 2 0 1 1231 1238 193
1973 2 2 0 1 123 1233 101
1974 2 2 0 1 1233 1239 101
1975 2 2 0 1 1233 398 1239
1976 2 2 0 1 101 1239 116
1977 2 2 0 1 398 1240 1239
1978 2 2 0 1 1240 1241 1239
1979 2 2 0 1 1240 400 1241
1980 2 2 0 1 1239 1241 116
1981 2 2 0 1 398 1232 1240
1982 2 2 0 1 1232 1242 1240
1983 2 2 0 1 1232 193 1242
1984 2 2 0 1 1240 1242 400
1985 2 2 0 1 116 1241 102
1986 2 2 0 1 1241 1243 102
1987 2 2 0 1 1241 400 1243
1988 2 2 0 1 102 1243 124
1989 2 2 0 1 143 1244 1237
1990 2 2 0 1 1244 1245 1237
1991 2 2 0 1 1244 401 1245
1992 2 2 0 1 1237 1245 399
1993 2 2 0 1 401 1246 1245
1994 2 2 0 1 1246 1247 1245
1995 2 2 0 1 1246 402 1247
1996 2 2 0 1 1245 1247 399
1997 2 2 0 1 401 1248 1246
1998 2 2 0 1 1248 1249 1246
1999 2 2 0 1 1248 194 1249
2000 2 2 0 1 1246 1249 402
2001 2 2 0 1 399 1247 1238
2002 2 2 0 1 1247 1250 1238
2003 2 2 0 1 1247 402 1250
2004 2 2 0 1 1238 1250 193
2005 2 2 0 1 194 1251 1249
2006 2 2 0 1 1251 1252 1249
2007 2 2 0 1 1251 403 1252
2008 2 2 0 1 1249 1252 402
2009 2 2 0 1 403 1253 1252
2010 2 2 0 1 1253 1254 1252
2011 2 2 0 1 1253 404 1254
2012 2 2 0 1 1252 1254 402
2013 2 2 0 1 403 1255 1253
2014 2 2 0 1 1255 1256 1253
2015 2 2 0 1 1255 195 1256
2016 2 2 0 1 1253 1256 404
2017 2 2 0 1 402 1254 1250
2018 2 2 0 1 1254 1257 1250
2019 2 2 0 1 1254 404 1257
2020 2 2 0 1 1250 1257 193
2021 2 2 0 1 194 1258 1251
2022 2 2 0 1 1258 1259 1251
2023 2 2 0 1 1258 405 1259
2024 2 2 0 1 1251 1259 403
2025 2 2 0 1 405 1260 1259
2026 2 2 0 1 1260 1261 1259
2027 2 2 0 1 1260 406 1261
2028 2 2 0 1 1259 1261 403
2029 2 2 0 1 405 1262 1260
2030 2 2 0 1 1262 1263 1260
2031 2 2 0 1 1262 144 1263
2032 2 2 0 1 1260 1263 406
2033 2 2 0 1 403 1261 1255
2034 2 2 0 1 1261 1264 1255
2035 2 2 0 1 1261 406 1264
2036 2 2 0 1 1255 1264 195
2037 2 2 0 1 193 1257 1242
2038 2 2 0 1 1257 1265 1242
2039 2 2 0 1 1257 404 1265
2040 2 2 0 1 1242 1265 400
2041 2 2 0 1 404 1266 1265
2042 2 2 0 1 1266 1267 1265
2043 2 2 0 1 1266 407 1267
2044 2 2 0 1 1265 1267 400
2045 2 2 0 1 404 1256 1266
2046 2 2 0 1 1256 1268 1266
2047 2 2 0 1 1256 195 1268
2048 2 2 0 1 1266 1268 407
2049 2 2 0 1 400 1267 1243
2050 2 2 0 1 1267 1269 1243
2051 2 2 0 1 1267 407 1269
2052 2 2 0 1 1243 1269 124
2053 2 2 0 1 143 1199 1244
2054 2 2 0 1 1199 1270 1244
2055 2 2 0 1 1199 390 1270
2056 2 2 0 1 1244 1270 401
2057 2 2 0 1 390 1271 1270
2058 2 2 0 1 1271 1272 1270
2059 2 2 0 1 1271 408 1272
2060 2 2 0 1 1270 1272 401
2061 2 2 0 1 390 1198 1271
2062 2 2 0 1 1198 1273 1271
2063 2 2 0 1 1198 191 1273
2064 2 2 0 1 1271 1273 408
2065 2 2 0 1 401 1272 1248
2066 2 2 0 1 1272 1274 1248
2067 2 2 0 1 1272 408 1274
2068 2 2 0 1 1248 1274 194
2069 2 2 0 1 191 1275 1273
2070 2 2 0 1 1275 1276 1273
2071 2 2 0 1 1275 409 1276
2072 2 2 0 1 1273 1276 408
2073 2 2 0 1 409 1277 1276
2074 2 2 0 1 1277 1278 1276
2075 2 2 0 1 1277 410 1278
2076 2 2 0 1 1276 1278 408
2077 2 2 0 1 409 1279 1277
2078 2 2 0 1 1279 1280 1277
2079 2 2 0 1 1279 196 1280
2080 2 2 0 1 1277 1280 410
2081 2 2 0 1 408 1278 1274
2082 2 2 0 1 1278 1281 1274
2083 2 2 0 1 1278 410 1281
2084 2 2 0 1 1274 1281 194
2085 2 2 0 1 191 1194 1275
2086 2 2 0 1 1194 1282 1275
2087 2 2 0 1 1194 389 1282
2088 2 2 0 1 1275 1282 409
2089 2 2 0 1 389 1283 1282
2090 2 2 0 1 1283 1284 1282
2091 2 2 0 1 1283 411 1284
2092 2 2 0 1 1282 1284 409
2093 2 2 0 1 389 1193 1283
2094 2 2 0 1 1193 1285 1283
2095 2 2 0 1 1193 129 1285
2096 2 2 0 1 1283 1285 411
2097 2 2 0 1 409 1284 1279
2098 2 2 0 1 1284 1286 1279
2099 2 2 0 1 1284 411 1286
2100 2 2 0 1 1279 1286 196
2101 2 2 0 1 194 1281 1258
2102 2 2 0 1 1281 1287 1258
2103 2 2 0 1 1281 410 1287
2104 2 2 0 1 1258 1287 405
2105 2 2 0 1 410 1288 1287
2106 2 2 0 1 1288 1289 1287
2107 2 2 0 1 1288 412 1289
2108 2 2 0 1 1287 1289 405
2109 2 2 0 1 410 1280 1288
2110 2 2 0 1 1280 1290 1288
2111 2 2 0 1 1280 196 1290
2112 2 2 0 1 1288 1290 412
2113 2 2 0 1 405 1289 1262
2114 2 2 0 1 1289 1291 1262
2115 2 2 0 1 1289 412 1291
2116 2 2 0 1 1262 1291 144
2117 2 2 0 1 124 1269 103
2118 2 2 0 1 1269 1292 103
2119 2 2 0 1 1269 407 1292
2120 2 2 0 1 103 1292 117
2121 2 2 0 1 407 1293 1292
2122 2 2 0 1 1293 1294 1292
2123 2 2 0 1 1293 413 1294
2124 2 2 0 1 1292 1294 117
2125 2 2 0 1 407 1268 1293
2126 2 2 0 1 1268 1295 1293
2127 2 2 0 1 1268 195 1295
2128 2 2 0 1 1293 1295 413
2129 2 2 0 1 117 1294 104
2130 2 2 0 1 1294 1296 104
2131 2 2 0 1 1294 413 1296
2132 2 2 0 1 104 1296 125
2133 2 2 0 1 195 1297 1295
2134 2 2 0 1 1297 1298 1295
2135 2 2 0 1 1297 414 1298
2136 2 2 0 1 1295 1298 413
2137 2 2 0 1 414 1299 1298
2138 2 2 0 1 1299 1300 1298
2139 2 2 0 1 1299 415 1300
2140 2 2 0 1 1298 1300 413
2141 2 2 0 1 414 1301 1299
2142 2 2 0 1 1301 1302 1299
2143 2 2 0 1 1301 197 1302
2144 2 2 0 1 1299 1302 415
2145 2 2 0 1 413 1300 1296
2146 2 2 0 1 1300 1303 1296
2147 2 2 0 1 1300 415 1303
2148 2 2 0 1 1296 1303 125
2149 2 2 0 1 195 1264 1297
2150 2 2 0 1 1264 1304 1297
2151 2 2 0 1 1264 406 1304
2152 2 2 0 1 1297 1304 414
2153 2 2 0 1 406 1305 1304
2154 2 2 0 1 1305 1306 1304
2155 2 2 0 1 1305 416 1306
2156 2 2 0 1 1304 1306 414
2157 2 2 0 1 406 1263 1305
2158 2 2 0 1 1263 1307 1305
2159 2 2 0 1 1263 144 1307
2160 2 2 0 1 1305 1307 416
2161 2 2 0 1 414 1306 1301
2162 2 2 0 1 1306 1308 1301
2163 2 2 0 1 1306 416 1308
2164 2 2 0 1 1301 1308 197
2165 2 2 0 1 125 1303 105
2166 2 2 0 1 1303 1309 105
2167 2 2 0 1 1303 415 1309
2168 2 2 0 1 105 1309 118
2169 2 2 0 1 415 1310 1309
2170 2 2 0 1 1310 1311 1309
2171 2 2 0 1 1310 417 1311
2172 2 2 0 1 1309 1311 118
2173 2 2 0 1 415 1302 1310
2174 2 2 0 1 1302 1312 1310
2175 2 2 0 1 1302 197 1312
2176 2 2 0 1 1310 1312 417
2177 2 2 0 1 118 1311 106
2178 2 2 0 1 1311 1313 106
2179 2 2 0 1 1311 417 1313
2180 2 2 0 1 106 1313 126
2181 2 2 0 1 130 1314 1316
2182 2 2 0 1 1314 1315 1316
2183 2 2 0 1 1314 418 1315
2184 2 2 0 1 1316 1315 420
2185 2 2 0 1 418 1317 1315
2186 2 2 0 1 1317 1318 1315
2187 2 2 0 1 1317 419 1318
2188 2 2 0 1 1315 1318 420
2189 2 2 0 1 418 1319 1317
2190 2 2 0 1 1319 1320 1317
2191 2 2 0 1 1319 198 1320
2192 2 2 0 1 1317 1320 419
2193 2 2 0 1 420 1318 1322
2194 2 2 0 1 1318 1321 1322
2195 2 2 0 1 1318 419 1321
2196 2 2 0 1 1322 1321 200
2197 2 2 0 1 198 1323 1320
2198 2 2 0 1 1323 1324 1320
2199 2 2 0 1 1323 421 1324
2200 2 2 0 1 1320 1324 419
2201 2 2 0 1 421 1325 1324
2202 2 2 0 1 1325 1326 1324
2203 2 2 0 1 1325 422 1326
2204 2 2 0 1 1324 1326 419
2205 2 2 0 1 421 1327 1325
2206 2 2 0 1 1327 1328 1325
2207 2 2 0 1 1327 199 1328
2208 2 2 0 1 1325 1328 422
2209 2 2 0 1 419 1326 1321
2210 2 2 0 1 1326 1329 1321
2211 2 2 0 1 1326 422 1329
2212 2 2 0 1 1321 1329 200
2213 2 2 0 1 198 1330 1323
2214 2 2 0 1 1330 1331 1323
2215 2 2 0 1 1330 423 1331
2216 2 2 0 1 1323 1331 421
2217 2 2 0 1 423 1332 1331
2218 2 2 0 1 1332 1333 1331
2219 2 2 0 1 1332 424 1333
2220 2 2 0 1 1331 1333 421
2221 2 2 0 1 423 1334 1332
2222 2 2 0 1 1334 1335 1332
2223 2 2 0 1 1334 145 1335
2224 2 2 0 1 1332 1335 424
2225 2 2 0 1 421 1333 1327
2226 2 2 0 1 1333 1336 1327
2227 2 2 0 1 1333 424 1336
2228 2 2 0 1 1327 1336 199
2229 2 2 0 1 200 1329 1338
2230 2 2 0 1 1329 1337 1338
2231 2 2 0 1 1329 422 1337
2232 2 2 0 1 1338 1337 426
2233 2 2 0 1 422 1339 1337
2234 2 2 0 1 1339 1340 1337
2235 2 2 0 1 1339 425 1340
2236 2 2 0 1 1337 1340 426
2237 2 2 0 1 422 1328 1339
2238 2 2 0 1 1328 1341 1339
2239 2 2 0 1 1328 199 1341
2240 2 2 0 1 1339 1341 425
2241 2 2 0 1 426 1340 1343
2242 2 2 0 1 1340 1342 1343
2243 2 2 0 1 1340 425 1342
2244 2 2 0 1 1343 1342 147
2245 2 2 0 1 145 1344 1335
2246 2 2 0 1 1344 1345 1335
2247 2 2 0 1 1344 427 1345
2248 2 2 0 1 1335 1345 424
2249 2 2 0 1 427 1346 1345
2250 2 2 0 1 1346 1347 1345
2251 2 2 0 1 1346 428 1347
2252 2 2 0 1 1345 1347 424
2253 2 2 0 1 427 1348 1346
2254 2 2 0 1 1348 1349 1346
2255 2 2 0 1 1348 201 1349
2256 2 2 0 1 1346 1349 428
2257 2 2 0 1 424 1347 1336
2258 2 2 0 1 1347 1350 1336
2259 2 2 0 1 1347 428 1350
2260 2 2 0 1 1336 1350 199
2261 2 2 0 1 201 1351 1349
2262 2 2 0 1 1351 1352 1349
2263 2 2 0 1 1351 429 1352
2264 2 2 0 1 1349 1352 428
2265 2 2 0 1 429 1353 1352
2266 2 2 0 1 1353 1354 1352
2267 2 2 0 1 1353 430 1354
2268 2 2 0 1 1352 1354 428
2269 2 2 0 1 429 1355 1353
2270 2 2 0 1 1355 1356 1353
2271 2 2 0 1 1355 202 1356
2272 2 2 0 1 1353 1356 430
2273 2 2 0 1 428 1354 1350
2274 2 2 0 1 1354 1357 1350
2275 2 2 0 1 1354 430 1357
2276 2 2 0 1 1350 1357 199
2277 2 2 0 1 201 1358 1351
2278 2 2 0 1 1358 1359 1351
2279 2 2 0 1 1358 431 1359
2280 2 2 0 1 1351 1359 429
2281 2 2 0 1 431 1360 1359
2282 2 2 0 1 1360 1361 1359
2283 2 2 0 1 1360 432 1361
2284 2 2 0 1 1359 1361 429
2285 2 2 0 1 431 1362 1360
2286 2 2 0 1 1362 1363 1360
2287 2 2 0 1 1362 146 1363
2288 2 2 0 1 1360 1363 432
2289 2 2 0 1 429 1361 1355
2290 2 2 0 1 1361 1364 1355
2291 2 2 0 1 1361 432 1364
2292 2 2 0 1 1355 1364 202
2293 2 2 0 1 199 1357 1341
2294 2 2 0 1 1357 1365 1341
2295 2 2 0 1 1357 430 1365
2296 2 2 0 1 1341 1365 425
2297 2 2 0 1 430 1366 1365
2298 2 2 0 1 1366 1367 1365
2299 2 2 0 1 1366 433 1367
2300 2 2 0 1 1365 1367 425
2301 2 2 0 1 430 1356 1366
2302 2 2 0 1 1356 1368 1366
2303 2 2 0 1 1356 202 1368
2304 2 2 0 1 1366 1368 433
2305 2 2 0 1 425 1367 1342
2306 2 2 0 1 1367 1369 1342
2307 2 2 0 1 1367 433 1369
2308 2 2 0 1 1342 1369 147
2309 2 2 0 1 145 1370 1344
2310 2 2 0 1 1370 1371 1344
2311 2 2 0 1 1370 434 1371
2312 2 2 0 1 1344 1371 427
2313 2 2 0 1 434 1372 1371
2314 2 2 0 1 1372 1373 1371
2315 2 2 0 1 1372 435 1373
2316 2 2 0 1 1371 1373 427
2317 2 2 0 1 434 1374 1372
2318 2 2 0 1 1374 1375 1372
2319 2 2 0 1 1374 203 1375
2320 2 2 0 1 1372 1375 435
2321 2 2 0 1 427 1373 1348
2322 2 2 0 1 1373 1376 1348
2323 2 2 0 1 1373 435 1376
2324 2 2 0 1 1348 1376 201
2325 2 2 0 1 203 1377 1375
2326 2 2 0 1 1377 1378 1375
2327 2 2 0 1 1377 436 1378
2328 2 2 0 1 1375 1378 435
2329 2 2 0 1 436 1379 1378
2330 2 2 0 1 1379 1380 1378
2331 2 2 0 1 1379 437 1380
2332 2 2 0 1 1378 1380 435
2333 2 2 0 1 436 1381 1379
2334 2 2 0 1 1381 1382 1379
2335 2 2 0 1 1381 204 1382
2336 2 2 0 1 1379 1382 437
2337 2 2 0 1 435 1380 1376
2338 2 2 0 1 1380 1383 1376
2339 2 2 0 1 1380 437 1383
2340 2 2 0 1 1376 1383 201
2341 2 2 0 1 203 1384 1377
2342 2 2 0 1 1384 1385 1377
2343 2 2 0 1 1384 438 1385
2344 2 2 0 1 1377 1385 436
2345 2 2 0 1 438 1386 1385
2346 2 2 0 1 1386 1387 1385
2347 2 2 0 1 1386 439 1387
2348 2 2 0 1 1385 1387 436
2349 2 2 0 1 438 1388 1386
2350 2 2 0 1 1388 1389 1386
2351 2 2 0 1 1388 132 1389
2352 2 2 0 1 1386 1389 439
2353 2 2 0 1 436 1387 1381
2354 2 2 0 1 1387 1390 1381
2355 2 2 0 1 1387 439 1390
2356 2 2 0 1 1381 1390 204
2357 2 2 0 1 201 1383 1358
2358 2 2 0 1 1383 1391 1358
2359 2 2 0 1 1383 437 1391
2360 2 2 0 1 1358 1391 431
2361 2 2 0 1 437 1392 1391
2362 2 2 0 1 1392 1393 1391
2363 2 2 0 1 1392 440 1393
2364 2 2 0 1 1391 1393 431
2365 2 2 0 1 437 1382 1392
2366 2 2 0 1 1382 1394 1392
2367 2 2 0 1 1382 204 1394
2368 2 2 0 1 1392 1394 440
2369 2 2 0 1 431 1393 1362
2370 2 2 0 1 1393 1395 1362
2371 2 2 0 1 1393 440 1395
2372 2 2 0 1 1362 1395 146
2373 2 2 0 1 147 1369 1397
2374 2 2 0 1 1369 1396 1397
2375 2 2 0 1 1369 433 1396
2376 2 2 0 1 1397 1396 442
2377 2 2 0 1 433 1398 1396
2378 2 2 0 1 1398 1399 1396
2379 2 2 0 1 1398 441 1399
2380 2 2 0 1 1396 1399 442
2381 2 2 0 1 433 1368 1398
2382 2 2 0 1 1368 1400 1398
2383 2 2 0 1 1368 202 1400
2384 2 2 0 1 1398 1400 441
2385 2 2 0 1 442 1399 1402
2386 2 2 0 1 1399 1401 1402
2387 2 2 0 1 1399 441 1401
2388 2 2 0 1 1402 1401 206
2389 2 2 0 1 202 1403 1400
2390 2 2 0 1 1403 1404 1400
2391 2 2 0 1 1403 443 1404
2392 2 2 0 1 1400 1404 441
2393 2 2 0 1 443 1405 1404
2394 2 2 0 1 1405 1406 1404
2395 2 2 0 1 1405 444 1406
2396 2 2 0 1 1404 1406 441
2397 2 2 0 1 443 1407 1405
2398 2 2 0 1 1407 1408 1405
2399 2 2 0 1 1407 205 1408
2400 2 2 0 1 1405 1408 444
2401 2 2 0 1 441 1406 1401
2402 2 2 0 1 1406 1409 1401
2403 2 2 0 1 1406 444 1409
2404 2 2 0 1 1401 1409 206
2405 2 2 0 1 202 1364 1403
2406 2 2 0 1 1364 1410 1403
2407 2 2 0 1 1364 432 1410
2408 2 2 0 1 1403 1410 443
2409 2 2 0 1 432 1411 1410
2410 2 2 0 1 1411 1412 1410
2411 2 2 0 1 1411 445 1412
2412 2 2 0 1 1410 1412 443
2413 2 2 0 1 432 1363 1411
2414 2 2 0 1 1363 1413 1411
2415 2 2 0 1 1363 146 1413
2416 2 2 0 1 1411 1413 445
2417 2 2 0 1 443 1412 1407
2418 2 2 0 1 1412 1414 1407
2419 2 2 0 1 1412 445 1414
2420 2 2 0 1 1407 1414 205
2421 2 2 0 1 206 1409 1416
2422 2 2 0 1 1409 1415 1416
2423 2 2 0 1 1409 444 1415
2424 2 2 0 1 1416 1415 447
2425 2 2 0 1 444 1417 1415
2426 2 2 0 1 1417 1418 1415
2427 2 2 0 1 1417 446 1418
2428 2 2 0 1 1415 1418 447
2429 2 2 0 1 444 1408 1417
2430 2 2 0 1 1408 1419 1417
2431 2 2 0 1 1408 205 1419
2432 2 2 0 1 1417 1419 446
2433 2 2 0 1 447 1418 1421
2434 2 2 0 1 1418 1420 1421
2435 2 2 0 1 1418 446 1420
2436 2 2 0 1 1421 1420 129
2437 2 2 0 1 129 1420 1285
2438 2 2 0 1 1420 1422 1285
2439 2 2 0 1 1420 446 1422
2440 2 2 0 1 1285 1422 411
2441 2 2 0 1 446 1423 1422
2442 2 2 0 1 1423 1424 1422
2443 2 2 0 1 1423 448 1424
2444 2 2 0 1 1422 1424 411
2445 2 2 0 1 446 1419 1423
2446 2 2 0 1 1419 1425 1423
2447 2 2 0 1 1419 205 1425
2448 2 2 0 1 1423 1425 448
2449 2 2 0 1 411 1424 1286
2450 2 2 0 1 1424 1426 1286
2451 2 2 0 1 1424 448 1426
2452 2 2 0 1 1286 1426 196
2453 2 2 0 1 205 1427 1425
2454 2 2 0 1 1427 1428 1425
2455 2 2 0 1 1427 449 1428
2456 2 2 0 1 1425 1428 448
2457 2 2 0 1 449 1429 1428
2458 2 2 0 1 1429 1430 1428
2459 2 2 0 1 1429 450 1430
2460 2 2 0 1 1428 1430 448
2461 2 2 0 1 449 1431 1429
2462 2 2 0 1 1431 1432 1429
2463 2 2 0 1 1431 207 1432
2464 2 2 0 1 1429 1432 450
2465 2 2 0 1 448 1430 1426
2466 2 2 0 1 1430 1433 1426
2467 2 2 0 1 1430 450 1433
2468 2 2 0 1 1426 1433 196
2469 2 2 0 1 205 1414 1427
2470 2 2 0 1 1414 1434 1427
2471 2 2 0 1 1414 445 1434
2472 2 2 0 1 1427 1434 449
2473 2 2 0 1 445 1435 1434
2474 2 2 0 1 1435 1436 1434
2475 2 2 0 1 1435 451 1436
2476 2 2 0 1 1434 1436 449
2477 2 2 0 1 445 1413 1435
2478 2 2 0 1 1413 1437 1435
2479 2 2 0 1 1413 146 1437
2480 2 2 0 1 1435 1437 451
2481 2 2 0 1 449 1436 1431
2482 2 2 0 1 1436 1438 1431
2483 2 2 0 1 1436 451 1438
2484 2 2 0 1 1431 1438 207
2485 2 2 0 1 196 1433 1290
2486 2 2 0 1 1433 1439 1290
2487 2 2 0 1 1433 450 1439
2488 2 2 0 1 1290 1439 412
2489 2 2 0 1 450 1440 1439
2490 2 2 0 1 1440 1441 1439
2491 2 2 0 1 1440 452 1441
2492 2 2 0 1 1439 1441 412
2493 2 2 0 1 450 1432 1440
2494 2 2 0 1 1432 1442 1440
2495 2 2 0 1 1432 207 1442
2496 2 2 0 1 1440 1442 452
2497 2 2 0 1 412 1441 1291
2498 2 2 0 1 1441 1443 1291
2499 2 2 0 1 1441 452 1443
2500 2 2 0 1 1291 1443 144
2501 2 2 0 1 146 1444 1437
2502 2 2 0 1 1444 1445 1437
2503 2 2 0 1 1444 453 1445
2504 2 2 0 1 1437 1445 451
2505 2 2 0 1 453 1446 1445
2506 2 2 0 1 1446 1447 1445
2507 2 2 0 1 1446 454 1447
2508 2 2 0 1 1445 1447 451
2509 2 2 0 1 453 1448 1446
2510 2 2 0 1 1448 1449 1446
2511 2 2 0 1 1448 208 1449
2512 2 2 0 1 1446 1449 454
2513 2 2 0 1 451 1447 1438
2514 2 2 0 1 1447 1450 1438
2515 2 2 0 1 1447 454 1450
2516 2 2 0 1 1438 1450 207
2517 2 2 0 1 208 1451 1449
2518 2 2 0 1 1451 1452 1449
2519 2 2 0 1 1451 455 1452
2520 2 2 0 1 1449 1452 454
2521 2 2 0 1 455 1453 1452
2522 2 2 0 1 1453 1454 1452
2523 2 2 0 1 1453 456 1454
2524 2 2 0 1 1452 1454 454
2525 2 2 0 1 455 1455 1453
2526 2 2 0 1 1455 1456 1453
2527 2 2 0 1 1455 209 1456
2528 2 2 0 1 1453 1456 456
2529 2 2 0 1 454 1454 1450
2530 2 2 0 1 1454 1457 1450
2531 2 2 0 1 1454 456 1457
2532 2 2 0 1 1450 1457 207
2533 2 2 0 1 208 1458 1451
2534 2 2 0 1 1458 1459 1451
2535 2 2 0 1 1458 457 1459
2536 2 2 0 1 1451 1459 455
2537 2 2 0 1 457 1460 1459
2538 2 2 0 1 1460 1461 1459
2539 2 2 0 1 1460 458 1461
2540 2 2 0 1 1459 1461 455
2541 2 2 0 1 457 1462 1460
2542 2 2 0 1 1462 1463 1460
2543 2 2 0 1 1462 138 1463
2544 2 2 0 1 1460 1463 458
2545 2 2 0 1 455 1461 1455
2546 2 2 0 1 1461 1464 1455
2547 2 2 0 1 1461 458 1464
2548 2 2 0 1 1455 1464 209
2549 2 2 0 1 207 1457 1442
2550 2 2 0 1 1457 1465 1442
2551 2 2 0 1 1457 456 1465
2552 2 2 0 1 1442 1465 452
2553 2 2 0 1 456 1466 1465
2554 2 2 0 1 1466 1467 1465
2555 2 2 0 1 1466 459 1467
2556 2 2 0 1 1465 1467 452
2557 2 2 0 1 456 1456 1466
2558 2 2 0 1 1456 1468 1466
2559 2 2 0 1 1456 209 1468
2560 2 2 0 1 1466 1468 459
2561 2 2 0 1 452 1467 1443
2562 2 2 0 1 1467 1469 1443
2563 2 2 0 1 1467 459 1469
2564 2 2 0 1 1443 1469 144
2565 2 2 0 1 146 1395 1444
2566 2 2 0 1 1395 1470 1444
2567 2 2 0 1 1395 440 1470
2568 2 2 0 1 1444 1470 453
2569 2 2 0 1 440 1471 1470
2570 2 2 0 1 1471 1472 1470
2571 2 2 0 1 1471 460 1472
2572 2 2 0 1 1470 1472 453
2573 2 2 0 1 440 1394 1471
2574 2 2 0 1 1394 1473 1471
2575 2 2 0 1 1394 204 1473
2576 2 2 0 1 1471 1473 460
2577 2 2 0 1 453 1472 1448
2578 2 2 0 1 1472 1474 1448
2579 2 2 0 1 1472 460 1474
2580 2 2 0 1 1448 1474 208
2581 2 2 0 1 204 1475 1473
2582 2 2 0 1 1475 1476 1473
2583 2 2 0 1 1475 461 1476
2584 2 2 0 1 1473 1476 460
2585 2 2 0 1 461 1477 1476
2586 2 2 0 1 1477 1478 1476
2587 2 2 0 1 1477 462 1478
2588 2 2 0 1 1476 1478 460
2589 2 2 0 1 461 1479 1477
2590 2 2 0 1 1479 1480 1477
2591 2 2 0 1 1479 173 1480
2592 2 2 0 1 1477 1480 462
2593 2 2 0 1 460 1478 1474
2594 2 2 0 1 1478 1481 1474
2595 2 2 0 1 1478 462 1481
2596 2 2 0 1 1474 1481 208
2597 2 2 0 1 204 1390 1475
2598 2 2 0 1 1390 1482 1475
2599 2 2 0 1 1390 439 1482
2600 2 2 0 1 1475 1482 461
2601 2 2 0 1 439 1483 1482
2602 2 2 0 1 1483 1484 1482
2603 2 2 0 1 1483 318 1484
2604 2 2 0 1 1482 1484 461
2605 2 2 0 1 439 1389 1483
2606 2 2 0 1 1389 908 1483
2607 2 2 0 1 1389 132 908
2608 2 2 0 1 1483 908 318
2609 2 2 0 1 461 1484 1479
2610 2 2 0 1 1484 904 1479
2611 2 2 0 1 1484 318 904
2612 2 2 0 1 1479 904 173
2613 2 2 0 1 208 1481 1458
2614 2 2 0 1 1481 1485 1458
2615 2 2 0 1 1481 462 1485
2616 2 2 0 1 1458 1485 457
2617 2 2 0 1 462 1486 1485
2618 2 2 0 1 1486 1487 1485
2619 2 2 0 1 1486 314 1487
2620 2 2 0 1 1485 1487 457
2621 2 2 0 1 462 1480 1486
2622 2 2 0 1 1480 894 1486
2623 2 2 0 1 1480 173 894
2624 2 2 0 1 1486 894 314
2625 2 2 0 1 457 1487 1462
2626 2 2 0 1 1487 890 1462
2627 2 2 0 1 1487 314 890
2628 2 2 0 1 1462 890 138
2629 2 2 0 1 144 1469 1307
2630 2 2 0 1 1469 1488 1307
2631 2 2 0 1 1469 459 1488
2632 2 2 0 1 1307 1488 416
2633 2 2 0 1 459 1489 1488
2634 2 2 0 1 1489 1490 1488
2635 2 2 0 1 1489 463 1490
2636 2 2 0 1 1488 1490 416
2637 2 2 0 1 459 1468 1489
2638 2 2 0 1 1468 1491 1489
2639 2 2 0 1 1468 209 1491
2640 2 2 0 1 1489 1491 463
2641 2 2 0 1 416 1490 1308
2642 2 2 0 1 1490 1492 1308
2643 2 2 0 1 1490 463 1492
2644 2 2 0 1 1308 1492 197
2645 2 2 0 1 209 1493 1491
2646 2 2 0 1 1493 1494 1491
2647 2 2 0 1 1493 464 1494
2648 2 2 0 1 1491 1494 463
2649 2 2 0 1 464 1495 1494
2650 2 2 0 1 1495 1496 1494
2651 2 2 0 1 1495 465 1496
2652 2 2 0 1 1494 1496 463
2653 2 2 0 1 464 1497 1495
2654 2 2 0 1 1497 1498 1495
2655 2 2 0 1 1497 169 1498
2656 2 2 0 1 1495 1498 465
2657 2 2 0 1 463 1496 1492
2658 2 2 0 1 1496 1499 1492
2659 2 2 0 1 1496 465 1499
2660 2 2 0 1 1492 1499 197
2661 2 2 0 1 209 1464 1493
2662 2 2 0 1 1464 1500 1493
2663 2 2 0 1 1464 458 1500
2664 2 2 0 1 1493 1500 464
2665 2 2 0 1 458 1501 1500
2666 2 2 0 1 1501 1502 1500
2667 2 2 0 1 1501 304 1502
2668 2 2 0 1 1500 1502 464
2669 2 2 0 1 458 1463 1501
2670 2 2 0 1 1463 856 1501
2671 2 2 0 1 1463 138 856
2672 2 2 0 1 1501 856 304
2673 2 2 0 1 464 1502 1497
2674 2 2 0 1 1502 852 1497
2675 2 2 0 1 1502 304 852
2676 2 2 0 1 1497 852 169
2677 2 2 0 1 197 1499 1312
2678 2 2 0 1 1499 1503 1312
2679 2 2 0 1 1499 465 1503
2680 2 2 0 1 1312 1503 417
2681 2 2 0 1 465 1504 1503
2682 2 2 0 1 1504 1505 1503
2683 2 2 0 1 1504 300 1505
2684 2 2 0 1 1503 1505 417
2685 2 2 0 1 465 1498 1504
2686 2 2 0 1 1498 842 1504
2687 2 2 0 1 1498 169 842
2688 2 2 0 1 1504 842 300
2689 2 2 0 1 417 1505 1313
2690 2 2 0 1 1505 838 1313
2691 2 2 0 1 1505 300 838
2692 2 2 0 1 1313 838 126
2693 2 2 0 1 33 645 1122
2694 2 2 0 1 645 1506 1122
2695 2 2 0 1 645 251 1506
2696 2 2 0 1 1122 1506 370
2697 2 2 0 1 251 1507 1506
2698 2 2 0 1 1507 1508 1506
2699 2 2 0 1 1507 466 1508
2700 2 2 0 1 1506 1508 370
2701 2 2 0 1 251 644 1507
2702 2 2 0 1 644 1509 1507
2703 2 2 0 1 644 156 1509
2704 2 2 0 1 1507 1509 466
2705 2 2 0 1 370 1508 1126
2706 2 2 0 1 1508 1510 1126
2707 2 2 0 1 1508 466 1510
2708 2 2 0 1 1126 1510 186
2709 2 2 0 1 156 1511 1509
2710 2 2 0 1 1511 1512 1509
2711 2 2 0 1 1511 467 1512
2712 2 2 0 1 1509 1512 466
2713 2 2 0 1 467 1513 1512
2714 2 2 0 1 1513 1514 1512
2715 2 2 0 1 1513 468 1514
2716 2 2 0 1 1512 1514 466
2717 2 2 0 1 467 1515 1513
2718 2 2 0 1 1515 1516 1513
2719 2 2 0 1 1515 210 1516
2720 2 2 0 1 1513 1516 468
2721 2 2 0 1 466 1514 1510
2722 2 2 0 1 1514 1517 1510
2723 2 2 0 1 1514 468 1517
2724 2 2 0 1 1510 1517 186
2725 2 2 0 1 156 640 1511
2726 2 2 0 1 640 1518 1511
2727 2 2 0 1 640 250 1518
2728 2 2 0 1 1511 1518 467
2729 2 2 0 1 250 1519 1518
2730 2 2 0 1 1519 1520 1518
2731 2 2 0 1 1519 469 1520
2732 2 2 0 1 1518 1520 467
2733 2 2 0 1 250 639 1519
2734 2 2 0 1 639 1521 1519
2735 2 2 0 1 639 134 1521
2736 2 2 0 1 1519 1521 469
2737 2 2 0 1 467 1520 1515
2738 2 2 0 1 1520 1522 1515
2739 2 2 0 1 1520 469 1522
2740 2 2 0 1 1515 1522 210
2741 2 2 0 1 186 1517 1136
2742 2 2 0 1 1517 1523 1136
2743 2 2 0 1 1517 468 1523
2744 2 2 0 1 1136 1523 374
2745 2 2 0 1 468 1524 1523
2746 2 2 0 1 1524 1525 1523
2747 2 2 0 1 1524 470 1525
2748 2 2 0 1 1523 1525 374
2749 2 2 0 1 468 1516 1524
2750 2 2 0 1 1516 1526 1524
2751 2 2 0 1 1516 210 1526
2752 2 2 0 1 1524 1526 470
2753 2 2 0 1 374 1525 1140
2754 2 2 0 1 1525 1527 1140
2755 2 2 0 1 1525 470 1527
2756 2 2 0 1 1140 1527 142
2757 2 2 0 1 134 1528 1521
2758 2 2 0 1 1528 1529 1521
2759 2 2 0 1 1528 471 1529
2760 2 2 0 1 1521 1529 469
2761 2 2 0 1 471 1530 1529
2762 2 2 0 1 1530 1531 1529
2763 2 2 0 1 1530 472 1531
2764 2 2 0 1 1529 1531 469
2765 2 2 0 1 471 1532 1530
2766 2 2 0 1 1532 1533 1530
2767 2 2 0 1 1532 211 1533
2768 2 2 0 1 1530 1533 472
2769 2 2 0 1 469 1531 1522
2770 2 2 0 1 1531 1534 1522
2771 2 2 0 1 1531 472 1534
2772 2 2 0 1 1522 1534 210
2773 2 2 0 1 211 1535 1533
2774 2 2 0 1 1535 1536 1533
2775 2 2 0 1 1535 473 1536
2776 2 2 0 1 1533 1536 472
2777 2 2 0 1 473 1537 1536
2778 2 2 0 1 1537 1538 1536
2779 2 2 0 1 1537 474 1538
2780 2 2 0 1 1536 1538 472
2781 2 2 0 1 473 1539 1537
2782 2 2 0 1 1539 1540 1537
2783 2 2 0 1 1539 212 1540
2784 2 2 0 1 1537 1540 474
2785 2 2 0 1 472 1538 1534
2786 2 2 0 1 1538 1541 1534
2787 2 2 0 1 1538 474 1541
2788 2 2 0 1 1534 1541 210
2789 2 2 0 1 211 1542 1535
2790 2 2 0 1 1542 1543 1535
2791 2 2 0 1 1542 475 1543
2792 2 2 0 1 1535 1543 473
2793 2 2 0 1 475 1544 1543
2794 2 2 0 1 1544 1545 1543
2795 2 2 0 1 1544 476 1545
2796 2 2 0 1 1543 1545 473
2797 2 2 0 1 475 1546 1544
2798 2 2 0 1 1546 1547 1544
2799 2 2 0 1 1546 147 1547
2800 2 2 0 1 1544 1547 476
2801 2 2 0 1 473 1545 1539
2802 2 2 0 1 1545 1548 1539
2803 2 2 0 1 1545 476 1548
2804 2 2 0 1 1539 1548 212
2805 2 2 0 1 210 1541 1526
2806 2 2 0 1 1541 1549 1526
2807 2 2 0 1 1541 474 1549
2808 2 2 0 1 1526 1549 470
2809 2 2 0 1 474 1550 1549
2810 2 2 0 1 1550 1551 1549
2811 2 2 0 1 1550 477 1551
2812 2 2 0 1 1549 1551 470
2813 2 2 0 1 474 1540 1550
2814 2 2 0 1 1540 1552 1550
2815 2 2 0 1 1540 212 1552
2816 2 2 0 1 1550 1552 477
2817 2 2 0 1 470 1551 1527
2818 2 2 0 1 1551 1553 1527
2819 2 2 0 1 1551 477 1553
2820 2 2 0 1 1527 1553 142
2821 2 2 0 1 134 623 1528
2822 2 2 0 1 623 1554 1528
2823 2 2 0 1 623 246 1554
2824 2 2 0 1 1528 1554 471
2825 2 2 0 1 246 1555 1554
2826 2 2 0 1 1555 1556 1554
2827 2 2 0 1 1555 478 1556
2828 2 2 0 1 1554 1556 471
2829 2 2 0 1 246 622 1555
2830 2 2 0 1 622 1557 1555
2831 2 2 0 1 622 155 1557
2832 2 2 0 1 1555 1557 478
2833 2 2 0 1 471 1556 1532
2834 2 2 0 1 1556 1558 1532
2835 2 2 0 1 1556 478 1558
2836 2 2 0 1 1532 1558 211
2837 2 2 0 1 155 1559 1557
2838 2 2 0 1 1559 1560 1557
2839 2 2 0 1 1559 479 1560
2840 2 2 0 1 1557 1560 478
2841 2 2 0 1 479 1561 1560
2842 2 2 0 1 1561 1562 1560
2843 2 2 0 1 1561 480 1562
2844 2 2 0 1 1560 1562 478
2845 2 2 0 1 479 1563 1561
2846 2 2 0 1 1563 1564 1561
2847 2 2 0 1 1563 200 1564
2848 2 2 0 1 1561 1564 480
2849 2 2 0 1 478 1562 1558
2850 2 2 0 1 1562 1565 1558
2851 2 2 0 1 1562 480 1565
2852 2 2 0 1 1558 1565 211
2853 2 2 0 1 155 618 1559
2854 2 2 0 1 618 1566 1559
2855 2 2 0 1 618 245 1566
2856 2 2 0 1 1559 1566 479
2857 2 2 0 1 245 1567 1566
2858 2 2 0 1 1567 1568 1566
2859 2 2 0 1 1567 420 1568
2860 2 2 0 1 1566 1568 479
2861 2 2 0 1 245 617 1567
2862 2 2 0 1 617 1316 1567
2863 2 2 0 1 617 130 1316
2864 2 2 0 1 1567 1316 420
2865 2 2 0 1 479 1568 1563
2866 2 2 0 1 1568 1322 1563
2867 2 2 0 1 1568 420 1322
2868 2 2 0 1 1563 1322 200
2869 2 2 0 1 211 1565 1542
2870 2 2 0 1 1565 1569 1542
2871 2 2 0 1 1565 480 1569
2872 2 2 0 1 1542 1569 475
2873 2 2 0 1 480 1570 1569
2874 2 2 0 1 1570 1571 1569
2875 2 2 0 1 1570 426 1571
2876 2 2 0 1 1569 1571 475
2877 2 2 0 1 480 1564 1570
2878 2 2 0 1 1564 1338 1570
2879 2 2 0 1 1564 200 1338
2880 2 2 0 1 1570 1338 426
2881 2 2 0 1 475 1571 1546
2882 2 2 0 1 1571 1343 1546
2883 2 2 0 1 1571 426 1343
2884 2 2 0 1 1546 1343 147
2885 2 2 0 1 142 1553 1174
2886 2 2 0 1 1553 1572 1174
2887 2 2 0 1 1553 477 1572
2888 2 2 0 1 1174 1572 384
2889 2 2 0 1 477 1573 1572
2890 2 2 0 1 1573 1574 1572
2891 2 2 0 1 1573 481 1574
2892 2 2 0 1 1572 1574 384
2893 2 2 0 1 477 1552 1573
2894 2 2 0 1 1552 1575 1573
2895 2 2 0 1 1552 212 1575
2896 2 2 0 1 1573 1575 481
2897 2 2 0 1 384 1574 1178
2898 2 2 0 1 1574 1576 1178
2899 2 2 0 1 1574 481 1576
2900 2 2 0 1 1178 1576 190
2901 2 2 0 1 212 1577 1575
2902 2 2 0 1 1577 1578 1575
2903 2 2 0 1 1577 482 1578
2904 2 2 0 1 1575 1578 481
2905 2 2 0 1 482 1579 1578
2906 2 2 0 1 1579 1580 1578
2907 2 2 0 1 1579 483 1580
2908 2 2 0 1 1578 1580 481
2909 2 2 0 1 482 1581 1579
2910 2 2 0 1 1581 1582 1579
2911 2 2 0 1 1581 206 1582
2912 2 2 0 1 1579 1582 483
2913 2 2 0 1 481 1580 1576
2914 2 2 0 1 1580 1583 1576
2915 2 2 0 1 1580 483 1583
2916 2 2 0 1 1576 1583 190
2917 2 2 0 1 212 1548 1577
2918 2 2 0 1 1548 1584 1577
2919 2 2 0 1 1548 476 1584
2920 2 2 0 1 1577 1584 482
2921 2 2 0 1 476 1585 1584
2922 2 2 0 1 1585 1586 1584
2923 2 2 0 1 1585 442 1586
2924 2 2 0 1 1584 1586 482
2925 2 2 0 1 476 1547 1585
2926 2 2 0 1 1547 1397 1585
2927 2 2 0 1 1547 147 1397
2928 2 2 0 1 1585 1397 442
2929 2 2 0 1 482 1586 1581
2930 2 2 0 1 1586 1402 1581
2931 2 2 0 1 1586 442 1402
2932 2 2 0 1 1581 1402 206
2933 2 2 0 1 190 1583 1188
2934 2 2 0 1 1583 1587 1188
2935 2 2 0 1 1583 483 1587
2936 2 2 0 1 1188 1587 388
2937 2 2 0 1 483 1588 1587
2938 2 2 0 1 1588 1589 1587
2939 2 2 0 1 1588 447 1589
2940 2 2 0 1 1587 1589 388
2941 2 2 0 1 483 1582 1588
2942 2 2 0 1 1582 1416 1588
2943 2 2 0 1 1582 206 1416
2944 2 2 0 1 1588 1416 447
2945 2 2 0 1 388 1589 1192
2946 2 2 0 1 1589 1421 1192
2947 2 2 0 1 1589 447 1421
2948 2 2 0 1 1192 1421 129
2949 2 2 0 1 131 1590 1592
2950 2 2 0 1 1590 1591 1592
2951 2 2 0 1 1590 484 1591
2952 2 2 0 1 1592 1591 486
2953 2 2 0 1 484 1593 1591
2954 2 2 0 1 1593 1594 1591
2955 2 2 0 1 1593 485 1594
2956 2 2 0 1 1591 1594 486
2957 2 2 0 1 484 1595 1593
2958 2 2 0 1 1595 1596 1593
2959 2 2 0 1 1595 213 1596
2960 2 2 0 1 1593 1596 485
2961 2 2 0 1 486 1594 1598
2962 2 2 0 1 1594 1597 1598
2963 2 2 0 1 1594 485 1597
2964 2 2 0 1 1598 1597 215
2965 2 2 0 1 213 1599 1596
2966 2 2 0 1 1599 1600 1596
2967 2 2 0 1 1599 487 1600
2968 2 2 0 1 1596 1600 485
2969 2 2 0 1 487 1601 1600
2970 2 2 0 1 1601 1602 1600
2971 2 2 0 1 1601 488 1602
2972 2 2 0 1 1600 1602 485
2973 2 2 0 1 487 1603 1601
2974 2 2 0 1 1603 1604 1601
2975 2 2 0 1 1603 214 1604
2976 2 2 0 1 1601 1604 488
2977 2 2 0 1 485 1602 1597
2978 2 2 0 1 1602 1605 1597
2979 2 2 0 1 1602 488 1605
2980 2 2 0 1 1597 1605 215
2981 2 2 0 1 213 1606 1599
2982 2 2 0 1 1606 1607 1599
2983 2 2 0 1 1606 489 1607
2984 2 2 0 1 1599 1607 487
2985 2 2 0 1 489 1608 1607
2986 2 2 0 1 1608 1609 1607
2987 2 2 0 1 1608 490 1609
2988 2 2 0 1 1607 1609 487
2989 2 2 0 1 489 1610 1608
2990 2 2 0 1 1610 1611 1608
2991 2 2 0 1 1610 148 1611
2992 2 2 0 1 1608 1611 490
2993 2 2 0 1 487 1609 1603
2994 2 2 0 1 1609 1612 1603
2995 2 2 0 1 1609 490 1612
2996 2 2 0 1 1603 1612 214
2997 2 2 0 1 215 1605 1614
2998 2 2 0 1 1605 1613 1614
2999 2 2 0 1 1605 488 1613
3000 2 2 0 1 1614 1613 492
3001 2 2 0 1 488 1615 1613
3002 2 2 0 1 1615 1616 1613
3003 2 2 0 1 1615 491 1616
3004 2 2 0 1 1613 1616 492
3005 2 2 0 1 488 1604 1615
3006 2 2 0 1 1604 1617 1615
3007 2 2 0 1 1604 214 1617
3008 2 2 0 1 1615 1617 491
3009 2 2 0 1 492 1616 1619
3010 2 2 0 1 1616 1618 1619
3011 2 2 0 1 1616 491 1618
3012 2 2 0 1 1619 1618 149
3013 2 2 0 1 148 1620 1611
3014 2 2 0 1 1620 1621 1611
3015 2 2 0 1 1620 493 1621
3016 2 2 0 1 1611 1621 490
3017 2 2 0 1 493 1622 1621
3018 2 2 0 1 1622 1623 1621
3019 2 2 0 1 1622 494 1623
3020 2 2 0 1 1621 1623 490
3021 2 2 0 1 493 1624 1622
3022 2 2 0 1 1624 1625 1622
3023 2 2 0 1 1624 216 1625
3024 2 2 0 1 1622 1625 494
3025 2 2 0 1 490 1623 1612
3026 2 2 0 1 1623 1626 1612
3027 2 2 0 1 1623 494 1626
3028 2 2 0 1 1612 1626 214
3029 2 2 0 1 216 1627 1625
3030 2 2 0 1 1627 1628 1625
3031 2 2 0 1 1627 495 1628
3032 2 2 0 1 1625 1628 494
3033 2 2 0 1 495 1629 1628
3034 2 2 0 1 1629 1630 1628
3035 2 2 0 1 1629 496 1630
3036 2 2 0 1 1628 1630 494
3037 2 2 0 1 495 1631 1629
3038 2 2 0 1 1631 1632 1629
3039 2 2 0 1 1631 217 1632
3040 2 2 0 1 1629 1632 496
3041 2 2 0 1 494 1630 1626
3042 2 2 0 1 1630 1633 1626
3043 2 2 0 1 1630 496 1633
3044 2 2 0 1 1626 1633 214
3045 2 2 0 1 216 1634 1627
3046 2 2 0 1 1634 1635 1627
3047 2 2 0 1 1634 497 1635
3048 2 2 0 1 1627 1635 495
3049 2 2 0 1 497 1636 1635
3050 2 2 0 1 1636 1637 1635
3051 2 2 0 1 1636 498 1637
3052 2 2 0 1 1635 1637 495
3053 2 2 0 1 497 1638 1636
3054 2 2 0 1 1638 1639 1636
3055 2 2 0 1 1638 145 1639
3056 2 2 0 1 1636 1639 498
3057 2 2 0 1 495 1637 1631
3058 2 2 0 1 1637 1640 1631
3059 2 2 0 1 1637 498 1640
3060 2 2 0 1 1631 1640 217
3061 2 2 0 1 214 1633 1617
3062 2 2 0 1 1633 1641 1617
3063 2 2 0 1 1633 496 1641
3064 2 2 0 1 1617 1641 491
3065 2 2 0 1 496 1642 1641
3066 2 2 0 1 1642 1643 1641
3067 2 2 0 1 1642 499 1643
3068 2 2 0 1 1641 1643 491
3069 2 2 0 1 496 1632 1642
3070 2 2 0 1 1632 1644 1642
3071 2 2 0 1 1632 217 1644
3072 2 2 0 1 1642 1644 499
3073 2 2 0 1 491 1643 1618
3074 2 2 0 1 1643 1645 1618
3075 2 2 0 1 1643 499 1645
3076 2 2 0 1 1618 1645 149
3077 2 2 0 1 148 1646 1620
3078 2 2 0 1 1646 1647 1620
3079 2 2 0 1 1646 500 1647
3080 2 2 0 1 1620 1647 493
3081 2 2 0 1 500 1648 1647
3082 2 2 0 1 1648 1649 1647
3083 2 2 0 1 1648 501 1649
3084 2 2 0 1 1647 1649 493
3085 2 2 0 1 500 1650 1648
3086 2 2 0 1 1650 1651 1648
3087 2 2 0 1 1650 218 1651
3088 2 2 0 1 1648 1651 501
3089 2 2 0 1 493 1649 1624
3090 2 2 0 1 1649 1652 1624
3091 2 2 0 1 1649 501 1652
3092 2 2 0 1 1624 1652 216
3093 2 2 0 1 218 1653 1651
3094 2 2 0 1 1653 1654 1651
3095 2 2 0 1 1653 502 1654
3096 2 2 0 1 1651 1654 501
3097 2 2 0 1 502 1655 1654
3098 2 2 0 1 1655 1656 1654
3099 2 2 0 1 1655 503 1656
3100 2 2 0 1 1654 1656 501
3101 2 2 0 1 502 1657 1655
3102 2 2 0 1 1657 1658 1655
3103 2 2 0 1 1657 203 1658
3104 2 2 0 1 1655 1658 503
3105 2 2 0 1 501 1656 1652
3106 2 2 0 1 1656 1659 1652
3107 2 2 0 1 1656 503 1659
3108 2 2 0 1 1652 1659 216
3109 2 2 0 1 218 1660 1653
3110 2 2 0 1 1660 1661 1653
3111 2 2 0 1 1660 504 1661
3112 2 2 0 1 1653 1661 502
3113 2 2 0 1 504 1662 1661
3114 2 2 0 1 1662 1663 1661
3115 2 2 0 1 1662 438 1663
3116 2 2 0 1 1661 1663 502
3117 2 2 0 1 504 1664 1662
3118 2 2 0 1 1664 1388 1662
3119 2 2 0 1 1664 132 1388
3120 2 2 0 1 1662 1388 438
3121 2 2 0 1 502 1663 1657
3122 2 2 0 1 1663 1384 1657
3123 2 2 0 1 1663 438 1384
3124 2 2 0 1 1657 1384 203
3125 2 2 0 1 216 1659 1634
3126 2 2 0 1 1659 1665 1634
3127 2 2 0 1 1659 503 1665
3128 2 2 0 1 1634 1665 497
3129 2 2 0 1 503 1666 1665
3130 2 2 0 1 1666 1667 1665
3131 2 2 0 1 1666 434 1667
3132 2 2 0 1 1665 1667 497
3133 2 2 0 1 503 1658 1666
3134 2 2 0 1 1658 1374 1666
3135 2 2 0 1 1658 203 1374
3136 2 2 0 1 1666 1374 434
3137 2 2 0 1 497 1667 1638
3138 2 2 0 1 1667 1370 1638
3139 2 2 0 1 1667 434 1370
3140 2 2 0 1 1638 1370 145
3141 2 2 0 1 149 1645 1669
3142 2 2 0 1 1645 1668 1669
3143 2 2 0 1 1645 499 1668
3144 2 2 0 1 1669 1668 506
3145 2 2 0 1 499 1670 1668
3146 2 2 0 1 1670 1671 1668
3147 2 2 0 1 1670 505 1671
3148 2 2 0 1 1668 1671 506
3149 2 2 0 1 499 1644 1670
3150 2 2 0 1 1644 1672 1670
3151 2 2 0 1 1644 217 1672
3152 2 2 0 1 1670 1672 505
3153 2 2 0 1 506 1671 1674
3154 2 2 0 1 1671 1673 1674
3155 2 2 0 1 1671 505 1673
3156 2 2 0 1 1674 1673 219
3157 2 2 0 1 217 1675 1672
3158 2 2 0 1 1675 1676 1672
3159 2 2 0 1 1675 507 1676
3160 2 2 0 1 1672 1676 505
3161 2 2 0 1 507 1677 1676
3162 2 2 0 1 1677 1678 1676
3163 2 2 0 1 1677 508 1678
3164 2 2 0 1 1676 1678 505
3165 2 2 0 1 507 1679 1677
3166 2 2 0 1 1679 1680 1677
3167 2 2 0 1 1679 198 1680
3168 2 2 0 1 1677 1680 508
3169 2 2 0 1 505 1678 1673
3170 2 2 0 1 1678 1681 1673
3171 2 2 0 1 1678 508 1681
3172 2 2 0 1 1673 1681 219
3173 2 2 0 1 217 1640 1675
3174 2 2 0 1 1640 1682 1675
3175 2 2 0 1 1640 498 1682
3176 2 2 0 1 1675 1682 507
3177 2 2 0 1 498 1683 1682
3178 2 2 0 1 1683 1684 1682
3179 2 2 0 1 1683 423 1684
3180 2 2 0 1 1682 1684 507
3181 2 2 0 1 498 1639 1683
3182 2 2 0 1 1639 1334 1683
3183 2 2 0 1 1639 145 1334
3184 2 2 0 1 1683 1334 423
3185 2 2 0 1 507 1684 1679
3186 2 2 0 1 1684 1330 1679
3187 2 2 0 1 1684 423 1330
3188 2 2 0 1 1679 1330 198
3189 2 2 0 1 219 1681 1686
3190 2 2 0 1 1681 1685 1686
3191 2 2 0 1 1681 508 1685
3192 2 2 0 1 1686 1685 509
3193 2 2 0 1 508 1687 1685
3194 2 2 0 1 1687 1688 1685
3195 2 2 0 1 1687 418 1688
3196 2 2 0 1 1685 1688 509
3197 2 2 0 1 508 1680 1687
3198 2 2 0 1 1680 1319 1687
3199 2 2 0 1 1680 198 1319
3200 2 2 0 1 1687 1319 418
3201 2 2 0 1 509 1688 1689
3202 2 2 0 1 1688 1314 1689
3203 2 2 0 1 1688 418 1314
3204 2 2 0 1 1689 1314 130
3205 2 2 0 1 95 837 1030
3206 2 2 0 1 837 1690 1030
3207 2 2 0 1 837 299 1690
3208 2 2 0 1 1030 1690 348
3209 2 2 0 1 299 1691 1690
3210 2 2 0 1 1691 1692 1690
3211 2 2 0 1 1691 510 1692
3212 2 2 0 1 1690 1692 348
3213 2 2 0 1 299 836 1691
3214 2 2 0 1 836 1693 1691
3215 2 2 0 1 836 168 1693
3216 2 2 0 1 1691 1693 510
3217 2 2 0 1 348 1692 1034
3218 2 2 0 1 1692 1694 1034
3219 2 2 0 1 1692 510 1694
3220 2 2 0 1 1034 1694 181
3221 2 2 0 1 168 1695 1693
3222 2 2 0 1 1695 1696 1693
3223 2 2 0 1 1695 511 1696
3224 2 2 0 1 1693 1696 510
3225 2 2 0 1 511 1697 1696
3226 2 2 0 1 1697 1698 1696
3227 2 2 0 1 1697 512 1698
3228 2 2 0 1 1696 1698 510
3229 2 2 0 1 511 1699 1697
3230 2 2 0 1 1699 1700 1697
3231 2 2 0 1 1699 220 1700
3232 2 2 0 1 1697 1700 512
3233 2 2 0 1 510 1698 1694
3234 2 2 0 1 1698 1701 1694
3235 2 2 0 1 1698 512 1701
3236 2 2 0 1 1694 1701 181
3237 2 2 0 1 168 832 1695
3238 2 2 0 1 832 1702 1695
3239 2 2 0 1 832 298 1702
3240 2 2 0 1 1695 1702 511
3241 2 2 0 1 298 1703 1702
3242 2 2 0 1 1703 1704 1702
3243 2 2 0 1 1703 513 1704
3244 2 2 0 1 1702 1704 511
3245 2 2 0 1 298 831 1703
3246 2 2 0 1 831 1705 1703
3247 2 2 0 1 831 137 1705
3248 2 2 0 1 1703 1705 513
3249 2 2 0 1 511 1704 1699
3250 2 2 0 1 1704 1706 1699
3251 2 2 0 1 1704 513 1706
3252 2 2 0 1 1699 1706 220
3253 2 2 0 1 181 1701 1044
3254 2 2 0 1 1701 1707 1044
3255 2 2 0 1 1701 512 1707
3256 2 2 0 1 1044 1707 352
3257 2 2 0 1 512 1708 1707
3258 2 2 0 1 1708 1709 1707
3259 2 2 0 1 1708 514 1709
3260 2 2 0 1 1707 1709 352
3261 2 2 0 1 512 1700 1708
3262 2 2 0 1 1700 1710 1708
3263 2 2 0 1 1700 220 1710
3264 2 2 0 1 1708 1710 514
3265 2 2 0 1 352 1709 1048
3266 2 2 0 1 1709 1711 1048
3267 2 2 0 1 1709 514 1711
3268 2 2 0 1 1048 1711 141
3269 2 2 0 1 137 1712 1705
3270 2 2 0 1 1712 1713 1705
3271 2 2 0 1 1712 515 1713
3272 2 2 0 1 1705 1713 513
3273 2 2 0 1 515 1714 1713
3274 2 2 0 1 1714 1715 1713
3275 2 2 0 1 1714 516 1715
3276 2 2 0 1 1713 1715 513
3277 2 2 0 1 515 1716 1714
3278 2 2 0 1 1716 1717 1714
3279 2 2 0 1 1716 221 1717
3280 2 2 0 1 1714 1717 516
3281 2 2 0 1 513 1715 1706
3282 2 2 0 1 1715 1718 1706
3283 2 2 0 1 1715 516 1718
3284 2 2 0 1 1706 1718 220
3285 2 2 0 1 221 1719 1717
3286 2 2 0 1 1719 1720 1717
3287 2 2 0 1 1719 517 1720
3288 2 2 0 1 1717 1720 516
3289 2 2 0 1 517 1721 1720
3290 2 2 0 1 1721 1722 1720
3291 2 2 0 1 1721 518 1722
3292 2 2 0 1 1720 1722 516
3293 2 2 0 1 517 1723 1721
3294 2 2 0 1 1723 1724 1721
3295 2 2 0 1 1723 222 1724
3296 2 2 0 1 1721 1724 518
3297 2 2 0 1 516 1722 1718
3298 2 2 0 1 1722 1725 1718
3299 2 2 0 1 1722 518 1725
3300 2 2 0 1 1718 1725 220
3301 2 2 0 1 221 1726 1719
3302 2 2 0 1 1726 1727 1719
3303 2 2 0 1 1726 519 1727
3304 2 2 0 1 1719 1727 517
3305 2 2 0 1 519 1728 1727
3306 2 2 0 1 1728 1729 1727
3307 2 2 0 1 1728 520 1729
3308 2 2 0 1 1727 1729 517
3309 2 2 0 1 519 1730 1728
3310 2 2 0 1 1730 1731 1728
3311 2 2 0 1 1730 148 1731
3312 2 2 0 1 1728 1731 520
3313 2 2 0 1 517 1729 1723
3314 2 2 0 1 1729 1732 1723
3315 2 2 0 1 1729 520 1732
3316 2 2 0 1 1723 1732 222
3317 2 2 0 1 220 1725 1710
3318 2 2 0 1 1725 1733 1710
3319 2 2 0 1 1725 518 1733
3320 2 2 0 1 1710 1733 514
3321 2 2 0 1 518 1734 1733
3322 2 2 0 1 1734 1735 1733
3323 2 2 0 1 1734 521 1735
3324 2 2 0 1 1733 1735 514
3325 2 2 0 1 518 1724 1734
3326 2 2 0 1 1724 1736 1734
3327 2 2 0 1 1724 222 1736
3328 2 2 0 1 1734 1736 521
3329 2 2 0 1 514 1735 1711
3330 2 2 0 1 1735 1737 1711
3331 2 2 0 1 1735 521 1737
3332 2 2 0 1 1711 1737 141
3333 2 2 0 1 137 815 1712
3334 2 2 0 1 815 1738 1712
3335 2 2 0 1 815 294 1738
3336 2 2 0 1 1712 1738 515
3337 2 2 0 1 294 1739 1738
3338 2 2 0 1 1739 1740 1738
3339 2 2 0 1 1739 522 1740
3340 2 2 0 1 1738 1740 515
3341 2 2 0 1 294 814 1739
3342 2 2 0 1 814 1741 1739
3343 2 2 0 1 814 167 1741
3344 2 2 0 1 1739 1741 522
3345 2 2 0 1 515 1740 1716
3346 2 2 0 1 1740 1742 1716
3347 2 2 0 1 1740 522 1742
3348 2 2 0 1 1716 1742 221
3349 2 2 0 1 167 1743 1741
3350 2 2 0 1 1743 1744 1741
3351 2 2 0 1 1743 523 1744
3352 2 2 0 1 1741 1744 522
3353 2 2 0 1 523 1745 1744
3354 2 2 0 1 1745 1746 1744
3355 2 2 0 1 1745 524 1746
3356 2 2 0 1 1744 1746 522
3357 2 2 0 1 523 1747 1745
3358 2 2 0 1 1747 1748 1745
3359 2 2 0 1 1747 218 1748
3360 2 2 0 1 1745 1748 524
3361 2 2 0 1 522 1746 1742
3362 2 2 0 1 1746 1749 1742
3363 2 2 0 1 1746 524 1749
3364 2 2 0 1 1742 1749 221
3365 2 2 0 1 167 810 1743
3366 2 2 0 1 810 1750 1743
3367 2 2 0 1 810 293 1750
3368 2 2 0 1 1743 1750 523
3369 2 2 0 1 293 1751 1750
3370 2 2 0 1 1751 1752 1750
3371 2 2 0 1 1751 504 1752
3372 2 2 0 1 1750 1752 523
3373 2 2 0 1 293 809 1751
3374 2 2 0 1 809 1664 1751
3375 2 2 0 1 809 132 1664
3376 2 2 0 1 1751 1664 504
3377 2 2 0 1 523 1752 1747
3378 2 2 0 1 1752 1660 1747
3379 2 2 0 1 1752 504 1660
3380 2 2 0 1 1747 1660 218
3381 2 2 0 1 221 1749 1726
3382 2 2 0 1 1749 1753 1726
3383 2 2 0 1 1749 524 1753
3384 2 2 0 1 1726 1753 519
3385 2 2 0 1 524 1754 1753
3386 2 2 0 1 1754 1755 1753
3387 2 2 0 1 1754 500 1755
3388 2 2 0 1 1753 1755 519
3389 2 2 0 1 524 1748 1754
3390 2 2 0 1 1748 1650 1754
3391 2 2 0 1 1748 218 1650
3392 2 2 0 1 1754 1650 500
3393 2 2 0 1 519 1755 1730
3394 2 2 0 1 1755 1646 1730
3395 2 2 0 1 1755 500 1646
3396 2 2 0 1 1730 1646 148
3397 2 2 0 1 141 1737 1082
3398 2 2 0 1 1737 1756 1082
3399 2 2 0 1 1737 521 1756
3400 2 2 0 1 1082 1756 362
3401 2 2 0 1 521 1757 1756
3402 2 2 0 1 1757 1758 1756
3403 2 2 0 1 1757 525 1758
3404 2 2 0 1 1756 1758 362
3405 2 2 0 1 521 1736 1757
3406 2 2 0 1 1736 1759 1757
3407 2 2 0 1 1736 222 1759
3408 2 2 0 1 1757 1759 525
3409 2 2 0 1 362 1758 1086
3410 2 2 0 1 1758 1760 1086
3411 2 2 0 1 1758 525 1760
3412 2 2 0 1 1086 1760 185
3413 2 2 0 1 222 1761 1759
3414 2 2 0 1 1761 1762 1759
3415 2 2 0 1 1761 526 1762
3416 2 2 0 1 1759 1762 525
3417 2 2 0 1 526 1763 1762
3418 2 2 0 1 1763 1764 1762
3419 2 2 0 1 1763 527 1764
3420 2 2 0 1 1762 1764 525
3421 2 2 0 1 526 1765 1763
3422 2 2 0 1 1765 1766 1763
3423 2 2 0 1 1765 213 1766
3424 2 2 0 1 1763 1766 527
3425 2 2 0 1 525 1764 1760
3426 2 2 0 1 1764 1767 1760
3427 2 2 0 1 1764 527 1767
3428 2 2 0 1 1760 1767 185
3429 2 2 0 1 222 1732 1761
3430 2 2 0 1 1732 1768 1761
3431 2 2 0 1 1732 520 1768
3432 2 2 0 1 1761 1768 526
3433 2 2 0 1 520 1769 1768
3434 2 2 0 1 1769 1770 1768
3435 2 2 0 1 1769 489 1770
3436 2 2 0 1 1768 1770 526
3437 2 2 0 1 520 1731 1769
3438 2 2 0 1 1731 1610 1769
3439 2 2 0 1 1731 148 1610
3440 2 2 0 1 1769 1610 489
3441 2 2 0 1 526 1770 1765
3442 2 2 0 1 1770 1606 1765
3443 2 2 0 1 1770 489 1606
3444 2 2 0 1 1765 1606 213
3445 2 2 0 1 185 1767 1096
3446 2 2 0 1 1767 1771 1096
3447 2 2 0 1 1767 527 1771
3448 2 2 0 1 1096 1771 366
3449 2 2 0 1 527 1772 1771
3450 2 2 0 1 1772 1773 1771
3451 2 2 0 1 1772 484 1773
3452 2 2 0 1 1771 1773 366
3453 2 2 0 1 527 1766 1772
3454 2 2 0 1 1766 1595 1772
3455 2 2 0 1 1766 213 1595
3456 2 2 0 1 1772 1595 484
3457 2 2 0 1 366 1773 1100
3458 2 2 0 1 1773 1590 1100
3459 2 2 0 1 1773 484 1590
3460 2 2 0 1 1100 1590 131
3461 2 2 0 1 64 1029 646
3462 2 2 0 1 1029 1774 646
3463 2 2 0 1 1029 347 1774
3464 2 2 0 1 646 1774 252
3465 2 2 0 1 347 1775 1774
3466 2 2 0 1 1775 1776 1774
3467 2 2 0 1 1775 528 1776
3468 2 2 0 1 1774 1776 252
3469 2 2 0 1 347 1028 1775
3470 2 2 0 1 1028 1777 1775
3471 2 2 0 1 1028 180 1777
3472 2 2 0 1 1775 1777 528
3473 2 2 0 1 252 1776 650
3474 2 2 0 1 1776 1778 650
3475 2 2 0 1 1776 528 1778
3476 2 2 0 1 650 1778 157
3477 2 2 0 1 180 1779 1777
3478 2 2 0 1 1779 1780 1777
3479 2 2 0 1 1779 529 1780
3480 2 2 0 1 1777 1780 528
3481 2 2 0 1 529 1781 1780
3482 2 2 0 1 1781 1782 1780
3483 2 2 0 1 1781 530 1782
3484 2 2 0 1 1780 1782 528
3485 2 2 0 1 529 1783 1781
3486 2 2 0 1 1783 1784 1781
3487 2 2 0 1 1783 223 1784
3488 2 2 0 1 1781 1784 530
3489 2 2 0 1 528 1782 1778
3490 2 2 0 1 1782 1785 1778
3491 2 2 0 1 1782 530 1785
3492 2 2 0 1 1778 1785 157
3493 2 2 0 1 180 1024 1779
3494 2 2 0 1 1024 1786 1779
3495 2 2 0 1 1024 346 1786
3496 2 2 0 1 1779 1786 529
3497 2 2 0 1 346 1787 1786
3498 2 2 0 1 1787 1788 1786
3499 2 2 0 1 1787 531 1788
3500 2 2 0 1 1786 1788 529
3501 2 2 0 1 346 1023 1787
3502 2 2 0 1 1023 1789 1787
3503 2 2 0 1 1023 140 1789
3504 2 2 0 1 1787 1789 531
3505 2 2 0 1 529 1788 1783
3506 2 2 0 1 1788 1790 1783
3507 2 2 0 1 1788 531 1790
3508 2 2 0 1 1783 1790 223
3509 2 2 0 1 157 1785 660
3510 2 2 0 1 1785 1791 660
3511 2 2 0 1 1785 530 1791
3512 2 2 0 1 660 1791 256
3513 2 2 0 1 530 1792 1791
3514 2 2 0 1 1792 1793 1791
3515 2 2 0 1 1792 532 1793
3516 2 2 0 1 1791 1793 256
3517 2 2 0 1 530 1784 1792
3518 2 2 0 1 1784 1794 1792
3519 2 2 0 1 1784 223 1794
3520 2 2 0 1 1792 1794 532
3521 2 2 0 1 256 1793 664
3522 2 2 0 1 1793 1795 664
3523 2 2 0 1 1793 532 1795
3524 2 2 0 1 664 1795 135
3525 2 2 0 1 140 1796 1789
3526 2 2 0 1 1796 1797 1789
3527 2 2 0 1 1796 533 1797
3528 2 2 0 1 1789 1797 531
3529 2 2 0 1 533 1798 1797
3530 2 2 0 1 1798 1799 1797
3531 2 2 0 1 1798 534 1799
3532 2 2 0 1 1797 1799 531
3533 2 2 0 1 533 1800 1798
3534 2 2 0 1 1800 1801 1798
3535 2 2 0 1 1800 224 1801
3536 2 2 0 1 1798 1801 534
3537 2 2 0 1 531 1799 1790
3538 2 2 0 1 1799 1802 1790
3539 2 2 0 1 1799 534 1802
3540 2 2 0 1 1790 1802 223
3541 2 2 0 1 224 1803 1801
3542 2 2 0 1 1803 1804 1801
3543 2 2 0 1 1803 535 1804
3544 2 2 0 1 1801 1804 534
3545 2 2 0 1 535 1805 1804
3546 2 2 0 1 1805 1806 1804
3547 2 2 0 1 1805 536 1806
3548 2 2 0 1 1804 1806 534
3549 2 2 0 1 535 1807 1805
3550 2 2 0 1 1807 1808 1805
3551 2 2 0 1 1807 225 1808
3552 2 2 0 1 1805 1808 536
3553 2 2 0 1 534 1806 1802
3554 2 2 0 1 1806 1809 1802
3555 2 2 0 1 1806 536 1809
3556 2 2 0 1 1802 1809 223
3557 2 2 0 1 224 1810 1803
3558 2 2 0 1 1810 1811 1803
3559 2 2 0 1 1810 537 1811
3560 2 2 0 1 1803 1811 535
3561 2 2 0 1 537 1812 1811
3562 2 2 0 1 1812 1813 1811
3563 2 2 0 1 1812 538 1813
3564 2 2 0 1 1811 1813 535
3565 2 2 0 1 537 1814 1812
3566 2 2 0 1 1814 1815 1812
3567 2 2 0 1 1814 149 1815
3568 2 2 0 1 1812 1815 538
3569 2 2 0 1 535 1813 1807
3570 2 2 0 1 1813 1816 1807
3571 2 2 0 1 1813 538 1816
3572 2 2 0 1 1807 1816 225
3573 2 2 0 1 223 1809 1794
3574 2 2 0 1 1809 1817 1794
3575 2 2 0 1 1809 536 1817
3576 2 2 0 1 1794 1817 532
3577 2 2 0 1 536 1818 1817
3578 2 2 0 1 1818 1819 1817
3579 2 2 0 1 1818 539 1819
3580 2 2 0 1 1817 1819 532
3581 2 2 0 1 536 1808 1818
3582 2 2 0 1 1808 1820 1818
3583 2 2 0 1 1808 225 1820
3584 2 2 0 1 1818 1820 539
3585 2 2 0 1 532 1819 1795
3586 2 2 0 1 1819 1821 1795
3587 2 2 0 1 1819 539 1821
3588 2 2 0 1 1795 1821 135
3589 2 2 0 1 140 1007 1796
3590 2 2 0 1 1007 1822 1796
3591 2 2 0 1 1007 342 1822
3592 2 2 0 1 1796 1822 533
3593 2 2 0 1 342 1823 1822
3594 2 2 0 1 1823 1824 1822
3595 2 2 0 1 1823 540 1824
3596 2 2 0 1 1822 1824 533
3597 2 2 0 1 342 1006 1823
3598 2 2 0 1 1006 1825 1823
3599 2 2 0 1 1006 179 1825
3600 2 2 0 1 1823 1825 540
3601 2 2 0 1 533 1824 1800
3602 2 2 0 1 1824 1826 1800
3603 2 2 0 1 1824 540 1826
3604 2 2 0 1 1800 1826 224
3605 2 2 0 1 179 1827 1825
3606 2 2 0 1 1827 1828 1825
3607 2 2 0 1 1827 541 1828
3608 2 2 0 1 1825 1828 540
3609 2 2 0 1 541 1829 1828
3610 2 2 0 1 1829 1830 1828
3611 2 2 0 1 1829 542 1830
3612 2 2 0 1 1828 1830 540
3613 2 2 0 1 541 1831 1829
3614 2 2 0 1 1831 1832 1829
3615 2 2 0 1 1831 215 1832
3616 2 2 0 1 1829 1832 542
3617 2 2 0 1 540 1830 1826
3618 2 2 0 1 1830 1833 1826
3619 2 2 0 1 1830 542 1833
3620 2 2 0 1 1826 1833 224
3621 2 2 0 1 179 1002 1827
3622 2 2 0 1 1002 1834 1827
3623 2 2 0 1 1002 341 1834
3624 2 2 0 1 1827 1834 541
3625 2 2 0 1 341 1835 1834
3626 2 2 0 1 1835 1836 1834
3627 2 2 0 1 1835 486 1836
3628 2 2 0 1 1834 1836 541
3629 2 2 0 1 341 1001 1835
3630 2 2 0 1 1001 1592 1835
3631 2 2 0 1 1001 131 1592
3632 2 2 0 1 1835 1592 486
3633 2 2 0 1 541 1836 1831
3634 2 2 0 1 1836 1598 1831
3635 2 2 0 1 1836 486 1598
3636 2 2 0 1 1831 1598 215
3637 2 2 0 1 224 1833 1810
3638 2 2 0 1 1833 1837 1810
3639 2 2 0 1 1833 542 1837
3640 2 2 0 1 1810 1837 537
3641 2 2 0 1 542 1838 1837
3642 2 2 0 1 1838 1839 1837
3643 2 2 0 1 1838 492 1839
3644 2 2 0 1 1837 1839 537
3645 2 2 0 1 542 1832 1838
3646 2 2 0 1 1832 1614 1838
3647 2 2 0 1 1832 215 1614
3648 2 2 0 1 1838 1614 492
3649 2 2 0 1 537 1839 1814
3650 2 2 0 1 1839 1619 1814
3651 2 2 0 1 1839 492 1619
3652 2 2 0 1 1814 1619 149
3653 2 2 0 1 135 1821 698
3654 2 2 0 1 1821 1840 698
3655 2 2 0 1 1821 539 1840
3656 2 2 0 1 698 1840 266
3657 2 2 0 1 539 1841 1840
3658 2 2 0 1 1841 1842 1840
3659 2 2 0 1 1841 543 1842
3660 2 2 0 1 1840 1842 266
3661 2 2 0 1 539 1820 1841
3662 2 2 0 1 1820 1843 1841
3663 2 2 0 1 1820 225 1843
3664 2 2 0 1 1841 1843 543
3665 2 2 0 1 266 1842 702
3666 2 2 0 1 1842 1844 702
3667 2 2 0 1 1842 543 1844
3668 2 2 0 1 702 1844 161
3669 2 2 0 1 225 1845 1843
3670 2 2 0 1 1845 1846 1843
3671 2 2 0 1 1845 544 1846
3672 2 2 0 1 1843 1846 543
3673 2 2 0 1 544 1847 1846
3674 2 2 0 1 1847 1848 1846
3675 2 2 0 1 1847 545 1848
3676 2 2 0 1 1846 1848 543
3677 2 2 0 1 544 1849 1847
3678 2 2 0 1 1849 1850 1847
3679 2 2 0 1 1849 219 1850
3680 2 2 0 1 1847 1850 545
3681 2 2 0 1 543 1848 1844
3682 2 2 0 1 1848 1851 1844
3683 2 2 0 1 1848 545 1851
3684 2 2 0 1 1844 1851 161
3685 2 2 0 1 225 1816 1845
3686 2 2 0 1 1816 1852 1845
3687 2 2 0 1 1816 538 1852
3688 2 2 0 1 1845 1852 544
3689 2 2 0 1 538 1853 1852
3690 2 2 0 1 1853 1854 1852
3691 2 2 0 1 1853 506 1854
3692 2 2 0 1 1852 1854 544
3693 2 2 0 1 538 1815 1853
3694 2 2 0 1 1815 1669 1853
3695 2 2 0 1 1815 149 1669
3696 2 2 0 1 1853 1669 506
3697 2 2 0 1 544 1854 1849
3698 2 2 0 1 1854 1674 1849
3699 2 2 0 1 1854 506 1674
3700 2 2 0 1 1849 1674 219
3701 2 2 0 1 161 1851 712
3702 2 2 0 1 1851 1855 712
3703 2 2 0 1 1851 545 1855
3704 2 2 0 1 712 1855 270
3705 2 2 0 1 545 1856 1855
3706 2 2 0 1 1856 1857 1855
3707 2 2 0 1 1856 509 1857
3708 2 2 0 1 1855 1857 270
3709 2 2 0 1 545 1850 1856
3710 2 2 0 1 1850 1686 1856
3711 2 2 0 1 1850 219 1686
3712 2 2 0 1 1856 1686 509
3713 2 2 0 1 270 1857 716
3714 2 2 0 1 1857 1689 716
3715 2 2 0 1 1857 509 1689
3716 2 2 0 1 716 1689 130
$EndElements
