$MeshFormat
2.2 0 8
$EndMeshFormat
$PhysicalNames
2
1 1 "Fronteira_PEC"
2 2 "Dominio_Vacuo"
$EndPhysicalNames
$Nodes
1681
1 -3.141592653589793 -3.141592653589793 0
2 3.141592653589793 -3.141592653589793 0
3 3.141592653589793 3.141592653589793 0
4 -3.141592653589793 3.141592653589793 0
5 -2.984513020910616 -3.141592653589793 0
6 -2.827433388231352 -3.141592653589793 0
7 -2.670353755552262 -3.141592653589793 0
8 -2.513274122873067 -3.141592653589793 0
9 -2.356194490193907 -3.141592653589793 0
10 -2.199114857514921 -3.141592653589793 0
11 -2.042035224835761 -3.141592653589793 0
12 -1.884955592156731 -3.141592653589793 0
13 -1.727875959477666 -3.141592653589793 0
14 -1.570796326798627 -3.141592653589793 0
15 -1.413716694119589 -3.141592653589793 0
16 -1.256637061440524 -3.141592653589793 0
17 -1.099557428761356 -3.141592653589793 0
18 -0.9424777960823354 -3.141592653589793 0
19 -0.7853981634032627 -3.141592653589793 0
20 -0.6283185307241896 -3.141592653589793 0
21 -0.4712388980451689 -3.141592653589793 0
22 -0.3141592653660785 -3.141592653589793 0
23 -0.1570796326870583 -3.141592653589793 0
24 -7.898126597183364e-12 -3.141592653589793 0
25 0.1570796326718513 -3.141592653589793 0
26 0.3141592653518268 -3.141592653589793 0
27 0.4712388980316473 -3.141592653589793 0
28 0.6283185307116224 -3.141592653589793 0
29 0.7853981633914588 -3.141592653589793 0
30 0.9424777960712794 -3.141592653589793 0
31 1.099557428751099 -3.141592653589793 0
32 1.256637061431264 -3.141592653589793 0
33 1.413716694111084 -3.141592653589793 0
34 1.570796326790903 -3.141592653589793 0
35 1.727875959470724 -3.141592653589793 0
36 1.884955592150543 -3.141592653589793 0
37 2.042035224830709 -3.141592653589793 0
38 2.199114857510529 -3.141592653589793 0
39 2.356194490190348 -3.141592653589793 0
40 2.513274122870169 -3.141592653589793 0
41 2.670353755549987 -3.141592653589793 0
42 2.827433388230154 -3.141592653589793 0
43 2.984513020909973 -3.141592653589793 0
44 3.141592653589793 -2.984513020910616 0
45 3.141592653589793 -2.827433388231352 0
46 3.141592653589793 -2.670353755552262 0
47 3.141592653589793 -2.513274122873067 0
48 3.141592653589793 -2.356194490193907 0
49 3.141592653589793 -2.199114857514921 0
50 3.141592653589793 -2.042035224835761 0
51 3.141592653589793 -1.884955592156731 0
52 3.141592653589793 -1.727875959477666 0
53 3.141592653589793 -1.570796326798627 0
54 3.141592653589793 -1.413716694119589 0
55 3.141592653589793 -1.256637061440524 0
56 3.141592653589793 -1.099557428761356 0
57 3.141592653589793 -0.9424777960823354 0
58 3.141592653589793 -0.7853981634032627 0
59 3.141592653589793 -0.6283185307241896 0
60 3.141592653589793 -0.4712388980451689 0
61 3.141592653589793 -0.3141592653660785 0
62 3.141592653589793 -0.1570796326870583 0
63 3.141592653589793 -7.898126597183364e-12 0
64 3.141592653589793 0.1570796326718513 0
65 3.141592653589793 0.3141592653518268 0
66 3.141592653589793 0.4712388980316473 0
67 3.141592653589793 0.6283185307116224 0
68 3.141592653589793 0.7853981633914588 0
69 3.141592653589793 0.9424777960712794 0
70 3.141592653589793 1.099557428751099 0
71 3.141592653589793 1.256637061431264 0
72 3.141592653589793 1.413716694111084 0
73 3.141592653589793 1.570796326790903 0
74 3.141592653589793 1.727875959470724 0
75 3.141592653589793 1.884955592150543 0
76 3.141592653589793 2.042035224830709 0
77 3.141592653589793 2.199114857510529 0
78 3.141592653589793 2.356194490190348 0
79 3.141592653589793 2.513274122870169 0
80 3.141592653589793 2.670353755549987 0
81 3.141592653589793 2.827433388230154 0
82 3.141592653589793 2.984513020909973 0
83 2.984513020910616 3.141592653589793 0
84 2.827433388231352 3.141592653589793 0
85 2.670353755552262 3.141592653589793 0
86 2.513274122873067 3.141592653589793 0
87 2.356194490193907 3.141592653589793 0
88 2.199114857514921 3.141592653589793 0
89 2.042035224835761 3.141592653589793 0
90 1.884955592156731 3.141592653589793 0
91 1.727875959477666 3.141592653589793 0
92 1.570796326798627 3.141592653589793 0
93 1.413716694119589 3.141592653589793 0
94 1.256637061440524 3.141592653589793 0
95 1.099557428761356 3.141592653589793 0
96 0.9424777960823354 3.141592653589793 0
97 0.7853981634032627 3.141592653589793 0
98 0.6283185307241896 3.141592653589793 0
99 0.4712388980451689 3.141592653589793 0
100 0.3141592653660785 3.141592653589793 0
101 0.1570796326870583 3.141592653589793 0
102 7.898126597183364e-12 3.141592653589793 0
103 -0.1570796326718513 3.141592653589793 0
104 -0.3141592653518268 3.141592653589793 0
105 -0.4712388980316473 3.141592653589793 0
106 -0.6283185307116224 3.141592653589793 0
107 -0.7853981633914588 3.141592653589793 0
108 -0.9424777960712794 3.141592653589793 0
109 -1.099557428751099 3.141592653589793 0
110 -1.256637061431264 3.141592653589793 0
111 -1.413716694111084 3.141592653589793 0
112 -1.570796326790903 3.141592653589793 0
113 -1.727875959470724 3.141592653589793 0
114 -1.884955592150543 3.141592653589793 0
115 -2.042035224830709 3.141592653589793 0
116 -2.199114857510529 3.141592653589793 0
117 -2.356194490190348 3.141592653589793 0
118 -2.513274122870169 3.141592653589793 0
119 -2.670353755549987 3.141592653589793 0
120 -2.827433388230154 3.141592653589793 0
121 -2.984513020909973 3.141592653589793 0
122 -3.141592653589793 2.984513020910616 0
123 -3.141592653589793 2.827433388231352 0
124 -3.141592653589793 2.670353755552262 0
125 -3.141592653589793 2.513274122873067 0
126 -3.141592653589793 2.356194490193907 0
127 -3.141592653589793 2.199114857514921 0
128 -3.141592653589793 2.042035224835761 0
129 -3.141592653589793 1.884955592156731 0
130 -3.141592653589793 1.727875959477666 0
131 -3.141592653589793 1.570796326798627 0
132 -3.141592653589793 1.413716694119589 0
133 -3.141592653589793 1.256637061440524 0
134 -3.141592653589793 1.099557428761356 0
135 -3.141592653589793 0.9424777960823354 0
136 -3.141592653589793 0.7853981634032627 0
137 -3.141592653589793 0.6283185307241896 0
138 -3.141592653589793 0.4712388980451689 0
139 -3.141592653589793 0.3141592653660785 0
140 -3.141592653589793 0.1570796326870583 0
141 -3.141592653589793 7.898126597183364e-12 0
142 -3.141592653589793 -0.1570796326718513 0
143 -3.141592653589793 -0.3141592653518268 0
144 -3.141592653589793 -0.4712388980316473 0
145 -3.141592653589793 -0.6283185307116224 0
146 -3.141592653589793 -0.7853981633914588 0
147 -3.141592653589793 -0.9424777960712794 0
148 -3.141592653589793 -1.099557428751099 0
149 -3.141592653589793 -1.256637061431264 0
150 -3.141592653589793 -1.413716694111084 0
151 -3.141592653589793 -1.570796326790903 0
152 -3.141592653589793 -1.727875959470724 0
153 -3.141592653589793 -1.884955592150543 0
154 -3.141592653589793 -2.042035224830709 0
155 -3.141592653589793 -2.199114857510529 0
156 -3.141592653589793 -2.356194490190348 0
157 -3.141592653589793 -2.513274122870169 0
158 -3.141592653589793 -2.670353755549987 0
159 -3.141592653589793 -2.827433388230154 0
160 -3.141592653589793 -2.984513020909973 0
161 -2.984513020910599 -2.984513020909989 0
162 -2.984513020910583 -2.827433388230184 0
163 -2.984513020910568 -2.670353755550045 0
164 -2.984513020910551 -2.513274122870241 0
165 -2.984513020910536 -2.356194490190437 0
166 -2.98451302091052 -2.19911485751064 0
167 -2.984513020910504 -2.042035224830835 0
168 -2.984513020910488 -1.884955592150699 0
169 -2.984513020910472 -1.727875959470898 0
170 -2.984513020910454 -1.570796326791096 0
171 -2.984513020910439 -1.413716694111297 0
172 -2.984513020910423 -1.256637061431496 0
173 -2.984513020910407 -1.099557428751355 0
174 -2.984513020910391 -0.942477796071556 0
175 -2.984513020910375 -0.7853981633917539 0
176 -2.984513020910359 -0.6283185307119366 0
177 -2.984513020910343 -0.4712388980319853 0
178 -2.984513020910327 -0.314159265352183 0
179 -2.984513020910311 -0.1570796326722312 0
180 -2.984513020910295 7.503331289626658e-12 0
181 -2.984513020910279 0.1570796326866779 0
182 -2.984513020910262 0.3141592653657219 0
183 -2.984513020910247 0.4712388980448307 0
184 -2.984513020910231 0.6283185307238754 0
185 -2.984513020910214 0.7853981634029674 0
186 -2.984513020910198 0.9424777960820589 0
187 -2.984513020910182 1.099557428761099 0
188 -2.984513020910167 1.256637061440293 0
189 -2.98451302091015 1.413716694119377 0
190 -2.984513020910134 1.570796326798434 0
191 -2.984513020910118 1.727875959477492 0
192 -2.984513020910102 1.884955592156576 0
193 -2.984513020910085 2.042035224835635 0
194 -2.984513020910069 2.199114857514811 0
195 -2.984513020910053 2.356194490193818 0
196 -2.984513020910037 2.513274122872994 0
197 -2.984513020910021 2.670353755552204 0
198 -2.984513020910005 2.827433388231321 0
199 -2.984513020909989 2.984513020910601 0
200 -2.827433388231323 -2.984513020910005 0
201 -2.827433388231293 -2.827433388230213 0
202 -2.827433388231262 -2.670353755550101 0
203 -2.827433388231233 -2.513274122870313 0
204 -2.827433388231202 -2.356194490190526 0
205 -2.827433388231171 -2.19911485751075 0
206 -2.827433388231142 -2.042035224830961 0
207 -2.827433388231113 -1.884955592150853 0
208 -2.827433388231082 -1.727875959471072 0
209 -2.827433388231052 -1.570796326791289 0
210 -2.827433388231023 -1.41371669411151 0
211 -2.827433388230992 -1.256637061431727 0
212 -2.827433388230963 -1.099557428751612 0
213 -2.827433388230933 -0.9424777960718322 0
214 -2.827433388230902 -0.7853981633920493 0
215 -2.827433388230872 -0.6283185307122505 0
216 -2.827433388230842 -0.4712388980323237 0
217 -2.827433388230812 -0.3141592653525389 0
218 -2.827433388230784 -0.1570796326726116 0
219 -2.827433388230753 7.108313937465027e-12 0
220 -2.827433388230724 0.157079632686298 0
221 -2.827433388230692 0.3141592653653658 0
222 -2.827433388230663 0.4712388980444926 0
223 -2.827433388230633 0.6283185307235608 0
224 -2.827433388230603 0.7853981634026725 0
225 -2.827433388230574 0.9424777960817825 0
226 -2.827433388230544 1.099557428760843 0
227 -2.827433388230513 1.256637061440062 0
228 -2.827433388230483 1.413716694119163 0
229 -2.827433388230454 1.570796326798241 0
230 -2.827433388230423 1.727875959477319 0
231 -2.827433388230393 1.884955592156421 0
232 -2.827433388230363 2.042035224835509 0
233 -2.827433388230333 2.199114857514701 0
234 -2.827433388230304 2.35619449019373 0
235 -2.827433388230275 2.513274122872922 0
236 -2.827433388230244 2.670353755552147 0
237 -2.827433388230214 2.827433388231292 0
238 -2.827433388230184 2.984513020910585 0
239 -2.670353755552205 -2.984513020910022 0
240 -2.670353755552147 -2.827433388230244 0
241 -2.670353755552091 -2.670353755550158 0
242 -2.670353755552035 -2.513274122870386 0
243 -2.670353755551977 -2.356194490190614 0
244 -2.670353755551921 -2.199114857510859 0
245 -2.670353755551864 -2.042035224831089 0
246 -2.670353755551807 -1.884955592151007 0
247 -2.67035375555175 -1.727875959471245 0
248 -2.670353755551692 -1.570796326791482 0
249 -2.670353755551637 -1.413716694111723 0
250 -2.67035375555158 -1.256637061431959 0
251 -2.670353755551523 -1.099557428751868 0
252 -2.670353755551465 -0.942477796072108 0
253 -2.670353755551409 -0.7853981633923444 0
254 -2.670353755551352 -0.6283185307125649 0
255 -2.670353755551294 -0.4712388980326614 0
256 -2.670353755551237 -0.3141592653528957 0
257 -2.670353755551181 -0.1570796326729915 0
258 -2.670353755551125 6.713518629908322e-12 0
259 -2.670353755551068 0.1570796326859178 0
260 -2.67035375555101 0.3141592653650096 0
261 -2.670353755550954 0.4712388980441546 0
262 -2.670353755550896 0.6283185307232468 0
263 -2.67035375555084 0.7853981634023772 0
264 -2.670353755550784 0.9424777960815061 0
265 -2.670353755550727 1.099557428760587 0
266 -2.67035375555067 1.25663706143983 0
267 -2.670353755550612 1.413716694118951 0
268 -2.670353755550556 1.570796326798048 0
269 -2.670353755550499 1.727875959477146 0
270 -2.670353755550442 1.884955592156267 0
271 -2.670353755550385 2.042035224835383 0
272 -2.670353755550328 2.199114857514592 0
273 -2.670353755550271 2.356194490193641 0
274 -2.670353755550215 2.51327412287285 0
275 -2.670353755550158 2.670353755552091 0
276 -2.670353755550101 2.827433388231262 0
277 -2.670353755550044 2.984513020910568 0
278 -2.513274122872994 -2.984513020910038 0
279 -2.513274122872921 -2.827433388230273 0
280 -2.513274122872849 -2.670353755550215 0
281 -2.513274122872777 -2.513274122870459 0
282 -2.513274122872704 -2.356194490190703 0
283 -2.513274122872632 -2.199114857510969 0
284 -2.51327412287256 -2.042035224831215 0
285 -2.513274122872488 -1.884955592151162 0
286 -2.513274122872415 -1.727875959471418 0
287 -2.513274122872342 -1.570796326791676 0
288 -2.513274122872269 -1.413716694111935 0
289 -2.513274122872198 -1.25663706143219 0
290 -2.513274122872125 -1.099557428752124 0
291 -2.513274122872053 -0.9424777960723848 0
292 -2.51327412287198 -0.785398163392639 0
293 -2.513274122871907 -0.6283185307128791 0
294 -2.513274122871835 -0.4712388980329991 0
295 -2.513274122871763 -0.3141592653532521 0
296 -2.51327412287169 -0.1570796326733719 0
297 -2.513274122871618 6.318501277746691e-12 0
298 -2.513274122871545 0.1570796326855375 0
299 -2.513274122871473 0.3141592653646532 0
300 -2.513274122871401 0.4712388980438168 0
301 -2.513274122871328 0.6283185307229329 0
302 -2.513274122871256 0.7853981634020819 0
303 -2.513274122871184 0.9424777960812295 0
304 -2.513274122871111 1.09955742876033 0
305 -2.513274122871038 1.256637061439598 0
306 -2.513274122870967 1.413716694118739 0
307 -2.513274122870893 1.570796326797855 0
308 -2.513274122870821 1.727875959476972 0
309 -2.513274122870749 1.884955592156112 0
310 -2.513274122870676 2.042035224835257 0
311 -2.513274122870604 2.199114857514481 0
312 -2.513274122870532 2.356194490193552 0
313 -2.513274122870459 2.513274122872778 0
314 -2.513274122870387 2.670353755552035 0
315 -2.513274122870313 2.827433388231232 0
316 -2.513274122870241 2.984513020910552 0
317 -2.356194490193817 -2.984513020910055 0
318 -2.35619449019373 -2.827433388230304 0
319 -2.35619449019364 -2.670353755550272 0
320 -2.356194490193552 -2.513274122870532 0
321 -2.356194490193462 -2.356194490190792 0
322 -2.356194490193373 -2.199114857511078 0
323 -2.356194490193285 -2.04203522483134 0
324 -2.356194490193195 -1.884955592151316 0
325 -2.356194490193107 -1.727875959471592 0
326 -2.356194490193019 -1.570796326791869 0
327 -2.356194490192927 -1.413716694112148 0
328 -2.35619449019284 -1.256637061432422 0
329 -2.356194490192751 -1.099557428752381 0
330 -2.356194490192662 -0.9424777960726609 0
331 -2.356194490192573 -0.7853981633929346 0
332 -2.356194490192483 -0.6283185307131931 0
333 -2.356194490192395 -0.471238898033338 0
334 -2.356194490192306 -0.3141592653536083 0
335 -2.356194490192217 -0.1570796326737522 0
336 -2.356194490192129 5.92348392558506e-12 0
337 -2.35619449019204 0.1570796326851573 0
338 -2.35619449019195 0.3141592653642971 0
339 -2.356194490191861 0.4712388980434787 0
340 -2.356194490191773 0.6283185307226187 0
341 -2.356194490191683 0.7853981634017873 0
342 -2.356194490191593 0.9424777960809533 0
343 -2.356194490191505 1.099557428760074 0
344 -2.356194490191416 1.256637061439367 0
345 -2.356194490191327 1.413716694118526 0
346 -2.356194490191239 1.570796326797662 0
347 -2.356194490191149 1.727875959476798 0
348 -2.35619449019106 1.884955592155958 0
349 -2.356194490190971 2.042035224835129 0
350 -2.356194490190883 2.199114857514371 0
351 -2.356194490190794 2.356194490193463 0
352 -2.356194490190705 2.513274122872705 0
353 -2.356194490190615 2.670353755551977 0
354 -2.356194490190526 2.827433388231201 0
355 -2.356194490190437 2.984513020910536 0
356 -2.199114857514811 -2.98451302091007 0
357 -2.199114857514701 -2.827433388230334 0
358 -2.199114857514592 -2.670353755550329 0
359 -2.199114857514482 -2.513274122870603 0
360 -2.199114857514371 -2.356194490190882 0
361 -2.199114857514262 -2.199114857511188 0
362 -2.199114857514151 -2.042035224831467 0
363 -2.199114857514043 -1.884955592151471 0
364 -2.199114857513933 -1.727875959471765 0
365 -2.199114857513822 -1.570796326792061 0
366 -2.199114857513713 -1.41371669411236 0
367 -2.199114857513603 -1.256637061432654 0
368 -2.199114857513493 -1.099557428752637 0
369 -2.199114857513383 -0.9424777960729381 0
370 -2.199114857513274 -0.7853981633932294 0
371 -2.199114857513164 -0.6283185307135073 0
372 -2.199114857513054 -0.4712388980336757 0
373 -2.199114857512944 -0.3141592653539644 0
374 -2.199114857512835 -0.1570796326741326 0
375 -2.199114857512725 5.52846657342343e-12 0
376 -2.199114857512614 0.157079632684777 0
377 -2.199114857512505 0.3141592653639405 0
378 -2.199114857512395 0.4712388980431405 0
379 -2.199114857512285 0.6283185307223044 0
380 -2.199114857512176 0.7853981634014919 0
381 -2.199114857512065 0.9424777960806769 0
382 -2.199114857511956 1.099557428759818 0
383 -2.199114857511847 1.256637061439136 0
384 -2.199114857511737 1.413716694118313 0
385 -2.199114857511626 1.570796326797468 0
386 -2.199114857511517 1.727875959476624 0
387 -2.199114857511407 1.884955592155803 0
388 -2.199114857511297 2.042035224835003 0
389 -2.199114857511188 2.199114857514261 0
390 -2.199114857511078 2.356194490193374 0
391 -2.199114857510968 2.513274122872632 0
392 -2.199114857510859 2.670353755551921 0
393 -2.199114857510748 2.827433388231172 0
394 -2.199114857510639 2.98451302091052 0
395 -2.042035224835636 -2.984513020910087 0
396 -2.042035224835509 -2.827433388230363 0
397 -2.042035224835382 -2.670353755550386 0
398 -2.042035224835256 -2.513274122870677 0
399 -2.042035224835129 -2.35619449019097 0
400 -2.042035224835003 -2.199114857511297 0
401 -2.042035224834877 -2.042035224831594 0
402 -2.042035224834751 -1.884955592151626 0
403 -2.042035224834625 -1.727875959471939 0
404 -2.042035224834498 -1.570796326792255 0
405 -2.042035224834372 -1.413716694112573 0
406 -2.042035224834245 -1.256637061432885 0
407 -2.042035224834119 -1.099557428752893 0
408 -2.042035224833993 -0.9424777960732138 0
409 -2.042035224833867 -0.7853981633935245 0
410 -2.04203522483374 -0.6283185307138222 0
411 -2.042035224833614 -0.4712388980340136 0
412 -2.042035224833488 -0.3141592653543213 0
413 -2.042035224833361 -0.1570796326745123 0
414 -2.042035224833235 5.133671265866724e-12 0
415 -2.042035224833108 0.1570796326843968 0
416 -2.042035224832982 0.3141592653635847 0
417 -2.042035224832856 0.4712388980428026 0
418 -2.04203522483273 0.6283185307219901 0
419 -2.042035224832603 0.7853981634011971 0
420 -2.042035224832477 0.9424777960804006 0
421 -2.042035224832351 1.099557428759561 0
422 -2.042035224832225 1.256637061438904 0
423 -2.042035224832098 1.413716694118101 0
424 -2.042035224831972 1.570796326797275 0
425 -2.042035224831845 1.727875959476451 0
426 -2.04203522483172 1.884955592155648 0
427 -2.042035224831593 2.042035224834877 0
428 -2.042035224831467 2.199114857514152 0
429 -2.04203522483134 2.356194490193285 0
430 -2.042035224831215 2.51327412287256 0
431 -2.042035224831088 2.670353755551864 0
432 -2.042035224830962 2.827433388231142 0
433 -2.042035224830836 2.984513020910504 0
434 -1.884955592156576 -2.984513020910103 0
435 -1.884955592156421 -2.827433388230395 0
436 -1.884955592156267 -2.670353755550443 0
437 -1.884955592156112 -2.513274122870749 0
438 -1.884955592155958 -2.356194490191061 0
439 -1.884955592155802 -2.199114857511408 0
440 -1.884955592155648 -2.04203522483172 0
441 -1.884955592155493 -1.884955592151781 0
442 -1.884955592155339 -1.727875959472112 0
443 -1.884955592155184 -1.570796326792448 0
444 -1.884955592155029 -1.413716694112785 0
445 -1.884955592154875 -1.256637061433116 0
446 -1.88495559215472 -1.09955742875315 0
447 -1.884955592154565 -0.94247779607349 0
448 -1.884955592154411 -0.7853981633938196 0
449 -1.884955592154256 -0.6283185307141361 0
450 -1.884955592154101 -0.4712388980343516 0
451 -1.884955592153946 -0.3141592653546772 0
452 -1.884955592153792 -0.1570796326748927 0
453 -1.884955592153637 4.739098002914943e-12 0
454 -1.884955592153483 0.1570796326840167 0
455 -1.884955592153328 0.3141592653632281 0
456 -1.884955592153174 0.4712388980424649 0
457 -1.884955592153018 0.6283185307216761 0
458 -1.884955592152863 0.785398163400902 0
459 -1.884955592152709 0.9424777960801239 0
460 -1.884955592152554 1.099557428759304 0
461 -1.8849555921524 1.256637061438673 0
462 -1.884955592152245 1.413716694117888 0
463 -1.884955592152091 1.570796326797083 0
464 -1.884955592151936 1.727875959476278 0
465 -1.884955592151781 1.884955592155493 0
466 -1.884955592151626 2.04203522483475 0
467 -1.884955592151472 2.199114857514043 0
468 -1.884955592151317 2.356194490193195 0
469 -1.884955592151162 2.513274122872488 0
470 -1.884955592151007 2.670353755551806 0
471 -1.884955592150853 2.827433388231112 0
472 -1.884955592150698 2.984513020910488 0
473 -1.727875959477492 -2.984513020910119 0
474 -1.727875959477318 -2.827433388230423 0
475 -1.727875959477145 -2.6703537555505 0
476 -1.727875959476972 -2.513274122870822 0
477 -1.727875959476798 -2.356194490191148 0
478 -1.727875959476625 -2.199114857511518 0
479 -1.727875959476451 -2.042035224831845 0
480 -1.727875959476278 -1.884955592151935 0
481 -1.727875959476104 -1.727875959472287 0
482 -1.727875959475931 -1.570796326792641 0
483 -1.727875959475757 -1.413716694112998 0
484 -1.727875959475584 -1.256637061433348 0
485 -1.72787595947541 -1.099557428753407 0
486 -1.727875959475236 -0.9424777960737668 0
487 -1.727875959475063 -0.7853981633941151 0
488 -1.727875959474889 -0.62831853071445 0
489 -1.727875959474716 -0.4712388980346895 0
490 -1.727875959474542 -0.3141592653550334 0
491 -1.727875959474369 -0.1570796326752728 0
492 -1.727875959474195 4.343858606148387e-12 0
493 -1.727875959474022 0.1570796326836363 0
494 -1.727875959473848 0.314159265362872 0
495 -1.727875959473675 0.4712388980421267 0
496 -1.727875959473501 0.6283185307213618 0
497 -1.727875959473328 0.7853981634006064 0
498 -1.727875959473154 0.9424777960798478 0
499 -1.72787595947298 1.099557428759048 0
500 -1.727875959472807 1.256637061438441 0
501 -1.727875959472633 1.413716694117675 0
502 -1.72787595947246 1.570796326796889 0
503 -1.727875959472287 1.727875959476104 0
504 -1.727875959472113 1.884955592155339 0
505 -1.727875959471939 2.042035224834624 0
506 -1.727875959471765 2.199114857513933 0
507 -1.727875959471592 2.356194490193106 0
508 -1.727875959471418 2.513274122872415 0
509 -1.727875959471245 2.67035375555175 0
510 -1.727875959471071 2.827433388231082 0
511 -1.727875959470898 2.984513020910472 0
512 -1.570796326798434 -2.984513020910135 0
513 -1.570796326798241 -2.827433388230453 0
514 -1.570796326798048 -2.670353755550556 0
515 -1.570796326797854 -2.513274122870893 0
516 -1.570796326797662 -2.356194490191239 0
517 -1.570796326797468 -2.199114857511626 0
518 -1.570796326797275 -2.042035224831972 0
519 -1.570796326797082 -1.88495559215209 0
520 -1.570796326796889 -1.72787595947246 0
521 -1.570796326796696 -1.570796326792834 0
522 -1.570796326796503 -1.413716694113211 0
523 -1.57079632679631 -1.25663706143358 0
524 -1.570796326796116 -1.099557428753663 0
525 -1.570796326795923 -0.9424777960740434 0
526 -1.570796326795731 -0.7853981633944097 0
527 -1.570796326795537 -0.6283185307147643 0
528 -1.570796326795344 -0.4712388980350282 0
529 -1.570796326795151 -0.31415926535539 0
530 -1.570796326794958 -0.1570796326756532 0
531 -1.570796326794765 3.949507387801532e-12 0
532 -1.570796326794572 0.1570796326832562 0
533 -1.570796326794379 0.3141592653625158 0
534 -1.570796326794186 0.4712388980417885 0
535 -1.570796326793993 0.6283185307210475 0
536 -1.5707963267938 0.7853981634003118 0
537 -1.570796326793606 0.9424777960795713 0
538 -1.570796326793413 1.099557428758792 0
539 -1.57079632679322 1.256637061438209 0
540 -1.570796326793027 1.413716694117463 0
541 -1.570796326792834 1.570796326796696 0
542 -1.570796326792641 1.727875959475931 0
543 -1.570796326792448 1.884955592155184 0
544 -1.570796326792255 2.042035224834498 0
545 -1.570796326792061 2.199114857513822 0
546 -1.570796326791868 2.356194490193017 0
547 -1.570796326791675 2.513274122872343 0
548 -1.570796326791482 2.670353755551693 0
549 -1.570796326791289 2.827433388231052 0
550 -1.570796326791096 2.984513020910456 0
551 -1.413716694119377 -2.984513020910151 0
552 -1.413716694119164 -2.827433388230483 0
553 -1.413716694118952 -2.670353755550613 0
554 -1.413716694118739 -2.513274122870966 0
555 -1.413716694118526 -2.356194490191328 0
556 -1.413716694118313 -2.199114857511737 0
557 -1.413716694118101 -2.042035224832098 0
558 -1.413716694117889 -1.884955592152245 0
559 -1.413716694117675 -1.727875959472633 0
560 -1.413716694117463 -1.570796326793027 0
561 -1.41371669411725 -1.413716694113423 0
562 -1.413716694117038 -1.256637061433811 0
563 -1.413716694116825 -1.099557428753919 0
564 -1.413716694116613 -0.94247779607432 0
565 -1.4137166941164 -0.7853981633947045 0
566 -1.413716694116187 -0.6283185307150781 0
567 -1.413716694115975 -0.4712388980353661 0
568 -1.413716694115762 -0.3141592653557461 0
569 -1.413716694115549 -0.1570796326760335 0
570 -1.413716694115337 3.554490035639901e-12 0
571 -1.413716694115124 0.1570796326828761 0
572 -1.413716694114912 0.3141592653621594 0
573 -1.413716694114699 0.4712388980414505 0
574 -1.413716694114487 0.6283185307207335 0
575 -1.413716694114274 0.7853981634000166 0
576 -1.413716694114061 0.9424777960792948 0
577 -1.413716694113848 1.099557428758535 0
578 -1.413716694113636 1.256637061437978 0
579 -1.413716694113423 1.41371669411725 0
580 -1.413716694113211 1.570796326796503 0
581 -1.413716694112998 1.727875959475757 0
582 -1.413716694112785 1.884955592155029 0
583 -1.413716694112573 2.042035224834372 0
584 -1.41371669411236 2.199114857513712 0
585 -1.413716694112148 2.356194490192928 0
586 -1.413716694111935 2.51327412287227 0
587 -1.413716694111722 2.670353755551636 0
588 -1.41371669411151 2.827433388231023 0
589 -1.413716694111297 2.98451302091044 0
590 -1.256637061440293 -2.984513020910167 0
591 -1.256637061440061 -2.827433388230513 0
592 -1.25663706143983 -2.67035375555067 0
593 -1.256637061439598 -2.513274122871038 0
594 -1.256637061439367 -2.356194490191416 0
595 -1.256637061439135 -2.199114857511847 0
596 -1.256637061438904 -2.042035224832225 0
597 -1.256637061438672 -1.8849555921524 0
598 -1.256637061438441 -1.727875959472807 0
599 -1.256637061438209 -1.570796326793221 0
600 -1.256637061437978 -1.413716694113636 0
601 -1.256637061437746 -1.256637061434042 0
602 -1.256637061437515 -1.099557428754176 0
603 -1.256637061437283 -0.9424777960745959 0
604 -1.256637061437052 -0.7853981633949998 0
605 -1.256637061436821 -0.6283185307153928 0
606 -1.256637061436589 -0.4712388980357038 0
607 -1.256637061436357 -0.3141592653561021 0
608 -1.256637061436126 -0.157079632676413 0
609 -1.256637061435894 3.159916772688121e-12 0
610 -1.256637061435663 0.157079632682496 0
611 -1.256637061435431 0.3141592653618028 0
612 -1.2566370614352 0.4712388980411123 0
613 -1.256637061434968 0.6283185307204192 0
614 -1.256637061434737 0.7853981633997215 0
615 -1.256637061434505 0.9424777960790187 0
616 -1.256637061434274 1.099557428758279 0
617 -1.256637061434043 1.256637061437746 0
618 -1.256637061433811 1.413716694117038 0
619 -1.256637061433579 1.57079632679631 0
620 -1.256637061433348 1.727875959475583 0
621 -1.256637061433116 1.884955592154875 0
622 -1.256637061432885 2.042035224834246 0
623 -1.256637061432653 2.199114857513603 0
624 -1.256637061432422 2.35619449019284 0
625 -1.25663706143219 2.513274122872198 0
626 -1.256637061431959 2.670353755551579 0
627 -1.256637061431727 2.827433388230991 0
628 -1.256637061431496 2.984513020910423 0
629 -1.099557428761099 -2.984513020910183 0
630 -1.099557428760844 -2.827433388230544 0
631 -1.099557428760586 -2.670353755550727 0
632 -1.09955742876033 -2.513274122871111 0
633 -1.099557428760074 -2.356194490191505 0
634 -1.099557428759817 -2.199114857511958 0
635 -1.099557428759561 -2.042035224832351 0
636 -1.099557428759305 -1.884955592152555 0
637 -1.099557428759048 -1.72787595947298 0
638 -1.099557428758791 -1.570796326793413 0
639 -1.099557428758535 -1.413716694113849 0
640 -1.099557428758279 -1.256637061434274 0
641 -1.099557428758023 -1.099557428754432 0
642 -1.099557428757766 -0.9424777960748726 0
643 -1.099557428757509 -0.7853981633952954 0
644 -1.099557428757253 -0.6283185307157068 0
645 -1.099557428756996 -0.4712388980360421 0
646 -1.09955742875674 -0.3141592653564584 0
647 -1.099557428756484 -0.1570796326767934 0
648 -1.099557428756227 2.76445533131664e-12 0
649 -1.099557428755971 0.1570796326821158 0
650 -1.099557428755714 0.3141592653614469 0
651 -1.099557428755458 0.4712388980407741 0
652 -1.099557428755202 0.6283185307201054 0
653 -1.099557428754945 0.7853981633994266 0
654 -1.099557428754689 0.9424777960787422 0
655 -1.099557428754433 1.099557428758022 0
656 -1.099557428754176 1.256637061437515 0
657 -1.099557428753919 1.413716694116825 0
658 -1.099557428753663 1.570796326796116 0
659 -1.099557428753407 1.72787595947541 0
660 -1.09955742875315 1.88495559215472 0
661 -1.099557428752894 2.042035224834119 0
662 -1.099557428752638 2.199114857513493 0
663 -1.099557428752381 2.356194490192751 0
664 -1.099557428752124 2.513274122872125 0
665 -1.099557428751867 2.670353755551523 0
666 -1.099557428751612 2.827433388230962 0
667 -1.099557428751355 2.984513020910407 0
668 -0.9424777960820589 -2.984513020910199 0
669 -0.9424777960817825 -2.827433388230573 0
670 -0.9424777960815059 -2.670353755550783 0
671 -0.9424777960812295 -2.513274122871183 0
672 -0.9424777960809532 -2.356194490191593 0
673 -0.9424777960806769 -2.199114857512066 0
674 -0.9424777960804004 -2.042035224832478 0
675 -0.9424777960801237 -1.884955592152709 0
676 -0.9424777960798476 -1.727875959473153 0
677 -0.9424777960795712 -1.570796326793607 0
678 -0.9424777960792948 -1.413716694114061 0
679 -0.9424777960790183 -1.256637061434505 0
680 -0.9424777960787423 -1.099557428754689 0
681 -0.9424777960784656 -0.9424777960751488 0
682 -0.9424777960781892 -0.7853981633955901 0
683 -0.942477796077913 -0.6283185307160211 0
684 -0.9424777960776366 -0.4712388980363799 0
685 -0.94247779607736 -0.3141592653568149 0
686 -0.9424777960770836 -0.1570796326771738 0
687 -0.9424777960768072 2.369882068364859e-12 0
688 -0.9424777960765311 0.157079632681736 0
689 -0.9424777960762545 0.3141592653610902 0
690 -0.942477796075978 0.4712388980404363 0
691 -0.9424777960757018 0.628318530719791 0
692 -0.9424777960754254 0.7853981633991313 0
693 -0.9424777960751486 0.9424777960784657 0
694 -0.9424777960748727 1.099557428757766 0
695 -0.9424777960745961 1.256637061437284 0
696 -0.9424777960743194 1.413716694116612 0
697 -0.9424777960740431 1.570796326795924 0
698 -0.9424777960737672 1.727875959475236 0
699 -0.94247779607349 1.884955592154565 0
700 -0.942477796073214 2.042035224833993 0
701 -0.9424777960729378 2.199114857513383 0
702 -0.9424777960726614 2.356194490192662 0
703 -0.9424777960723852 2.513274122872053 0
704 -0.9424777960721085 2.670353755551465 0
705 -0.9424777960718322 2.827433388230932 0
706 -0.9424777960715558 2.984513020910391 0
707 -0.7853981634029676 -2.984513020910215 0
708 -0.7853981634026727 -2.827433388230603 0
709 -0.7853981634023774 -2.670353755550841 0
710 -0.7853981634020821 -2.513274122871255 0
711 -0.7853981634017874 -2.356194490191683 0
712 -0.7853981634014919 -2.199114857512175 0
713 -0.7853981634011968 -2.042035224832604 0
714 -0.7853981634009023 -1.884955592152864 0
715 -0.785398163400607 -1.727875959473327 0
716 -0.7853981634003119 -1.570796326793799 0
717 -0.7853981634000167 -1.413716694114274 0
718 -0.7853981633997215 -1.256637061434737 0
719 -0.7853981633994266 -1.099557428754945 0
720 -0.7853981633991314 -0.9424777960754254 0
721 -0.7853981633988365 -0.7853981633958852 0
722 -0.785398163398541 -0.6283185307163351 0
723 -0.785398163398246 -0.4712388980367183 0
724 -0.7853981633979514 -0.3141592653571713 0
725 -0.785398163397656 -0.1570796326775538 0
726 -0.785398163397361 1.974531649295841e-12 0
727 -0.7853981633970657 0.1570796326813555 0
728 -0.7853981633967705 0.3141592653607345 0
729 -0.7853981633964755 0.4712388980400982 0
730 -0.7853981633961803 0.6283185307194769 0
731 -0.7853981633958851 0.7853981633988359 0
732 -0.7853981633955898 0.9424777960781895 0
733 -0.7853981633952953 1.099557428757509 0
734 -0.7853981633950002 1.256637061437052 0
735 -0.7853981633947049 1.4137166941164 0
736 -0.7853981633944099 1.570796326795731 0
737 -0.7853981633941148 1.727875959475063 0
738 -0.7853981633938198 1.884955592154411 0
739 -0.7853981633935243 2.042035224833867 0
740 -0.7853981633932293 2.199114857513274 0
741 -0.7853981633929343 2.356194490192573 0
742 -0.7853981633926393 2.513274122871981 0
743 -0.7853981633923441 2.670353755551409 0
744 -0.785398163392049 2.827433388230902 0
745 -0.7853981633917539 2.984513020910375 0
746 -0.6283185307238757 -2.984513020910231 0
747 -0.6283185307235613 -2.827433388230634 0
748 -0.6283185307232469 -2.670353755550897 0
749 -0.6283185307229328 -2.513274122871328 0
750 -0.6283185307226191 -2.356194490191771 0
751 -0.6283185307223044 -2.199114857512286 0
752 -0.6283185307219907 -2.04203522483273 0
753 -0.6283185307216765 -1.884955592153018 0
754 -0.6283185307213621 -1.727875959473502 0
755 -0.6283185307210478 -1.570796326793993 0
756 -0.6283185307207337 -1.413716694114486 0
757 -0.6283185307204197 -1.256637061434968 0
758 -0.6283185307201051 -1.099557428755201 0
759 -0.6283185307197913 -0.9424777960757016 0
760 -0.6283185307194767 -0.7853981633961802 0
761 -0.6283185307191628 -0.6283185307166496 0
762 -0.6283185307188487 -0.4712388980370562 0
763 -0.6283185307185342 -0.3141592653575273 0
764 -0.6283185307182202 -0.1570796326779338 0
765 -0.628318530717906 1.579736341739135e-12 0
766 -0.6283185307175918 0.1570796326809757 0
767 -0.6283185307172775 0.3141592653603782 0
768 -0.6283185307169633 0.4712388980397603 0
769 -0.6283185307166492 0.6283185307191625 0
770 -0.6283185307163351 0.7853981633985411 0
771 -0.628318530716021 0.9424777960779132 0
772 -0.6283185307157069 1.099557428757253 0
773 -0.6283185307153927 1.256637061436821 0
774 -0.6283185307150785 1.413716694116187 0
775 -0.6283185307147642 1.570796326795537 0
776 -0.6283185307144501 1.727875959474889 0
777 -0.6283185307141359 1.884955592154256 0
778 -0.6283185307138218 2.04203522483374 0
779 -0.6283185307135071 2.199114857513164 0
780 -0.6283185307131933 2.356194490192484 0
781 -0.6283185307128789 2.513274122871908 0
782 -0.6283185307125649 2.670353755551352 0
783 -0.6283185307122507 2.827433388230872 0
784 -0.6283185307119366 2.984513020910359 0
785 -0.4712388980448307 -2.984513020910247 0
786 -0.4712388980444929 -2.827433388230662 0
787 -0.4712388980441549 -2.670353755550955 0
788 -0.4712388980438166 -2.5132741228714 0
789 -0.4712388980434788 -2.35619449019186 0
790 -0.4712388980431408 -2.199114857512396 0
791 -0.4712388980428027 -2.042035224832857 0
792 -0.4712388980424645 -1.884955592153173 0
793 -0.4712388980421267 -1.727875959473675 0
794 -0.4712388980417889 -1.570796326794186 0
795 -0.4712388980414505 -1.413716694114699 0
796 -0.4712388980411125 -1.2566370614352 0
797 -0.4712388980407748 -1.099557428755458 0
798 -0.4712388980404365 -0.9424777960759783 0
799 -0.4712388980400984 -0.7853981633964756 0
800 -0.4712388980397605 -0.6283185307169634 0
801 -0.4712388980394223 -0.4712388980373942 0
802 -0.4712388980390843 -0.3141592653578839 0
803 -0.4712388980387461 -0.1570796326783144 0
804 -0.4712388980384083 1.184718989577505e-12 0
805 -0.4712388980380704 0.1570796326805949 0
806 -0.471238898037732 0.3141592653600216 0
807 -0.4712388980373942 0.4712388980394221 0
808 -0.4712388980370562 0.6283185307188482 0
809 -0.4712388980367181 0.7853981633982461 0
810 -0.4712388980363799 0.9424777960776366 0
811 -0.471238898036042 1.099557428756996 0
812 -0.4712388980357038 1.256637061436589 0
813 -0.471238898035366 1.413716694115974 0
814 -0.4712388980350281 1.570796326795344 0
815 -0.4712388980346898 1.727875959474716 0
816 -0.4712388980343516 1.884955592154101 0
817 -0.4712388980340138 2.042035224833613 0
818 -0.4712388980336756 2.199114857513054 0
819 -0.4712388980333375 2.356194490192395 0
820 -0.4712388980329998 2.513274122871835 0
821 -0.4712388980326618 2.670353755551295 0
822 -0.4712388980323237 2.827433388230842 0
823 -0.4712388980319852 2.984513020910343 0
824 -0.3141592653657223 -2.984513020910263 0
825 -0.3141592653653656 -2.827433388230692 0
826 -0.3141592653650096 -2.670353755551011 0
827 -0.3141592653646532 -2.513274122871473 0
828 -0.3141592653642972 -2.356194490191949 0
829 -0.3141592653639406 -2.199114857512505 0
830 -0.3141592653635846 -2.042035224832982 0
831 -0.3141592653632282 -1.884955592153327 0
832 -0.3141592653628719 -1.727875959473848 0
833 -0.3141592653625156 -1.570796326794379 0
834 -0.3141592653621594 -1.413716694114911 0
835 -0.3141592653618029 -1.256637061435431 0
836 -0.3141592653614468 -1.099557428755714 0
837 -0.3141592653610903 -0.9424777960762541 0
838 -0.3141592653607344 -0.7853981633967707 0
839 -0.3141592653603777 -0.6283185307172778 0
840 -0.3141592653600216 -0.471238898037732 0
841 -0.3141592653596652 -0.3141592653582401 0
842 -0.3141592653593088 -0.1570796326786944 0
843 -0.3141592653589526 7.898126597183364e-13 0
844 -0.3141592653585963 0.1570796326802149 0
845 -0.3141592653582402 0.3141592653596654 0
846 -0.3141592653578835 0.4712388980390843 0
847 -0.3141592653575276 0.6283185307185341 0
848 -0.314159265357171 0.7853981633979508 0
849 -0.3141592653568148 0.9424777960773602 0
850 -0.3141592653564587 1.09955742875674 0
851 -0.3141592653561021 1.256637061436357 0
852 -0.314159265355746 1.413716694115762 0
853 -0.3141592653553897 1.570796326795151 0
854 -0.3141592653550335 1.727875959474543 0
855 -0.3141592653546774 1.884955592153946 0
856 -0.3141592653543208 2.042035224833487 0
857 -0.3141592653539644 2.199114857512945 0
858 -0.3141592653536083 2.356194490192306 0
859 -0.3141592653532517 2.513274122871763 0
860 -0.3141592653528957 2.670353755551238 0
861 -0.3141592653525391 2.827433388230812 0
862 -0.3141592653521831 2.984513020910327 0
863 -0.1570796326866778 -2.984513020910279 0
864 -0.1570796326862978 -2.827433388230723 0
865 -0.1570796326859176 -2.670353755551068 0
866 -0.1570796326855373 -2.513274122871546 0
867 -0.1570796326851575 -2.356194490192038 0
868 -0.1570796326847773 -2.199114857512616 0
869 -0.1570796326843969 -2.042035224833109 0
870 -0.1570796326840169 -1.884955592153482 0
871 -0.1570796326836368 -1.727875959474022 0
872 -0.1570796326832565 -1.570796326794572 0
873 -0.1570796326828765 -1.413716694115124 0
874 -0.1570796326824959 -1.256637061435663 0
875 -0.1570796326821159 -1.099557428755971 0
876 -0.1570796326817359 -0.9424777960765307 0
877 -0.1570796326813556 -0.7853981633970655 0
878 -0.1570796326809752 -0.6283185307175917 0
879 -0.1570796326805953 -0.4712388980380698 0
880 -0.157079632680215 -0.3141592653585962 0
881 -0.1570796326798349 -0.1570796326790745 0
882 -0.1570796326794547 3.949063298591682e-13 0
883 -0.1570796326790747 0.1570796326798348 0
884 -0.1570796326786943 0.3141592653593088 0
885 -0.1570796326783144 0.4712388980387461 0
886 -0.157079632677934 0.6283185307182201 0
887 -0.157079632677554 0.7853981633976559 0
888 -0.1570796326771738 0.9424777960770839 0
889 -0.1570796326767935 1.099557428756484 0
890 -0.1570796326764132 1.256637061436126 0
891 -0.1570796326760334 1.413716694115549 0
892 -0.1570796326756531 1.570796326794958 0
893 -0.1570796326752729 1.727875959474369 0
894 -0.1570796326748927 1.884955592153792 0
895 -0.1570796326745123 2.042035224833361 0
896 -0.1570796326741326 2.199114857512835 0
897 -0.1570796326737522 2.356194490192217 0
898 -0.1570796326733718 2.513274122871691 0
899 -0.1570796326729916 2.670353755551181 0
900 -0.1570796326726117 2.827433388230783 0
901 -0.1570796326722312 2.984513020910311 0
902 -7.50301903940096e-12 -2.984513020910295 0
903 -7.108133526223373e-12 -2.827433388230753 0
904 -6.713227196363856e-12 -2.670353755551125 0
905 -6.318362499868069e-12 -2.513274122871618 0
906 -5.923456170008899e-12 -2.356194490192128 0
907 -5.528799640330489e-12 -2.199114857512724 0
908 -5.133671265866397e-12 -2.042035224833235 0
909 -4.738820447158186e-12 -1.884955592153637 0
910 -4.344136161904064e-12 -1.727875959474195 0
911 -3.948563698230271e-12 -1.570796326794765 0
912 -3.553657368371255e-12 -1.413716694115337 0
913 -3.158751038512207e-12 -1.256637061435895 0
914 -2.764122264408749e-12 -1.099557428756228 0
915 -2.368993889944831e-12 -0.942477796076807 0
916 -1.974309604690695e-12 -0.7853981633973608 0
917 -1.579403274831615e-12 -0.6283185307179057 0
918 -1.184496944972426e-12 -0.4712388980384086 0
919 -7.897016374158072e-13 -0.3141592653589524 0
920 -3.947953075566168e-13 -0.1570796326794548 0
921 2.220446049266469e-16 1.110223024625157e-16 0
922 3.951283744640076e-13 0.1570796326794545 0
923 7.898126597182701e-13 0.3141592653589527 0
924 1.184941034182278e-12 0.471238898038408 0
925 1.579847364041467e-12 0.6283185307179057 0
926 1.974753693900548e-12 0.7853981633973605 0
927 2.370104112969456e-12 0.9424777960768074 0
928 2.764566353618598e-12 1.099557428756227 0
929 3.159694728083139e-12 1.256637061435895 0
930 3.554601057942188e-12 1.413716694115336 0
931 3.949507387801202e-12 1.570796326794765 0
932 4.343747583845445e-12 1.727875959474195 0
933 4.738875958309417e-12 1.884955592153637 0
934 5.133782288168858e-12 2.042035224833235 0
935 5.528688618028027e-12 2.199114857512725 0
936 5.923594947886975e-12 2.356194490192127 0
937 6.318723322351071e-12 2.513274122871618 0
938 6.713629652210281e-12 2.670353755551124 0
939 7.1085359820698e-12 2.827433388230752 0
940 7.503442311929098e-12 2.984513020910295 0
941 0.1570796326722312 -2.984513020910311 0
942 0.1570796326726116 -2.827433388230783 0
943 0.1570796326729917 -2.670353755551182 0
944 0.1570796326733719 -2.51327412287169 0
945 0.1570796326737523 -2.356194490192218 0
946 0.1570796326741322 -2.199114857512835 0
947 0.1570796326745124 -2.042035224833361 0
948 0.1570796326748927 -1.884955592153792 0
949 0.1570796326752726 -1.727875959474368 0
950 0.1570796326756527 -1.570796326794958 0
951 0.157079632676033 -1.413716694115549 0
952 0.1570796326764133 -1.256637061436126 0
953 0.1570796326767933 -1.099557428756484 0
954 0.1570796326771738 -0.9424777960770843 0
955 0.1570796326775536 -0.7853981633976561 0
956 0.1570796326779341 -0.6283185307182201 0
957 0.157079632678314 -0.4712388980387466 0
958 0.1570796326786942 -0.314159265359309 0
959 0.1570796326790745 -0.1570796326798349 0
960 0.1570796326794546 -3.946842852542432e-13 0
961 0.1570796326798349 0.1570796326790744 0
962 0.1570796326802149 0.3141592653585963 0
963 0.1570796326805951 0.47123889803807 0
964 0.1570796326809755 0.6283185307175915 0
965 0.1570796326813556 0.7853981633970654 0
966 0.1570796326817359 0.942477796076531 0
967 0.1570796326821158 1.099557428755971 0
968 0.1570796326824962 1.256637061435663 0
969 0.1570796326828762 1.413716694115124 0
970 0.1570796326832561 1.570796326794572 0
971 0.1570796326836364 1.727875959474022 0
972 0.1570796326840169 1.884955592153483 0
973 0.1570796326843968 2.042035224833109 0
974 0.157079632684777 2.199114857512615 0
975 0.1570796326851572 2.356194490192038 0
976 0.1570796326855374 2.513274122871546 0
977 0.1570796326859177 2.670353755551067 0
978 0.1570796326862979 2.827433388230723 0
979 0.1570796326866779 2.984513020910279 0
980 0.314159265352183 -2.984513020910327 0
981 0.3141592653525393 -2.827433388230813 0
982 0.3141592653528956 -2.670353755551238 0
983 0.3141592653532518 -2.513274122871763 0
984 0.3141592653536084 -2.356194490192306 0
985 0.3141592653539644 -2.199114857512945 0
986 0.314159265354321 -2.042035224833488 0
987 0.3141592653546772 -1.884955592153946 0
988 0.3141592653550335 -1.727875959474543 0
989 0.3141592653553899 -1.570796326795151 0
990 0.3141592653557463 -1.413716694115762 0
991 0.3141592653561021 -1.256637061436357 0
992 0.3141592653564587 -1.09955742875674 0
993 0.3141592653568149 -0.9424777960773603 0
994 0.3141592653571715 -0.7853981633979511 0
995 0.3141592653575277 -0.6283185307185345 0
996 0.3141592653578837 -0.4712388980390843 0
997 0.3141592653582402 -0.3141592653596654 0
998 0.3141592653585963 -0.1570796326802151 0
999 0.3141592653589528 -7.898126597183364e-13 0
1000 0.314159265359309 0.1570796326786942 0
1001 0.3141592653596653 0.3141592653582402 0
1002 0.3141592653600217 0.471238898037732 0
1003 0.314159265360378 0.6283185307172773 0
1004 0.3141592653607338 0.7853981633967703 0
1005 0.3141592653610903 0.9424777960762548 0
1006 0.314159265361447 1.099557428755714 0
1007 0.3141592653618029 1.256637061435431 0
1008 0.3141592653621594 1.413716694114911 0
1009 0.3141592653625158 1.570796326794379 0
1010 0.3141592653628719 1.727875959473848 0
1011 0.3141592653632281 1.884955592153328 0
1012 0.3141592653635845 2.042035224832983 0
1013 0.3141592653639405 2.199114857512505 0
1014 0.3141592653642971 2.35619449019195 0
1015 0.3141592653646532 2.513274122871473 0
1016 0.3141592653650096 2.670353755551011 0
1017 0.314159265365366 2.827433388230692 0
1018 0.3141592653657223 2.984513020910263 0
1019 0.4712388980319853 -2.984513020910343 0
1020 0.4712388980323232 -2.827433388230844 0
1021 0.4712388980326613 -2.670353755551295 0
1022 0.4712388980329995 -2.513274122871836 0
1023 0.4712388980333375 -2.356194490192395 0
1024 0.4712388980336754 -2.199114857513055 0
1025 0.4712388980340134 -2.042035224833614 0
1026 0.4712388980343517 -1.884955592154101 0
1027 0.4712388980346899 -1.727875959474716 0
1028 0.4712388980350277 -1.570796326795344 0
1029 0.4712388980353659 -1.413716694115974 0
1030 0.4712388980357037 -1.256637061436588 0
1031 0.4712388980360416 -1.099557428756997 0
1032 0.47123889803638 -0.9424777960776359 0
1033 0.4712388980367177 -0.7853981633982461 0
1034 0.4712388980370559 -0.6283185307188484 0
1035 0.4712388980373939 -0.4712388980394222 0
1036 0.4712388980377322 -0.3141592653600211 0
1037 0.4712388980380697 -0.1570796326805955 0
1038 0.471238898038408 -1.18449694497258e-12 0
1039 0.4712388980387459 0.157079632678314 0
1040 0.4712388980390841 0.3141592653578837 0
1041 0.4712388980394219 0.4712388980373939 0
1042 0.4712388980397604 0.6283185307169631 0
1043 0.4712388980400983 0.7853981633964755 0
1044 0.4712388980404364 0.942477796075978 0
1045 0.4712388980407742 1.099557428755458 0
1046 0.4712388980411125 1.2566370614352 0
1047 0.4712388980414505 1.413716694114698 0
1048 0.4712388980417885 1.570796326794186 0
1049 0.4712388980421269 1.727875959473675 0
1050 0.4712388980424647 1.884955592153174 0
1051 0.4712388980428024 2.042035224832856 0
1052 0.4712388980431405 2.199114857512395 0
1053 0.4712388980434785 2.356194490191861 0
1054 0.4712388980438165 2.513274122871401 0
1055 0.4712388980441549 2.670353755550954 0
1056 0.4712388980444924 2.827433388230662 0
1057 0.4712388980448307 2.984513020910247 0
1058 0.6283185307119364 -2.984513020910359 0
1059 0.6283185307122502 -2.827433388230872 0
1060 0.6283185307125648 -2.670353755551352 0
1061 0.6283185307128787 -2.513274122871908 0
1062 0.6283185307131933 -2.356194490192484 0
1063 0.6283185307135071 -2.199114857513164 0
1064 0.6283185307138212 -2.042035224833741 0
1065 0.6283185307141357 -1.884955592154256 0
1066 0.6283185307144499 -1.727875959474889 0
1067 0.6283185307147641 -1.570796326795538 0
1068 0.628318530715078 -1.413716694116187 0
1069 0.6283185307153922 -1.25663706143682 0
1070 0.6283185307157069 -1.099557428757253 0
1071 0.6283185307160208 -0.9424777960779127 0
1072 0.6283185307163351 -0.7853981633985411 0
1073 0.628318530716649 -0.6283185307191625 0
1074 0.6283185307169632 -0.4712388980397606 0
1075 0.6283185307172774 -0.3141592653603781 0
1076 0.6283185307175918 -0.1570796326809755 0
1077 0.6283185307179058 -1.57951429713421e-12 0
1078 0.6283185307182201 0.157079632677934 0
1079 0.6283185307185342 0.3141592653575274 0
1080 0.6283185307188484 0.471238898037056 0
1081 0.6283185307191622 0.6283185307166489 0
1082 0.628318530719477 0.7853981633961804 0
1083 0.6283185307197908 0.9424777960757017 0
1084 0.6283185307201052 1.099557428755201 0
1085 0.628318530720419 1.256637061434968 0
1086 0.6283185307207335 1.413716694114486 0
1087 0.6283185307210475 1.570796326793993 0
1088 0.6283185307213619 1.727875959473501 0
1089 0.6283185307216761 1.884955592153018 0
1090 0.6283185307219903 2.04203522483273 0
1091 0.6283185307223043 2.199114857512286 0
1092 0.6283185307226185 2.356194490191772 0
1093 0.6283185307229326 2.513274122871328 0
1094 0.6283185307232466 2.670353755550897 0
1095 0.6283185307235608 2.827433388230633 0
1096 0.6283185307238752 2.984513020910231 0
1097 0.7853981633917537 -2.984513020910375 0
1098 0.785398163392049 -2.827433388230902 0
1099 0.7853981633923438 -2.670353755551409 0
1100 0.7853981633926388 -2.51327412287198 0
1101 0.7853981633929343 -2.356194490192573 0
1102 0.7853981633932292 -2.199114857513273 0
1103 0.7853981633935248 -2.042035224833866 0
1104 0.7853981633938195 -1.884955592154411 0
1105 0.7853981633941143 -1.727875959475063 0
1106 0.7853981633944096 -1.570796326795731 0
1107 0.7853981633947048 -1.4137166941164 0
1108 0.785398163395 -1.256637061437052 0
1109 0.7853981633952953 -1.09955742875751 0
1110 0.7853981633955902 -0.9424777960781894 0
1111 0.785398163395885 -0.7853981633988362 0
1112 0.7853981633961803 -0.6283185307194769 0
1113 0.7853981633964754 -0.4712388980400989 0
1114 0.7853981633967703 -0.3141592653607338 0
1115 0.7853981633970655 -0.1570796326813557 0
1116 0.7853981633973606 -1.974309604690916e-12 0
1117 0.7853981633976558 0.1570796326775535 0
1118 0.7853981633979507 0.3141592653571709 0
1119 0.7853981633982463 0.4712388980367179 0
1120 0.7853981633985412 0.628318530716335 0
1121 0.7853981633988363 0.7853981633958853 0
1122 0.7853981633991314 0.9424777960754254 0
1123 0.7853981633994265 1.099557428754945 0
1124 0.7853981633997213 1.256637061434737 0
1125 0.7853981634000168 1.413716694114273 0
1126 0.7853981634003118 1.570796326793799 0
1127 0.7853981634006064 1.727875959473328 0
1128 0.7853981634009018 1.884955592152863 0
1129 0.7853981634011967 2.042035224832603 0
1130 0.7853981634014919 2.199114857512176 0
1131 0.7853981634017868 2.356194490191683 0
1132 0.7853981634020823 2.513274122871255 0
1133 0.7853981634023774 2.67035375555084 0
1134 0.7853981634026723 2.827433388230603 0
1135 0.7853981634029674 2.984513020910215 0
1136 0.9424777960715558 -2.984513020910393 0
1137 0.9424777960718322 -2.827433388230932 0
1138 0.9424777960721086 -2.670353755551466 0
1139 0.9424777960723846 -2.513274122872052 0
1140 0.9424777960726611 -2.356194490192661 0
1141 0.9424777960729378 -2.199114857513383 0
1142 0.9424777960732138 -2.042035224833993 0
1143 0.9424777960734906 -1.884955592154565 0
1144 0.9424777960737669 -1.727875959475236 0
1145 0.9424777960740436 -1.570796326795924 0
1146 0.9424777960743198 -1.413716694116612 0
1147 0.9424777960745961 -1.256637061437284 0
1148 0.9424777960748725 -1.099557428757766 0
1149 0.9424777960751488 -0.9424777960784655 0
1150 0.9424777960754254 -0.7853981633991314 0
1151 0.9424777960757016 -0.6283185307197909 0
1152 0.9424777960759781 -0.4712388980404365 0
1153 0.9424777960762543 -0.3141592653610903 0
1154 0.942477796076531 -0.1570796326817359 0
1155 0.9424777960768072 -2.368771845340234e-12 0
1156 0.9424777960770836 0.1570796326771737 0
1157 0.9424777960773603 0.3141592653568148 0
1158 0.9424777960776363 0.4712388980363799 0
1159 0.9424777960779129 0.6283185307160208 0
1160 0.9424777960781895 0.7853981633955903 0
1161 0.9424777960784657 0.9424777960751488 0
1162 0.9424777960787423 1.099557428754689 0
1163 0.9424777960790185 1.256637061434505 0
1164 0.9424777960792949 1.41371669411406 0
1165 0.9424777960795715 1.570796326793606 0
1166 0.9424777960798479 1.727875959473154 0
1167 0.9424777960801238 1.884955592152709 0
1168 0.9424777960804007 2.042035224832476 0
1169 0.9424777960806768 2.199114857512066 0
1170 0.9424777960809535 2.356194490191594 0
1171 0.9424777960812299 2.513274122871183 0
1172 0.9424777960815065 2.670353755550783 0
1173 0.9424777960817825 2.827433388230573 0
1174 0.9424777960820589 2.984513020910198 0
1175 1.099557428751355 -2.984513020910408 0
1176 1.099557428751611 -2.827433388230963 0
1177 1.099557428751868 -2.670353755551523 0
1178 1.099557428752124 -2.513274122872125 0
1179 1.09955742875238 -2.35619449019275 0
1180 1.099557428752637 -2.199114857513494 0
1181 1.099557428752893 -2.04203522483412 0
1182 1.09955742875315 -1.884955592154721 0
1183 1.099557428753406 -1.72787595947541 0
1184 1.099557428753663 -1.570796326796116 0
1185 1.099557428753919 -1.413716694116825 0
1186 1.099557428754176 -1.256637061437515 0
1187 1.099557428754432 -1.099557428758023 0
1188 1.099557428754689 -0.9424777960787423 0
1189 1.099557428754945 -0.7853981633994265 0
1190 1.099557428755201 -0.6283185307201055 0
1191 1.099557428755458 -0.4712388980407748 0
1192 1.099557428755714 -0.3141592653614471 0
1193 1.099557428755971 -0.157079632682116 0
1194 1.099557428756227 -2.764122264409252e-12 0
1195 1.099557428756484 0.1570796326767933 0
1196 1.09955742875674 0.3141592653564588 0
1197 1.099557428756996 0.4712388980360418 0
1198 1.099557428757253 0.6283185307157064 0
1199 1.099557428757509 0.7853981633952951 0
1200 1.099557428757766 0.9424777960748729 0
1201 1.099557428758022 1.099557428754432 0
1202 1.099557428758279 1.256637061434274 0
1203 1.099557428758535 1.413716694113848 0
1204 1.099557428758791 1.570796326793413 0
1205 1.099557428759048 1.72787595947298 0
1206 1.099557428759304 1.884955592152554 0
1207 1.099557428759561 2.042035224832351 0
1208 1.099557428759817 2.199114857511956 0
1209 1.099557428760074 2.356194490191505 0
1210 1.09955742876033 2.513274122871111 0
1211 1.099557428760587 2.670353755550726 0
1212 1.099557428760843 2.827433388230543 0
1213 1.099557428761099 2.984513020910182 0
1214 1.256637061431496 -2.984513020910424 0
1215 1.256637061431727 -2.827433388230992 0
1216 1.256637061431958 -2.670353755551579 0
1217 1.25663706143219 -2.513274122872198 0
1218 1.256637061432422 -2.356194490192839 0
1219 1.256637061432653 -2.199114857513604 0
1220 1.256637061432885 -2.042035224834245 0
1221 1.256637061433116 -1.884955592154875 0
1222 1.256637061433348 -1.727875959475583 0
1223 1.256637061433579 -1.57079632679631 0
1224 1.256637061433811 -1.413716694117038 0
1225 1.256637061434043 -1.256637061437747 0
1226 1.256637061434274 -1.099557428758279 0
1227 1.256637061434505 -0.9424777960790186 0
1228 1.256637061434737 -0.7853981633997216 0
1229 1.256637061434969 -0.6283185307204195 0
1230 1.2566370614352 -0.4712388980411124 0
1231 1.256637061435431 -0.3141592653618028 0
1232 1.256637061435663 -0.157079632682496 0
1233 1.256637061435895 -3.158751038512264e-12 0
1234 1.256637061436126 0.1570796326764134 0
1235 1.256637061436357 0.3141592653561022 0
1236 1.256637061436589 0.4712388980357037 0
1237 1.256637061436821 0.6283185307153922 0
1238 1.256637061437052 0.7853981633949997 0
1239 1.256637061437284 0.9424777960745959 0
1240 1.256637061437515 1.099557428754176 0
1241 1.256637061437746 1.256637061434043 0
1242 1.256637061437978 1.413716694113635 0
1243 1.25663706143821 1.57079632679322 0
1244 1.256637061438441 1.727875959472807 0
1245 1.256637061438672 1.8849555921524 0
1246 1.256637061438904 2.042035224832224 0
1247 1.256637061439136 2.199114857511846 0
1248 1.256637061439367 2.356194490191416 0
1249 1.256637061439599 2.513274122871039 0
1250 1.25663706143983 2.67035375555067 0
1251 1.256637061440061 2.827433388230512 0
1252 1.256637061440293 2.984513020910167 0
1253 1.413716694111296 -2.984513020910441 0
1254 1.413716694111509 -2.827433388231023 0
1255 1.413716694111722 -2.670353755551636 0
1256 1.413716694111935 -2.51327412287227 0
1257 1.413716694112147 -2.356194490192928 0
1258 1.41371669411236 -2.199114857513713 0
1259 1.413716694112573 -2.042035224834372 0
1260 1.413716694112785 -1.884955592155029 0
1261 1.413716694112997 -1.727875959475757 0
1262 1.41371669411321 -1.570796326796503 0
1263 1.413716694113423 -1.413716694117251 0
1264 1.413716694113635 -1.256637061437978 0
1265 1.413716694113848 -1.099557428758535 0
1266 1.413716694114061 -0.9424777960792944 0
1267 1.413716694114273 -0.7853981634000169 0
1268 1.413716694114486 -0.6283185307207337 0
1269 1.413716694114699 -0.4712388980414505 0
1270 1.413716694114911 -0.3141592653621593 0
1271 1.413716694115124 -0.1570796326828764 0
1272 1.413716694115336 -3.553601857220201e-12 0
1273 1.413716694115549 0.1570796326760331 0
1274 1.413716694115762 0.3141592653557463 0
1275 1.413716694115974 0.4712388980353657 0
1276 1.413716694116187 0.6283185307150781 0
1277 1.4137166941164 0.7853981633947049 0
1278 1.413716694116612 0.9424777960743198 0
1279 1.413716694116824 1.099557428753919 0
1280 1.413716694117037 1.256637061433811 0
1281 1.41371669411725 1.413716694113423 0
1282 1.413716694117463 1.570796326793027 0
1283 1.413716694117675 1.727875959472633 0
1284 1.413716694117888 1.884955592152245 0
1285 1.413716694118101 2.042035224832098 0
1286 1.413716694118313 2.199114857511737 0
1287 1.413716694118526 2.356194490191327 0
1288 1.413716694118738 2.513274122870966 0
1289 1.413716694118951 2.670353755550613 0
1290 1.413716694119163 2.827433388230483 0
1291 1.413716694119376 2.98451302091015 0
1292 1.570796326791096 -2.984513020910457 0
1293 1.570796326791289 -2.827433388231053 0
1294 1.570796326791483 -2.670353755551694 0
1295 1.570796326791675 -2.513274122872342 0
1296 1.570796326791869 -2.356194490193018 0
1297 1.570796326792061 -2.199114857513823 0
1298 1.570796326792255 -2.042035224834498 0
1299 1.570796326792448 -1.884955592155184 0
1300 1.570796326792641 -1.727875959475931 0
1301 1.570796326792834 -1.570796326796696 0
1302 1.570796326793027 -1.413716694117463 0
1303 1.57079632679322 -1.25663706143821 0
1304 1.570796326793413 -1.099557428758791 0
1305 1.570796326793606 -0.9424777960795714 0
1306 1.5707963267938 -0.7853981634003117 0
1307 1.570796326793992 -0.6283185307210477 0
1308 1.570796326794186 -0.471238898041789 0
1309 1.570796326794379 -0.3141592653625158 0
1310 1.570796326794572 -0.1570796326832563 0
1311 1.570796326794765 -3.948619209381832e-12 0
1312 1.570796326794958 0.1570796326756526 0
1313 1.570796326795151 0.31415926535539 0
1314 1.570796326795344 0.4712388980350277 0
1315 1.570796326795538 0.6283185307147641 0
1316 1.57079632679573 0.7853981633944098 0
1317 1.570796326795924 0.9424777960740433 0
1318 1.570796326796116 1.099557428753662 0
1319 1.57079632679631 1.256637061433579 0
1320 1.570796326796503 1.41371669411321 0
1321 1.570796326796696 1.570796326792834 0
1322 1.570796326796889 1.72787595947246 0
1323 1.570796326797082 1.88495559215209 0
1324 1.570796326797276 2.042035224831972 0
1325 1.570796326797468 2.199114857511627 0
1326 1.570796326797661 2.356194490191238 0
1327 1.570796326797855 2.513274122870893 0
1328 1.570796326798047 2.670353755550556 0
1329 1.57079632679824 2.827433388230454 0
1330 1.570796326798434 2.984513020910134 0
1331 1.727875959470898 -2.984513020910473 0
1332 1.727875959471071 -2.827433388231082 0
1333 1.727875959471245 -2.67035375555175 0
1334 1.727875959471419 -2.513274122872415 0
1335 1.727875959471592 -2.356194490193106 0
1336 1.727875959471766 -2.199114857513933 0
1337 1.727875959471939 -2.042035224834624 0
1338 1.727875959472113 -1.884955592155338 0
1339 1.727875959472287 -1.727875959476104 0
1340 1.72787595947246 -1.570796326796889 0
1341 1.727875959472633 -1.413716694117675 0
1342 1.727875959472807 -1.256637061438441 0
1343 1.72787595947298 -1.099557428759048 0
1344 1.727875959473153 -0.9424777960798481 0
1345 1.727875959473328 -0.7853981634006066 0
1346 1.727875959473501 -0.6283185307213622 0
1347 1.727875959473675 -0.4712388980421267 0
1348 1.727875959473848 -0.314159265362872 0
1349 1.727875959474022 -0.1570796326836368 0
1350 1.727875959474195 -4.34396962845085e-12 0
1351 1.727875959474368 0.1570796326752725 0
1352 1.727875959474542 0.3141592653550333 0
1353 1.727875959474716 0.4712388980346898 0
1354 1.727875959474889 0.6283185307144495 0
1355 1.727875959475063 0.7853981633941143 0
1356 1.727875959475236 0.9424777960737669 0
1357 1.72787595947541 1.099557428753406 0
1358 1.727875959475583 1.256637061433348 0
1359 1.727875959475756 1.413716694112997 0
1360 1.72787595947593 1.570796326792641 0
1361 1.727875959476104 1.727875959472286 0
1362 1.727875959476278 1.884955592151936 0
1363 1.727875959476451 2.042035224831846 0
1364 1.727875959476624 2.199114857511517 0
1365 1.727875959476799 2.356194490191148 0
1366 1.727875959476972 2.513274122870821 0
1367 1.727875959477145 2.670353755550499 0
1368 1.727875959477319 2.827433388230423 0
1369 1.727875959477492 2.984513020910118 0
1370 1.884955592150698 -2.984513020910489 0
1371 1.884955592150853 -2.827433388231112 0
1372 1.884955592151007 -2.670353755551807 0
1373 1.884955592151162 -2.513274122872487 0
1374 1.884955592151317 -2.356194490193195 0
1375 1.884955592151472 -2.199114857514043 0
1376 1.884955592151626 -2.042035224834751 0
1377 1.884955592151781 -1.884955592155493 0
1378 1.884955592151936 -1.727875959476278 0
1379 1.884955592152091 -1.570796326797082 0
1380 1.884955592152245 -1.413716694117888 0
1381 1.884955592152399 -1.256637061438672 0
1382 1.884955592152555 -1.099557428759305 0
1383 1.884955592152709 -0.9424777960801238 0
1384 1.884955592152864 -0.785398163400902 0
1385 1.884955592153018 -0.6283185307216762 0
1386 1.884955592153173 -0.4712388980424647 0
1387 1.884955592153328 -0.3141592653632282 0
1388 1.884955592153483 -0.1570796326840169 0
1389 1.884955592153638 -4.738764936007556e-12 0
1390 1.884955592153792 0.1570796326748926 0
1391 1.884955592153947 0.3141592653546772 0
1392 1.884955592154102 0.4712388980343517 0
1393 1.884955592154256 0.6283185307141359 0
1394 1.88495559215441 0.7853981633938196 0
1395 1.884955592154565 0.9424777960734906 0
1396 1.88495559215472 1.09955742875315 0
1397 1.884955592154874 1.256637061433116 0
1398 1.884955592155029 1.413716694112785 0
1399 1.884955592155184 1.570796326792448 0
1400 1.884955592155339 1.727875959472112 0
1401 1.884955592155493 1.884955592151781 0
1402 1.884955592155648 2.04203522483172 0
1403 1.884955592155802 2.199114857511407 0
1404 1.884955592155957 2.35619449019106 0
1405 1.884955592156112 2.513274122870749 0
1406 1.884955592156266 2.670353755550442 0
1407 1.884955592156421 2.827433388230394 0
1408 1.884955592156576 2.984513020910102 0
1409 2.042035224830836 -2.984513020910505 0
1410 2.042035224830962 -2.827433388231142 0
1411 2.042035224831089 -2.670353755551864 0
1412 2.042035224831214 -2.51327412287256 0
1413 2.04203522483134 -2.356194490193284 0
1414 2.042035224831467 -2.199114857514152 0
1415 2.042035224831593 -2.042035224834876 0
1416 2.042035224831719 -1.884955592155647 0
1417 2.042035224831846 -1.727875959476451 0
1418 2.042035224831972 -1.570796326797276 0
1419 2.042035224832099 -1.413716694118101 0
1420 2.042035224832224 -1.256637061438904 0
1421 2.042035224832352 -1.099557428759561 0
1422 2.042035224832477 -0.9424777960804006 0
1423 2.042035224832603 -0.7853981634011971 0
1424 2.04203522483273 -0.6283185307219905 0
1425 2.042035224832856 -0.4712388980428027 0
1426 2.042035224832982 -0.3141592653635844 0
1427 2.042035224833108 -0.157079632684397 0
1428 2.042035224833235 -5.133560243564261e-12 0
1429 2.042035224833361 0.1570796326745123 0
1430 2.042035224833487 0.3141592653543208 0
1431 2.042035224833614 0.4712388980340134 0
1432 2.04203522483374 0.6283185307138213 0
1433 2.042035224833866 0.7853981633935243 0
1434 2.042035224833993 0.942477796073214 0
1435 2.042035224834119 1.099557428752894 0
1436 2.042035224834246 1.256637061432885 0
1437 2.042035224834372 1.413716694112573 0
1438 2.042035224834498 1.570796326792255 0
1439 2.042035224834624 1.727875959471939 0
1440 2.04203522483475 1.884955592151626 0
1441 2.042035224834878 2.042035224831594 0
1442 2.042035224835004 2.199114857511297 0
1443 2.04203522483513 2.356194490190971 0
1444 2.042035224835256 2.513274122870677 0
1445 2.042035224835382 2.670353755550385 0
1446 2.042035224835509 2.827433388230363 0
1447 2.042035224835635 2.984513020910085 0
1448 2.199114857510639 -2.984513020910521 0
1449 2.199114857510749 -2.827433388231172 0
1450 2.199114857510859 -2.670353755551921 0
1451 2.199114857510968 -2.513274122872632 0
1452 2.199114857511077 -2.356194490193373 0
1453 2.199114857511187 -2.199114857514262 0
1454 2.199114857511297 -2.042035224835003 0
1455 2.199114857511407 -1.884955592155803 0
1456 2.199114857511517 -1.727875959476624 0
1457 2.199114857511626 -1.570796326797468 0
1458 2.199114857511737 -1.413716694118314 0
1459 2.199114857511846 -1.256637061439136 0
1460 2.199114857511957 -1.099557428759817 0
1461 2.199114857512066 -0.9424777960806765 0
1462 2.199114857512176 -0.785398163401492 0
1463 2.199114857512286 -0.6283185307223043 0
1464 2.199114857512395 -0.4712388980431407 0
1465 2.199114857512505 -0.3141592653639406 0
1466 2.199114857512614 -0.1570796326847773 0
1467 2.199114857512725 -5.528744129179586e-12 0
1468 2.199114857512835 0.1570796326741323 0
1469 2.199114857512945 0.3141592653539645 0
1470 2.199114857513054 0.4712388980336752 0
1471 2.199114857513164 0.6283185307135073 0
1472 2.199114857513274 0.7853981633932292 0
1473 2.199114857513384 0.9424777960729378 0
1474 2.199114857513494 1.099557428752637 0
1475 2.199114857513603 1.256637061432653 0
1476 2.199114857513712 1.41371669411236 0
1477 2.199114857513822 1.570796326792062 0
1478 2.199114857513933 1.727875959471765 0
1479 2.199114857514043 1.884955592151472 0
1480 2.199114857514152 2.042035224831467 0
1481 2.199114857514261 2.199114857511188 0
1482 2.199114857514372 2.356194490190882 0
1483 2.199114857514481 2.513274122870603 0
1484 2.199114857514592 2.670353755550329 0
1485 2.199114857514702 2.827433388230333 0
1486 2.199114857514811 2.984513020910069 0
1487 2.356194490190436 -2.984513020910536 0
1488 2.356194490190526 -2.827433388231202 0
1489 2.356194490190615 -2.670353755551977 0
1490 2.356194490190704 -2.513274122872704 0
1491 2.356194490190794 -2.356194490193463 0
1492 2.356194490190883 -2.199114857514372 0
1493 2.356194490190971 -2.042035224835129 0
1494 2.356194490191061 -1.884955592155957 0
1495 2.356194490191148 -1.727875959476799 0
1496 2.356194490191238 -1.570796326797661 0
1497 2.356194490191326 -1.413716694118526 0
1498 2.356194490191415 -1.256637061439367 0
1499 2.356194490191505 -1.099557428760074 0
1500 2.356194490191594 -0.9424777960809536 0
1501 2.356194490191683 -0.7853981634017871 0
1502 2.356194490191772 -0.6283185307226185 0
1503 2.356194490191861 -0.471238898043479 0
1504 2.35619449019195 -0.3141592653642969 0
1505 2.356194490192038 -0.1570796326851573 0
1506 2.356194490192127 -5.923539436736291e-12 0
1507 2.356194490192217 0.1570796326737522 0
1508 2.356194490192306 0.3141592653536081 0
1509 2.356194490192395 0.4712388980333373 0
1510 2.356194490192483 0.6283185307131932 0
1511 2.356194490192573 0.7853981633929339 0
1512 2.356194490192662 0.9424777960726614 0
1513 2.356194490192751 1.099557428752381 0
1514 2.35619449019284 1.256637061432422 0
1515 2.356194490192928 1.413716694112147 0
1516 2.356194490193017 1.570796326791869 0
1517 2.356194490193106 1.727875959471592 0
1518 2.356194490193195 1.884955592151317 0
1519 2.356194490193284 2.04203522483134 0
1520 2.356194490193374 2.199114857511078 0
1521 2.356194490193462 2.356194490190793 0
1522 2.356194490193551 2.513274122870532 0
1523 2.356194490193641 2.670353755550272 0
1524 2.35619449019373 2.827433388230304 0
1525 2.356194490193818 2.984513020910053 0
1526 2.513274122870242 -2.984513020910552 0
1527 2.513274122870314 -2.827433388231233 0
1528 2.513274122870386 -2.670353755552035 0
1529 2.513274122870459 -2.513274122872777 0
1530 2.513274122870532 -2.356194490193551 0
1531 2.513274122870603 -2.199114857514481 0
1532 2.513274122870676 -2.042035224835256 0
1533 2.513274122870749 -1.884955592156112 0
1534 2.513274122870821 -1.727875959476972 0
1535 2.513274122870894 -1.570796326797855 0
1536 2.513274122870966 -1.413716694118738 0
1537 2.513274122871038 -1.256637061439599 0
1538 2.513274122871111 -1.09955742876033 0
1539 2.513274122871183 -0.9424777960812303 0
1540 2.513274122871256 -0.7853981634020826 0
1541 2.513274122871328 -0.6283185307229328 0
1542 2.513274122871401 -0.471238898043817 0
1543 2.513274122871474 -0.3141592653646531 0
1544 2.513274122871545 -0.1570796326855376 0
1545 2.513274122871618 -6.318334744292997e-12 0
1546 2.513274122871691 0.1570796326733719 0
1547 2.513274122871763 0.3141592653532517 0
1548 2.513274122871835 0.4712388980329991 0
1549 2.513274122871909 0.6283185307128789 0
1550 2.51327412287198 0.785398163392639 0
1551 2.513274122872053 0.9424777960723851 0
1552 2.513274122872125 1.099557428752124 0
1553 2.513274122872198 1.25663706143219 0
1554 2.51327412287227 1.413716694111935 0
1555 2.513274122872343 1.570796326791675 0
1556 2.513274122872416 1.727875959471418 0
1557 2.513274122872488 1.884955592151162 0
1558 2.51327412287256 2.042035224831215 0
1559 2.513274122872632 2.199114857510968 0
1560 2.513274122872705 2.356194490190704 0
1561 2.513274122872778 2.51327412287046 0
1562 2.513274122872849 2.670353755550215 0
1563 2.513274122872922 2.827433388230274 0
1564 2.513274122872994 2.984513020910037 0
1565 2.670353755550044 -2.984513020910568 0
1566 2.670353755550101 -2.827433388231262 0
1567 2.670353755550158 -2.670353755552092 0
1568 2.670353755550215 -2.51327412287285 0
1569 2.670353755550273 -2.35619449019364 0
1570 2.670353755550329 -2.199114857514592 0
1571 2.670353755550385 -2.042035224835383 0
1572 2.670353755550442 -1.884955592156266 0
1573 2.670353755550499 -1.727875959477145 0
1574 2.670353755550556 -1.570796326798048 0
1575 2.670353755550613 -1.413716694118951 0
1576 2.67035375555067 -1.25663706143983 0
1577 2.670353755550727 -1.099557428760587 0
1578 2.670353755550783 -0.9424777960815063 0
1579 2.670353755550841 -0.7853981634023776 0
1580 2.670353755550897 -0.6283185307232474 0
1581 2.670353755550955 -0.4712388980441553 0
1582 2.670353755551011 -0.31415926536501 0
1583 2.670353755551067 -0.1570796326859177 0
1584 2.670353755551125 -6.713116174061895e-12 0
1585 2.670353755551181 0.1570796326729919 0
1586 2.670353755551238 0.3141592653528958 0
1587 2.670353755551295 0.4712388980326615 0
1588 2.670353755551352 0.6283185307125645 0
1589 2.670353755551409 0.7853981633923441 0
1590 2.670353755551466 0.942477796072109 0
1591 2.670353755551523 1.099557428751868 0
1592 2.670353755551579 1.256637061431959 0
1593 2.670353755551636 1.413716694111722 0
1594 2.670353755551693 1.570796326791483 0
1595 2.67035375555175 1.727875959471245 0
1596 2.670353755551806 1.884955592151007 0
1597 2.670353755551863 2.042035224831087 0
1598 2.670353755551921 2.199114857510859 0
1599 2.670353755551977 2.356194490190616 0
1600 2.670353755552034 2.513274122870387 0
1601 2.670353755552091 2.670353755550158 0
1602 2.670353755552147 2.827433388230243 0
1603 2.670353755552204 2.984513020910021 0
1604 2.827433388230184 -2.984513020910584 0
1605 2.827433388230213 -2.827433388231292 0
1606 2.827433388230243 -2.670353755552148 0
1607 2.827433388230273 -2.513274122872922 0
1608 2.827433388230303 -2.356194490193729 0
1609 2.827433388230334 -2.199114857514702 0
1610 2.827433388230363 -2.042035224835509 0
1611 2.827433388230394 -1.884955592156421 0
1612 2.827433388230423 -1.727875959477319 0
1613 2.827433388230454 -1.57079632679824 0
1614 2.827433388230483 -1.413716694119164 0
1615 2.827433388230513 -1.256637061440061 0
1616 2.827433388230543 -1.099557428760843 0
1617 2.827433388230574 -0.9424777960817825 0
1618 2.827433388230603 -0.7853981634026728 0
1619 2.827433388230633 -0.6283185307235611 0
1620 2.827433388230663 -0.471238898044493 0
1621 2.827433388230692 -0.3141592653653656 0
1622 2.827433388230723 -0.157079632686298 0
1623 2.827433388230752 -7.108036381708871e-12 0
1624 2.827433388230782 0.1570796326726115 0
1625 2.827433388230812 0.3141592653525394 0
1626 2.827433388230843 0.4712388980323231 0
1627 2.827433388230872 0.6283185307122503 0
1628 2.827433388230902 0.7853981633920489 0
1629 2.827433388230932 0.9424777960718322 0
1630 2.827433388230962 1.099557428751611 0
1631 2.827433388230991 1.256637061431727 0
1632 2.827433388231022 1.413716694111509 0
1633 2.827433388231052 1.570796326791289 0
1634 2.827433388231082 1.727875959471071 0
1635 2.827433388231112 1.884955592150853 0
1636 2.827433388231142 2.042035224830962 0
1637 2.827433388231172 2.199114857510748 0
1638 2.827433388231201 2.356194490190527 0
1639 2.827433388231232 2.513274122870314 0
1640 2.827433388231262 2.670353755550101 0
1641 2.827433388231292 2.827433388230214 0
1642 2.827433388231321 2.984513020910005 0
1643 2.984513020909988 -2.9845130209106 0
1644 2.984513020910005 -2.827433388231321 0
1645 2.984513020910021 -2.670353755552205 0
1646 2.984513020910037 -2.513274122872994 0
1647 2.984513020910054 -2.356194490193817 0
1648 2.98451302091007 -2.199114857514812 0
1649 2.984513020910086 -2.042035224835635 0
1650 2.984513020910102 -1.884955592156577 0
1651 2.984513020910119 -1.727875959477492 0
1652 2.984513020910134 -1.570796326798434 0
1653 2.98451302091015 -1.413716694119377 0
1654 2.984513020910167 -1.256637061440293 0
1655 2.984513020910182 -1.0995574287611 0
1656 2.984513020910198 -0.9424777960820588 0
1657 2.984513020910214 -0.7853981634029674 0
1658 2.984513020910231 -0.6283185307238752 0
1659 2.984513020910247 -0.4712388980448307 0
1660 2.984513020910263 -0.3141592653657221 0
1661 2.984513020910279 -0.157079632686678 0
1662 2.984513020910295 -7.502977406037559e-12 0
1663 2.984513020910311 0.1570796326722311 0
1664 2.984513020910327 0.3141592653521832 0
1665 2.984513020910343 0.4712388980319853 0
1666 2.984513020910359 0.6283185307119364 0
1667 2.984513020910375 0.7853981633917537 0
1668 2.984513020910392 0.9424777960715557 0
1669 2.984513020910407 1.099557428751355 0
1670 2.984513020910422 1.256637061431496 0
1671 2.98451302091044 1.413716694111297 0
1672 2.984513020910456 1.570796326791096 0
1673 2.984513020910472 1.727875959470898 0
1674 2.984513020910488 1.884955592150698 0
1675 2.984513020910505 2.042035224830836 0
1676 2.984513020910521 2.199114857510639 0
1677 2.984513020910537 2.356194490190437 0
1678 2.984513020910552 2.513274122870241 0
1679 2.984513020910568 2.670353755550044 0
1680 2.984513020910585 2.827433388230184 0
1681 2.9845130209106 2.984513020909989 0
$EndNodes
$Elements
3360
1 1 2 1 1 1 5
2 1 2 1 1 5 6
3 1 2 1 1 6 7
4 1 2 1 1 7 8
5 1 2 1 1 8 9
6 1 2 1 1 9 10
7 1 2 1 1 10 11
8 1 2 1 1 11 12
9 1 2 1 1 12 13
10 1 2 1 1 13 14
11 1 2 1 1 14 15
12 1 2 1 1 15 16
13 1 2 1 1 16 17
14 1 2 1 1 17 18
15 1 2 1 1 18 19
16 1 2 1 1 19 20
17 1 2 1 1 20 21
18 1 2 1 1 21 22
19 1 2 1 1 22 23
20 1 2 1 1 23 24
21 1 2 1 1 24 25
22 1 2 1 1 25 26
23 1 2 1 1 26 27
24 1 2 1 1 27 28
25 1 2 1 1 28 29
26 1 2 1 1 29 30
27 1 2 1 1 30 31
28 1 2 1 1 31 32
29 1 2 1 1 32 33
30 1 2 1 1 33 34
31 1 2 1 1 34 35
32 1 2 1 1 35 36
33 1 2 1 1 36 37
34 1 2 1 1 37 38
35 1 2 1 1 38 39
36 1 2 1 1 39 40
37 1 2 1 1 40 41
38 1 2 1 1 41 42
39 1 2 1 1 42 43
40 1 2 1 1 43 2
41 1 2 1 2 2 44
42 1 2 1 2 44 45
43 1 2 1 2 45 46
44 1 2 1 2 46 47
45 1 2 1 2 47 48
46 1 2 1 2 48 49
47 1 2 1 2 49 50
48 1 2 1 2 50 51
49 1 2 1 2 51 52
50 1 2 1 2 52 53
51 1 2 1 2 53 54
52 1 2 1 2 54 55
53 1 2 1 2 55 56
54 1 2 1 2 56 57
55 1 2 1 2 57 58
56 1 2 1 2 58 59
57 1 2 1 2 59 60
58 1 2 1 2 60 61
59 1 2 1 2 61 62
60 1 2 1 2 62 63
61 1 2 1 2 63 64
62 1 2 1 2 64 65
63 1 2 1 2 65 66
64 1 2 1 2 66 67
65 1 2 1 2 67 68
66 1 2 1 2 68 69
67 1 2 1 2 69 70
68 1 2 1 2 70 71
69 1 2 1 2 71 72
70 1 2 1 2 72 73
71 1 2 1 2 73 74
72 1 2 1 2 74 75
73 1 2 1 2 75 76
74 1 2 1 2 76 77
75 1 2 1 2 77 78
76 1 2 1 2 78 79
77 1 2 1 2 79 80
78 1 2 1 2 80 81
79 1 2 1 2 81 82
80 1 2 1 2 82 3
81 1 2 1 3 3 83
82 1 2 1 3 83 84
83 1 2 1 3 84 85
84 1 2 1 3 85 86
85 1 2 1 3 86 87
86 1 2 1 3 87 88
87 1 2 1 3 88 89
88 1 2 1 3 89 90
89 1 2 1 3 90 91
90 1 2 1 3 91 92
91 1 2 1 3 92 93
92 1 2 1 3 93 94
93 1 2 1 3 94 95
94 1 2 1 3 95 96
95 1 2 1 3 96 97
96 1 2 1 3 97 98
97 1 2 1 3 98 99
98 1 2 1 3 99 100
99 1 2 1 3 100 101
100 1 2 1 3 101 102
101 1 2 1 3 102 103
102 1 2 1 3 103 104
103 1 2 1 3 104 105
104 1 2 1 3 105 106
105 1 2 1 3 106 107
106 1 2 1 3 107 108
107 1 2 1 3 108 109
108 1 2 1 3 109 110
109 1 2 1 3 110 111
110 1 2 1 3 111 112
111 1 2 1 3 112 113
112 1 2 1 3 113 114
113 1 2 1 3 114 115
114 1 2 1 3 115 116
115 1 2 1 3 116 117
116 1 2 1 3 117 118
117 1 2 1 3 118 119
118 1 2 1 3 119 120
119 1 2 1 3 120 121
120 1 2 1 3 121 4
121 1 2 1 4 4 122
122 1 2 1 4 122 123
123 1 2 1 4 123 124
124 1 2 1 4 124 125
125 1 2 1 4 125 126
126 1 2 1 4 126 127
127 1 2 1 4 127 128
128 1 2 1 4 128 129
129 1 2 1 4 129 130
130 1 2 1 4 130 131
131 1 2 1 4 131 132
132 1 2 1 4 132 133
133 1 2 1 4 133 134
134 1 2 1 4 134 135
135 1 2 1 4 135 136
136 1 2 1 4 136 137
137 1 2 1 4 137 138
138 1 2 1 4 138 139
139 1 2 1 4 139 140
140 1 2 1 4 140 141
141 1 2 1 4 141 142
142 1 2 1 4 142 143
143 1 2 1 4 143 144
144 1 2 1 4 144 145
145 1 2 1 4 145 146
146 1 2 1 4 146 147
147 1 2 1 4 147 148
148 1 2 1 4 148 149
149 1 2 1 4 149 150
150 1 2 1 4 150 151
151 1 2 1 4 151 152
152 1 2 1 4 152 153
153 1 2 1 4 153 154
154 1 2 1 4 154 155
155 1 2 1 4 155 156
156 1 2 1 4 156 157
157 1 2 1 4 157 158
158 1 2 1 4 158 159
159 1 2 1 4 159 160
160 1 2 1 4 160 1
161 2 2 2 1 1 5 160
162 2 2 2 1 160 5 161
163 2 2 2 1 160 161 159
164 2 2 2 1 159 161 162
165 2 2 2 1 159 162 158
166 2 2 2 1 158 162 163
167 2 2 2 1 158 163 157
168 2 2 2 1 157 163 164
169 2 2 2 1 157 164 156
170 2 2 2 1 156 164 165
171 2 2 2 1 156 165 155
172 2 2 2 1 155 165 166
173 2 2 2 1 155 166 154
174 2 2 2 1 154 166 167
175 2 2 2 1 154 167 153
176 2 2 2 1 153 167 168
177 2 2 2 1 153 168 152
178 2 2 2 1 152 168 169
179 2 2 2 1 152 169 151
180 2 2 2 1 151 169 170
181 2 2 2 1 151 170 150
182 2 2 2 1 150 170 171
183 2 2 2 1 150 171 149
184 2 2 2 1 149 171 172
185 2 2 2 1 149 172 148
186 2 2 2 1 148 172 173
187 2 2 2 1 148 173 147
188 2 2 2 1 147 173 174
189 2 2 2 1 147 174 146
190 2 2 2 1 146 174 175
191 2 2 2 1 146 175 145
192 2 2 2 1 145 175 176
193 2 2 2 1 145 176 144
194 2 2 2 1 144 176 177
195 2 2 2 1 144 177 143
196 2 2 2 1 143 177 178
197 2 2 2 1 143 178 142
198 2 2 2 1 142 178 179
199 2 2 2 1 142 179 141
200 2 2 2 1 141 179 180
201 2 2 2 1 141 180 140
202 2 2 2 1 140 180 181
203 2 2 2 1 140 181 139
204 2 2 2 1 139 181 182
205 2 2 2 1 139 182 138
206 2 2 2 1 138 182 183
207 2 2 2 1 138 183 137
208 2 2 2 1 137 183 184
209 2 2 2 1 137 184 136
210 2 2 2 1 136 184 185
211 2 2 2 1 136 185 135
212 2 2 2 1 135 185 186
213 2 2 2 1 135 186 134
214 2 2 2 1 134 186 187
215 2 2 2 1 134 187 133
216 2 2 2 1 133 187 188
217 2 2 2 1 133 188 132
218 2 2 2 1 132 188 189
219 2 2 2 1 132 189 131
220 2 2 2 1 131 189 190
221 2 2 2 1 131 190 130
222 2 2 2 1 130 190 191
223 2 2 2 1 130 191 129
224 2 2 2 1 129 191 192
225 2 2 2 1 129 192 128
226 2 2 2 1 128 192 193
227 2 2 2 1 128 193 127
228 2 2 2 1 127 193 194
229 2 2 2 1 127 194 126
230 2 2 2 1 126 194 195
231 2 2 2 1 126 195 125
232 2 2 2 1 125 195 196
233 2 2 2 1 125 196 124
234 2 2 2 1 124 196 197
235 2 2 2 1 124 197 123
236 2 2 2 1 123 197 198
237 2 2 2 1 123 198 122
238 2 2 2 1 122 198 199
239 2 2 2 1 122 199 4
240 2 2 2 1 4 199 121
241 2 2 2 1 5 6 161
242 2 2 2 1 161 6 200
243 2 2 2 1 161 200 162
244 2 2 2 1 162 200 201
245 2 2 2 1 162 201 163
246 2 2 2 1 163 201 202
247 2 2 2 1 163 202 164
248 2 2 2 1 164 202 203
249 2 2 2 1 164 203 165
250 2 2 2 1 165 203 204
251 2 2 2 1 165 204 166
252 2 2 2 1 166 204 205
253 2 2 2 1 166 205 167
254 2 2 2 1 167 205 206
255 2 2 2 1 167 206 168
256 2 2 2 1 168 206 207
257 2 2 2 1 168 207 169
258 2 2 2 1 169 207 208
259 2 2 2 1 169 208 170
260 2 2 2 1 170 208 209
261 2 2 2 1 170 209 171
262 2 2 2 1 171 209 210
263 2 2 2 1 171 210 172
264 2 2 2 1 172 210 211
265 2 2 2 1 172 211 173
266 2 2 2 1 173 211 212
267 2 2 2 1 173 212 174
268 2 2 2 1 174 212 213
269 2 2 2 1 174 213 175
270 2 2 2 1 175 213 214
271 2 2 2 1 175 214 176
272 2 2 2 1 176 214 215
273 2 2 2 1 176 215 177
274 2 2 2 1 177 215 216
275 2 2 2 1 177 216 178
276 2 2 2 1 178 216 217
277 2 2 2 1 178 217 179
278 2 2 2 1 179 217 218
279 2 2 2 1 179 218 180
280 2 2 2 1 180 218 219
281 2 2 2 1 180 219 181
282 2 2 2 1 181 219 220
283 2 2 2 1 181 220 182
284 2 2 2 1 182 220 221
285 2 2 2 1 182 221 183
286 2 2 2 1 183 221 222
287 2 2 2 1 183 222 184
288 2 2 2 1 184 222 223
289 2 2 2 1 184 223 185
290 2 2 2 1 185 223 224
291 2 2 2 1 185 224 186
292 2 2 2 1 186 224 225
293 2 2 2 1 186 225 187
294 2 2 2 1 187 225 226
295 2 2 2 1 187 226 188
296 2 2 2 1 188 226 227
297 2 2 2 1 188 227 189
298 2 2 2 1 189 227 228
299 2 2 2 1 189 228 190
300 2 2 2 1 190 228 229
301 2 2 2 1 190 229 191
302 2 2 2 1 191 229 230
303 2 2 2 1 191 230 192
304 2 2 2 1 192 230 231
305 2 2 2 1 192 231 193
306 2 2 2 1 193 231 232
307 2 2 2 1 193 232 194
308 2 2 2 1 194 232 233
309 2 2 2 1 194 233 195
310 2 2 2 1 195 233 234
311 2 2 2 1 195 234 196
312 2 2 2 1 196 234 235
313 2 2 2 1 196 235 197
314 2 2 2 1 197 235 236
315 2 2 2 1 197 236 198
316 2 2 2 1 198 236 237
317 2 2 2 1 198 237 199
318 2 2 2 1 199 237 238
319 2 2 2 1 199 238 121
320 2 2 2 1 121 238 120
321 2 2 2 1 6 7 200
322 2 2 2 1 200 7 239
323 2 2 2 1 200 239 201
324 2 2 2 1 201 239 240
325 2 2 2 1 201 240 202
326 2 2 2 1 202 240 241
327 2 2 2 1 202 241 203
328 2 2 2 1 203 241 242
329 2 2 2 1 203 242 204
330 2 2 2 1 204 242 243
331 2 2 2 1 204 243 205
332 2 2 2 1 205 243 244
333 2 2 2 1 205 244 206
334 2 2 2 1 206 244 245
335 2 2 2 1 206 245 207
336 2 2 2 1 207 245 246
337 2 2 2 1 207 246 208
338 2 2 2 1 208 246 247
339 2 2 2 1 208 247 209
340 2 2 2 1 209 247 248
341 2 2 2 1 209 248 210
342 2 2 2 1 210 248 249
343 2 2 2 1 210 249 211
344 2 2 2 1 211 249 250
345 2 2 2 1 211 250 212
346 2 2 2 1 212 250 251
347 2 2 2 1 212 251 213
348 2 2 2 1 213 251 252
349 2 2 2 1 213 252 214
350 2 2 2 1 214 252 253
351 2 2 2 1 214 253 215
352 2 2 2 1 215 253 254
353 2 2 2 1 215 254 216
354 2 2 2 1 216 254 255
355 2 2 2 1 216 255 217
356 2 2 2 1 217 255 256
357 2 2 2 1 217 256 218
358 2 2 2 1 218 256 257
359 2 2 2 1 218 257 219
360 2 2 2 1 219 257 258
361 2 2 2 1 219 258 220
362 2 2 2 1 220 258 259
363 2 2 2 1 220 259 221
364 2 2 2 1 221 259 260
365 2 2 2 1 221 260 222
366 2 2 2 1 222 260 261
367 2 2 2 1 222 261 223
368 2 2 2 1 223 261 262
369 2 2 2 1 223 262 224
370 2 2 2 1 224 262 263
371 2 2 2 1 224 263 225
372 2 2 2 1 225 263 264
373 2 2 2 1 225 264 226
374 2 2 2 1 226 264 265
375 2 2 2 1 226 265 227
376 2 2 2 1 227 265 266
377 2 2 2 1 227 266 228
378 2 2 2 1 228 266 267
379 2 2 2 1 228 267 229
380 2 2 2 1 229 267 268
381 2 2 2 1 229 268 230
382 2 2 2 1 230 268 269
383 2 2 2 1 230 269 231
384 2 2 2 1 231 269 270
385 2 2 2 1 231 270 232
386 2 2 2 1 232 270 271
387 2 2 2 1 232 271 233
388 2 2 2 1 233 271 272
389 2 2 2 1 233 272 234
390 2 2 2 1 234 272 273
391 2 2 2 1 234 273 235
392 2 2 2 1 235 273 274
393 2 2 2 1 235 274 236
394 2 2 2 1 236 274 275
395 2 2 2 1 236 275 237
396 2 2 2 1 237 275 276
397 2 2 2 1 237 276 238
398 2 2 2 1 238 276 277
399 2 2 2 1 238 277 120
400 2 2 2 1 120 277 119
401 2 2 2 1 7 8 239
402 2 2 2 1 239 8 278
403 2 2 2 1 239 278 240
404 2 2 2 1 240 278 279
405 2 2 2 1 240 279 241
406 2 2 2 1 241 279 280
407 2 2 2 1 241 280 242
408 2 2 2 1 242 280 281
409 2 2 2 1 242 281 243
410 2 2 2 1 243 281 282
411 2 2 2 1 243 282 244
412 2 2 2 1 244 282 283
413 2 2 2 1 244 283 245
414 2 2 2 1 245 283 284
415 2 2 2 1 245 284 246
416 2 2 2 1 246 284 285
417 2 2 2 1 246 285 247
418 2 2 2 1 247 285 286
419 2 2 2 1 247 286 248
420 2 2 2 1 248 286 287
421 2 2 2 1 248 287 249
422 2 2 2 1 249 287 288
423 2 2 2 1 249 288 250
424 2 2 2 1 250 288 289
425 2 2 2 1 250 289 251
426 2 2 2 1 251 289 290
427 2 2 2 1 251 290 252
428 2 2 2 1 252 290 291
429 2 2 2 1 252 291 253
430 2 2 2 1 253 291 292
431 2 2 2 1 253 292 254
432 2 2 2 1 254 292 293
433 2 2 2 1 254 293 255
434 2 2 2 1 255 293 294
435 2 2 2 1 255 294 256
436 2 2 2 1 256 294 295
437 2 2 2 1 256 295 257
438 2 2 2 1 257 295 296
439 2 2 2 1 257 296 258
440 2 2 2 1 258 296 297
441 2 2 2 1 258 297 259
442 2 2 2 1 259 297 298
443 2 2 2 1 259 298 260
444 2 2 2 1 260 298 299
445 2 2 2 1 260 299 261
446 2 2 2 1 261 299 300
447 2 2 2 1 261 300 262
448 2 2 2 1 262 300 301
449 2 2 2 1 262 301 263
450 2 2 2 1 263 301 302
451 2 2 2 1 263 302 264
452 2 2 2 1 264 302 303
453 2 2 2 1 264 303 265
454 2 2 2 1 265 303 304
455 2 2 2 1 265 304 266
456 2 2 2 1 266 304 305
457 2 2 2 1 266 305 267
458 2 2 2 1 267 305 306
459 2 2 2 1 267 306 268
460 2 2 2 1 268 306 307
461 2 2 2 1 268 307 269
462 2 2 2 1 269 307 308
463 2 2 2 1 269 308 270
464 2 2 2 1 270 308 309
465 2 2 2 1 270 309 271
466 2 2 2 1 271 309 310
467 2 2 2 1 271 310 272
468 2 2 2 1 272 310 311
469 2 2 2 1 272 311 273
470 2 2 2 1 273 311 312
471 2 2 2 1 273 312 274
472 2 2 2 1 274 312 313
473 2 2 2 1 274 313 275
474 2 2 2 1 275 313 314
475 2 2 2 1 275 314 276
476 2 2 2 1 276 314 315
477 2 2 2 1 276 315 277
478 2 2 2 1 277 315 316
479 2 2 2 1 277 316 119
480 2 2 2 1 119 316 118
481 2 2 2 1 8 9 278
482 2 2 2 1 278 9 317
483 2 2 2 1 278 317 279
484 2 2 2 1 279 317 318
485 2 2 2 1 279 318 280
486 2 2 2 1 280 318 319
487 2 2 2 1 280 319 281
488 2 2 2 1 281 319 320
489 2 2 2 1 281 320 282
490 2 2 2 1 282 320 321
491 2 2 2 1 282 321 283
492 2 2 2 1 283 321 322
493 2 2 2 1 283 322 284
494 2 2 2 1 284 322 323
495 2 2 2 1 284 323 285
496 2 2 2 1 285 323 324
497 2 2 2 1 285 324 286
498 2 2 2 1 286 324 325
499 2 2 2 1 286 325 287
500 2 2 2 1 287 325 326
501 2 2 2 1 287 326 288
502 2 2 2 1 288 326 327
503 2 2 2 1 288 327 289
504 2 2 2 1 289 327 328
505 2 2 2 1 289 328 290
506 2 2 2 1 290 328 329
507 2 2 2 1 290 329 291
508 2 2 2 1 291 329 330
509 2 2 2 1 291 330 292
510 2 2 2 1 292 330 331
511 2 2 2 1 292 331 293
512 2 2 2 1 293 331 332
513 2 2 2 1 293 332 294
514 2 2 2 1 294 332 333
515 2 2 2 1 294 333 295
516 2 2 2 1 295 333 334
517 2 2 2 1 295 334 296
518 2 2 2 1 296 334 335
519 2 2 2 1 296 335 297
520 2 2 2 1 297 335 336
521 2 2 2 1 297 336 298
522 2 2 2 1 298 336 337
523 2 2 2 1 298 337 299
524 2 2 2 1 299 337 338
525 2 2 2 1 299 338 300
526 2 2 2 1 300 338 339
527 2 2 2 1 300 339 301
528 2 2 2 1 301 339 340
529 2 2 2 1 301 340 302
530 2 2 2 1 302 340 341
531 2 2 2 1 302 341 303
532 2 2 2 1 303 341 342
533 2 2 2 1 303 342 304
534 2 2 2 1 304 342 343
535 2 2 2 1 304 343 305
536 2 2 2 1 305 343 344
537 2 2 2 1 305 344 306
538 2 2 2 1 306 344 345
539 2 2 2 1 306 345 307
540 2 2 2 1 307 345 346
541 2 2 2 1 307 346 308
542 2 2 2 1 308 346 347
543 2 2 2 1 308 347 309
544 2 2 2 1 309 347 348
545 2 2 2 1 309 348 310
546 2 2 2 1 310 348 349
547 2 2 2 1 310 349 311
548 2 2 2 1 311 349 350
549 2 2 2 1 311 350 312
550 2 2 2 1 312 350 351
551 2 2 2 1 312 351 313
552 2 2 2 1 313 351 352
553 2 2 2 1 313 352 314
554 2 2 2 1 314 352 353
555 2 2 2 1 314 353 315
556 2 2 2 1 315 353 354
557 2 2 2 1 315 354 316
558 2 2 2 1 316 354 355
559 2 2 2 1 316 355 118
560 2 2 2 1 118 355 117
561 2 2 2 1 9 10 317
562 2 2 2 1 317 10 356
563 2 2 2 1 317 356 318
564 2 2 2 1 318 356 357
565 2 2 2 1 318 357 319
566 2 2 2 1 319 357 358
567 2 2 2 1 319 358 320
568 2 2 2 1 320 358 359
569 2 2 2 1 320 359 321
570 2 2 2 1 321 359 360
571 2 2 2 1 321 360 322
572 2 2 2 1 322 360 361
573 2 2 2 1 322 361 323
574 2 2 2 1 323 361 362
575 2 2 2 1 323 362 324
576 2 2 2 1 324 362 363
577 2 2 2 1 324 363 325
578 2 2 2 1 325 363 364
579 2 2 2 1 325 364 326
580 2 2 2 1 326 364 365
581 2 2 2 1 326 365 327
582 2 2 2 1 327 365 366
583 2 2 2 1 327 366 328
584 2 2 2 1 328 366 367
585 2 2 2 1 328 367 329
586 2 2 2 1 329 367 368
587 2 2 2 1 329 368 330
588 2 2 2 1 330 368 369
589 2 2 2 1 330 369 331
590 2 2 2 1 331 369 370
591 2 2 2 1 331 370 332
592 2 2 2 1 332 370 371
593 2 2 2 1 332 371 333
594 2 2 2 1 333 371 372
595 2 2 2 1 333 372 334
596 2 2 2 1 334 372 373
597 2 2 2 1 334 373 335
598 2 2 2 1 335 373 374
599 2 2 2 1 335 374 336
600 2 2 2 1 336 374 375
601 2 2 2 1 336 375 337
602 2 2 2 1 337 375 376
603 2 2 2 1 337 376 338
604 2 2 2 1 338 376 377
605 2 2 2 1 338 377 339
606 2 2 2 1 339 377 378
607 2 2 2 1 339 378 340
608 2 2 2 1 340 378 379
609 2 2 2 1 340 379 341
610 2 2 2 1 341 379 380
611 2 2 2 1 341 380 342
612 2 2 2 1 342 380 381
613 2 2 2 1 342 381 343
614 2 2 2 1 343 381 382
615 2 2 2 1 343 382 344
616 2 2 2 1 344 382 383
617 2 2 2 1 344 383 345
618 2 2 2 1 345 383 384
619 2 2 2 1 345 384 346
620 2 2 2 1 346 384 385
621 2 2 2 1 346 385 347
622 2 2 2 1 347 385 386
623 2 2 2 1 347 386 348
624 2 2 2 1 348 386 387
625 2 2 2 1 348 387 349
626 2 2 2 1 349 387 388
627 2 2 2 1 349 388 350
628 2 2 2 1 350 388 389
629 2 2 2 1 350 389 351
630 2 2 2 1 351 389 390
631 2 2 2 1 351 390 352
632 2 2 2 1 352 390 391
633 2 2 2 1 352 391 353
634 2 2 2 1 353 391 392
635 2 2 2 1 353 392 354
636 2 2 2 1 354 392 393
637 2 2 2 1 354 393 355
638 2 2 2 1 355 393 394
639 2 2 2 1 355 394 117
640 2 2 2 1 117 394 116
641 2 2 2 1 10 11 356
642 2 2 2 1 356 11 395
643 2 2 2 1 356 395 357
644 2 2 2 1 357 395 396
645 2 2 2 1 357 396 358
646 2 2 2 1 358 396 397
647 2 2 2 1 358 397 359
648 2 2 2 1 359 397 398
649 2 2 2 1 359 398 360
650 2 2 2 1 360 398 399
651 2 2 2 1 360 399 361
652 2 2 2 1 361 399 400
653 2 2 2 1 361 400 362
654 2 2 2 1 362 400 401
655 2 2 2 1 362 401 363
656 2 2 2 1 363 401 402
657 2 2 2 1 363 402 364
658 2 2 2 1 364 402 403
659 2 2 2 1 364 403 365
660 2 2 2 1 365 403 404
661 2 2 2 1 365 404 366
662 2 2 2 1 366 404 405
663 2 2 2 1 366 405 367
664 2 2 2 1 367 405 406
665 2 2 2 1 367 406 368
666 2 2 2 1 368 406 407
667 2 2 2 1 368 407 369
668 2 2 2 1 369 407 408
669 2 2 2 1 369 408 370
670 2 2 2 1 370 408 409
671 2 2 2 1 370 409 371
672 2 2 2 1 371 409 410
673 2 2 2 1 371 410 372
674 2 2 2 1 372 410 411
675 2 2 2 1 372 411 373
676 2 2 2 1 373 411 412
677 2 2 2 1 373 412 374
678 2 2 2 1 374 412 413
679 2 2 2 1 374 413 375
680 2 2 2 1 375 413 414
681 2 2 2 1 375 414 376
682 2 2 2 1 376 414 415
683 2 2 2 1 376 415 377
684 2 2 2 1 377 415 416
685 2 2 2 1 377 416 378
686 2 2 2 1 378 416 417
687 2 2 2 1 378 417 379
688 2 2 2 1 379 417 418
689 2 2 2 1 379 418 380
690 2 2 2 1 380 418 419
691 2 2 2 1 380 419 381
692 2 2 2 1 381 419 420
693 2 2 2 1 381 420 382
694 2 2 2 1 382 420 421
695 2 2 2 1 382 421 383
696 2 2 2 1 383 421 422
697 2 2 2 1 383 422 384
698 2 2 2 1 384 422 423
699 2 2 2 1 384 423 385
700 2 2 2 1 385 423 424
701 2 2 2 1 385 424 386
702 2 2 2 1 386 424 425
703 2 2 2 1 386 425 387
704 2 2 2 1 387 425 426
705 2 2 2 1 387 426 388
706 2 2 2 1 388 426 427
707 2 2 2 1 388 427 389
708 2 2 2 1 389 427 428
709 2 2 2 1 389 428 390
710 2 2 2 1 390 428 429
711 2 2 2 1 390 429 391
712 2 2 2 1 391 429 430
713 2 2 2 1 391 430 392
714 2 2 2 1 392 430 431
715 2 2 2 1 392 431 393
716 2 2 2 1 393 431 432
717 2 2 2 1 393 432 394
718 2 2 2 1 394 432 433
719 2 2 2 1 394 433 116
720 2 2 2 1 116 433 115
721 2 2 2 1 11 12 395
722 2 2 2 1 395 12 434
723 2 2 2 1 395 434 396
724 2 2 2 1 396 434 435
725 2 2 2 1 396 435 397
726 2 2 2 1 397 435 436
727 2 2 2 1 397 436 398
728 2 2 2 1 398 436 437
729 2 2 2 1 398 437 399
730 2 2 2 1 399 437 438
731 2 2 2 1 399 438 400
732 2 2 2 1 400 438 439
733 2 2 2 1 400 439 401
734 2 2 2 1 401 439 440
735 2 2 2 1 401 440 402
736 2 2 2 1 402 440 441
737 2 2 2 1 402 441 403
738 2 2 2 1 403 441 442
739 2 2 2 1 403 442 404
740 2 2 2 1 404 442 443
741 2 2 2 1 404 443 405
742 2 2 2 1 405 443 444
743 2 2 2 1 405 444 406
744 2 2 2 1 406 444 445
745 2 2 2 1 406 445 407
746 2 2 2 1 407 445 446
747 2 2 2 1 407 446 408
748 2 2 2 1 408 446 447
749 2 2 2 1 408 447 409
750 2 2 2 1 409 447 448
751 2 2 2 1 409 448 410
752 2 2 2 1 410 448 449
753 2 2 2 1 410 449 411
754 2 2 2 1 411 449 450
755 2 2 2 1 411 450 412
756 2 2 2 1 412 450 451
757 2 2 2 1 412 451 413
758 2 2 2 1 413 451 452
759 2 2 2 1 413 452 414
760 2 2 2 1 414 452 453
761 2 2 2 1 414 453 415
762 2 2 2 1 415 453 454
763 2 2 2 1 415 454 416
764 2 2 2 1 416 454 455
765 2 2 2 1 416 455 417
766 2 2 2 1 417 455 456
767 2 2 2 1 417 456 418
768 2 2 2 1 418 456 457
769 2 2 2 1 418 457 419
770 2 2 2 1 419 457 458
771 2 2 2 1 419 458 420
772 2 2 2 1 420 458 459
773 2 2 2 1 420 459 421
774 2 2 2 1 421 459 460
775 2 2 2 1 421 460 422
776 2 2 2 1 422 460 461
777 2 2 2 1 422 461 423
778 2 2 2 1 423 461 462
779 2 2 2 1 423 462 424
780 2 2 2 1 424 462 463
781 2 2 2 1 424 463 425
782 2 2 2 1 425 463 464
783 2 2 2 1 425 464 426
784 2 2 2 1 426 464 465
785 2 2 2 1 426 465 427
786 2 2 2 1 427 465 466
787 2 2 2 1 427 466 428
788 2 2 2 1 428 466 467
789 2 2 2 1 428 467 429
790 2 2 2 1 429 467 468
791 2 2 2 1 429 468 430
792 2 2 2 1 430 468 469
793 2 2 2 1 430 469 431
794 2 2 2 1 431 469 470
795 2 2 2 1 431 470 432
796 2 2 2 1 432 470 471
797 2 2 2 1 432 471 433
798 2 2 2 1 433 471 472
799 2 2 2 1 433 472 115
800 2 2 2 1 115 472 114
801 2 2 2 1 12 13 434
802 2 2 2 1 434 13 473
803 2 2 2 1 434 473 435
804 2 2 2 1 435 473 474
805 2 2 2 1 435 474 436
806 2 2 2 1 436 474 475
807 2 2 2 1 436 475 437
808 2 2 2 1 437 475 476
809 2 2 2 1 437 476 438
810 2 2 2 1 438 476 477
811 2 2 2 1 438 477 439
812 2 2 2 1 439 477 478
813 2 2 2 1 439 478 440
814 2 2 2 1 440 478 479
815 2 2 2 1 440 479 441
816 2 2 2 1 441 479 480
817 2 2 2 1 441 480 442
818 2 2 2 1 442 480 481
819 2 2 2 1 442 481 443
820 2 2 2 1 443 481 482
821 2 2 2 1 443 482 444
822 2 2 2 1 444 482 483
823 2 2 2 1 444 483 445
824 2 2 2 1 445 483 484
825 2 2 2 1 445 484 446
826 2 2 2 1 446 484 485
827 2 2 2 1 446 485 447
828 2 2 2 1 447 485 486
829 2 2 2 1 447 486 448
830 2 2 2 1 448 486 487
831 2 2 2 1 448 487 449
832 2 2 2 1 449 487 488
833 2 2 2 1 449 488 450
834 2 2 2 1 450 488 489
835 2 2 2 1 450 489 451
836 2 2 2 1 451 489 490
837 2 2 2 1 451 490 452
838 2 2 2 1 452 490 491
839 2 2 2 1 452 491 453
840 2 2 2 1 453 491 492
841 2 2 2 1 453 492 454
842 2 2 2 1 454 492 493
843 2 2 2 1 454 493 455
844 2 2 2 1 455 493 494
845 2 2 2 1 455 494 456
846 2 2 2 1 456 494 495
847 2 2 2 1 456 495 457
848 2 2 2 1 457 495 496
849 2 2 2 1 457 496 458
850 2 2 2 1 458 496 497
851 2 2 2 1 458 497 459
852 2 2 2 1 459 497 498
853 2 2 2 1 459 498 460
854 2 2 2 1 460 498 499
855 2 2 2 1 460 499 461
856 2 2 2 1 461 499 500
857 2 2 2 1 461 500 462
858 2 2 2 1 462 500 501
859 2 2 2 1 462 501 463
860 2 2 2 1 463 501 502
861 2 2 2 1 463 502 464
862 2 2 2 1 464 502 503
863 2 2 2 1 464 503 465
864 2 2 2 1 465 503 504
865 2 2 2 1 465 504 466
866 2 2 2 1 466 504 505
867 2 2 2 1 466 505 467
868 2 2 2 1 467 505 506
869 2 2 2 1 467 506 468
870 2 2 2 1 468 506 507
871 2 2 2 1 468 507 469
872 2 2 2 1 469 507 508
873 2 2 2 1 469 508 470
874 2 2 2 1 470 508 509
875 2 2 2 1 470 509 471
876 2 2 2 1 471 509 510
877 2 2 2 1 471 510 472
878 2 2 2 1 472 510 511
879 2 2 2 1 472 511 114
880 2 2 2 1 114 511 113
881 2 2 2 1 13 14 473
882 2 2 2 1 473 14 512
883 2 2 2 1 473 512 474
884 2 2 2 1 474 512 513
885 2 2 2 1 474 513 475
886 2 2 2 1 475 513 514
887 2 2 2 1 475 514 476
888 2 2 2 1 476 514 515
889 2 2 2 1 476 515 477
890 2 2 2 1 477 515 516
891 2 2 2 1 477 516 478
892 2 2 2 1 478 516 517
893 2 2 2 1 478 517 479
894 2 2 2 1 479 517 518
895 2 2 2 1 479 518 480
896 2 2 2 1 480 518 519
897 2 2 2 1 480 519 481
898 2 2 2 1 481 519 520
899 2 2 2 1 481 520 482
900 2 2 2 1 482 520 521
901 2 2 2 1 482 521 483
902 2 2 2 1 483 521 522
903 2 2 2 1 483 522 484
904 2 2 2 1 484 522 523
905 2 2 2 1 484 523 485
906 2 2 2 1 485 523 524
907 2 2 2 1 485 524 486
908 2 2 2 1 486 524 525
909 2 2 2 1 486 525 487
910 2 2 2 1 487 525 526
911 2 2 2 1 487 526 488
912 2 2 2 1 488 526 527
913 2 2 2 1 488 527 489
914 2 2 2 1 489 527 528
915 2 2 2 1 489 528 490
916 2 2 2 1 490 528 529
917 2 2 2 1 490 529 491
918 2 2 2 1 491 529 530
919 2 2 2 1 491 530 492
920 2 2 2 1 492 530 531
921 2 2 2 1 492 531 493
922 2 2 2 1 493 531 532
923 2 2 2 1 493 532 494
924 2 2 2 1 494 532 533
925 2 2 2 1 494 533 495
926 2 2 2 1 495 533 534
927 2 2 2 1 495 534 496
928 2 2 2 1 496 534 535
929 2 2 2 1 496 535 497
930 2 2 2 1 497 535 536
931 2 2 2 1 497 536 498
932 2 2 2 1 498 536 537
933 2 2 2 1 498 537 499
934 2 2 2 1 499 537 538
935 2 2 2 1 499 538 500
936 2 2 2 1 500 538 539
937 2 2 2 1 500 539 501
938 2 2 2 1 501 539 540
939 2 2 2 1 501 540 502
940 2 2 2 1 502 540 541
941 2 2 2 1 502 541 503
942 2 2 2 1 503 541 542
943 2 2 2 1 503 542 504
944 2 2 2 1 504 542 543
945 2 2 2 1 504 543 505
946 2 2 2 1 505 543 544
947 2 2 2 1 505 544 506
948 2 2 2 1 506 544 545
949 2 2 2 1 506 545 507
950 2 2 2 1 507 545 546
951 2 2 2 1 507 546 508
952 2 2 2 1 508 546 547
953 2 2 2 1 508 547 509
954 2 2 2 1 509 547 548
955 2 2 2 1 509 548 510
956 2 2 2 1 510 548 549
957 2 2 2 1 510 549 511
958 2 2 2 1 511 549 550
959 2 2 2 1 511 550 113
960 2 2 2 1 113 550 112
961 2 2 2 1 14 15 512
962 2 2 2 1 512 15 551
963 2 2 2 1 512 551 513
964 2 2 2 1 513 551 552
965 2 2 2 1 513 552 514
966 2 2 2 1 514 552 553
967 2 2 2 1 514 553 515
968 2 2 2 1 515 553 554
969 2 2 2 1 515 554 516
970 2 2 2 1 516 554 555
971 2 2 2 1 516 555 517
972 2 2 2 1 517 555 556
973 2 2 2 1 517 556 518
974 2 2 2 1 518 556 557
975 2 2 2 1 518 557 519
976 2 2 2 1 519 557 558
977 2 2 2 1 519 558 520
978 2 2 2 1 520 558 559
979 2 2 2 1 520 559 521
980 2 2 2 1 521 559 560
981 2 2 2 1 521 560 522
982 2 2 2 1 522 560 561
983 2 2 2 1 522 561 523
984 2 2 2 1 523 561 562
985 2 2 2 1 523 562 524
986 2 2 2 1 524 562 563
987 2 2 2 1 524 563 525
988 2 2 2 1 525 563 564
989 2 2 2 1 525 564 526
990 2 2 2 1 526 564 565
991 2 2 2 1 526 565 527
992 2 2 2 1 527 565 566
993 2 2 2 1 527 566 528
994 2 2 2 1 528 566 567
995 2 2 2 1 528 567 529
996 2 2 2 1 529 567 568
997 2 2 2 1 529 568 530
998 2 2 2 1 530 568 569
999 2 2 2 1 530 569 531
1000 2 2 2 1 531 569 570
1001 2 2 2 1 531 570 532
1002 2 2 2 1 532 570 571
1003 2 2 2 1 532 571 533
1004 2 2 2 1 533 571 572
1005 2 2 2 1 533 572 534
1006 2 2 2 1 534 572 573
1007 2 2 2 1 534 573 535
1008 2 2 2 1 535 573 574
1009 2 2 2 1 535 574 536
1010 2 2 2 1 536 574 575
1011 2 2 2 1 536 575 537
1012 2 2 2 1 537 575 576
1013 2 2 2 1 537 576 538
1014 2 2 2 1 538 576 577
1015 2 2 2 1 538 577 539
1016 2 2 2 1 539 577 578
1017 2 2 2 1 539 578 540
1018 2 2 2 1 540 578 579
1019 2 2 2 1 540 579 541
1020 2 2 2 1 541 579 580
1021 2 2 2 1 541 580 542
1022 2 2 2 1 542 580 581
1023 2 2 2 1 542 581 543
1024 2 2 2 1 543 581 582
1025 2 2 2 1 543 582 544
1026 2 2 2 1 544 582 583
1027 2 2 2 1 544 583 545
1028 2 2 2 1 545 583 584
1029 2 2 2 1 545 584 546
1030 2 2 2 1 546 584 585
1031 2 2 2 1 546 585 547
1032 2 2 2 1 547 585 586
1033 2 2 2 1 547 586 548
1034 2 2 2 1 548 586 587
1035 2 2 2 1 548 587 549
1036 2 2 2 1 549 587 588
1037 2 2 2 1 549 588 550
1038 2 2 2 1 550 588 589
1039 2 2 2 1 550 589 112
1040 2 2 2 1 112 589 111
1041 2 2 2 1 15 16 551
1042 2 2 2 1 551 16 590
1043 2 2 2 1 551 590 552
1044 2 2 2 1 552 590 591
1045 2 2 2 1 552 591 553
1046 2 2 2 1 553 591 592
1047 2 2 2 1 553 592 554
1048 2 2 2 1 554 592 593
1049 2 2 2 1 554 593 555
1050 2 2 2 1 555 593 594
1051 2 2 2 1 555 594 556
1052 2 2 2 1 556 594 595
1053 2 2 2 1 556 595 557
1054 2 2 2 1 557 595 596
1055 2 2 2 1 557 596 558
1056 2 2 2 1 558 596 597
1057 2 2 2 1 558 597 559
1058 2 2 2 1 559 597 598
1059 2 2 2 1 559 598 560
1060 2 2 2 1 560 598 599
1061 2 2 2 1 560 599 561
1062 2 2 2 1 561 599 600
1063 2 2 2 1 561 600 562
1064 2 2 2 1 562 600 601
1065 2 2 2 1 562 601 563
1066 2 2 2 1 563 601 602
1067 2 2 2 1 563 602 564
1068 2 2 2 1 564 602 603
1069 2 2 2 1 564 603 565
1070 2 2 2 1 565 603 604
1071 2 2 2 1 565 604 566
1072 2 2 2 1 566 604 605
1073 2 2 2 1 566 605 567
1074 2 2 2 1 567 605 606
1075 2 2 2 1 567 606 568
1076 2 2 2 1 568 606 607
1077 2 2 2 1 568 607 569
1078 2 2 2 1 569 607 608
1079 2 2 2 1 569 608 570
1080 2 2 2 1 570 608 609
1081 2 2 2 1 570 609 571
1082 2 2 2 1 571 609 610
1083 2 2 2 1 571 610 572
1084 2 2 2 1 572 610 611
1085 2 2 2 1 572 611 573
1086 2 2 2 1 573 611 612
1087 2 2 2 1 573 612 574
1088 2 2 2 1 574 612 613
1089 2 2 2 1 574 613 575
1090 2 2 2 1 575 613 614
1091 2 2 2 1 575 614 576
1092 2 2 2 1 576 614 615
1093 2 2 2 1 576 615 577
1094 2 2 2 1 577 615 616
1095 2 2 2 1 577 616 578
1096 2 2 2 1 578 616 617
1097 2 2 2 1 578 617 579
1098 2 2 2 1 579 617 618
1099 2 2 2 1 579 618 580
1100 2 2 2 1 580 618 619
1101 2 2 2 1 580 619 581
1102 2 2 2 1 581 619 620
1103 2 2 2 1 581 620 582
1104 2 2 2 1 582 620 621
1105 2 2 2 1 582 621 583
1106 2 2 2 1 583 621 622
1107 2 2 2 1 583 622 584
1108 2 2 2 1 584 622 623
1109 2 2 2 1 584 623 585
1110 2 2 2 1 585 623 624
1111 2 2 2 1 585 624 586
1112 2 2 2 1 586 624 625
1113 2 2 2 1 586 625 587
1114 2 2 2 1 587 625 626
1115 2 2 2 1 587 626 588
1116 2 2 2 1 588 626 627
1117 2 2 2 1 588 627 589
1118 2 2 2 1 589 627 628
1119 2 2 2 1 589 628 111
1120 2 2 2 1 111 628 110
1121 2 2 2 1 16 17 590
1122 2 2 2 1 590 17 629
1123 2 2 2 1 590 629 591
1124 2 2 2 1 591 629 630
1125 2 2 2 1 591 630 592
1126 2 2 2 1 592 630 631
1127 2 2 2 1 592 631 593
1128 2 2 2 1 593 631 632
1129 2 2 2 1 593 632 594
1130 2 2 2 1 594 632 633
1131 2 2 2 1 594 633 595
1132 2 2 2 1 595 633 634
1133 2 2 2 1 595 634 596
1134 2 2 2 1 596 634 635
1135 2 2 2 1 596 635 597
1136 2 2 2 1 597 635 636
1137 2 2 2 1 597 636 598
1138 2 2 2 1 598 636 637
1139 2 2 2 1 598 637 599
1140 2 2 2 1 599 637 638
1141 2 2 2 1 599 638 600
1142 2 2 2 1 600 638 639
1143 2 2 2 1 600 639 601
1144 2 2 2 1 601 639 640
1145 2 2 2 1 601 640 602
1146 2 2 2 1 602 640 641
1147 2 2 2 1 602 641 603
1148 2 2 2 1 603 641 642
1149 2 2 2 1 603 642 604
1150 2 2 2 1 604 642 643
1151 2 2 2 1 604 643 605
1152 2 2 2 1 605 643 644
1153 2 2 2 1 605 644 606
1154 2 2 2 1 606 644 645
1155 2 2 2 1 606 645 607
1156 2 2 2 1 607 645 646
1157 2 2 2 1 607 646 608
1158 2 2 2 1 608 646 647
1159 2 2 2 1 608 647 609
1160 2 2 2 1 609 647 648
1161 2 2 2 1 609 648 610
1162 2 2 2 1 610 648 649
1163 2 2 2 1 610 649 611
1164 2 2 2 1 611 649 650
1165 2 2 2 1 611 650 612
1166 2 2 2 1 612 650 651
1167 2 2 2 1 612 651 613
1168 2 2 2 1 613 651 652
1169 2 2 2 1 613 652 614
1170 2 2 2 1 614 652 653
1171 2 2 2 1 614 653 615
1172 2 2 2 1 615 653 654
1173 2 2 2 1 615 654 616
1174 2 2 2 1 616 654 655
1175 2 2 2 1 616 655 617
1176 2 2 2 1 617 655 656
1177 2 2 2 1 617 656 618
1178 2 2 2 1 618 656 657
1179 2 2 2 1 618 657 619
1180 2 2 2 1 619 657 658
1181 2 2 2 1 619 658 620
1182 2 2 2 1 620 658 659
1183 2 2 2 1 620 659 621
1184 2 2 2 1 621 659 660
1185 2 2 2 1 621 660 622
1186 2 2 2 1 622 660 661
1187 2 2 2 1 622 661 623
1188 2 2 2 1 623 661 662
1189 2 2 2 1 623 662 624
1190 2 2 2 1 624 662 663
1191 2 2 2 1 624 663 625
1192 2 2 2 1 625 663 664
1193 2 2 2 1 625 664 626
1194 2 2 2 1 626 664 665
1195 2 2 2 1 626 665 627
1196 2 2 2 1 627 665 666
1197 2 2 2 1 627 666 628
1198 2 2 2 1 628 666 667
1199 2 2 2 1 628 667 110
1200 2 2 2 1 110 667 109
1201 2 2 2 1 17 18 629
1202 2 2 2 1 629 18 668
1203 2 2 2 1 629 668 630
1204 2 2 2 1 630 668 669
1205 2 2 2 1 630 669 631
1206 2 2 2 1 631 669 670
1207 2 2 2 1 631 670 632
1208 2 2 2 1 632 670 671
1209 2 2 2 1 632 671 633
1210 2 2 2 1 633 671 672
1211 2 2 2 1 633 672 634
1212 2 2 2 1 634 672 673
1213 2 2 2 1 634 673 635
1214 2 2 2 1 635 673 674
1215 2 2 2 1 635 674 636
1216 2 2 2 1 636 674 675
1217 2 2 2 1 636 675 637
1218 2 2 2 1 637 675 676
1219 2 2 2 1 637 676 638
1220 2 2 2 1 638 676 677
1221 2 2 2 1 638 677 639
1222 2 2 2 1 639 677 678
1223 2 2 2 1 639 678 640
1224 2 2 2 1 640 678 679
1225 2 2 2 1 640 679 641
1226 2 2 2 1 641 679 680
1227 2 2 2 1 641 680 642
1228 2 2 2 1 642 680 681
1229 2 2 2 1 642 681 643
1230 2 2 2 1 643 681 682
1231 2 2 2 1 643 682 644
1232 2 2 2 1 644 682 683
1233 2 2 2 1 644 683 645
1234 2 2 2 1 645 683 684
1235 2 2 2 1 645 684 646
1236 2 2 2 1 646 684 685
1237 2 2 2 1 646 685 647
1238 2 2 2 1 647 685 686
1239 2 2 2 1 647 686 648
1240 2 2 2 1 648 686 687
1241 2 2 2 1 648 687 649
1242 2 2 2 1 649 687 688
1243 2 2 2 1 649 688 650
1244 2 2 2 1 650 688 689
1245 2 2 2 1 650 689 651
1246 2 2 2 1 651 689 690
1247 2 2 2 1 651 690 652
1248 2 2 2 1 652 690 691
1249 2 2 2 1 652 691 653
1250 2 2 2 1 653 691 692
1251 2 2 2 1 653 692 654
1252 2 2 2 1 654 692 693
1253 2 2 2 1 654 693 655
1254 2 2 2 1 655 693 694
1255 2 2 2 1 655 694 656
1256 2 2 2 1 656 694 695
1257 2 2 2 1 656 695 657
1258 2 2 2 1 657 695 696
1259 2 2 2 1 657 696 658
1260 2 2 2 1 658 696 697
1261 2 2 2 1 658 697 659
1262 2 2 2 1 659 697 698
1263 2 2 2 1 659 698 660
1264 2 2 2 1 660 698 699
1265 2 2 2 1 660 699 661
1266 2 2 2 1 661 699 700
1267 2 2 2 1 661 700 662
1268 2 2 2 1 662 700 701
1269 2 2 2 1 662 701 663
1270 2 2 2 1 663 701 702
1271 2 2 2 1 663 702 664
1272 2 2 2 1 664 702 703
1273 2 2 2 1 664 703 665
1274 2 2 2 1 665 703 704
1275 2 2 2 1 665 704 666
1276 2 2 2 1 666 704 705
1277 2 2 2 1 666 705 667
1278 2 2 2 1 667 705 706
1279 2 2 2 1 667 706 109
1280 2 2 2 1 109 706 108
1281 2 2 2 1 18 19 668
1282 2 2 2 1 668 19 707
1283 2 2 2 1 668 707 669
1284 2 2 2 1 669 707 708
1285 2 2 2 1 669 708 670
1286 2 2 2 1 670 708 709
1287 2 2 2 1 670 709 671
1288 2 2 2 1 671 709 710
1289 2 2 2 1 671 710 672
1290 2 2 2 1 672 710 711
1291 2 2 2 1 672 711 673
1292 2 2 2 1 673 711 712
1293 2 2 2 1 673 712 674
1294 2 2 2 1 674 712 713
1295 2 2 2 1 674 713 675
1296 2 2 2 1 675 713 714
1297 2 2 2 1 675 714 676
1298 2 2 2 1 676 714 715
1299 2 2 2 1 676 715 677
1300 2 2 2 1 677 715 716
1301 2 2 2 1 677 716 678
1302 2 2 2 1 678 716 717
1303 2 2 2 1 678 717 679
1304 2 2 2 1 679 717 718
1305 2 2 2 1 679 718 680
1306 2 2 2 1 680 718 719
1307 2 2 2 1 680 719 681
1308 2 2 2 1 681 719 720
1309 2 2 2 1 681 720 682
1310 2 2 2 1 682 720 721
1311 2 2 2 1 682 721 683
1312 2 2 2 1 683 721 722
1313 2 2 2 1 683 722 684
1314 2 2 2 1 684 722 723
1315 2 2 2 1 684 723 685
1316 2 2 2 1 685 723 724
1317 2 2 2 1 685 724 686
1318 2 2 2 1 686 724 725
1319 2 2 2 1 686 725 687
1320 2 2 2 1 687 725 726
1321 2 2 2 1 687 726 688
1322 2 2 2 1 688 726 727
1323 2 2 2 1 688 727 689
1324 2 2 2 1 689 727 728
1325 2 2 2 1 689 728 690
1326 2 2 2 1 690 728 729
1327 2 2 2 1 690 729 691
1328 2 2 2 1 691 729 730
1329 2 2 2 1 691 730 692
1330 2 2 2 1 692 730 731
1331 2 2 2 1 692 731 693
1332 2 2 2 1 693 731 732
1333 2 2 2 1 693 732 694
1334 2 2 2 1 694 732 733
1335 2 2 2 1 694 733 695
1336 2 2 2 1 695 733 734
1337 2 2 2 1 695 734 696
1338 2 2 2 1 696 734 735
1339 2 2 2 1 696 735 697
1340 2 2 2 1 697 735 736
1341 2 2 2 1 697 736 698
1342 2 2 2 1 698 736 737
1343 2 2 2 1 698 737 699
1344 2 2 2 1 699 737 738
1345 2 2 2 1 699 738 700
1346 2 2 2 1 700 738 739
1347 2 2 2 1 700 739 701
1348 2 2 2 1 701 739 740
1349 2 2 2 1 701 740 702
1350 2 2 2 1 702 740 741
1351 2 2 2 1 702 741 703
1352 2 2 2 1 703 741 742
1353 2 2 2 1 703 742 704
1354 2 2 2 1 704 742 743
1355 2 2 2 1 704 743 705
1356 2 2 2 1 705 743 744
1357 2 2 2 1 705 744 706
1358 2 2 2 1 706 744 745
1359 2 2 2 1 706 745 108
1360 2 2 2 1 108 745 107
1361 2 2 2 1 19 20 707
1362 2 2 2 1 707 20 746
1363 2 2 2 1 707 746 708
1364 2 2 2 1 708 746 747
1365 2 2 2 1 708 747 709
1366 2 2 2 1 709 747 748
1367 2 2 2 1 709 748 710
1368 2 2 2 1 710 748 749
1369 2 2 2 1 710 749 711
1370 2 2 2 1 711 749 750
1371 2 2 2 1 711 750 712
1372 2 2 2 1 712 750 751
1373 2 2 2 1 712 751 713
1374 2 2 2 1 713 751 752
1375 2 2 2 1 713 752 714
1376 2 2 2 1 714 752 753
1377 2 2 2 1 714 753 715
1378 2 2 2 1 715 753 754
1379 2 2 2 1 715 754 716
1380 2 2 2 1 716 754 755
1381 2 2 2 1 716 755 717
1382 2 2 2 1 717 755 756
1383 2 2 2 1 717 756 718
1384 2 2 2 1 718 756 757
1385 2 2 2 1 718 757 719
1386 2 2 2 1 719 757 758
1387 2 2 2 1 719 758 720
1388 2 2 2 1 720 758 759
1389 2 2 2 1 720 759 721
1390 2 2 2 1 721 759 760
1391 2 2 2 1 721 760 722
1392 2 2 2 1 722 760 761
1393 2 2 2 1 722 761 723
1394 2 2 2 1 723 761 762
1395 2 2 2 1 723 762 724
1396 2 2 2 1 724 762 763
1397 2 2 2 1 724 763 725
1398 2 2 2 1 725 763 764
1399 2 2 2 1 725 764 726
1400 2 2 2 1 726 764 765
1401 2 2 2 1 726 765 727
1402 2 2 2 1 727 765 766
1403 2 2 2 1 727 766 728
1404 2 2 2 1 728 766 767
1405 2 2 2 1 728 767 729
1406 2 2 2 1 729 767 768
1407 2 2 2 1 729 768 730
1408 2 2 2 1 730 768 769
1409 2 2 2 1 730 769 731
1410 2 2 2 1 731 769 770
1411 2 2 2 1 731 770 732
1412 2 2 2 1 732 770 771
1413 2 2 2 1 732 771 733
1414 2 2 2 1 733 771 772
1415 2 2 2 1 733 772 734
1416 2 2 2 1 734 772 773
1417 2 2 2 1 734 773 735
1418 2 2 2 1 735 773 774
1419 2 2 2 1 735 774 736
1420 2 2 2 1 736 774 775
1421 2 2 2 1 736 775 737
1422 2 2 2 1 737 775 776
1423 2 2 2 1 737 776 738
1424 2 2 2 1 738 776 777
1425 2 2 2 1 738 777 739
1426 2 2 2 1 739 777 778
1427 2 2 2 1 739 778 740
1428 2 2 2 1 740 778 779
1429 2 2 2 1 740 779 741
1430 2 2 2 1 741 779 780
1431 2 2 2 1 741 780 742
1432 2 2 2 1 742 780 781
1433 2 2 2 1 742 781 743
1434 2 2 2 1 743 781 782
1435 2 2 2 1 743 782 744
1436 2 2 2 1 744 782 783
1437 2 2 2 1 744 783 745
1438 2 2 2 1 745 783 784
1439 2 2 2 1 745 784 107
1440 2 2 2 1 107 784 106
1441 2 2 2 1 20 21 746
1442 2 2 2 1 746 21 785
1443 2 2 2 1 746 785 747
1444 2 2 2 1 747 785 786
1445 2 2 2 1 747 786 748
1446 2 2 2 1 748 786 787
1447 2 2 2 1 748 787 749
1448 2 2 2 1 749 787 788
1449 2 2 2 1 749 788 750
1450 2 2 2 1 750 788 789
1451 2 2 2 1 750 789 751
1452 2 2 2 1 751 789 790
1453 2 2 2 1 751 790 752
1454 2 2 2 1 752 790 791
1455 2 2 2 1 752 791 753
1456 2 2 2 1 753 791 792
1457 2 2 2 1 753 792 754
1458 2 2 2 1 754 792 793
1459 2 2 2 1 754 793 755
1460 2 2 2 1 755 793 794
1461 2 2 2 1 755 794 756
1462 2 2 2 1 756 794 795
1463 2 2 2 1 756 795 757
1464 2 2 2 1 757 795 796
1465 2 2 2 1 757 796 758
1466 2 2 2 1 758 796 797
1467 2 2 2 1 758 797 759
1468 2 2 2 1 759 797 798
1469 2 2 2 1 759 798 760
1470 2 2 2 1 760 798 799
1471 2 2 2 1 760 799 761
1472 2 2 2 1 761 799 800
1473 2 2 2 1 761 800 762
1474 2 2 2 1 762 800 801
1475 2 2 2 1 762 801 763
1476 2 2 2 1 763 801 802
1477 2 2 2 1 763 802 764
1478 2 2 2 1 764 802 803
1479 2 2 2 1 764 803 765
1480 2 2 2 1 765 803 804
1481 2 2 2 1 765 804 766
1482 2 2 2 1 766 804 805
1483 2 2 2 1 766 805 767
1484 2 2 2 1 767 805 806
1485 2 2 2 1 767 806 768
1486 2 2 2 1 768 806 807
1487 2 2 2 1 768 807 769
1488 2 2 2 1 769 807 808
1489 2 2 2 1 769 808 770
1490 2 2 2 1 770 808 809
1491 2 2 2 1 770 809 771
1492 2 2 2 1 771 809 810
1493 2 2 2 1 771 810 772
1494 2 2 2 1 772 810 811
1495 2 2 2 1 772 811 773
1496 2 2 2 1 773 811 812
1497 2 2 2 1 773 812 774
1498 2 2 2 1 774 812 813
1499 2 2 2 1 774 813 775
1500 2 2 2 1 775 813 814
1501 2 2 2 1 775 814 776
1502 2 2 2 1 776 814 815
1503 2 2 2 1 776 815 777
1504 2 2 2 1 777 815 816
1505 2 2 2 1 777 816 778
1506 2 2 2 1 778 816 817
1507 2 2 2 1 778 817 779
1508 2 2 2 1 779 817 818
1509 2 2 2 1 779 818 780
1510 2 2 2 1 780 818 819
1511 2 2 2 1 780 819 781
1512 2 2 2 1 781 819 820
1513 2 2 2 1 781 820 782
1514 2 2 2 1 782 820 821
1515 2 2 2 1 782 821 783
1516 2 2 2 1 783 821 822
1517 2 2 2 1 783 822 784
1518 2 2 2 1 784 822 823
1519 2 2 2 1 784 823 106
1520 2 2 2 1 106 823 105
1521 2 2 2 1 21 22 785
1522 2 2 2 1 785 22 824
1523 2 2 2 1 785 824 786
1524 2 2 2 1 786 824 825
1525 2 2 2 1 786 825 787
1526 2 2 2 1 787 825 826
1527 2 2 2 1 787 826 788
1528 2 2 2 1 788 826 827
1529 2 2 2 1 788 827 789
1530 2 2 2 1 789 827 828
1531 2 2 2 1 789 828 790
1532 2 2 2 1 790 828 829
1533 2 2 2 1 790 829 791
1534 2 2 2 1 791 829 830
1535 2 2 2 1 791 830 792
1536 2 2 2 1 792 830 831
1537 2 2 2 1 792 831 793
1538 2 2 2 1 793 831 832
1539 2 2 2 1 793 832 794
1540 2 2 2 1 794 832 833
1541 2 2 2 1 794 833 795
1542 2 2 2 1 795 833 834
1543 2 2 2 1 795 834 796
1544 2 2 2 1 796 834 835
1545 2 2 2 1 796 835 797
1546 2 2 2 1 797 835 836
1547 2 2 2 1 797 836 798
1548 2 2 2 1 798 836 837
1549 2 2 2 1 798 837 799
1550 2 2 2 1 799 837 838
1551 2 2 2 1 799 838 800
1552 2 2 2 1 800 838 839
1553 2 2 2 1 800 839 801
1554 2 2 2 1 801 839 840
1555 2 2 2 1 801 840 802
1556 2 2 2 1 802 840 841
1557 2 2 2 1 802 841 803
1558 2 2 2 1 803 841 842
1559 2 2 2 1 803 842 804
1560 2 2 2 1 804 842 843
1561 2 2 2 1 804 843 805
1562 2 2 2 1 805 843 844
1563 2 2 2 1 805 844 806
1564 2 2 2 1 806 844 845
1565 2 2 2 1 806 845 807
1566 2 2 2 1 807 845 846
1567 2 2 2 1 807 846 808
1568 2 2 2 1 808 846 847
1569 2 2 2 1 808 847 809
1570 2 2 2 1 809 847 848
1571 2 2 2 1 809 848 810
1572 2 2 2 1 810 848 849
1573 2 2 2 1 810 849 811
1574 2 2 2 1 811 849 850
1575 2 2 2 1 811 850 812
1576 2 2 2 1 812 850 851
1577 2 2 2 1 812 851 813
1578 2 2 2 1 813 851 852
1579 2 2 2 1 813 852 814
1580 2 2 2 1 814 852 853
1581 2 2 2 1 814 853 815
1582 2 2 2 1 815 853 854
1583 2 2 2 1 815 854 816
1584 2 2 2 1 816 854 855
1585 2 2 2 1 816 855 817
1586 2 2 2 1 817 855 856
1587 2 2 2 1 817 856 818
1588 2 2 2 1 818 856 857
1589 2 2 2 1 818 857 819
1590 2 2 2 1 819 857 858
1591 2 2 2 1 819 858 820
1592 2 2 2 1 820 858 859
1593 2 2 2 1 820 859 821
1594 2 2 2 1 821 859 860
1595 2 2 2 1 821 860 822
1596 2 2 2 1 822 860 861
1597 2 2 2 1 822 861 823
1598 2 2 2 1 823 861 862
1599 2 2 2 1 823 862 105
1600 2 2 2 1 105 862 104
1601 2 2 2 1 22 23 824
1602 2 2 2 1 824 23 863
1603 2 2 2 1 824 863 825
1604 2 2 2 1 825 863 864
1605 2 2 2 1 825 864 826
1606 2 2 2 1 826 864 865
1607 2 2 2 1 826 865 827
1608 2 2 2 1 827 865 866
1609 2 2 2 1 827 866 828
1610 2 2 2 1 828 866 867
1611 2 2 2 1 828 867 829
1612 2 2 2 1 829 867 868
1613 2 2 2 1 829 868 830
1614 2 2 2 1 830 868 869
1615 2 2 2 1 830 869 831
1616 2 2 2 1 831 869 870
1617 2 2 2 1 831 870 832
1618 2 2 2 1 832 870 871
1619 2 2 2 1 832 871 833
1620 2 2 2 1 833 871 872
1621 2 2 2 1 833 872 834
1622 2 2 2 1 834 872 873
1623 2 2 2 1 834 873 835
1624 2 2 2 1 835 873 874
1625 2 2 2 1 835 874 836
1626 2 2 2 1 836 874 875
1627 2 2 2 1 836 875 837
1628 2 2 2 1 837 875 876
1629 2 2 2 1 837 876 838
1630 2 2 2 1 838 876 877
1631 2 2 2 1 838 877 839
1632 2 2 2 1 839 877 878
1633 2 2 2 1 839 878 840
1634 2 2 2 1 840 878 879
1635 2 2 2 1 840 879 841
1636 2 2 2 1 841 879 880
1637 2 2 2 1 841 880 842
1638 2 2 2 1 842 880 881
1639 2 2 2 1 842 881 843
1640 2 2 2 1 843 881 882
1641 2 2 2 1 843 882 844
1642 2 2 2 1 844 882 883
1643 2 2 2 1 844 883 845
1644 2 2 2 1 845 883 884
1645 2 2 2 1 845 884 846
1646 2 2 2 1 846 884 885
1647 2 2 2 1 846 885 847
1648 2 2 2 1 847 885 886
1649 2 2 2 1 847 886 848
1650 2 2 2 1 848 886 887
1651 2 2 2 1 848 887 849
1652 2 2 2 1 849 887 888
1653 2 2 2 1 849 888 850
1654 2 2 2 1 850 888 889
1655 2 2 2 1 850 889 851
1656 2 2 2 1 851 889 890
1657 2 2 2 1 851 890 852
1658 2 2 2 1 852 890 891
1659 2 2 2 1 852 891 853
1660 2 2 2 1 853 891 892
1661 2 2 2 1 853 892 854
1662 2 2 2 1 854 892 893
1663 2 2 2 1 854 893 855
1664 2 2 2 1 855 893 894
1665 2 2 2 1 855 894 856
1666 2 2 2 1 856 894 895
1667 2 2 2 1 856 895 857
1668 2 2 2 1 857 895 896
1669 2 2 2 1 857 896 858
1670 2 2 2 1 858 896 897
1671 2 2 2 1 858 897 859
1672 2 2 2 1 859 897 898
1673 2 2 2 1 859 898 860
1674 2 2 2 1 860 898 899
1675 2 2 2 1 860 899 861
1676 2 2 2 1 861 899 900
1677 2 2 2 1 861 900 862
1678 2 2 2 1 862 900 901
1679 2 2 2 1 862 901 104
1680 2 2 2 1 104 901 103
1681 2 2 2 1 23 24 863
1682 2 2 2 1 863 24 902
1683 2 2 2 1 863 902 864
1684 2 2 2 1 864 902 903
1685 2 2 2 1 864 903 865
1686 2 2 2 1 865 903 904
1687 2 2 2 1 865 904 866
1688 2 2 2 1 866 904 905
1689 2 2 2 1 866 905 867
1690 2 2 2 1 867 905 906
1691 2 2 2 1 867 906 868
1692 2 2 2 1 868 906 907
1693 2 2 2 1 868 907 869
1694 2 2 2 1 869 907 908
1695 2 2 2 1 869 908 870
1696 2 2 2 1 870 908 909
1697 2 2 2 1 870 909 871
1698 2 2 2 1 871 909 910
1699 2 2 2 1 871 910 872
1700 2 2 2 1 872 910 911
1701 2 2 2 1 872 911 873
1702 2 2 2 1 873 911 912
1703 2 2 2 1 873 912 874
1704 2 2 2 1 874 912 913
1705 2 2 2 1 874 913 875
1706 2 2 2 1 875 913 914
1707 2 2 2 1 875 914 876
1708 2 2 2 1 876 914 915
1709 2 2 2 1 876 915 877
1710 2 2 2 1 877 915 916
1711 2 2 2 1 877 916 878
1712 2 2 2 1 878 916 917
1713 2 2 2 1 878 917 879
1714 2 2 2 1 879 917 918
1715 2 2 2 1 879 918 880
1716 2 2 2 1 880 918 919
1717 2 2 2 1 880 919 881
1718 2 2 2 1 881 919 920
1719 2 2 2 1 881 920 882
1720 2 2 2 1 882 920 921
1721 2 2 2 1 882 921 883
1722 2 2 2 1 883 921 922
1723 2 2 2 1 883 922 884
1724 2 2 2 1 884 922 923
1725 2 2 2 1 884 923 885
1726 2 2 2 1 885 923 924
1727 2 2 2 1 885 924 886
1728 2 2 2 1 886 924 925
1729 2 2 2 1 886 925 887
1730 2 2 2 1 887 925 926
1731 2 2 2 1 887 926 888
1732 2 2 2 1 888 926 927
1733 2 2 2 1 888 927 889
1734 2 2 2 1 889 927 928
1735 2 2 2 1 889 928 890
1736 2 2 2 1 890 928 929
1737 2 2 2 1 890 929 891
1738 2 2 2 1 891 929 930
1739 2 2 2 1 891 930 892
1740 2 2 2 1 892 930 931
1741 2 2 2 1 892 931 893
1742 2 2 2 1 893 931 932
1743 2 2 2 1 893 932 894
1744 2 2 2 1 894 932 933
1745 2 2 2 1 894 933 895
1746 2 2 2 1 895 933 934
1747 2 2 2 1 895 934 896
1748 2 2 2 1 896 934 935
1749 2 2 2 1 896 935 897
1750 2 2 2 1 897 935 936
1751 2 2 2 1 897 936 898
1752 2 2 2 1 898 936 937
1753 2 2 2 1 898 937 899
1754 2 2 2 1 899 937 938
1755 2 2 2 1 899 938 900
1756 2 2 2 1 900 938 939
1757 2 2 2 1 900 939 901
1758 2 2 2 1 901 939 940
1759 2 2 2 1 901 940 103
1760 2 2 2 1 103 940 102
1761 2 2 2 1 24 25 902
1762 2 2 2 1 902 25 941
1763 2 2 2 1 902 941 903
1764 2 2 2 1 903 941 942
1765 2 2 2 1 903 942 904
1766 2 2 2 1 904 942 943
1767 2 2 2 1 904 943 905
1768 2 2 2 1 905 943 944
1769 2 2 2 1 905 944 906
1770 2 2 2 1 906 944 945
1771 2 2 2 1 906 945 907
1772 2 2 2 1 907 945 946
1773 2 2 2 1 907 946 908
1774 2 2 2 1 908 946 947
1775 2 2 2 1 908 947 909
1776 2 2 2 1 909 947 948
1777 2 2 2 1 909 948 910
1778 2 2 2 1 910 948 949
1779 2 2 2 1 910 949 911
1780 2 2 2 1 911 949 950
1781 2 2 2 1 911 950 912
1782 2 2 2 1 912 950 951
1783 2 2 2 1 912 951 913
1784 2 2 2 1 913 951 952
1785 2 2 2 1 913 952 914
1786 2 2 2 1 914 952 953
1787 2 2 2 1 914 953 915
1788 2 2 2 1 915 953 954
1789 2 2 2 1 915 954 916
1790 2 2 2 1 916 954 955
1791 2 2 2 1 916 955 917
1792 2 2 2 1 917 955 956
1793 2 2 2 1 917 956 918
1794 2 2 2 1 918 956 957
1795 2 2 2 1 918 957 919
1796 2 2 2 1 919 957 958
1797 2 2 2 1 919 958 920
1798 2 2 2 1 920 958 959
1799 2 2 2 1 920 959 921
1800 2 2 2 1 921 959 960
1801 2 2 2 1 921 960 922
1802 2 2 2 1 922 960 961
1803 2 2 2 1 922 961 923
1804 2 2 2 1 923 961 962
1805 2 2 2 1 923 962 924
1806 2 2 2 1 924 962 963
1807 2 2 2 1 924 963 925
1808 2 2 2 1 925 963 964
1809 2 2 2 1 925 964 926
1810 2 2 2 1 926 964 965
1811 2 2 2 1 926 965 927
1812 2 2 2 1 927 965 966
1813 2 2 2 1 927 966 928
1814 2 2 2 1 928 966 967
1815 2 2 2 1 928 967 929
1816 2 2 2 1 929 967 968
1817 2 2 2 1 929 968 930
1818 2 2 2 1 930 968 969
1819 2 2 2 1 930 969 931
1820 2 2 2 1 931 969 970
1821 2 2 2 1 931 970 932
1822 2 2 2 1 932 970 971
1823 2 2 2 1 932 971 933
1824 2 2 2 1 933 971 972
1825 2 2 2 1 933 972 934
1826 2 2 2 1 934 972 973
1827 2 2 2 1 934 973 935
1828 2 2 2 1 935 973 974
1829 2 2 2 1 935 974 936
1830 2 2 2 1 936 974 975
1831 2 2 2 1 936 975 937
1832 2 2 2 1 937 975 976
1833 2 2 2 1 937 976 938
1834 2 2 2 1 938 976 977
1835 2 2 2 1 938 977 939
1836 2 2 2 1 939 977 978
1837 2 2 2 1 939 978 940
1838 2 2 2 1 940 978 979
1839 2 2 2 1 940 979 102
1840 2 2 2 1 102 979 101
1841 2 2 2 1 25 26 941
1842 2 2 2 1 941 26 980
1843 2 2 2 1 941 980 942
1844 2 2 2 1 942 980 981
1845 2 2 2 1 942 981 943
1846 2 2 2 1 943 981 982
1847 2 2 2 1 943 982 944
1848 2 2 2 1 944 982 983
1849 2 2 2 1 944 983 945
1850 2 2 2 1 945 983 984
1851 2 2 2 1 945 984 946
1852 2 2 2 1 946 984 985
1853 2 2 2 1 946 985 947
1854 2 2 2 1 947 985 986
1855 2 2 2 1 947 986 948
1856 2 2 2 1 948 986 987
1857 2 2 2 1 948 987 949
1858 2 2 2 1 949 987 988
1859 2 2 2 1 949 988 950
1860 2 2 2 1 950 988 989
1861 2 2 2 1 950 989 951
1862 2 2 2 1 951 989 990
1863 2 2 2 1 951 990 952
1864 2 2 2 1 952 990 991
1865 2 2 2 1 952 991 953
1866 2 2 2 1 953 991 992
1867 2 2 2 1 953 992 954
1868 2 2 2 1 954 992 993
1869 2 2 2 1 954 993 955
1870 2 2 2 1 955 993 994
1871 2 2 2 1 955 994 956
1872 2 2 2 1 956 994 995
1873 2 2 2 1 956 995 957
1874 2 2 2 1 957 995 996
1875 2 2 2 1 957 996 958
1876 2 2 2 1 958 996 997
1877 2 2 2 1 958 997 959
1878 2 2 2 1 959 997 998
1879 2 2 2 1 959 998 960
1880 2 2 2 1 960 998 999
1881 2 2 2 1 960 999 961
1882 2 2 2 1 961 999 1000
1883 2 2 2 1 961 1000 962
1884 2 2 2 1 962 1000 1001
1885 2 2 2 1 962 1001 963
1886 2 2 2 1 963 1001 1002
1887 2 2 2 1 963 1002 964
1888 2 2 2 1 964 1002 1003
1889 2 2 2 1 964 1003 965
1890 2 2 2 1 965 1003 1004
1891 2 2 2 1 965 1004 966
1892 2 2 2 1 966 1004 1005
1893 2 2 2 1 966 1005 967
1894 2 2 2 1 967 1005 1006
1895 2 2 2 1 967 1006 968
1896 2 2 2 1 968 1006 1007
1897 2 2 2 1 968 1007 969
1898 2 2 2 1 969 1007 1008
1899 2 2 2 1 969 1008 970
1900 2 2 2 1 970 1008 1009
1901 2 2 2 1 970 1009 971
1902 2 2 2 1 971 1009 1010
1903 2 2 2 1 971 1010 972
1904 2 2 2 1 972 1010 1011
1905 2 2 2 1 972 1011 973
1906 2 2 2 1 973 1011 1012
1907 2 2 2 1 973 1012 974
1908 2 2 2 1 974 1012 1013
1909 2 2 2 1 974 1013 975
1910 2 2 2 1 975 1013 1014
1911 2 2 2 1 975 1014 976
1912 2 2 2 1 976 1014 1015
1913 2 2 2 1 976 1015 977
1914 2 2 2 1 977 1015 1016
1915 2 2 2 1 977 1016 978
1916 2 2 2 1 978 1016 1017
1917 2 2 2 1 978 1017 979
1918 2 2 2 1 979 1017 1018
1919 2 2 2 1 979 1018 101
1920 2 2 2 1 101 1018 100
1921 2 2 2 1 26 27 980
1922 2 2 2 1 980 27 1019
1923 2 2 2 1 980 1019 981
1924 2 2 2 1 981 1019 1020
1925 2 2 2 1 981 1020 982
1926 2 2 2 1 982 1020 1021
1927 2 2 2 1 982 1021 983
1928 2 2 2 1 983 1021 1022
1929 2 2 2 1 983 1022 984
1930 2 2 2 1 984 1022 1023
1931 2 2 2 1 984 1023 985
1932 2 2 2 1 985 1023 1024
1933 2 2 2 1 985 1024 986
1934 2 2 2 1 986 1024 1025
1935 2 2 2 1 986 1025 987
1936 2 2 2 1 987 1025 1026
1937 2 2 2 1 987 1026 988
1938 2 2 2 1 988 1026 1027
1939 2 2 2 1 988 1027 989
1940 2 2 2 1 989 1027 1028
1941 2 2 2 1 989 1028 990
1942 2 2 2 1 990 1028 1029
1943 2 2 2 1 990 1029 991
1944 2 2 2 1 991 1029 1030
1945 2 2 2 1 991 1030 992
1946 2 2 2 1 992 1030 1031
1947 2 2 2 1 992 1031 993
1948 2 2 2 1 993 1031 1032
1949 2 2 2 1 993 1032 994
1950 2 2 2 1 994 1032 1033
1951 2 2 2 1 994 1033 995
1952 2 2 2 1 995 1033 1034
1953 2 2 2 1 995 1034 996
1954 2 2 2 1 996 1034 1035
1955 2 2 2 1 996 1035 997
1956 2 2 2 1 997 1035 1036
1957 2 2 2 1 997 1036 998
1958 2 2 2 1 998 1036 1037
1959 2 2 2 1 998 1037 999
1960 2 2 2 1 999 1037 1038
1961 2 2 2 1 999 1038 1000
1962 2 2 2 1 1000 1038 1039
1963 2 2 2 1 1000 1039 1001
1964 2 2 2 1 1001 1039 1040
1965 2 2 2 1 1001 1040 1002
1966 2 2 2 1 1002 1040 1041
1967 2 2 2 1 1002 1041 1003
1968 2 2 2 1 1003 1041 1042
1969 2 2 2 1 1003 1042 1004
1970 2 2 2 1 1004 1042 1043
1971 2 2 2 1 1004 1043 1005
1972 2 2 2 1 1005 1043 1044
1973 2 2 2 1 1005 1044 1006
1974 2 2 2 1 1006 1044 1045
1975 2 2 2 1 1006 1045 1007
1976 2 2 2 1 1007 1045 1046
1977 2 2 2 1 1007 1046 1008
1978 2 2 2 1 1008 1046 1047
1979 2 2 2 1 1008 1047 1009
1980 2 2 2 1 1009 1047 1048
1981 2 2 2 1 1009 1048 1010
1982 2 2 2 1 1010 1048 1049
1983 2 2 2 1 1010 1049 1011
1984 2 2 2 1 1011 1049 1050
1985 2 2 2 1 1011 1050 1012
1986 2 2 2 1 1012 1050 1051
1987 2 2 2 1 1012 1051 1013
1988 2 2 2 1 1013 1051 1052
1989 2 2 2 1 1013 1052 1014
1990 2 2 2 1 1014 1052 1053
1991 2 2 2 1 1014 1053 1015
1992 2 2 2 1 1015 1053 1054
1993 2 2 2 1 1015 1054 1016
1994 2 2 2 1 1016 1054 1055
1995 2 2 2 1 1016 1055 1017
1996 2 2 2 1 1017 1055 1056
1997 2 2 2 1 1017 1056 1018
1998 2 2 2 1 1018 1056 1057
1999 2 2 2 1 1018 1057 100
2000 2 2 2 1 100 1057 99
2001 2 2 2 1 27 28 1019
2002 2 2 2 1 1019 28 1058
2003 2 2 2 1 1019 1058 1020
2004 2 2 2 1 1020 1058 1059
2005 2 2 2 1 1020 1059 1021
2006 2 2 2 1 1021 1059 1060
2007 2 2 2 1 1021 1060 1022
2008 2 2 2 1 1022 1060 1061
2009 2 2 2 1 1022 1061 1023
2010 2 2 2 1 1023 1061 1062
2011 2 2 2 1 1023 1062 1024
2012 2 2 2 1 1024 1062 1063
2013 2 2 2 1 1024 1063 1025
2014 2 2 2 1 1025 1063 1064
2015 2 2 2 1 1025 1064 1026
2016 2 2 2 1 1026 1064 1065
2017 2 2 2 1 1026 1065 1027
2018 2 2 2 1 1027 1065 1066
2019 2 2 2 1 1027 1066 1028
2020 2 2 2 1 1028 1066 1067
2021 2 2 2 1 1028 1067 1029
2022 2 2 2 1 1029 1067 1068
2023 2 2 2 1 1029 1068 1030
2024 2 2 2 1 1030 1068 1069
2025 2 2 2 1 1030 1069 1031
2026 2 2 2 1 1031 1069 1070
2027 2 2 2 1 1031 1070 1032
2028 2 2 2 1 1032 1070 1071
2029 2 2 2 1 1032 1071 1033
2030 2 2 2 1 1033 1071 1072
2031 2 2 2 1 1033 1072 1034
2032 2 2 2 1 1034 1072 1073
2033 2 2 2 1 1034 1073 1035
2034 2 2 2 1 1035 1073 1074
2035 2 2 2 1 1035 1074 1036
2036 2 2 2 1 1036 1074 1075
2037 2 2 2 1 1036 1075 1037
2038 2 2 2 1 1037 1075 1076
2039 2 2 2 1 1037 1076 1038
2040 2 2 2 1 1038 1076 1077
2041 2 2 2 1 1038 1077 1039
2042 2 2 2 1 1039 1077 1078
2043 2 2 2 1 1039 1078 1040
2044 2 2 2 1 1040 1078 1079
2045 2 2 2 1 1040 1079 1041
2046 2 2 2 1 1041 1079 1080
2047 2 2 2 1 1041 1080 1042
2048 2 2 2 1 1042 1080 1081
2049 2 2 2 1 1042 1081 1043
2050 2 2 2 1 1043 1081 1082
2051 2 2 2 1 1043 1082 1044
2052 2 2 2 1 1044 1082 1083
2053 2 2 2 1 1044 1083 1045
2054 2 2 2 1 1045 1083 1084
2055 2 2 2 1 1045 1084 1046
2056 2 2 2 1 1046 1084 1085
2057 2 2 2 1 1046 1085 1047
2058 2 2 2 1 1047 1085 1086
2059 2 2 2 1 1047 1086 1048
2060 2 2 2 1 1048 1086 1087
2061 2 2 2 1 1048 1087 1049
2062 2 2 2 1 1049 1087 1088
2063 2 2 2 1 1049 1088 1050
2064 2 2 2 1 1050 1088 1089
2065 2 2 2 1 1050 1089 1051
2066 2 2 2 1 1051 1089 1090
2067 2 2 2 1 1051 1090 1052
2068 2 2 2 1 1052 1090 1091
2069 2 2 2 1 1052 1091 1053
2070 2 2 2 1 1053 1091 1092
2071 2 2 2 1 1053 1092 1054
2072 2 2 2 1 1054 1092 1093
2073 2 2 2 1 1054 1093 1055
2074 2 2 2 1 1055 1093 1094
2075 2 2 2 1 1055 1094 1056
2076 2 2 2 1 1056 1094 1095
2077 2 2 2 1 1056 1095 1057
2078 2 2 2 1 1057 1095 1096
2079 2 2 2 1 1057 1096 99
2080 2 2 2 1 99 1096 98
2081 2 2 2 1 28 29 1058
2082 2 2 2 1 1058 29 1097
2083 2 2 2 1 1058 1097 1059
2084 2 2 2 1 1059 1097 1098
2085 2 2 2 1 1059 1098 1060
2086 2 2 2 1 1060 1098 1099
2087 2 2 2 1 1060 1099 1061
2088 2 2 2 1 1061 1099 1100
2089 2 2 2 1 1061 1100 1062
2090 2 2 2 1 1062 1100 1101
2091 2 2 2 1 1062 1101 1063
2092 2 2 2 1 1063 1101 1102
2093 2 2 2 1 1063 1102 1064
2094 2 2 2 1 1064 1102 1103
2095 2 2 2 1 1064 1103 1065
2096 2 2 2 1 1065 1103 1104
2097 2 2 2 1 1065 1104 1066
2098 2 2 2 1 1066 1104 1105
2099 2 2 2 1 1066 1105 1067
2100 2 2 2 1 1067 1105 1106
2101 2 2 2 1 1067 1106 1068
2102 2 2 2 1 1068 1106 1107
2103 2 2 2 1 1068 1107 1069
2104 2 2 2 1 1069 1107 1108
2105 2 2 2 1 1069 1108 1070
2106 2 2 2 1 1070 1108 1109
2107 2 2 2 1 1070 1109 1071
2108 2 2 2 1 1071 1109 1110
2109 2 2 2 1 1071 1110 1072
2110 2 2 2 1 1072 1110 1111
2111 2 2 2 1 1072 1111 1073
2112 2 2 2 1 1073 1111 1112
2113 2 2 2 1 1073 1112 1074
2114 2 2 2 1 1074 1112 1113
2115 2 2 2 1 1074 1113 1075
2116 2 2 2 1 1075 1113 1114
2117 2 2 2 1 1075 1114 1076
2118 2 2 2 1 1076 1114 1115
2119 2 2 2 1 1076 1115 1077
2120 2 2 2 1 1077 1115 1116
2121 2 2 2 1 1077 1116 1078
2122 2 2 2 1 1078 1116 1117
2123 2 2 2 1 1078 1117 1079
2124 2 2 2 1 1079 1117 1118
2125 2 2 2 1 1079 1118 1080
2126 2 2 2 1 1080 1118 1119
2127 2 2 2 1 1080 1119 1081
2128 2 2 2 1 1081 1119 1120
2129 2 2 2 1 1081 1120 1082
2130 2 2 2 1 1082 1120 1121
2131 2 2 2 1 1082 1121 1083
2132 2 2 2 1 1083 1121 1122
2133 2 2 2 1 1083 1122 1084
2134 2 2 2 1 1084 1122 1123
2135 2 2 2 1 1084 1123 1085
2136 2 2 2 1 1085 1123 1124
2137 2 2 2 1 1085 1124 1086
2138 2 2 2 1 1086 1124 1125
2139 2 2 2 1 1086 1125 1087
2140 2 2 2 1 1087 1125 1126
2141 2 2 2 1 1087 1126 1088
2142 2 2 2 1 1088 1126 1127
2143 2 2 2 1 1088 1127 1089
2144 2 2 2 1 1089 1127 1128
2145 2 2 2 1 1089 1128 1090
2146 2 2 2 1 1090 1128 1129
2147 2 2 2 1 1090 1129 1091
2148 2 2 2 1 1091 1129 1130
2149 2 2 2 1 1091 1130 1092
2150 2 2 2 1 1092 1130 1131
2151 2 2 2 1 1092 1131 1093
2152 2 2 2 1 1093 1131 1132
2153 2 2 2 1 1093 1132 1094
2154 2 2 2 1 1094 1132 1133
2155 2 2 2 1 1094 1133 1095
2156 2 2 2 1 1095 1133 1134
2157 2 2 2 1 1095 1134 1096
2158 2 2 2 1 1096 1134 1135
2159 2 2 2 1 1096 1135 98
2160 2 2 2 1 98 1135 97
2161 2 2 2 1 29 30 1097
2162 2 2 2 1 1097 30 1136
2163 2 2 2 1 1097 1136 1098
2164 2 2 2 1 1098 1136 1137
2165 2 2 2 1 1098 1137 1099
2166 2 2 2 1 1099 1137 1138
2167 2 2 2 1 1099 1138 1100
2168 2 2 2 1 1100 1138 1139
2169 2 2 2 1 1100 1139 1101
2170 2 2 2 1 1101 1139 1140
2171 2 2 2 1 1101 1140 1102
2172 2 2 2 1 1102 1140 1141
2173 2 2 2 1 1102 1141 1103
2174 2 2 2 1 1103 1141 1142
2175 2 2 2 1 1103 1142 1104
2176 2 2 2 1 1104 1142 1143
2177 2 2 2 1 1104 1143 1105
2178 2 2 2 1 1105 1143 1144
2179 2 2 2 1 1105 1144 1106
2180 2 2 2 1 1106 1144 1145
2181 2 2 2 1 1106 1145 1107
2182 2 2 2 1 1107 1145 1146
2183 2 2 2 1 1107 1146 1108
2184 2 2 2 1 1108 1146 1147
2185 2 2 2 1 1108 1147 1109
2186 2 2 2 1 1109 1147 1148
2187 2 2 2 1 1109 1148 1110
2188 2 2 2 1 1110 1148 1149
2189 2 2 2 1 1110 1149 1111
2190 2 2 2 1 1111 1149 1150
2191 2 2 2 1 1111 1150 1112
2192 2 2 2 1 1112 1150 1151
2193 2 2 2 1 1112 1151 1113
2194 2 2 2 1 1113 1151 1152
2195 2 2 2 1 1113 1152 1114
2196 2 2 2 1 1114 1152 1153
2197 2 2 2 1 1114 1153 1115
2198 2 2 2 1 1115 1153 1154
2199 2 2 2 1 1115 1154 1116
2200 2 2 2 1 1116 1154 1155
2201 2 2 2 1 1116 1155 1117
2202 2 2 2 1 1117 1155 1156
2203 2 2 2 1 1117 1156 1118
2204 2 2 2 1 1118 1156 1157
2205 2 2 2 1 1118 1157 1119
2206 2 2 2 1 1119 1157 1158
2207 2 2 2 1 1119 1158 1120
2208 2 2 2 1 1120 1158 1159
2209 2 2 2 1 1120 1159 1121
2210 2 2 2 1 1121 1159 1160
2211 2 2 2 1 1121 1160 1122
2212 2 2 2 1 1122 1160 1161
2213 2 2 2 1 1122 1161 1123
2214 2 2 2 1 1123 1161 1162
2215 2 2 2 1 1123 1162 1124
2216 2 2 2 1 1124 1162 1163
2217 2 2 2 1 1124 1163 1125
2218 2 2 2 1 1125 1163 1164
2219 2 2 2 1 1125 1164 1126
2220 2 2 2 1 1126 1164 1165
2221 2 2 2 1 1126 1165 1127
2222 2 2 2 1 1127 1165 1166
2223 2 2 2 1 1127 1166 1128
2224 2 2 2 1 1128 1166 1167
2225 2 2 2 1 1128 1167 1129
2226 2 2 2 1 1129 1167 1168
2227 2 2 2 1 1129 1168 1130
2228 2 2 2 1 1130 1168 1169
2229 2 2 2 1 1130 1169 1131
2230 2 2 2 1 1131 1169 1170
2231 2 2 2 1 1131 1170 1132
2232 2 2 2 1 1132 1170 1171
2233 2 2 2 1 1132 1171 1133
2234 2 2 2 1 1133 1171 1172
2235 2 2 2 1 1133 1172 1134
2236 2 2 2 1 1134 1172 1173
2237 2 2 2 1 1134 1173 1135
2238 2 2 2 1 1135 1173 1174
2239 2 2 2 1 1135 1174 97
2240 2 2 2 1 97 1174 96
2241 2 2 2 1 30 31 1136
2242 2 2 2 1 1136 31 1175
2243 2 2 2 1 1136 1175 1137
2244 2 2 2 1 1137 1175 1176
2245 2 2 2 1 1137 1176 1138
2246 2 2 2 1 1138 1176 1177
2247 2 2 2 1 1138 1177 1139
2248 2 2 2 1 1139 1177 1178
2249 2 2 2 1 1139 1178 1140
2250 2 2 2 1 1140 1178 1179
2251 2 2 2 1 1140 1179 1141
2252 2 2 2 1 1141 1179 1180
2253 2 2 2 1 1141 1180 1142
2254 2 2 2 1 1142 1180 1181
2255 2 2 2 1 1142 1181 1143
2256 2 2 2 1 1143 1181 1182
2257 2 2 2 1 1143 1182 1144
2258 2 2 2 1 1144 1182 1183
2259 2 2 2 1 1144 1183 1145
2260 2 2 2 1 1145 1183 1184
2261 2 2 2 1 1145 1184 1146
2262 2 2 2 1 1146 1184 1185
2263 2 2 2 1 1146 1185 1147
2264 2 2 2 1 1147 1185 1186
2265 2 2 2 1 1147 1186 1148
2266 2 2 2 1 1148 1186 1187
2267 2 2 2 1 1148 1187 1149
2268 2 2 2 1 1149 1187 1188
2269 2 2 2 1 1149 1188 1150
2270 2 2 2 1 1150 1188 1189
2271 2 2 2 1 1150 1189 1151
2272 2 2 2 1 1151 1189 1190
2273 2 2 2 1 1151 1190 1152
2274 2 2 2 1 1152 1190 1191
2275 2 2 2 1 1152 1191 1153
2276 2 2 2 1 1153 1191 1192
2277 2 2 2 1 1153 1192 1154
2278 2 2 2 1 1154 1192 1193
2279 2 2 2 1 1154 1193 1155
2280 2 2 2 1 1155 1193 1194
2281 2 2 2 1 1155 1194 1156
2282 2 2 2 1 1156 1194 1195
2283 2 2 2 1 1156 1195 1157
2284 2 2 2 1 1157 1195 1196
2285 2 2 2 1 1157 1196 1158
2286 2 2 2 1 1158 1196 1197
2287 2 2 2 1 1158 1197 1159
2288 2 2 2 1 1159 1197 1198
2289 2 2 2 1 1159 1198 1160
2290 2 2 2 1 1160 1198 1199
2291 2 2 2 1 1160 1199 1161
2292 2 2 2 1 1161 1199 1200
2293 2 2 2 1 1161 1200 1162
2294 2 2 2 1 1162 1200 1201
2295 2 2 2 1 1162 1201 1163
2296 2 2 2 1 1163 1201 1202
2297 2 2 2 1 1163 1202 1164
2298 2 2 2 1 1164 1202 1203
2299 2 2 2 1 1164 1203 1165
2300 2 2 2 1 1165 1203 1204
2301 2 2 2 1 1165 1204 1166
2302 2 2 2 1 1166 1204 1205
2303 2 2 2 1 1166 1205 1167
2304 2 2 2 1 1167 1205 1206
2305 2 2 2 1 1167 1206 1168
2306 2 2 2 1 1168 1206 1207
2307 2 2 2 1 1168 1207 1169
2308 2 2 2 1 1169 1207 1208
2309 2 2 2 1 1169 1208 1170
2310 2 2 2 1 1170 1208 1209
2311 2 2 2 1 1170 1209 1171
2312 2 2 2 1 1171 1209 1210
2313 2 2 2 1 1171 1210 1172
2314 2 2 2 1 1172 1210 1211
2315 2 2 2 1 1172 1211 1173
2316 2 2 2 1 1173 1211 1212
2317 2 2 2 1 1173 1212 1174
2318 2 2 2 1 1174 1212 1213
2319 2 2 2 1 1174 1213 96
2320 2 2 2 1 96 1213 95
2321 2 2 2 1 31 32 1175
2322 2 2 2 1 1175 32 1214
2323 2 2 2 1 1175 1214 1176
2324 2 2 2 1 1176 1214 1215
2325 2 2 2 1 1176 1215 1177
2326 2 2 2 1 1177 1215 1216
2327 2 2 2 1 1177 1216 1178
2328 2 2 2 1 1178 1216 1217
2329 2 2 2 1 1178 1217 1179
2330 2 2 2 1 1179 1217 1218
2331 2 2 2 1 1179 1218 1180
2332 2 2 2 1 1180 1218 1219
2333 2 2 2 1 1180 1219 1181
2334 2 2 2 1 1181 1219 1220
2335 2 2 2 1 1181 1220 1182
2336 2 2 2 1 1182 1220 1221
2337 2 2 2 1 1182 1221 1183
2338 2 2 2 1 1183 1221 1222
2339 2 2 2 1 1183 1222 1184
2340 2 2 2 1 1184 1222 1223
2341 2 2 2 1 1184 1223 1185
2342 2 2 2 1 1185 1223 1224
2343 2 2 2 1 1185 1224 1186
2344 2 2 2 1 1186 1224 1225
2345 2 2 2 1 1186 1225 1187
2346 2 2 2 1 1187 1225 1226
2347 2 2 2 1 1187 1226 1188
2348 2 2 2 1 1188 1226 1227
2349 2 2 2 1 1188 1227 1189
2350 2 2 2 1 1189 1227 1228
2351 2 2 2 1 1189 1228 1190
2352 2 2 2 1 1190 1228 1229
2353 2 2 2 1 1190 1229 1191
2354 2 2 2 1 1191 1229 1230
2355 2 2 2 1 1191 1230 1192
2356 2 2 2 1 1192 1230 1231
2357 2 2 2 1 1192 1231 1193
2358 2 2 2 1 1193 1231 1232
2359 2 2 2 1 1193 1232 1194
2360 2 2 2 1 1194 1232 1233
2361 2 2 2 1 1194 1233 1195
2362 2 2 2 1 1195 1233 1234
2363 2 2 2 1 1195 1234 1196
2364 2 2 2 1 1196 1234 1235
2365 2 2 2 1 1196 1235 1197
2366 2 2 2 1 1197 1235 1236
2367 2 2 2 1 1197 1236 1198
2368 2 2 2 1 1198 1236 1237
2369 2 2 2 1 1198 1237 1199
2370 2 2 2 1 1199 1237 1238
2371 2 2 2 1 1199 1238 1200
2372 2 2 2 1 1200 1238 1239
2373 2 2 2 1 1200 1239 1201
2374 2 2 2 1 1201 1239 1240
2375 2 2 2 1 1201 1240 1202
2376 2 2 2 1 1202 1240 1241
2377 2 2 2 1 1202 1241 1203
2378 2 2 2 1 1203 1241 1242
2379 2 2 2 1 1203 1242 1204
2380 2 2 2 1 1204 1242 1243
2381 2 2 2 1 1204 1243 1205
2382 2 2 2 1 1205 1243 1244
2383 2 2 2 1 1205 1244 1206
2384 2 2 2 1 1206 1244 1245
2385 2 2 2 1 1206 1245 1207
2386 2 2 2 1 1207 1245 1246
2387 2 2 2 1 1207 1246 1208
2388 2 2 2 1 1208 1246 1247
2389 2 2 2 1 1208 1247 1209
2390 2 2 2 1 1209 1247 1248
2391 2 2 2 1 1209 1248 1210
2392 2 2 2 1 1210 1248 1249
2393 2 2 2 1 1210 1249 1211
2394 2 2 2 1 1211 1249 1250
2395 2 2 2 1 1211 1250 1212
2396 2 2 2 1 1212 1250 1251
2397 2 2 2 1 1212 1251 1213
2398 2 2 2 1 1213 1251 1252
2399 2 2 2 1 1213 1252 95
2400 2 2 2 1 95 1252 94
2401 2 2 2 1 32 33 1214
2402 2 2 2 1 1214 33 1253
2403 2 2 2 1 1214 1253 1215
2404 2 2 2 1 1215 1253 1254
2405 2 2 2 1 1215 1254 1216
2406 2 2 2 1 1216 1254 1255
2407 2 2 2 1 1216 1255 1217
2408 2 2 2 1 1217 1255 1256
2409 2 2 2 1 1217 1256 1218
2410 2 2 2 1 1218 1256 1257
2411 2 2 2 1 1218 1257 1219
2412 2 2 2 1 1219 1257 1258
2413 2 2 2 1 1219 1258 1220
2414 2 2 2 1 1220 1258 1259
2415 2 2 2 1 1220 1259 1221
2416 2 2 2 1 1221 1259 1260
2417 2 2 2 1 1221 1260 1222
2418 2 2 2 1 1222 1260 1261
2419 2 2 2 1 1222 1261 1223
2420 2 2 2 1 1223 1261 1262
2421 2 2 2 1 1223 1262 1224
2422 2 2 2 1 1224 1262 1263
2423 2 2 2 1 1224 1263 1225
2424 2 2 2 1 1225 1263 1264
2425 2 2 2 1 1225 1264 1226
2426 2 2 2 1 1226 1264 1265
2427 2 2 2 1 1226 1265 1227
2428 2 2 2 1 1227 1265 1266
2429 2 2 2 1 1227 1266 1228
2430 2 2 2 1 1228 1266 1267
2431 2 2 2 1 1228 1267 1229
2432 2 2 2 1 1229 1267 1268
2433 2 2 2 1 1229 1268 1230
2434 2 2 2 1 1230 1268 1269
2435 2 2 2 1 1230 1269 1231
2436 2 2 2 1 1231 1269 1270
2437 2 2 2 1 1231 1270 1232
2438 2 2 2 1 1232 1270 1271
2439 2 2 2 1 1232 1271 1233
2440 2 2 2 1 1233 1271 1272
2441 2 2 2 1 1233 1272 1234
2442 2 2 2 1 1234 1272 1273
2443 2 2 2 1 1234 1273 1235
2444 2 2 2 1 1235 1273 1274
2445 2 2 2 1 1235 1274 1236
2446 2 2 2 1 1236 1274 1275
2447 2 2 2 1 1236 1275 1237
2448 2 2 2 1 1237 1275 1276
2449 2 2 2 1 1237 1276 1238
2450 2 2 2 1 1238 1276 1277
2451 2 2 2 1 1238 1277 1239
2452 2 2 2 1 1239 1277 1278
2453 2 2 2 1 1239 1278 1240
2454 2 2 2 1 1240 1278 1279
2455 2 2 2 1 1240 1279 1241
2456 2 2 2 1 1241 1279 1280
2457 2 2 2 1 1241 1280 1242
2458 2 2 2 1 1242 1280 1281
2459 2 2 2 1 1242 1281 1243
2460 2 2 2 1 1243 1281 1282
2461 2 2 2 1 1243 1282 1244
2462 2 2 2 1 1244 1282 1283
2463 2 2 2 1 1244 1283 1245
2464 2 2 2 1 1245 1283 1284
2465 2 2 2 1 1245 1284 1246
2466 2 2 2 1 1246 1284 1285
2467 2 2 2 1 1246 1285 1247
2468 2 2 2 1 1247 1285 1286
2469 2 2 2 1 1247 1286 1248
2470 2 2 2 1 1248 1286 1287
2471 2 2 2 1 1248 1287 1249
2472 2 2 2 1 1249 1287 1288
2473 2 2 2 1 1249 1288 1250
2474 2 2 2 1 1250 1288 1289
2475 2 2 2 1 1250 1289 1251
2476 2 2 2 1 1251 1289 1290
2477 2 2 2 1 1251 1290 1252
2478 2 2 2 1 1252 1290 1291
2479 2 2 2 1 1252 1291 94
2480 2 2 2 1 94 1291 93
2481 2 2 2 1 33 34 1253
2482 2 2 2 1 1253 34 1292
2483 2 2 2 1 1253 1292 1254
2484 2 2 2 1 1254 1292 1293
2485 2 2 2 1 1254 1293 1255
2486 2 2 2 1 1255 1293 1294
2487 2 2 2 1 1255 1294 1256
2488 2 2 2 1 1256 1294 1295
2489 2 2 2 1 1256 1295 1257
2490 2 2 2 1 1257 1295 1296
2491 2 2 2 1 1257 1296 1258
2492 2 2 2 1 1258 1296 1297
2493 2 2 2 1 1258 1297 1259
2494 2 2 2 1 1259 1297 1298
2495 2 2 2 1 1259 1298 1260
2496 2 2 2 1 1260 1298 1299
2497 2 2 2 1 1260 1299 1261
2498 2 2 2 1 1261 1299 1300
2499 2 2 2 1 1261 1300 1262
2500 2 2 2 1 1262 1300 1301
2501 2 2 2 1 1262 1301 1263
2502 2 2 2 1 1263 1301 1302
2503 2 2 2 1 1263 1302 1264
2504 2 2 2 1 1264 1302 1303
2505 2 2 2 1 1264 1303 1265
2506 2 2 2 1 1265 1303 1304
2507 2 2 2 1 1265 1304 1266
2508 2 2 2 1 1266 1304 1305
2509 2 2 2 1 1266 1305 1267
2510 2 2 2 1 1267 1305 1306
2511 2 2 2 1 1267 1306 1268
2512 2 2 2 1 1268 1306 1307
2513 2 2 2 1 1268 1307 1269
2514 2 2 2 1 1269 1307 1308
2515 2 2 2 1 1269 1308 1270
2516 2 2 2 1 1270 1308 1309
2517 2 2 2 1 1270 1309 1271
2518 2 2 2 1 1271 1309 1310
2519 2 2 2 1 1271 1310 1272
2520 2 2 2 1 1272 1310 1311
2521 2 2 2 1 1272 1311 1273
2522 2 2 2 1 1273 1311 1312
2523 2 2 2 1 1273 1312 1274
2524 2 2 2 1 1274 1312 1313
2525 2 2 2 1 1274 1313 1275
2526 2 2 2 1 1275 1313 1314
2527 2 2 2 1 1275 1314 1276
2528 2 2 2 1 1276 1314 1315
2529 2 2 2 1 1276 1315 1277
2530 2 2 2 1 1277 1315 1316
2531 2 2 2 1 1277 1316 1278
2532 2 2 2 1 1278 1316 1317
2533 2 2 2 1 1278 1317 1279
2534 2 2 2 1 1279 1317 1318
2535 2 2 2 1 1279 1318 1280
2536 2 2 2 1 1280 1318 1319
2537 2 2 2 1 1280 1319 1281
2538 2 2 2 1 1281 1319 1320
2539 2 2 2 1 1281 1320 1282
2540 2 2 2 1 1282 1320 1321
2541 2 2 2 1 1282 1321 1283
2542 2 2 2 1 1283 1321 1322
2543 2 2 2 1 1283 1322 1284
2544 2 2 2 1 1284 1322 1323
2545 2 2 2 1 1284 1323 1285
2546 2 2 2 1 1285 1323 1324
2547 2 2 2 1 1285 1324 1286
2548 2 2 2 1 1286 1324 1325
2549 2 2 2 1 1286 1325 1287
2550 2 2 2 1 1287 1325 1326
2551 2 2 2 1 1287 1326 1288
2552 2 2 2 1 1288 1326 1327
2553 2 2 2 1 1288 1327 1289
2554 2 2 2 1 1289 1327 1328
2555 2 2 2 1 1289 1328 1290
2556 2 2 2 1 1290 1328 1329
2557 2 2 2 1 1290 1329 1291
2558 2 2 2 1 1291 1329 1330
2559 2 2 2 1 1291 1330 93
2560 2 2 2 1 93 1330 92
2561 2 2 2 1 34 35 1292
2562 2 2 2 1 1292 35 1331
2563 2 2 2 1 1292 1331 1293
2564 2 2 2 1 1293 1331 1332
2565 2 2 2 1 1293 1332 1294
2566 2 2 2 1 1294 1332 1333
2567 2 2 2 1 1294 1333 1295
2568 2 2 2 1 1295 1333 1334
2569 2 2 2 1 1295 1334 1296
2570 2 2 2 1 1296 1334 1335
2571 2 2 2 1 1296 1335 1297
2572 2 2 2 1 1297 1335 1336
2573 2 2 2 1 1297 1336 1298
2574 2 2 2 1 1298 1336 1337
2575 2 2 2 1 1298 1337 1299
2576 2 2 2 1 1299 1337 1338
2577 2 2 2 1 1299 1338 1300
2578 2 2 2 1 1300 1338 1339
2579 2 2 2 1 1300 1339 1301
2580 2 2 2 1 1301 1339 1340
2581 2 2 2 1 1301 1340 1302
2582 2 2 2 1 1302 1340 1341
2583 2 2 2 1 1302 1341 1303
2584 2 2 2 1 1303 1341 1342
2585 2 2 2 1 1303 1342 1304
2586 2 2 2 1 1304 1342 1343
2587 2 2 2 1 1304 1343 1305
2588 2 2 2 1 1305 1343 1344
2589 2 2 2 1 1305 1344 1306
2590 2 2 2 1 1306 1344 1345
2591 2 2 2 1 1306 1345 1307
2592 2 2 2 1 1307 1345 1346
2593 2 2 2 1 1307 1346 1308
2594 2 2 2 1 1308 1346 1347
2595 2 2 2 1 1308 1347 1309
2596 2 2 2 1 1309 1347 1348
2597 2 2 2 1 1309 1348 1310
2598 2 2 2 1 1310 1348 1349
2599 2 2 2 1 1310 1349 1311
2600 2 2 2 1 1311 1349 1350
2601 2 2 2 1 1311 1350 1312
2602 2 2 2 1 1312 1350 1351
2603 2 2 2 1 1312 1351 1313
2604 2 2 2 1 1313 1351 1352
2605 2 2 2 1 1313 1352 1314
2606 2 2 2 1 1314 1352 1353
2607 2 2 2 1 1314 1353 1315
2608 2 2 2 1 1315 1353 1354
2609 2 2 2 1 1315 1354 1316
2610 2 2 2 1 1316 1354 1355
2611 2 2 2 1 1316 1355 1317
2612 2 2 2 1 1317 1355 1356
2613 2 2 2 1 1317 1356 1318
2614 2 2 2 1 1318 1356 1357
2615 2 2 2 1 1318 1357 1319
2616 2 2 2 1 1319 1357 1358
2617 2 2 2 1 1319 1358 1320
2618 2 2 2 1 1320 1358 1359
2619 2 2 2 1 1320 1359 1321
2620 2 2 2 1 1321 1359 1360
2621 2 2 2 1 1321 1360 1322
2622 2 2 2 1 1322 1360 1361
2623 2 2 2 1 1322 1361 1323
2624 2 2 2 1 1323 1361 1362
2625 2 2 2 1 1323 1362 1324
2626 2 2 2 1 1324 1362 1363
2627 2 2 2 1 1324 1363 1325
2628 2 2 2 1 1325 1363 1364
2629 2 2 2 1 1325 1364 1326
2630 2 2 2 1 1326 1364 1365
2631 2 2 2 1 1326 1365 1327
2632 2 2 2 1 1327 1365 1366
2633 2 2 2 1 1327 1366 1328
2634 2 2 2 1 1328 1366 1367
2635 2 2 2 1 1328 1367 1329
2636 2 2 2 1 1329 1367 1368
2637 2 2 2 1 1329 1368 1330
2638 2 2 2 1 1330 1368 1369
2639 2 2 2 1 1330 1369 92
2640 2 2 2 1 92 1369 91
2641 2 2 2 1 35 36 1331
2642 2 2 2 1 1331 36 1370
2643 2 2 2 1 1331 1370 1332
2644 2 2 2 1 1332 1370 1371
2645 2 2 2 1 1332 1371 1333
2646 2 2 2 1 1333 1371 1372
2647 2 2 2 1 1333 1372 1334
2648 2 2 2 1 1334 1372 1373
2649 2 2 2 1 1334 1373 1335
2650 2 2 2 1 1335 1373 1374
2651 2 2 2 1 1335 1374 1336
2652 2 2 2 1 1336 1374 1375
2653 2 2 2 1 1336 1375 1337
2654 2 2 2 1 1337 1375 1376
2655 2 2 2 1 1337 1376 1338
2656 2 2 2 1 1338 1376 1377
2657 2 2 2 1 1338 1377 1339
2658 2 2 2 1 1339 1377 1378
2659 2 2 2 1 1339 1378 1340
2660 2 2 2 1 1340 1378 1379
2661 2 2 2 1 1340 1379 1341
2662 2 2 2 1 1341 1379 1380
2663 2 2 2 1 1341 1380 1342
2664 2 2 2 1 1342 1380 1381
2665 2 2 2 1 1342 1381 1343
2666 2 2 2 1 1343 1381 1382
2667 2 2 2 1 1343 1382 1344
2668 2 2 2 1 1344 1382 1383
2669 2 2 2 1 1344 1383 1345
2670 2 2 2 1 1345 1383 1384
2671 2 2 2 1 1345 1384 1346
2672 2 2 2 1 1346 1384 1385
2673 2 2 2 1 1346 1385 1347
2674 2 2 2 1 1347 1385 1386
2675 2 2 2 1 1347 1386 1348
2676 2 2 2 1 1348 1386 1387
2677 2 2 2 1 1348 1387 1349
2678 2 2 2 1 1349 1387 1388
2679 2 2 2 1 1349 1388 1350
2680 2 2 2 1 1350 1388 1389
2681 2 2 2 1 1350 1389 1351
2682 2 2 2 1 1351 1389 1390
2683 2 2 2 1 1351 1390 1352
2684 2 2 2 1 1352 1390 1391
2685 2 2 2 1 1352 1391 1353
2686 2 2 2 1 1353 1391 1392
2687 2 2 2 1 1353 1392 1354
2688 2 2 2 1 1354 1392 1393
2689 2 2 2 1 1354 1393 1355
2690 2 2 2 1 1355 1393 1394
2691 2 2 2 1 1355 1394 1356
2692 2 2 2 1 1356 1394 1395
2693 2 2 2 1 1356 1395 1357
2694 2 2 2 1 1357 1395 1396
2695 2 2 2 1 1357 1396 1358
2696 2 2 2 1 1358 1396 1397
2697 2 2 2 1 1358 1397 1359
2698 2 2 2 1 1359 1397 1398
2699 2 2 2 1 1359 1398 1360
2700 2 2 2 1 1360 1398 1399
2701 2 2 2 1 1360 1399 1361
2702 2 2 2 1 1361 1399 1400
2703 2 2 2 1 1361 1400 1362
2704 2 2 2 1 1362 1400 1401
2705 2 2 2 1 1362 1401 1363
2706 2 2 2 1 1363 1401 1402
2707 2 2 2 1 1363 1402 1364
2708 2 2 2 1 1364 1402 1403
2709 2 2 2 1 1364 1403 1365
2710 2 2 2 1 1365 1403 1404
2711 2 2 2 1 1365 1404 1366
2712 2 2 2 1 1366 1404 1405
2713 2 2 2 1 1366 1405 1367
2714 2 2 2 1 1367 1405 1406
2715 2 2 2 1 1367 1406 1368
2716 2 2 2 1 1368 1406 1407
2717 2 2 2 1 1368 1407 1369
2718 2 2 2 1 1369 1407 1408
2719 2 2 2 1 1369 1408 91
2720 2 2 2 1 91 1408 90
2721 2 2 2 1 36 37 1370
2722 2 2 2 1 1370 37 1409
2723 2 2 2 1 1370 1409 1371
2724 2 2 2 1 1371 1409 1410
2725 2 2 2 1 1371 1410 1372
2726 2 2 2 1 1372 1410 1411
2727 2 2 2 1 1372 1411 1373
2728 2 2 2 1 1373 1411 1412
2729 2 2 2 1 1373 1412 1374
2730 2 2 2 1 1374 1412 1413
2731 2 2 2 1 1374 1413 1375
2732 2 2 2 1 1375 1413 1414
2733 2 2 2 1 1375 1414 1376
2734 2 2 2 1 1376 1414 1415
2735 2 2 2 1 1376 1415 1377
2736 2 2 2 1 1377 1415 1416
2737 2 2 2 1 1377 1416 1378
2738 2 2 2 1 1378 1416 1417
2739 2 2 2 1 1378 1417 1379
2740 2 2 2 1 1379 1417 1418
2741 2 2 2 1 1379 1418 1380
2742 2 2 2 1 1380 1418 1419
2743 2 2 2 1 1380 1419 1381
2744 2 2 2 1 1381 1419 1420
2745 2 2 2 1 1381 1420 1382
2746 2 2 2 1 1382 1420 1421
2747 2 2 2 1 1382 1421 1383
2748 2 2 2 1 1383 1421 1422
2749 2 2 2 1 1383 1422 1384
2750 2 2 2 1 1384 1422 1423
2751 2 2 2 1 1384 1423 1385
2752 2 2 2 1 1385 1423 1424
2753 2 2 2 1 1385 1424 1386
2754 2 2 2 1 1386 1424 1425
2755 2 2 2 1 1386 1425 1387
2756 2 2 2 1 1387 1425 1426
2757 2 2 2 1 1387 1426 1388
2758 2 2 2 1 1388 1426 1427
2759 2 2 2 1 1388 1427 1389
2760 2 2 2 1 1389 1427 1428
2761 2 2 2 1 1389 1428 1390
2762 2 2 2 1 1390 1428 1429
2763 2 2 2 1 1390 1429 1391
2764 2 2 2 1 1391 1429 1430
2765 2 2 2 1 1391 1430 1392
2766 2 2 2 1 1392 1430 1431
2767 2 2 2 1 1392 1431 1393
2768 2 2 2 1 1393 1431 1432
2769 2 2 2 1 1393 1432 1394
2770 2 2 2 1 1394 1432 1433
2771 2 2 2 1 1394 1433 1395
2772 2 2 2 1 1395 1433 1434
2773 2 2 2 1 1395 1434 1396
2774 2 2 2 1 1396 1434 1435
2775 2 2 2 1 1396 1435 1397
2776 2 2 2 1 1397 1435 1436
2777 2 2 2 1 1397 1436 1398
2778 2 2 2 1 1398 1436 1437
2779 2 2 2 1 1398 1437 1399
2780 2 2 2 1 1399 1437 1438
2781 2 2 2 1 1399 1438 1400
2782 2 2 2 1 1400 1438 1439
2783 2 2 2 1 1400 1439 1401
2784 2 2 2 1 1401 1439 1440
2785 2 2 2 1 1401 1440 1402
2786 2 2 2 1 1402 1440 1441
2787 2 2 2 1 1402 1441 1403
2788 2 2 2 1 1403 1441 1442
2789 2 2 2 1 1403 1442 1404
2790 2 2 2 1 1404 1442 1443
2791 2 2 2 1 1404 1443 1405
2792 2 2 2 1 1405 1443 1444
2793 2 2 2 1 1405 1444 1406
2794 2 2 2 1 1406 1444 1445
2795 2 2 2 1 1406 1445 1407
2796 2 2 2 1 1407 1445 1446
2797 2 2 2 1 1407 1446 1408
2798 2 2 2 1 1408 1446 1447
2799 2 2 2 1 1408 1447 90
2800 2 2 2 1 90 1447 89
2801 2 2 2 1 37 38 1409
2802 2 2 2 1 1409 38 1448
2803 2 2 2 1 1409 1448 1410
2804 2 2 2 1 1410 1448 1449
2805 2 2 2 1 1410 1449 1411
2806 2 2 2 1 1411 1449 1450
2807 2 2 2 1 1411 1450 1412
2808 2 2 2 1 1412 1450 1451
2809 2 2 2 1 1412 1451 1413
2810 2 2 2 1 1413 1451 1452
2811 2 2 2 1 1413 1452 1414
2812 2 2 2 1 1414 1452 1453
2813 2 2 2 1 1414 1453 1415
2814 2 2 2 1 1415 1453 1454
2815 2 2 2 1 1415 1454 1416
2816 2 2 2 1 1416 1454 1455
2817 2 2 2 1 1416 1455 1417
2818 2 2 2 1 1417 1455 1456
2819 2 2 2 1 1417 1456 1418
2820 2 2 2 1 1418 1456 1457
2821 2 2 2 1 1418 1457 1419
2822 2 2 2 1 1419 1457 1458
2823 2 2 2 1 1419 1458 1420
2824 2 2 2 1 1420 1458 1459
2825 2 2 2 1 1420 1459 1421
2826 2 2 2 1 1421 1459 1460
2827 2 2 2 1 1421 1460 1422
2828 2 2 2 1 1422 1460 1461
2829 2 2 2 1 1422 1461 1423
2830 2 2 2 1 1423 1461 1462
2831 2 2 2 1 1423 1462 1424
2832 2 2 2 1 1424 1462 1463
2833 2 2 2 1 1424 1463 1425
2834 2 2 2 1 1425 1463 1464
2835 2 2 2 1 1425 1464 1426
2836 2 2 2 1 1426 1464 1465
2837 2 2 2 1 1426 1465 1427
2838 2 2 2 1 1427 1465 1466
2839 2 2 2 1 1427 1466 1428
2840 2 2 2 1 1428 1466 1467
2841 2 2 2 1 1428 1467 1429
2842 2 2 2 1 1429 1467 1468
2843 2 2 2 1 1429 1468 1430
2844 2 2 2 1 1430 1468 1469
2845 2 2 2 1 1430 1469 1431
2846 2 2 2 1 1431 1469 1470
2847 2 2 2 1 1431 1470 1432
2848 2 2 2 1 1432 1470 1471
2849 2 2 2 1 1432 1471 1433
2850 2 2 2 1 1433 1471 1472
2851 2 2 2 1 1433 1472 1434
2852 2 2 2 1 1434 1472 1473
2853 2 2 2 1 1434 1473 1435
2854 2 2 2 1 1435 1473 1474
2855 2 2 2 1 1435 1474 1436
2856 2 2 2 1 1436 1474 1475
2857 2 2 2 1 1436 1475 1437
2858 2 2 2 1 1437 1475 1476
2859 2 2 2 1 1437 1476 1438
2860 2 2 2 1 1438 1476 1477
2861 2 2 2 1 1438 1477 1439
2862 2 2 2 1 1439 1477 1478
2863 2 2 2 1 1439 1478 1440
2864 2 2 2 1 1440 1478 1479
2865 2 2 2 1 1440 1479 1441
2866 2 2 2 1 1441 1479 1480
2867 2 2 2 1 1441 1480 1442
2868 2 2 2 1 1442 1480 1481
2869 2 2 2 1 1442 1481 1443
2870 2 2 2 1 1443 1481 1482
2871 2 2 2 1 1443 1482 1444
2872 2 2 2 1 1444 1482 1483
2873 2 2 2 1 1444 1483 1445
2874 2 2 2 1 1445 1483 1484
2875 2 2 2 1 1445 1484 1446
2876 2 2 2 1 1446 1484 1485
2877 2 2 2 1 1446 1485 1447
2878 2 2 2 1 1447 1485 1486
2879 2 2 2 1 1447 1486 89
2880 2 2 2 1 89 1486 88
2881 2 2 2 1 38 39 1448
2882 2 2 2 1 1448 39 1487
2883 2 2 2 1 1448 1487 1449
2884 2 2 2 1 1449 1487 1488
2885 2 2 2 1 1449 1488 1450
2886 2 2 2 1 1450 1488 1489
2887 2 2 2 1 1450 1489 1451
2888 2 2 2 1 1451 1489 1490
2889 2 2 2 1 1451 1490 1452
2890 2 2 2 1 1452 1490 1491
2891 2 2 2 1 1452 1491 1453
2892 2 2 2 1 1453 1491 1492
2893 2 2 2 1 1453 1492 1454
2894 2 2 2 1 1454 1492 1493
2895 2 2 2 1 1454 1493 1455
2896 2 2 2 1 1455 1493 1494
2897 2 2 2 1 1455 1494 1456
2898 2 2 2 1 1456 1494 1495
2899 2 2 2 1 1456 1495 1457
2900 2 2 2 1 1457 1495 1496
2901 2 2 2 1 1457 1496 1458
2902 2 2 2 1 1458 1496 1497
2903 2 2 2 1 1458 1497 1459
2904 2 2 2 1 1459 1497 1498
2905 2 2 2 1 1459 1498 1460
2906 2 2 2 1 1460 1498 1499
2907 2 2 2 1 1460 1499 1461
2908 2 2 2 1 1461 1499 1500
2909 2 2 2 1 1461 1500 1462
2910 2 2 2 1 1462 1500 1501
2911 2 2 2 1 1462 1501 1463
2912 2 2 2 1 1463 1501 1502
2913 2 2 2 1 1463 1502 1464
2914 2 2 2 1 1464 1502 1503
2915 2 2 2 1 1464 1503 1465
2916 2 2 2 1 1465 1503 1504
2917 2 2 2 1 1465 1504 1466
2918 2 2 2 1 1466 1504 1505
2919 2 2 2 1 1466 1505 1467
2920 2 2 2 1 1467 1505 1506
2921 2 2 2 1 1467 1506 1468
2922 2 2 2 1 1468 1506 1507
2923 2 2 2 1 1468 1507 1469
2924 2 2 2 1 1469 1507 1508
2925 2 2 2 1 1469 1508 1470
2926 2 2 2 1 1470 1508 1509
2927 2 2 2 1 1470 1509 1471
2928 2 2 2 1 1471 1509 1510
2929 2 2 2 1 1471 1510 1472
2930 2 2 2 1 1472 1510 1511
2931 2 2 2 1 1472 1511 1473
2932 2 2 2 1 1473 1511 1512
2933 2 2 2 1 1473 1512 1474
2934 2 2 2 1 1474 1512 1513
2935 2 2 2 1 1474 1513 1475
2936 2 2 2 1 1475 1513 1514
2937 2 2 2 1 1475 1514 1476
2938 2 2 2 1 1476 1514 1515
2939 2 2 2 1 1476 1515 1477
2940 2 2 2 1 1477 1515 1516
2941 2 2 2 1 1477 1516 1478
2942 2 2 2 1 1478 1516 1517
2943 2 2 2 1 1478 1517 1479
2944 2 2 2 1 1479 1517 1518
2945 2 2 2 1 1479 1518 1480
2946 2 2 2 1 1480 1518 1519
2947 2 2 2 1 1480 1519 1481
2948 2 2 2 1 1481 1519 1520
2949 2 2 2 1 1481 1520 1482
2950 2 2 2 1 1482 1520 1521
2951 2 2 2 1 1482 1521 1483
2952 2 2 2 1 1483 1521 1522
2953 2 2 2 1 1483 1522 1484
2954 2 2 2 1 1484 1522 1523
2955 2 2 2 1 1484 1523 1485
2956 2 2 2 1 1485 1523 1524
2957 2 2 2 1 1485 1524 1486
2958 2 2 2 1 1486 1524 1525
2959 2 2 2 1 1486 1525 88
2960 2 2 2 1 88 1525 87
2961 2 2 2 1 39 40 1487
2962 2 2 2 1 1487 40 1526
2963 2 2 2 1 1487 1526 1488
2964 2 2 2 1 1488 1526 1527
2965 2 2 2 1 1488 1527 1489
2966 2 2 2 1 1489 1527 1528
2967 2 2 2 1 1489 1528 1490
2968 2 2 2 1 1490 1528 1529
2969 2 2 2 1 1490 1529 1491
2970 2 2 2 1 1491 1529 1530
2971 2 2 2 1 1491 1530 1492
2972 2 2 2 1 1492 1530 1531
2973 2 2 2 1 1492 1531 1493
2974 2 2 2 1 1493 1531 1532
2975 2 2 2 1 1493 1532 1494
2976 2 2 2 1 1494 1532 1533
2977 2 2 2 1 1494 1533 1495
2978 2 2 2 1 1495 1533 1534
2979 2 2 2 1 1495 1534 1496
2980 2 2 2 1 1496 1534 1535
2981 2 2 2 1 1496 1535 1497
2982 2 2 2 1 1497 1535 1536
2983 2 2 2 1 1497 1536 1498
2984 2 2 2 1 1498 1536 1537
2985 2 2 2 1 1498 1537 1499
2986 2 2 2 1 1499 1537 1538
2987 2 2 2 1 1499 1538 1500
2988 2 2 2 1 1500 1538 1539
2989 2 2 2 1 1500 1539 1501
2990 2 2 2 1 1501 1539 1540
2991 2 2 2 1 1501 1540 1502
2992 2 2 2 1 1502 1540 1541
2993 2 2 2 1 1502 1541 1503
2994 2 2 2 1 1503 1541 1542
2995 2 2 2 1 1503 1542 1504
2996 2 2 2 1 1504 1542 1543
2997 2 2 2 1 1504 1543 1505
2998 2 2 2 1 1505 1543 1544
2999 2 2 2 1 1505 1544 1506
3000 2 2 2 1 1506 1544 1545
3001 2 2 2 1 1506 1545 1507
3002 2 2 2 1 1507 1545 1546
3003 2 2 2 1 1507 1546 1508
3004 2 2 2 1 1508 1546 1547
3005 2 2 2 1 1508 1547 1509
3006 2 2 2 1 1509 1547 1548
3007 2 2 2 1 1509 1548 1510
3008 2 2 2 1 1510 1548 1549
3009 2 2 2 1 1510 1549 1511
3010 2 2 2 1 1511 1549 1550
3011 2 2 2 1 1511 1550 1512
3012 2 2 2 1 1512 1550 1551
3013 2 2 2 1 1512 1551 1513
3014 2 2 2 1 1513 1551 1552
3015 2 2 2 1 1513 1552 1514
3016 2 2 2 1 1514 1552 1553
3017 2 2 2 1 1514 1553 1515
3018 2 2 2 1 1515 1553 1554
3019 2 2 2 1 1515 1554 1516
3020 2 2 2 1 1516 1554 1555
3021 2 2 2 1 1516 1555 1517
3022 2 2 2 1 1517 1555 1556
3023 2 2 2 1 1517 1556 1518
3024 2 2 2 1 1518 1556 1557
3025 2 2 2 1 1518 1557 1519
3026 2 2 2 1 1519 1557 1558
3027 2 2 2 1 1519 1558 1520
3028 2 2 2 1 1520 1558 1559
3029 2 2 2 1 1520 1559 1521
3030 2 2 2 1 1521 1559 1560
3031 2 2 2 1 1521 1560 1522
3032 2 2 2 1 1522 1560 1561
3033 2 2 2 1 1522 1561 1523
3034 2 2 2 1 1523 1561 1562
3035 2 2 2 1 1523 1562 1524
3036 2 2 2 1 1524 1562 1563
3037 2 2 2 1 1524 1563 1525
3038 2 2 2 1 1525 1563 1564
3039 2 2 2 1 1525 1564 87
3040 2 2 2 1 87 1564 86
3041 2 2 2 1 40 41 1526
3042 2 2 2 1 1526 41 1565
3043 2 2 2 1 1526 1565 1527
3044 2 2 2 1 1527 1565 1566
3045 2 2 2 1 1527 1566 1528
3046 2 2 2 1 1528 1566 1567
3047 2 2 2 1 1528 1567 1529
3048 2 2 2 1 1529 1567 1568
3049 2 2 2 1 1529 1568 1530
3050 2 2 2 1 1530 1568 1569
3051 2 2 2 1 1530 1569 1531
3052 2 2 2 1 1531 1569 1570
3053 2 2 2 1 1531 1570 1532
3054 2 2 2 1 1532 1570 1571
3055 2 2 2 1 1532 1571 1533
3056 2 2 2 1 1533 1571 1572
3057 2 2 2 1 1533 1572 1534
3058 2 2 2 1 1534 1572 1573
3059 2 2 2 1 1534 1573 1535
3060 2 2 2 1 1535 1573 1574
3061 2 2 2 1 1535 1574 1536
3062 2 2 2 1 1536 1574 1575
3063 2 2 2 1 1536 1575 1537
3064 2 2 2 1 1537 1575 1576
3065 2 2 2 1 1537 1576 1538
3066 2 2 2 1 1538 1576 1577
3067 2 2 2 1 1538 1577 1539
3068 2 2 2 1 1539 1577 1578
3069 2 2 2 1 1539 1578 1540
3070 2 2 2 1 1540 1578 1579
3071 2 2 2 1 1540 1579 1541
3072 2 2 2 1 1541 1579 1580
3073 2 2 2 1 1541 1580 1542
3074 2 2 2 1 1542 1580 1581
3075 2 2 2 1 1542 1581 1543
3076 2 2 2 1 1543 1581 1582
3077 2 2 2 1 1543 1582 1544
3078 2 2 2 1 1544 1582 1583
3079 2 2 2 1 1544 1583 1545
3080 2 2 2 1 1545 1583 1584
3081 2 2 2 1 1545 1584 1546
3082 2 2 2 1 1546 1584 1585
3083 2 2 2 1 1546 1585 1547
3084 2 2 2 1 1547 1585 1586
3085 2 2 2 1 1547 1586 1548
3086 2 2 2 1 1548 1586 1587
3087 2 2 2 1 1548 1587 1549
3088 2 2 2 1 1549 1587 1588
3089 2 2 2 1 1549 1588 1550
3090 2 2 2 1 1550 1588 1589
3091 2 2 2 1 1550 1589 1551
3092 2 2 2 1 1551 1589 1590
3093 2 2 2 1 1551 1590 1552
3094 2 2 2 1 1552 1590 1591
3095 2 2 2 1 1552 1591 1553
3096 2 2 2 1 1553 1591 1592
3097 2 2 2 1 1553 1592 1554
3098 2 2 2 1 1554 1592 1593
3099 2 2 2 1 1554 1593 1555
3100 2 2 2 1 1555 1593 1594
3101 2 2 2 1 1555 1594 1556
3102 2 2 2 1 1556 1594 1595
3103 2 2 2 1 1556 1595 1557
3104 2 2 2 1 1557 1595 1596
3105 2 2 2 1 1557 1596 1558
3106 2 2 2 1 1558 1596 1597
3107 2 2 2 1 1558 1597 1559
3108 2 2 2 1 1559 1597 1598
3109 2 2 2 1 1559 1598 1560
3110 2 2 2 1 1560 1598 1599
3111 2 2 2 1 1560 1599 1561
3112 2 2 2 1 1561 1599 1600
3113 2 2 2 1 1561 1600 1562
3114 2 2 2 1 1562 1600 1601
3115 2 2 2 1 1562 1601 1563
3116 2 2 2 1 1563 1601 1602
3117 2 2 2 1 1563 1602 1564
3118 2 2 2 1 1564 1602 1603
3119 2 2 2 1 1564 1603 86
3120 2 2 2 1 86 1603 85
3121 2 2 2 1 41 42 1565
3122 2 2 2 1 1565 42 1604
3123 2 2 2 1 1565 1604 1566
3124 2 2 2 1 1566 1604 1605
3125 2 2 2 1 1566 1605 1567
3126 2 2 2 1 1567 1605 1606
3127 2 2 2 1 1567 1606 1568
3128 2 2 2 1 1568 1606 1607
3129 2 2 2 1 1568 1607 1569
3130 2 2 2 1 1569 1607 1608
3131 2 2 2 1 1569 1608 1570
3132 2 2 2 1 1570 1608 1609
3133 2 2 2 1 1570 1609 1571
3134 2 2 2 1 1571 1609 1610
3135 2 2 2 1 1571 1610 1572
3136 2 2 2 1 1572 1610 1611
3137 2 2 2 1 1572 1611 1573
3138 2 2 2 1 1573 1611 1612
3139 2 2 2 1 1573 1612 1574
3140 2 2 2 1 1574 1612 1613
3141 2 2 2 1 1574 1613 1575
3142 2 2 2 1 1575 1613 1614
3143 2 2 2 1 1575 1614 1576
3144 2 2 2 1 1576 1614 1615
3145 2 2 2 1 1576 1615 1577
3146 2 2 2 1 1577 1615 1616
3147 2 2 2 1 1577 1616 1578
3148 2 2 2 1 1578 1616 1617
3149 2 2 2 1 1578 1617 1579
3150 2 2 2 1 1579 1617 1618
3151 2 2 2 1 1579 1618 1580
3152 2 2 2 1 1580 1618 1619
3153 2 2 2 1 1580 1619 1581
3154 2 2 2 1 1581 1619 1620
3155 2 2 2 1 1581 1620 1582
3156 2 2 2 1 1582 1620 1621
3157 2 2 2 1 1582 1621 1583
3158 2 2 2 1 1583 1621 1622
3159 2 2 2 1 1583 1622 1584
3160 2 2 2 1 1584 1622 1623
3161 2 2 2 1 1584 1623 1585
3162 2 2 2 1 1585 1623 1624
3163 2 2 2 1 1585 1624 1586
3164 2 2 2 1 1586 1624 1625
3165 2 2 2 1 1586 1625 1587
3166 2 2 2 1 1587 1625 1626
3167 2 2 2 1 1587 1626 1588
3168 2 2 2 1 1588 1626 1627
3169 2 2 2 1 1588 1627 1589
3170 2 2 2 1 1589 1627 1628
3171 2 2 2 1 1589 1628 1590
3172 2 2 2 1 1590 1628 1629
3173 2 2 2 1 1590 1629 1591
3174 2 2 2 1 1591 1629 1630
3175 2 2 2 1 1591 1630 1592
3176 2 2 2 1 1592 1630 1631
3177 2 2 2 1 1592 1631 1593
3178 2 2 2 1 1593 1631 1632
3179 2 2 2 1 1593 1632 1594
3180 2 2 2 1 1594 1632 1633
3181 2 2 2 1 1594 1633 1595
3182 2 2 2 1 1595 1633 1634
3183 2 2 2 1 1595 1634 1596
3184 2 2 2 1 1596 1634 1635
3185 2 2 2 1 1596 1635 1597
3186 2 2 2 1 1597 1635 1636
3187 2 2 2 1 1597 1636 1598
3188 2 2 2 1 1598 1636 1637
3189 2 2 2 1 1598 1637 1599
3190 2 2 2 1 1599 1637 1638
3191 2 2 2 1 1599 1638 1600
3192 2 2 2 1 1600 1638 1639
3193 2 2 2 1 1600 1639 1601
3194 2 2 2 1 1601 1639 1640
3195 2 2 2 1 1601 1640 1602
3196 2 2 2 1 1602 1640 1641
3197 2 2 2 1 1602 1641 1603
3198 2 2 2 1 1603 1641 1642
3199 2 2 2 1 1603 1642 85
3200 2 2 2 1 85 1642 84
3201 2 2 2 1 42 43 1604
3202 2 2 2 1 1604 43 1643
3203 2 2 2 1 1604 1643 1605
3204 2 2 2 1 1605 1643 1644
3205 2 2 2 1 1605 1644 1606
3206 2 2 2 1 1606 1644 1645
3207 2 2 2 1 1606 1645 1607
3208 2 2 2 1 1607 1645 1646
3209 2 2 2 1 1607 1646 1608
3210 2 2 2 1 1608 1646 1647
3211 2 2 2 1 1608 1647 1609
3212 2 2 2 1 1609 1647 1648
3213 2 2 2 1 1609 1648 1610
3214 2 2 2 1 1610 1648 1649
3215 2 2 2 1 1610 1649 1611
3216 2 2 2 1 1611 1649 1650
3217 2 2 2 1 1611 1650 1612
3218 2 2 2 1 1612 1650 1651
3219 2 2 2 1 1612 1651 1613
3220 2 2 2 1 1613 1651 1652
3221 2 2 2 1 1613 1652 1614
3222 2 2 2 1 1614 1652 1653
3223 2 2 2 1 1614 1653 1615
3224 2 2 2 1 1615 1653 1654
3225 2 2 2 1 1615 1654 1616
3226 2 2 2 1 1616 1654 1655
3227 2 2 2 1 1616 1655 1617
3228 2 2 2 1 1617 1655 1656
3229 2 2 2 1 1617 1656 1618
3230 2 2 2 1 1618 1656 1657
3231 2 2 2 1 1618 1657 1619
3232 2 2 2 1 1619 1657 1658
3233 2 2 2 1 1619 1658 1620
3234 2 2 2 1 1620 1658 1659
3235 2 2 2 1 1620 1659 1621
3236 2 2 2 1 1621 1659 1660
3237 2 2 2 1 1621 1660 1622
3238 2 2 2 1 1622 1660 1661
3239 2 2 2 1 1622 1661 1623
3240 2 2 2 1 1623 1661 1662
3241 2 2 2 1 1623 1662 1624
3242 2 2 2 1 1624 1662 1663
3243 2 2 2 1 1624 1663 1625
3244 2 2 2 1 1625 1663 1664
3245 2 2 2 1 1625 1664 1626
3246 2 2 2 1 1626 1664 1665
3247 2 2 2 1 1626 1665 1627
3248 2 2 2 1 1627 1665 1666
3249 2 2 2 1 1627 1666 1628
3250 2 2 2 1 1628 1666 1667
3251 2 2 2 1 1628 1667 1629
3252 2 2 2 1 1629 1667 1668
3253 2 2 2 1 1629 1668 1630
3254 2 2 2 1 1630 1668 1669
3255 2 2 2 1 1630 1669 1631
3256 2 2 2 1 1631 1669 1670
3257 2 2 2 1 1631 1670 1632
3258 2 2 2 1 1632 1670 1671
3259 2 2 2 1 1632 1671 1633
3260 2 2 2 1 1633 1671 1672
3261 2 2 2 1 1633 1672 1634
3262 2 2 2 1 1634 1672 1673
3263 2 2 2 1 1634 1673 1635
3264 2 2 2 1 1635 1673 1674
3265 2 2 2 1 1635 1674 1636
3266 2 2 2 1 1636 1674 1675
3267 2 2 2 1 1636 1675 1637
3268 2 2 2 1 1637 1675 1676
3269 2 2 2 1 1637 1676 1638
3270 2 2 2 1 1638 1676 1677
3271 2 2 2 1 1638 1677 1639
3272 2 2 2 1 1639 1677 1678
3273 2 2 2 1 1639 1678 1640
3274 2 2 2 1 1640 1678 1679
3275 2 2 2 1 1640 1679 1641
3276 2 2 2 1 1641 1679 1680
3277 2 2 2 1 1641 1680 1642
3278 2 2 2 1 1642 1680 1681
3279 2 2 2 1 1642 1681 84
3280 2 2 2 1 84 1681 83
3281 2 2 2 1 43 2 1643
3282 2 2 2 1 1643 2 44
3283 2 2 2 1 1643 44 1644
3284 2 2 2 1 1644 44 45
3285 2 2 2 1 1644 45 1645
3286 2 2 2 1 1645 45 46
3287 2 2 2 1 1645 46 1646
3288 2 2 2 1 1646 46 47
3289 2 2 2 1 1646 47 1647
3290 2 2 2 1 1647 47 48
3291 2 2 2 1 1647 48 1648
3292 2 2 2 1 1648 48 49
3293 2 2 2 1 1648 49 1649
3294 2 2 2 1 1649 49 50
3295 2 2 2 1 1649 50 1650
3296 2 2 2 1 1650 50 51
3297 2 2 2 1 1650 51 1651
3298 2 2 2 1 1651 51 52
3299 2 2 2 1 1651 52 1652
3300 2 2 2 1 1652 52 53
3301 2 2 2 1 1652 53 1653
3302 2 2 2 1 1653 53 54
3303 2 2 2 1 1653 54 1654
3304 2 2 2 1 1654 54 55
3305 2 2 2 1 1654 55 1655
3306 2 2 2 1 1655 55 56
3307 2 2 2 1 1655 56 1656
3308 2 2 2 1 1656 56 57
3309 2 2 2 1 1656 57 1657
3310 2 2 2 1 1657 57 58
3311 2 2 2 1 1657 58 1658
3312 2 2 2 1 1658 58 59
3313 2 2 2 1 1658 59 1659
3314 2 2 2 1 1659 59 60
3315 2 2 2 1 1659 60 1660
3316 2 2 2 1 1660 60 61
3317 2 2 2 1 1660 61 1661
3318 2 2 2 1 1661 61 62
3319 2 2 2 1 1661 62 1662
3320 2 2 2 1 1662 62 63
3321 2 2 2 1 1662 63 1663
3322 2 2 2 1 1663 63 64
3323 2 2 2 1 1663 64 1664
3324 2 2 2 1 1664 64 65
3325 2 2 2 1 1664 65 1665
3326 2 2 2 1 1665 65 66
3327 2 2 2 1 1665 66 1666
3328 2 2 2 1 1666 66 67
3329 2 2 2 1 1666 67 1667
3330 2 2 2 1 1667 67 68
3331 2 2 2 1 1667 68 1668
3332 2 2 2 1 1668 68 69
3333 2 2 2 1 1668 69 1669
3334 2 2 2 1 1669 69 70
3335 2 2 2 1 1669 70 1670
3336 2 2 2 1 1670 70 71
3337 2 2 2 1 1670 71 1671
3338 2 2 2 1 1671 71 72
3339 2 2 2 1 1671 72 1672
3340 2 2 2 1 1672 72 73
3341 2 2 2 1 1672 73 1673
3342 2 2 2 1 1673 73 74
3343 2 2 2 1 1673 74 1674
3344 2 2 2 1 1674 74 75
3345 2 2 2 1 1674 75 1675
3346 2 2 2 1 1675 75 76
3347 2 2 2 1 1675 76 1676
3348 2 2 2 1 1676 76 77
3349 2 2 2 1 1676 77 1677
3350 2 2 2 1 1677 77 78
3351 2 2 2 1 1677 78 1678
3352 2 2 2 1 1678 78 79
3353 2 2 2 1 1678 79 1679
3354 2 2 2 1 1679 79 80
3355 2 2 2 1 1679 80 1680
3356 2 2 2 1 1680 80 81
3357 2 2 2 1 1680 81 1681
3358 2 2 2 1 1681 81 82
3359 2 2 2 1 1681 82 83
3360 2 2 2 1 83 82 3
$EndElements
