$MeshFormat
2.2 0 8
$EndMeshFormat
$PhysicalNames
2
1 1 "Fronteira_PEC"
2 2 "Dominio_Vacuo"
$EndPhysicalNames
$Nodes
6561
1 -3.141592653589793 -3.141592653589793 0
2 3.141592653589793 -3.141592653589793 0
3 3.141592653589793 3.141592653589793 0
4 -3.141592653589793 3.141592653589793 0
5 -3.063052837250248 -3.141592653589793 0
6 -2.984513020910616 -3.141592653589793 0
7 -2.905973204570984 -3.141592653589793 0
8 -2.827433388231352 -3.141592653589793 0
9 -2.748893571891807 -3.141592653589793 0
10 -2.670353755552262 -3.141592653589793 0
11 -2.59181393921263 -3.141592653589793 0
12 -2.513274122873067 -3.141592653589793 0
13 -2.434734306533539 -3.141592653589793 0
14 -2.356194490193907 -3.141592653589793 0
15 -2.277654673854327 -3.141592653589793 0
16 -2.199114857514921 -3.141592653589793 0
17 -2.120575041175358 -3.141592653589793 0
18 -2.042035224835761 -3.141592653589793 0
19 -1.963495408496267 -3.141592653589793 0
20 -1.884955592156731 -3.141592653589793 0
21 -1.806415775817229 -3.141592653589793 0
22 -1.727875959477666 -3.141592653589793 0
23 -1.649336143138164 -3.141592653589793 0
24 -1.570796326798627 -3.141592653589793 0
25 -1.492256510459091 -3.141592653589793 0
26 -1.413716694119589 -3.141592653589793 0
27 -1.335176877780026 -3.141592653589793 0
28 -1.256637061440524 -3.141592653589793 0
29 -1.178097245100988 -3.141592653589793 0
30 -1.099557428761356 -3.141592653589793 0
31 -1.021017612421828 -3.141592653589793 0
32 -0.9424777960823354 -3.141592653589793 0
33 -0.8639379797428077 -3.141592653589793 0
34 -0.7853981634032627 -3.141592653589793 0
35 -0.7068583470637173 -3.141592653589793 0
36 -0.6283185307241896 -3.141592653589793 0
37 -0.5497787143846971 -3.141592653589793 0
38 -0.4712388980451689 -3.141592653589793 0
39 -0.392699081705624 -3.141592653589793 0
40 -0.3141592653660785 -3.141592653589793 0
41 -0.2356194490265509 -3.141592653589793 0
42 -0.1570796326870583 -3.141592653589793 0
43 -0.07853981634753016 -3.141592653589793 0
44 -7.898126597183364e-12 -3.141592653589793 0
45 0.07853981633192486 -3.141592653589793 0
46 0.1570796326718513 -3.141592653589793 0
47 0.2356194490118999 -3.141592653589793 0
48 0.3141592653518268 -3.141592653589793 0
49 0.3926990816917364 -3.141592653589793 0
50 0.4712388980316473 -3.141592653589793 0
51 0.5497787143715738 -3.141592653589793 0
52 0.6283185307116224 -3.141592653589793 0
53 0.7068583470515488 -3.141592653589793 0
54 0.7853981633914588 -3.141592653589793 0
55 0.8639379797313698 -3.141592653589793 0
56 0.9424777960712794 -3.141592653589793 0
57 1.021017612411189 -3.141592653589793 0
58 1.099557428751099 -3.141592653589793 0
59 1.178097245091181 -3.141592653589793 0
60 1.256637061431264 -3.141592653589793 0
61 1.335176877771175 -3.141592653589793 0
62 1.413716694111084 -3.141592653589793 0
63 1.492256510450994 -3.141592653589793 0
64 1.570796326790903 -3.141592653589793 0
65 1.649336143130814 -3.141592653589793 0
66 1.727875959470724 -3.141592653589793 0
67 1.806415775810633 -3.141592653589793 0
68 1.884955592150543 -3.141592653589793 0
69 1.963495408490626 -3.141592653589793 0
70 2.042035224830709 -3.141592653589793 0
71 2.120575041170619 -3.141592653589793 0
72 2.199114857510529 -3.141592653589793 0
73 2.277654673850439 -3.141592653589793 0
74 2.356194490190348 -3.141592653589793 0
75 2.434734306530259 -3.141592653589793 0
76 2.513274122870169 -3.141592653589793 0
77 2.591813939210078 -3.141592653589793 0
78 2.670353755549987 -3.141592653589793 0
79 2.748893571890071 -3.141592653589793 0
80 2.827433388230154 -3.141592653589793 0
81 2.905973204570063 -3.141592653589793 0
82 2.984513020909973 -3.141592653589793 0
83 3.063052837249884 -3.141592653589793 0
84 3.141592653589793 -3.063052837250248 0
85 3.141592653589793 -2.984513020910616 0
86 3.141592653589793 -2.905973204570984 0
87 3.141592653589793 -2.827433388231352 0
88 3.141592653589793 -2.748893571891807 0
89 3.141592653589793 -2.670353755552262 0
90 3.141592653589793 -2.59181393921263 0
91 3.141592653589793 -2.513274122873067 0
92 3.141592653589793 -2.434734306533539 0
93 3.141592653589793 -2.356194490193907 0
94 3.141592653589793 -2.277654673854327 0
95 3.141592653589793 -2.199114857514921 0
96 3.141592653589793 -2.120575041175358 0
97 3.141592653589793 -2.042035224835761 0
98 3.141592653589793 -1.963495408496267 0
99 3.141592653589793 -1.884955592156731 0
100 3.141592653589793 -1.806415775817229 0
101 3.141592653589793 -1.727875959477666 0
102 3.141592653589793 -1.649336143138164 0
103 3.141592653589793 -1.570796326798627 0
104 3.141592653589793 -1.492256510459091 0
105 3.141592653589793 -1.413716694119589 0
106 3.141592653589793 -1.335176877780026 0
107 3.141592653589793 -1.256637061440524 0
108 3.141592653589793 -1.178097245100988 0
109 3.141592653589793 -1.099557428761356 0
110 3.141592653589793 -1.021017612421828 0
111 3.141592653589793 -0.9424777960823354 0
112 3.141592653589793 -0.8639379797428077 0
113 3.141592653589793 -0.7853981634032627 0
114 3.141592653589793 -0.7068583470637173 0
115 3.141592653589793 -0.6283185307241896 0
116 3.141592653589793 -0.5497787143846971 0
117 3.141592653589793 -0.4712388980451689 0
118 3.141592653589793 -0.392699081705624 0
119 3.141592653589793 -0.3141592653660785 0
120 3.141592653589793 -0.2356194490265509 0
121 3.141592653589793 -0.1570796326870583 0
122 3.141592653589793 -0.07853981634753016 0
123 3.141592653589793 -7.898126597183364e-12 0
124 3.141592653589793 0.07853981633192486 0
125 3.141592653589793 0.1570796326718513 0
126 3.141592653589793 0.2356194490118999 0
127 3.141592653589793 0.3141592653518268 0
128 3.141592653589793 0.3926990816917364 0
129 3.141592653589793 0.4712388980316473 0
130 3.141592653589793 0.5497787143715738 0
131 3.141592653589793 0.6283185307116224 0
132 3.141592653589793 0.7068583470515488 0
133 3.141592653589793 0.7853981633914588 0
134 3.141592653589793 0.8639379797313698 0
135 3.141592653589793 0.9424777960712794 0
136 3.141592653589793 1.021017612411189 0
137 3.141592653589793 1.099557428751099 0
138 3.141592653589793 1.178097245091181 0
139 3.141592653589793 1.256637061431264 0
140 3.141592653589793 1.335176877771175 0
141 3.141592653589793 1.413716694111084 0
142 3.141592653589793 1.492256510450994 0
143 3.141592653589793 1.570796326790903 0
144 3.141592653589793 1.649336143130814 0
145 3.141592653589793 1.727875959470724 0
146 3.141592653589793 1.806415775810633 0
147 3.141592653589793 1.884955592150543 0
148 3.141592653589793 1.963495408490626 0
149 3.141592653589793 2.042035224830709 0
150 3.141592653589793 2.120575041170619 0
151 3.141592653589793 2.199114857510529 0
152 3.141592653589793 2.277654673850439 0
153 3.141592653589793 2.356194490190348 0
154 3.141592653589793 2.434734306530259 0
155 3.141592653589793 2.513274122870169 0
156 3.141592653589793 2.591813939210078 0
157 3.141592653589793 2.670353755549987 0
158 3.141592653589793 2.748893571890071 0
159 3.141592653589793 2.827433388230154 0
160 3.141592653589793 2.905973204570063 0
161 3.141592653589793 2.984513020909973 0
162 3.141592653589793 3.063052837249884 0
163 3.063052837250248 3.141592653589793 0
164 2.984513020910616 3.141592653589793 0
165 2.905973204570984 3.141592653589793 0
166 2.827433388231352 3.141592653589793 0
167 2.748893571891807 3.141592653589793 0
168 2.670353755552262 3.141592653589793 0
169 2.59181393921263 3.141592653589793 0
170 2.513274122873067 3.141592653589793 0
171 2.434734306533539 3.141592653589793 0
172 2.356194490193907 3.141592653589793 0
173 2.277654673854327 3.141592653589793 0
174 2.199114857514921 3.141592653589793 0
175 2.120575041175358 3.141592653589793 0
176 2.042035224835761 3.141592653589793 0
177 1.963495408496267 3.141592653589793 0
178 1.884955592156731 3.141592653589793 0
179 1.806415775817229 3.141592653589793 0
180 1.727875959477666 3.141592653589793 0
181 1.649336143138164 3.141592653589793 0
182 1.570796326798627 3.141592653589793 0
183 1.492256510459091 3.141592653589793 0
184 1.413716694119589 3.141592653589793 0
185 1.335176877780026 3.141592653589793 0
186 1.256637061440524 3.141592653589793 0
187 1.178097245100988 3.141592653589793 0
188 1.099557428761356 3.141592653589793 0
189 1.021017612421828 3.141592653589793 0
190 0.9424777960823354 3.141592653589793 0
191 0.8639379797428077 3.141592653589793 0
192 0.7853981634032627 3.141592653589793 0
193 0.7068583470637173 3.141592653589793 0
194 0.6283185307241896 3.141592653589793 0
195 0.5497787143846971 3.141592653589793 0
196 0.4712388980451689 3.141592653589793 0
197 0.392699081705624 3.141592653589793 0
198 0.3141592653660785 3.141592653589793 0
199 0.2356194490265509 3.141592653589793 0
200 0.1570796326870583 3.141592653589793 0
201 0.07853981634753016 3.141592653589793 0
202 7.898126597183364e-12 3.141592653589793 0
203 -0.07853981633192486 3.141592653589793 0
204 -0.1570796326718513 3.141592653589793 0
205 -0.2356194490118999 3.141592653589793 0
206 -0.3141592653518268 3.141592653589793 0
207 -0.3926990816917364 3.141592653589793 0
208 -0.4712388980316473 3.141592653589793 0
209 -0.5497787143715738 3.141592653589793 0
210 -0.6283185307116224 3.141592653589793 0
211 -0.7068583470515488 3.141592653589793 0
212 -0.7853981633914588 3.141592653589793 0
213 -0.8639379797313698 3.141592653589793 0
214 -0.9424777960712794 3.141592653589793 0
215 -1.021017612411189 3.141592653589793 0
216 -1.099557428751099 3.141592653589793 0
217 -1.178097245091181 3.141592653589793 0
218 -1.256637061431264 3.141592653589793 0
219 -1.335176877771175 3.141592653589793 0
220 -1.413716694111084 3.141592653589793 0
221 -1.492256510450994 3.141592653589793 0
222 -1.570796326790903 3.141592653589793 0
223 -1.649336143130814 3.141592653589793 0
224 -1.727875959470724 3.141592653589793 0
225 -1.806415775810633 3.141592653589793 0
226 -1.884955592150543 3.141592653589793 0
227 -1.963495408490626 3.141592653589793 0
228 -2.042035224830709 3.141592653589793 0
229 -2.120575041170619 3.141592653589793 0
230 -2.199114857510529 3.141592653589793 0
231 -2.277654673850439 3.141592653589793 0
232 -2.356194490190348 3.141592653589793 0
233 -2.434734306530259 3.141592653589793 0
234 -2.513274122870169 3.141592653589793 0
235 -2.591813939210078 3.141592653589793 0
236 -2.670353755549987 3.141592653589793 0
237 -2.748893571890071 3.141592653589793 0
238 -2.827433388230154 3.141592653589793 0
239 -2.905973204570063 3.141592653589793 0
240 -2.984513020909973 3.141592653589793 0
241 -3.063052837249884 3.141592653589793 0
242 -3.141592653589793 3.063052837250248 0
243 -3.141592653589793 2.984513020910616 0
244 -3.141592653589793 2.905973204570984 0
245 -3.141592653589793 2.827433388231352 0
246 -3.141592653589793 2.748893571891807 0
247 -3.141592653589793 2.670353755552262 0
248 -3.141592653589793 2.59181393921263 0
249 -3.141592653589793 2.513274122873067 0
250 -3.141592653589793 2.434734306533539 0
251 -3.141592653589793 2.356194490193907 0
252 -3.141592653589793 2.277654673854327 0
253 -3.141592653589793 2.199114857514921 0
254 -3.141592653589793 2.120575041175358 0
255 -3.141592653589793 2.042035224835761 0
256 -3.141592653589793 1.963495408496267 0
257 -3.141592653589793 1.884955592156731 0
258 -3.141592653589793 1.806415775817229 0
259 -3.141592653589793 1.727875959477666 0
260 -3.141592653589793 1.649336143138164 0
261 -3.141592653589793 1.570796326798627 0
262 -3.141592653589793 1.492256510459091 0
263 -3.141592653589793 1.413716694119589 0
264 -3.141592653589793 1.335176877780026 0
265 -3.141592653589793 1.256637061440524 0
266 -3.141592653589793 1.178097245100988 0
267 -3.141592653589793 1.099557428761356 0
268 -3.141592653589793 1.021017612421828 0
269 -3.141592653589793 0.9424777960823354 0
270 -3.141592653589793 0.8639379797428077 0
271 -3.141592653589793 0.7853981634032627 0
272 -3.141592653589793 0.7068583470637173 0
273 -3.141592653589793 0.6283185307241896 0
274 -3.141592653589793 0.5497787143846971 0
275 -3.141592653589793 0.4712388980451689 0
276 -3.141592653589793 0.392699081705624 0
277 -3.141592653589793 0.3141592653660785 0
278 -3.141592653589793 0.2356194490265509 0
279 -3.141592653589793 0.1570796326870583 0
280 -3.141592653589793 0.07853981634753016 0
281 -3.141592653589793 7.898126597183364e-12 0
282 -3.141592653589793 -0.07853981633192486 0
283 -3.141592653589793 -0.1570796326718513 0
284 -3.141592653589793 -0.2356194490118999 0
285 -3.141592653589793 -0.3141592653518268 0
286 -3.141592653589793 -0.3926990816917364 0
287 -3.141592653589793 -0.4712388980316473 0
288 -3.141592653589793 -0.5497787143715738 0
289 -3.141592653589793 -0.6283185307116224 0
290 -3.141592653589793 -0.7068583470515488 0
291 -3.141592653589793 -0.7853981633914588 0
292 -3.141592653589793 -0.8639379797313698 0
293 -3.141592653589793 -0.9424777960712794 0
294 -3.141592653589793 -1.021017612411189 0
295 -3.141592653589793 -1.099557428751099 0
296 -3.141592653589793 -1.178097245091181 0
297 -3.141592653589793 -1.256637061431264 0
298 -3.141592653589793 -1.335176877771175 0
299 -3.141592653589793 -1.413716694111084 0
300 -3.141592653589793 -1.492256510450994 0
301 -3.141592653589793 -1.570796326790903 0
302 -3.141592653589793 -1.649336143130814 0
303 -3.141592653589793 -1.727875959470724 0
304 -3.141592653589793 -1.806415775810633 0
305 -3.141592653589793 -1.884955592150543 0
306 -3.141592653589793 -1.963495408490626 0
307 -3.141592653589793 -2.042035224830709 0
308 -3.141592653589793 -2.120575041170619 0
309 -3.141592653589793 -2.199114857510529 0
310 -3.141592653589793 -2.277654673850439 0
311 -3.141592653589793 -2.356194490190348 0
312 -3.141592653589793 -2.434734306530259 0
313 -3.141592653589793 -2.513274122870169 0
314 -3.141592653589793 -2.591813939210078 0
315 -3.141592653589793 -2.670353755549987 0
316 -3.141592653589793 -2.748893571890071 0
317 -3.141592653589793 -2.827433388230154 0
318 -3.141592653589793 -2.905973204570063 0
319 -3.141592653589793 -2.984513020909973 0
320 -3.141592653589793 -3.063052837249884 0
321 -3.063052837250242 -3.063052837249888 0
322 -3.063052837250239 -2.984513020909982 0
323 -3.063052837250234 -2.905973204570075 0
324 -3.063052837250229 -2.827433388230169 0
325 -3.063052837250225 -2.748893571890093 0
326 -3.06305283725022 -2.670353755550017 0
327 -3.063052837250216 -2.591813939210111 0
328 -3.063052837250212 -2.513274122870206 0
329 -3.063052837250208 -2.4347343065303 0
330 -3.063052837250202 -2.356194490190393 0
331 -3.063052837250197 -2.277654673850487 0
332 -3.063052837250193 -2.199114857510584 0
333 -3.063052837250189 -2.120575041170679 0
334 -3.063052837250184 -2.042035224830773 0
335 -3.063052837250179 -1.963495408490696 0
336 -3.063052837250175 -1.884955592150621 0
337 -3.06305283725017 -1.806415775810715 0
338 -3.063052837250165 -1.72787595947081 0
339 -3.063052837250161 -1.649336143130906 0
340 -3.063052837250156 -1.570796326791 0
341 -3.063052837250153 -1.492256510451095 0
342 -3.063052837250147 -1.41371669411119 0
343 -3.063052837250142 -1.335176877771285 0
344 -3.063052837250138 -1.25663706143138 0
345 -3.063052837250134 -1.178097245091304 0
346 -3.06305283725013 -1.099557428751227 0
347 -3.063052837250124 -1.021017612411323 0
348 -3.06305283725012 -0.9424777960714168 0
349 -3.063052837250115 -0.863937979731513 0
350 -3.063052837250112 -0.7853981633916061 0
351 -3.063052837250107 -0.7068583470517009 0
352 -3.063052837250101 -0.6283185307117791 0
353 -3.063052837250098 -0.5497787143717376 0
354 -3.063052837250093 -0.4712388980318165 0
355 -3.063052837250089 -0.3926990816919098 0
356 -3.063052837250083 -0.3141592653520051 0
357 -3.06305283725008 -0.2356194490120831 0
358 -3.063052837250074 -0.1570796326720414 0
359 -3.06305283725007 -0.07853981633212026 0
360 -3.063052837250065 7.700728943405011e-12 0
361 -3.063052837250062 0.07853981634733498 0
362 -3.063052837250057 0.157079632686868 0
363 -3.063052837250051 0.2356194490263677 0
364 -3.063052837250048 0.3141592653658998 0
365 -3.063052837250043 0.3926990817054501 0
366 -3.063052837250039 0.4712388980449997 0
367 -3.063052837250034 0.5497787143845327 0
368 -3.063052837250029 0.6283185307240322 0
369 -3.063052837250025 0.7068583470635648 0
370 -3.06305283725002 0.7853981634031151 0
371 -3.063052837250016 0.8639379797426652 0
372 -3.063052837250011 0.9424777960821973 0
373 -3.063052837250007 1.021017612421695 0
374 -3.063052837250002 1.099557428761228 0
375 -3.063052837249997 1.178097245100866 0
376 -3.063052837249993 1.256637061440409 0
377 -3.063052837249988 1.335176877779915 0
378 -3.063052837249984 1.413716694119482 0
379 -3.063052837249979 1.492256510458989 0
380 -3.063052837249975 1.570796326798531 0
381 -3.06305283724997 1.649336143138072 0
382 -3.063052837249965 1.727875959477579 0
383 -3.063052837249961 1.806415775817147 0
384 -3.063052837249956 1.884955592156654 0
385 -3.063052837249952 1.963495408496197 0
386 -3.063052837249947 2.042035224835697 0
387 -3.063052837249943 2.120575041175299 0
388 -3.063052837249938 2.199114857514866 0
389 -3.063052837249935 2.277654673854278 0
390 -3.063052837249929 2.356194490193863 0
391 -3.063052837249925 2.434734306533498 0
392 -3.06305283724992 2.51327412287303 0
393 -3.063052837249916 2.591813939212598 0
394 -3.063052837249912 2.670353755552234 0
395 -3.063052837249906 2.748893571891786 0
396 -3.063052837249902 2.827433388231336 0
397 -3.063052837249897 2.905973204570973 0
398 -3.063052837249893 2.984513020910609 0
399 -3.063052837249888 3.063052837250243 0
400 -2.984513020910609 -3.063052837249893 0
401 -2.984513020910599 -2.984513020909989 0
402 -2.984513020910592 -2.905973204570087 0
403 -2.984513020910583 -2.827433388230184 0
404 -2.984513020910576 -2.748893571890115 0
405 -2.984513020910568 -2.670353755550045 0
406 -2.984513020910559 -2.591813939210142 0
407 -2.984513020910551 -2.513274122870241 0
408 -2.984513020910543 -2.43473430653034 0
409 -2.984513020910536 -2.356194490190437 0
410 -2.984513020910527 -2.277654673850536 0
411 -2.98451302091052 -2.19911485751064 0
412 -2.984513020910511 -2.120575041170738 0
413 -2.984513020910504 -2.042035224830835 0
414 -2.984513020910495 -1.963495408490767 0
415 -2.984513020910488 -1.884955592150699 0
416 -2.98451302091048 -1.806415775810798 0
417 -2.984513020910472 -1.727875959470898 0
418 -2.984513020910463 -1.649336143130998 0
419 -2.984513020910455 -1.570796326791096 0
420 -2.984513020910448 -1.492256510451196 0
421 -2.98451302091044 -1.413716694111296 0
422 -2.984513020910431 -1.335176877771396 0
423 -2.984513020910423 -1.256637061431496 0
424 -2.984513020910416 -1.178097245091427 0
425 -2.984513020910407 -1.099557428751355 0
426 -2.984513020910399 -1.021017612411455 0
427 -2.984513020910391 -0.942477796071556 0
428 -2.984513020910383 -0.8639379797316558 0
429 -2.984513020910375 -0.7853981633917539 0
430 -2.984513020910367 -0.7068583470518535 0
431 -2.984513020910359 -0.6283185307119366 0
432 -2.984513020910351 -0.549778714371902 0
433 -2.984513020910343 -0.4712388980319853 0
434 -2.984513020910335 -0.3926990816920835 0
435 -2.984513020910327 -0.314159265352183 0
436 -2.984513020910318 -0.2356194490122661 0
437 -2.984513020910311 -0.1570796326722315 0
438 -2.984513020910303 -0.07853981633231522 0
439 -2.984513020910295 7.503109245021733e-12 0
440 -2.984513020910287 0.0785398163471398 0
441 -2.984513020910279 0.1570796326866779 0
442 -2.984513020910271 0.2356194490261843 0
443 -2.984513020910263 0.3141592653657219 0
444 -2.984513020910255 0.3926990817052765 0
445 -2.984513020910247 0.4712388980448307 0
446 -2.984513020910238 0.5497787143843686 0
447 -2.984513020910231 0.6283185307238757 0
448 -2.984513020910222 0.7068583470634131 0
449 -2.984513020910214 0.7853981634029676 0
450 -2.984513020910206 0.863937979742522 0
451 -2.984513020910199 0.9424777960820589 0
452 -2.98451302091019 1.021017612421562 0
453 -2.984513020910183 1.0995574287611 0
454 -2.984513020910174 1.178097245100743 0
455 -2.984513020910167 1.256637061440293 0
456 -2.984513020910158 1.335176877779805 0
457 -2.98451302091015 1.413716694119376 0
458 -2.984513020910142 1.492256510458888 0
459 -2.984513020910134 1.570796326798434 0
460 -2.984513020910126 1.64933614313798 0
461 -2.984513020910118 1.727875959477493 0
462 -2.98451302091011 1.806415775817064 0
463 -2.984513020910101 1.884955592156576 0
464 -2.984513020910094 1.963495408496127 0
465 -2.984513020910086 2.042035224835635 0
466 -2.984513020910078 2.120575041175239 0
467 -2.98451302091007 2.199114857514811 0
468 -2.984513020910062 2.27765467385423 0
469 -2.984513020910053 2.356194490193817 0
470 -2.984513020910046 2.434734306533457 0
471 -2.984513020910037 2.513274122872994 0
472 -2.984513020910029 2.591813939212566 0
473 -2.984513020910021 2.670353755552205 0
474 -2.984513020910014 2.748893571891764 0
475 -2.984513020910005 2.827433388231321 0
476 -2.984513020909998 2.905973204570961 0
477 -2.984513020909989 2.984513020910601 0
478 -2.984513020909981 3.063052837250238 0
479 -2.905973204570972 -3.063052837249896 0
480 -2.905973204570961 -2.984513020909998 0
481 -2.905973204570949 -2.905973204570098 0
482 -2.905973204570937 -2.827433388230199 0
483 -2.905973204570927 -2.748893571890136 0
484 -2.905973204570915 -2.670353755550073 0
485 -2.905973204570903 -2.591813939210174 0
486 -2.905973204570891 -2.513274122870278 0
487 -2.90597320457088 -2.434734306530382 0
488 -2.905973204570869 -2.356194490190482 0
489 -2.905973204570857 -2.277654673850584 0
490 -2.905973204570846 -2.199114857510694 0
491 -2.905973204570834 -2.120575041170797 0
492 -2.905973204570822 -2.042035224830899 0
493 -2.905973204570811 -1.963495408490838 0
494 -2.9059732045708 -1.884955592150776 0
495 -2.905973204570788 -1.80641577581088 0
496 -2.905973204570778 -1.727875959470984 0
497 -2.905973204570766 -1.64933614313109 0
498 -2.905973204570754 -1.570796326791193 0
499 -2.905973204570742 -1.492256510451297 0
500 -2.90597320457073 -1.413716694111403 0
501 -2.905973204570719 -1.335176877771506 0
502 -2.905973204570708 -1.256637061431612 0
503 -2.905973204570696 -1.178097245091549 0
504 -2.905973204570685 -1.099557428751483 0
505 -2.905973204570673 -1.021017612411588 0
506 -2.905973204570662 -0.9424777960716944 0
507 -2.90597320457065 -0.8639379797317988 0
508 -2.905973204570638 -0.7853981633919016 0
509 -2.905973204570627 -0.7068583470520051 0
510 -2.905973204570615 -0.6283185307120935 0
511 -2.905973204570604 -0.549778714372066 0
512 -2.905973204570593 -0.4712388980321545 0
513 -2.905973204570581 -0.3926990816922571 0
514 -2.905973204570569 -0.3141592653523613 0
515 -2.905973204570558 -0.2356194490124492 0
516 -2.905973204570547 -0.1570796326724218 0
517 -2.905973204570536 -0.07853981633250995 0
518 -2.905973204570524 7.305489546638455e-12 0
519 -2.905973204570512 0.07853981634694507 0
520 -2.9059732045705 0.1570796326864878 0
521 -2.90597320457049 0.2356194490260013 0
522 -2.905973204570478 0.3141592653655438 0
523 -2.905973204570466 0.3926990817051027 0
524 -2.905973204570454 0.4712388980446619 0
525 -2.905973204570443 0.5497787143842048 0
526 -2.905973204570431 0.6283185307237182 0
527 -2.905973204570421 0.7068583470632608 0
528 -2.905973204570408 0.78539816340282 0
529 -2.905973204570397 0.863937979742379 0
530 -2.905973204570385 0.9424777960819211 0
531 -2.905973204570374 1.021017612421429 0
532 -2.905973204570362 1.099557428760972 0
533 -2.905973204570351 1.17809724510062 0
534 -2.90597320457034 1.256637061440177 0
535 -2.905973204570328 1.335176877779694 0
536 -2.905973204570316 1.41371669411927 0
537 -2.905973204570305 1.492256510458787 0
538 -2.905973204570294 1.570796326798338 0
539 -2.905973204570282 1.649336143137889 0
540 -2.905973204570271 1.727875959477406 0
541 -2.905973204570258 1.806415775816981 0
542 -2.905973204570248 1.884955592156499 0
543 -2.905973204570236 1.963495408496056 0
544 -2.905973204570225 2.042035224835571 0
545 -2.905973204570213 2.12057504117518 0
546 -2.905973204570202 2.199114857514756 0
547 -2.905973204570189 2.277654673854181 0
548 -2.905973204570178 2.356194490193774 0
549 -2.905973204570167 2.434734306533416 0
550 -2.905973204570156 2.513274122872958 0
551 -2.905973204570143 2.591813939212534 0
552 -2.905973204570132 2.670353755552177 0
553 -2.905973204570121 2.748893571891741 0
554 -2.90597320457011 2.827433388231307 0
555 -2.905973204570098 2.905973204570949 0
556 -2.905973204570086 2.984513020910593 0
557 -2.905973204570074 3.063052837250234 0
558 -2.827433388231337 -3.063052837249902 0
559 -2.827433388231323 -2.984513020910005 0
560 -2.827433388231308 -2.90597320457011 0
561 -2.827433388231293 -2.827433388230213 0
562 -2.827433388231277 -2.748893571890157 0
563 -2.827433388231262 -2.670353755550101 0
564 -2.827433388231247 -2.591813939210206 0
565 -2.827433388231233 -2.513274122870313 0
566 -2.827433388231217 -2.434734306530422 0
567 -2.827433388231202 -2.356194490190526 0
568 -2.827433388231187 -2.277654673850634 0
569 -2.827433388231171 -2.19911485751075 0
570 -2.827433388231158 -2.120575041170856 0
571 -2.827433388231142 -2.042035224830961 0
572 -2.827433388231126 -1.963495408490909 0
573 -2.827433388231113 -1.884955592150853 0
574 -2.827433388231098 -1.806415775810962 0
575 -2.827433388231082 -1.727875959471072 0
576 -2.827433388231068 -1.649336143131181 0
577 -2.827433388231052 -1.57079632679129 0
578 -2.827433388231038 -1.492256510451399 0
579 -2.827433388231022 -1.413716694111509 0
580 -2.827433388231007 -1.335176877771617 0
581 -2.827433388230992 -1.256637061431727 0
582 -2.827433388230977 -1.178097245091672 0
583 -2.827433388230963 -1.099557428751612 0
584 -2.827433388230948 -1.021017612411721 0
585 -2.827433388230933 -0.9424777960718322 0
586 -2.827433388230919 -0.8639379797319418 0
587 -2.827433388230902 -0.7853981633920493 0
588 -2.827433388230888 -0.706858347052157 0
589 -2.827433388230872 -0.6283185307122505 0
590 -2.827433388230856 -0.5497787143722297 0
591 -2.827433388230842 -0.4712388980323237 0
592 -2.827433388230827 -0.3926990816924307 0
593 -2.827433388230812 -0.3141592653525389 0
594 -2.827433388230798 -0.2356194490126322 0
595 -2.827433388230784 -0.1570796326726118 0
596 -2.827433388230768 -0.07853981633270513 0
597 -2.827433388230753 7.108091892860102e-12 0
598 -2.827433388230738 0.07853981634674989 0
599 -2.827433388230723 0.157079632686298 0
600 -2.827433388230708 0.2356194490258181 0
601 -2.827433388230693 0.3141592653653658 0
602 -2.827433388230677 0.3926990817049292 0
603 -2.827433388230663 0.4712388980444928 0
604 -2.827433388230648 0.5497787143840409 0
605 -2.827433388230633 0.6283185307235608 0
606 -2.827433388230618 0.7068583470631087 0
607 -2.827433388230602 0.7853981634026728 0
608 -2.827433388230589 0.8639379797422364 0
609 -2.827433388230573 0.9424777960817825 0
610 -2.827433388230559 1.021017612421296 0
611 -2.827433388230543 1.099557428760843 0
612 -2.827433388230528 1.178097245100497 0
613 -2.827433388230514 1.256637061440061 0
614 -2.827433388230498 1.335176877779583 0
615 -2.827433388230484 1.413716694119163 0
616 -2.827433388230469 1.492256510458686 0
617 -2.827433388230454 1.570796326798241 0
618 -2.827433388230438 1.649336143137797 0
619 -2.827433388230424 1.727875959477319 0
620 -2.827433388230408 1.806415775816899 0
621 -2.827433388230393 1.884955592156421 0
622 -2.827433388230379 1.963495408495986 0
623 -2.827433388230363 2.042035224835508 0
624 -2.827433388230348 2.120575041175122 0
625 -2.827433388230334 2.1991148575147 0
626 -2.827433388230319 2.277654673854133 0
627 -2.827433388230304 2.356194490193729 0
628 -2.827433388230288 2.434734306533375 0
629 -2.827433388230274 2.513274122872923 0
630 -2.827433388230259 2.591813939212502 0
631 -2.827433388230244 2.670353755552147 0
632 -2.827433388230228 2.74889357189172 0
633 -2.827433388230214 2.827433388231292 0
634 -2.8274333882302 2.905973204570937 0
635 -2.827433388230184 2.984513020910585 0
636 -2.827433388230169 3.063052837250229 0
637 -2.748893571891785 -3.063052837249907 0
638 -2.748893571891762 -2.984513020910014 0
639 -2.748893571891742 -2.905973204570121 0
640 -2.74889357189172 -2.827433388230228 0
641 -2.748893571891699 -2.748893571890179 0
642 -2.748893571891677 -2.67035375555013 0
643 -2.748893571891655 -2.591813939210238 0
644 -2.748893571891633 -2.513274122870351 0
645 -2.748893571891611 -2.434734306530464 0
646 -2.748893571891589 -2.356194490190571 0
647 -2.748893571891568 -2.277654673850682 0
648 -2.748893571891546 -2.199114857510804 0
649 -2.748893571891524 -2.120575041170915 0
650 -2.748893571891502 -2.042035224831025 0
651 -2.748893571891482 -1.963495408490979 0
652 -2.748893571891458 -1.88495559215093 0
653 -2.748893571891438 -1.806415775811046 0
654 -2.748893571891416 -1.727875959471158 0
655 -2.748893571891394 -1.649336143131273 0
656 -2.748893571891372 -1.570796326791386 0
657 -2.748893571891351 -1.4922565104515 0
658 -2.748893571891329 -1.413716694111616 0
659 -2.748893571891307 -1.335176877771728 0
660 -2.748893571891286 -1.256637061431843 0
661 -2.748893571891264 -1.178097245091794 0
662 -2.748893571891242 -1.099557428751739 0
663 -2.748893571891221 -1.021017612411855 0
664 -2.748893571891199 -0.9424777960719704 0
665 -2.748893571891178 -0.863937979732085 0
666 -2.748893571891156 -0.785398163392196 0
667 -2.748893571891134 -0.7068583470523091 0
668 -2.748893571891113 -0.6283185307124082 0
669 -2.748893571891091 -0.5497787143723938 0
670 -2.748893571891069 -0.4712388980324924 0
671 -2.748893571891047 -0.3926990816926041 0
672 -2.748893571891026 -0.3141592653527174 0
673 -2.748893571891005 -0.2356194490128156 0
674 -2.748893571890982 -0.1570796326728019 0
675 -2.74889357189096 -0.07853981633290008 0
676 -2.748893571890938 6.910694239081749e-12 0
677 -2.748893571890917 0.07853981634655449 0
678 -2.748893571890895 0.1570796326861081 0
679 -2.748893571890873 0.2356194490256349 0
680 -2.748893571890851 0.3141592653651875 0
681 -2.748893571890831 0.392699081704756 0
682 -2.748893571890809 0.4712388980443238 0
683 -2.748893571890787 0.5497787143838766 0
684 -2.748893571890766 0.6283185307234038 0
685 -2.748893571890743 0.7068583470629566 0
686 -2.748893571890722 0.7853981634025253 0
687 -2.7488935718907 0.8639379797420932 0
688 -2.748893571890679 0.9424777960816445 0
689 -2.748893571890656 1.021017612421164 0
690 -2.748893571890635 1.099557428760715 0
691 -2.748893571890614 1.178097245100375 0
692 -2.748893571890591 1.256637061439946 0
693 -2.74889357189057 1.335176877779473 0
694 -2.748893571890548 1.413716694119058 0
695 -2.748893571890527 1.492256510458585 0
696 -2.748893571890505 1.570796326798144 0
697 -2.748893571890483 1.649336143137705 0
698 -2.748893571890461 1.727875959477232 0
699 -2.748893571890439 1.806415775816817 0
700 -2.748893571890418 1.884955592156344 0
701 -2.748893571890396 1.963495408495915 0
702 -2.748893571890375 2.042035224835445 0
703 -2.748893571890352 2.120575041175062 0
704 -2.748893571890331 2.199114857514646 0
705 -2.74889357189031 2.277654673854084 0
706 -2.748893571890287 2.356194490193684 0
707 -2.748893571890266 2.434734306533333 0
708 -2.748893571890244 2.513274122872886 0
709 -2.748893571890223 2.59181393921247 0
710 -2.748893571890202 2.67035375555212 0
711 -2.748893571890179 2.748893571891699 0
712 -2.748893571890157 2.827433388231277 0
713 -2.748893571890136 2.905973204570926 0
714 -2.748893571890114 2.984513020910576 0
715 -2.748893571890093 3.063052837250225 0
716 -2.670353755552234 -3.063052837249911 0
717 -2.670353755552205 -2.984513020910022 0
718 -2.670353755552176 -2.905973204570132 0
719 -2.670353755552147 -2.827433388230244 0
720 -2.67035375555212 -2.748893571890202 0
721 -2.670353755552091 -2.670353755550158 0
722 -2.670353755552062 -2.59181393921027 0
723 -2.670353755552035 -2.513274122870386 0
724 -2.670353755552005 -2.434734306530505 0
725 -2.670353755551977 -2.356194490190614 0
726 -2.670353755551949 -2.277654673850731 0
727 -2.670353755551921 -2.199114857510859 0
728 -2.670353755551892 -2.120575041170974 0
729 -2.670353755551864 -2.042035224831089 0
730 -2.670353755551836 -1.963495408491049 0
731 -2.670353755551807 -1.884955592151007 0
732 -2.670353755551778 -1.806415775811128 0
733 -2.67035375555175 -1.727875959471245 0
734 -2.670353755551722 -1.649336143131365 0
735 -2.670353755551693 -1.570796326791482 0
736 -2.670353755551664 -1.492256510451601 0
737 -2.670353755551636 -1.413716694111722 0
738 -2.670353755551608 -1.335176877771838 0
739 -2.67035375555158 -1.256637061431959 0
740 -2.670353755551551 -1.178097245091917 0
741 -2.670353755551523 -1.099557428751868 0
742 -2.670353755551494 -1.021017612411987 0
743 -2.670353755551465 -0.942477796072108 0
744 -2.670353755551437 -0.8639379797322275 0
745 -2.670353755551409 -0.7853981633923444 0
746 -2.670353755551381 -0.7068583470524616 0
747 -2.670353755551352 -0.6283185307125652 0
748 -2.670353755551322 -0.5497787143725579 0
749 -2.670353755551294 -0.4712388980326614 0
750 -2.670353755551267 -0.3926990816927782 0
751 -2.670353755551237 -0.3141592653528957 0
752 -2.67035375555121 -0.2356194490129988 0
753 -2.670353755551182 -0.157079632672992 0
754 -2.670353755551154 -0.07853981633309548 0
755 -2.670353755551125 6.713296585303397e-12 0
756 -2.670353755551096 0.07853981634635976 0
757 -2.670353755551067 0.1570796326859176 0
758 -2.670353755551039 0.235619449025452 0
759 -2.670353755551011 0.3141592653650094 0
760 -2.670353755550983 0.3926990817045819 0
761 -2.670353755550954 0.4712388980441549 0
762 -2.670353755550926 0.5497787143837127 0
763 -2.670353755550897 0.6283185307232471 0
764 -2.670353755550868 0.7068583470628047 0
765 -2.670353755550839 0.7853981634023779 0
766 -2.670353755550811 0.86393797974195 0
767 -2.670353755550784 0.9424777960815063 0
768 -2.670353755550754 1.02101761242103 0
769 -2.670353755550726 1.099557428760587 0
770 -2.670353755550698 1.178097245100253 0
771 -2.67035375555067 1.25663706143983 0
772 -2.67035375555064 1.335176877779362 0
773 -2.670353755550614 1.413716694118951 0
774 -2.670353755550584 1.492256510458484 0
775 -2.670353755550556 1.570796326798048 0
776 -2.670353755550528 1.649336143137613 0
777 -2.670353755550499 1.727875959477146 0
778 -2.67035375555047 1.806415775816734 0
779 -2.670353755550442 1.884955592156267 0
780 -2.670353755550414 1.963495408495845 0
781 -2.670353755550385 2.042035224835382 0
782 -2.670353755550356 2.120575041175003 0
783 -2.670353755550328 2.199114857514591 0
784 -2.6703537555503 2.277654673854035 0
785 -2.670353755550272 2.356194490193639 0
786 -2.670353755550243 2.434734306533293 0
787 -2.670353755550214 2.513274122872849 0
788 -2.670353755550186 2.591813939212439 0
789 -2.670353755550158 2.670353755552092 0
790 -2.670353755550129 2.748893571891677 0
791 -2.670353755550101 2.827433388231262 0
792 -2.670353755550072 2.905973204570915 0
793 -2.670353755550044 2.984513020910568 0
794 -2.670353755550015 3.063052837250221 0
795 -2.591813939212598 -3.063052837249916 0
796 -2.591813939212566 -2.98451302091003 0
797 -2.591813939212535 -2.905973204570144 0
798 -2.591813939212502 -2.827433388230259 0
799 -2.59181393921247 -2.748893571890223 0
800 -2.591813939212439 -2.670353755550186 0
801 -2.591813939212407 -2.591813939210301 0
802 -2.591813939212375 -2.513274122870423 0
803 -2.591813939212342 -2.434734306530546 0
804 -2.591813939212311 -2.35619449019066 0
805 -2.591813939212279 -2.277654673850779 0
806 -2.591813939212247 -2.199114857510915 0
807 -2.591813939212216 -2.120575041171035 0
808 -2.591813939212184 -2.042035224831151 0
809 -2.591813939212151 -1.96349540849112 0
810 -2.591813939212119 -1.884955592151085 0
811 -2.591813939212087 -1.80641577581121 0
812 -2.591813939212057 -1.727875959471332 0
813 -2.591813939212023 -1.649336143131457 0
814 -2.591813939211992 -1.570796326791579 0
815 -2.59181393921196 -1.492256510451702 0
816 -2.591813939211928 -1.413716694111828 0
817 -2.591813939211896 -1.335176877771949 0
818 -2.591813939211864 -1.256637061432075 0
819 -2.591813939211832 -1.17809724509204 0
820 -2.591813939211801 -1.099557428751996 0
821 -2.591813939211769 -1.02101761241212 0
822 -2.591813939211737 -0.942477796072247 0
823 -2.591813939211705 -0.863937979732371 0
824 -2.591813939211673 -0.7853981633924918 0
825 -2.59181393921164 -0.7068583470526133 0
826 -2.591813939211609 -0.6283185307127217 0
827 -2.591813939211577 -0.5497787143727222 0
828 -2.591813939211545 -0.4712388980328306 0
829 -2.591813939211513 -0.3926990816929512 0
830 -2.591813939211481 -0.3141592653530736 0
831 -2.591813939211449 -0.235619449013182 0
832 -2.591813939211419 -0.1570796326731818 0
833 -2.591813939211387 -0.07853981633329021 0
834 -2.591813939211353 6.515898931525044e-12 0
835 -2.591813939211322 0.07853981634616503 0
836 -2.59181393921129 0.1570796326857276 0
837 -2.591813939211259 0.2356194490252688 0
838 -2.591813939211226 0.3141592653648313 0
839 -2.591813939211194 0.3926990817044081 0
840 -2.591813939211162 0.4712388980439856 0
841 -2.59181393921113 0.5497787143835486 0
842 -2.591813939211098 0.6283185307230901 0
843 -2.591813939211067 0.7068583470626522 0
844 -2.591813939211035 0.7853981634022298 0
845 -2.591813939211003 0.8639379797418072 0
846 -2.59181393921097 0.9424777960813679 0
847 -2.591813939210939 1.021017612420897 0
848 -2.591813939210908 1.099557428760459 0
849 -2.591813939210876 1.17809724510013 0
850 -2.591813939210844 1.256637061439714 0
851 -2.591813939210811 1.335176877779251 0
852 -2.59181393921078 1.413716694118845 0
853 -2.591813939210748 1.492256510458382 0
854 -2.591813939210716 1.570796326797951 0
855 -2.591813939210684 1.649336143137521 0
856 -2.591813939210653 1.727875959477059 0
857 -2.591813939210621 1.806415775816652 0
858 -2.591813939210589 1.88495559215619 0
859 -2.591813939210557 1.963495408495774 0
860 -2.591813939210525 2.042035224835319 0
861 -2.591813939210493 2.120575041174943 0
862 -2.591813939210461 2.199114857514536 0
863 -2.591813939210429 2.277654673853987 0
864 -2.591813939210397 2.356194490193595 0
865 -2.591813939210365 2.434734306533252 0
866 -2.591813939210333 2.513274122872813 0
867 -2.591813939210301 2.591813939212407 0
868 -2.591813939210269 2.670353755552063 0
869 -2.591813939210238 2.748893571891655 0
870 -2.591813939210205 2.827433388231247 0
871 -2.591813939210174 2.905973204570904 0
872 -2.591813939210141 2.984513020910559 0
873 -2.59181393921011 3.063052837250216 0
874 -2.513274122873031 -3.06305283724992 0
875 -2.513274122872994 -2.984513020910038 0
876 -2.513274122872958 -2.905973204570155 0
877 -2.513274122872921 -2.827433388230273 0
878 -2.513274122872886 -2.748893571890244 0
879 -2.513274122872849 -2.670353755550215 0
880 -2.513274122872814 -2.591813939210334 0
881 -2.513274122872777 -2.513274122870459 0
882 -2.513274122872741 -2.434734306530588 0
883 -2.513274122872704 -2.356194490190703 0
884 -2.513274122872668 -2.277654673850828 0
885 -2.513274122872632 -2.199114857510969 0
886 -2.513274122872596 -2.120575041171093 0
887 -2.51327412287256 -2.042035224831215 0
888 -2.513274122872523 -1.96349540849119 0
889 -2.513274122872488 -1.884955592151162 0
890 -2.513274122872451 -1.806415775811292 0
891 -2.513274122872415 -1.727875959471418 0
892 -2.513274122872379 -1.649336143131548 0
893 -2.513274122872342 -1.570796326791676 0
894 -2.513274122872306 -1.492256510451804 0
895 -2.51327412287227 -1.413716694111935 0
896 -2.513274122872233 -1.33517687777206 0
897 -2.513274122872198 -1.25663706143219 0
898 -2.513274122872161 -1.178097245092162 0
899 -2.513274122872125 -1.099557428752124 0
900 -2.513274122872089 -1.021017612412253 0
901 -2.513274122872053 -0.9424777960723848 0
902 -2.513274122872017 -0.8639379797325137 0
903 -2.51327412287198 -0.785398163392639 0
904 -2.513274122871943 -0.7068583470527658 0
905 -2.513274122871907 -0.6283185307128794 0
906 -2.513274122871871 -0.5497787143728863 0
907 -2.513274122871835 -0.4712388980329991 0
908 -2.513274122871799 -0.3926990816931253 0
909 -2.513274122871763 -0.3141592653532521 0
910 -2.513274122871727 -0.2356194490133647 0
911 -2.51327412287169 -0.1570796326733721 0
912 -2.513274122871655 -0.07853981633348539 0
913 -2.513274122871617 6.318723322351616e-12 0
914 -2.513274122871581 0.0785398163459694 0
915 -2.513274122871545 0.1570796326855373 0
916 -2.513274122871509 0.2356194490250856 0
917 -2.513274122871473 0.314159265364653 0
918 -2.513274122871437 0.3926990817042351 0
919 -2.5132741228714 0.4712388980438166 0
920 -2.513274122871364 0.5497787143833848 0
921 -2.513274122871329 0.6283185307229329 0
922 -2.513274122871292 0.7068583470625003 0
923 -2.513274122871256 0.7853981634020827 0
924 -2.513274122871219 0.8639379797416642 0
925 -2.513274122871183 0.9424777960812298 0
926 -2.513274122871148 1.021017612420764 0
927 -2.513274122871111 1.09955742876033 0
928 -2.513274122871074 1.178097245100007 0
929 -2.513274122871038 1.256637061439598 0
930 -2.513274122871003 1.335176877779141 0
931 -2.513274122870965 1.413716694118739 0
932 -2.51327412287093 1.492256510458281 0
933 -2.513274122870895 1.570796326797855 0
934 -2.513274122870857 1.649336143137429 0
935 -2.513274122870821 1.727875959476972 0
936 -2.513274122870785 1.806415775816569 0
937 -2.513274122870749 1.884955592156112 0
938 -2.513274122870713 1.963495408495703 0
939 -2.513274122870675 2.042035224835256 0
940 -2.51327412287064 2.120575041174884 0
941 -2.513274122870604 2.199114857514481 0
942 -2.513274122870568 2.277654673853938 0
943 -2.513274122870531 2.356194490193551 0
944 -2.513274122870495 2.434734306533211 0
945 -2.513274122870459 2.513274122872777 0
946 -2.513274122870423 2.591813939212374 0
947 -2.513274122870386 2.670353755552035 0
948 -2.513274122870351 2.748893571891633 0
949 -2.513274122870313 2.827433388231232 0
950 -2.513274122870278 2.905973204570892 0
951 -2.513274122870241 2.984513020910552 0
952 -2.513274122870205 3.063052837250211 0
953 -2.434734306533498 -3.063052837249925 0
954 -2.434734306533457 -2.984513020910046 0
955 -2.434734306533416 -2.905973204570167 0
956 -2.434734306533374 -2.827433388230288 0
957 -2.434734306533334 -2.748893571890266 0
958 -2.434734306533293 -2.670353755550243 0
959 -2.434734306533251 -2.591813939210366 0
960 -2.434734306533211 -2.513274122870495 0
961 -2.43473430653317 -2.434734306530628 0
962 -2.43473430653313 -2.356194490190748 0
963 -2.434734306533089 -2.277654673850877 0
964 -2.434734306533048 -2.199114857511024 0
965 -2.434734306533006 -2.120575041171153 0
966 -2.434734306532965 -2.042035224831277 0
967 -2.434734306532924 -1.96349540849126 0
968 -2.434734306532882 -1.884955592151239 0
969 -2.434734306532842 -1.806415775811375 0
970 -2.434734306532801 -1.727875959471505 0
971 -2.43473430653276 -1.649336143131641 0
972 -2.434734306532719 -1.570796326791772 0
973 -2.434734306532678 -1.492256510451905 0
974 -2.434734306532637 -1.41371669411204 0
975 -2.434734306532596 -1.33517687777217 0
976 -2.434734306532555 -1.256637061432306 0
977 -2.434734306532514 -1.178097245092284 0
978 -2.434734306532472 -1.099557428752253 0
979 -2.434734306532433 -1.021017612412386 0
980 -2.434734306532391 -0.9424777960725232 0
981 -2.43473430653235 -0.863937979732657 0
982 -2.434734306532309 -0.7853981633927869 0
983 -2.434734306532268 -0.7068583470529177 0
984 -2.434734306532227 -0.6283185307130361 0
985 -2.434734306532186 -0.5497787143730504 0
986 -2.434734306532144 -0.4712388980331688 0
987 -2.434734306532104 -0.3926990816932987 0
988 -2.434734306532063 -0.3141592653534302 0
989 -2.434734306532022 -0.2356194490135484 0
990 -2.434734306531981 -0.1570796326735626 0
991 -2.43473430653194 -0.07853981633368035 0
992 -2.434734306531898 6.121103623968338e-12 0
993 -2.434734306531858 0.07853981634577445 0
994 -2.434734306531817 0.1570796326853474 0
995 -2.434734306531776 0.2356194490249028 0
996 -2.434734306531735 0.3141592653644751 0
997 -2.434734306531694 0.3926990817040614 0
998 -2.434734306531652 0.4712388980436475 0
999 -2.434734306531611 0.5497787143832205 0
1000 -2.434734306531571 0.6283185307227757 0
1001 -2.43473430653153 0.7068583470623482 0
1002 -2.434734306531489 0.785398163401935 0
1003 -2.434734306531448 0.8639379797415212 0
1004 -2.434734306531408 0.9424777960810916 0
1005 -2.434734306531366 1.021017612420631 0
1006 -2.434734306531325 1.099557428760202 0
1007 -2.434734306531284 1.178097245099885 0
1008 -2.434734306531243 1.256637061439482 0
1009 -2.434734306531202 1.33517687777903 0
1010 -2.434734306531161 1.413716694118632 0
1011 -2.434734306531119 1.49225651045818 0
1012 -2.434734306531079 1.570796326797759 0
1013 -2.434734306531038 1.649336143137337 0
1014 -2.434734306530997 1.727875959476885 0
1015 -2.434734306530956 1.806415775816486 0
1016 -2.434734306530915 1.884955592156035 0
1017 -2.434734306530875 1.963495408495634 0
1018 -2.434734306530832 2.042035224835192 0
1019 -2.434734306530792 2.120575041174825 0
1020 -2.434734306530751 2.199114857514427 0
1021 -2.434734306530709 2.277654673853889 0
1022 -2.434734306530669 2.356194490193506 0
1023 -2.434734306530628 2.434734306533169 0
1024 -2.434734306530586 2.513274122872741 0
1025 -2.434734306530546 2.591813939212343 0
1026 -2.434734306530505 2.670353755552006 0
1027 -2.434734306530464 2.748893571891611 0
1028 -2.434734306530423 2.827433388231217 0
1029 -2.434734306530383 2.905973204570881 0
1030 -2.434734306530341 2.984513020910543 0
1031 -2.4347343065303 3.063052837250207 0
1032 -2.356194490193863 -3.063052837249929 0
1033 -2.356194490193817 -2.984513020910055 0
1034 -2.356194490193773 -2.905973204570178 0
1035 -2.35619449019373 -2.827433388230304 0
1036 -2.356194490193686 -2.748893571890288 0
1037 -2.35619449019364 -2.670353755550272 0
1038 -2.356194490193596 -2.591813939210397 0
1039 -2.356194490193552 -2.513274122870532 0
1040 -2.356194490193507 -2.434734306530669 0
1041 -2.356194490193462 -2.356194490190792 0
1042 -2.356194490193418 -2.277654673850925 0
1043 -2.356194490193373 -2.199114857511078 0
1044 -2.356194490193328 -2.120575041171212 0
1045 -2.356194490193285 -2.04203522483134 0
1046 -2.356194490193241 -1.963495408491331 0
1047 -2.356194490193195 -1.884955592151316 0
1048 -2.35619449019315 -1.806415775811457 0
1049 -2.356194490193106 -1.727875959471592 0
1050 -2.356194490193062 -1.649336143131733 0
1051 -2.356194490193019 -1.570796326791869 0
1052 -2.356194490192974 -1.492256510452006 0
1053 -2.356194490192928 -1.413716694112147 0
1054 -2.356194490192884 -1.335176877772281 0
1055 -2.35619449019284 -1.256637061432422 0
1056 -2.356194490192796 -1.178097245092407 0
1057 -2.356194490192751 -1.099557428752381 0
1058 -2.356194490192706 -1.021017612412519 0
1059 -2.356194490192662 -0.9424777960726609 0
1060 -2.356194490192617 -0.8639379797327995 0
1061 -2.356194490192573 -0.7853981633929346 0
1062 -2.356194490192528 -0.7068583470530698 0
1063 -2.356194490192484 -0.6283185307131931 0
1064 -2.356194490192439 -0.5497787143732145 0
1065 -2.356194490192395 -0.471238898033338 0
1066 -2.356194490192351 -0.3926990816934723 0
1067 -2.356194490192306 -0.3141592653536083 0
1068 -2.356194490192262 -0.2356194490137311 0
1069 -2.356194490192217 -0.157079632673752 0
1070 -2.356194490192173 -0.07853981633387552 0
1071 -2.356194490192127 5.92348392558506e-12 0
1072 -2.356194490192083 0.07853981634557972 0
1073 -2.356194490192039 0.1570796326851573 0
1074 -2.356194490191994 0.2356194490247192 0
1075 -2.35619449019195 0.3141592653642968 0
1076 -2.356194490191905 0.3926990817038878 0
1077 -2.356194490191861 0.4712388980434787 0
1078 -2.356194490191816 0.5497787143830564 0
1079 -2.356194490191772 0.6283185307226187 0
1080 -2.356194490191727 0.706858347062196 0
1081 -2.356194490191683 0.7853981634017874 0
1082 -2.356194490191638 0.8639379797413781 0
1083 -2.356194490191593 0.9424777960809534 0
1084 -2.356194490191549 1.021017612420499 0
1085 -2.356194490191505 1.099557428760074 0
1086 -2.356194490191461 1.178097245099762 0
1087 -2.356194490191416 1.256637061439366 0
1088 -2.356194490191372 1.33517687777892 0
1089 -2.356194490191327 1.413716694118526 0
1090 -2.356194490191283 1.492256510458078 0
1091 -2.356194490191238 1.570796326797661 0
1092 -2.356194490191194 1.649336143137245 0
1093 -2.35619449019115 1.727875959476799 0
1094 -2.356194490191105 1.806415775816404 0
1095 -2.35619449019106 1.884955592155957 0
1096 -2.356194490191016 1.963495408495562 0
1097 -2.356194490190972 2.042035224835129 0
1098 -2.356194490190927 2.120575041174765 0
1099 -2.356194490190882 2.199114857514372 0
1100 -2.356194490190838 2.277654673853841 0
1101 -2.356194490190792 2.356194490193462 0
1102 -2.356194490190749 2.434734306533128 0
1103 -2.356194490190704 2.513274122872705 0
1104 -2.35619449019066 2.591813939212311 0
1105 -2.356194490190615 2.670353755551978 0
1106 -2.35619449019057 2.74889357189159 0
1107 -2.356194490190526 2.827433388231201 0
1108 -2.356194490190482 2.905973204570869 0
1109 -2.356194490190437 2.984513020910536 0
1110 -2.356194490190393 3.063052837250202 0
1111 -2.277654673854278 -3.063052837249934 0
1112 -2.27765467385423 -2.984513020910062 0
1113 -2.277654673854182 -2.90597320457019 0
1114 -2.277654673854134 -2.827433388230319 0
1115 -2.277654673854084 -2.74889357189031 0
1116 -2.277654673854035 -2.670353755550301 0
1117 -2.277654673853986 -2.591813939210429 0
1118 -2.277654673853939 -2.513274122870568 0
1119 -2.27765467385389 -2.43473430653071 0
1120 -2.277654673853841 -2.356194490190837 0
1121 -2.277654673853792 -2.277654673850973 0
1122 -2.277654673853745 -2.199114857511133 0
1123 -2.277654673853696 -2.120575041171271 0
1124 -2.277654673853648 -2.042035224831404 0
1125 -2.277654673853598 -1.963495408491402 0
1126 -2.27765467385355 -1.884955592151394 0
1127 -2.2776546738535 -1.806415775811539 0
1128 -2.277654673853453 -1.727875959471679 0
1129 -2.277654673853403 -1.649336143131824 0
1130 -2.277654673853355 -1.570796326791966 0
1131 -2.277654673853307 -1.492256510452107 0
1132 -2.277654673853258 -1.413716694112253 0
1133 -2.277654673853209 -1.335176877772391 0
1134 -2.277654673853161 -1.256637061432538 0
1135 -2.277654673853112 -1.17809724509253 0
1136 -2.277654673853063 -1.099557428752509 0
1137 -2.277654673853014 -1.021017612412652 0
1138 -2.277654673852966 -0.9424777960727995 0
1139 -2.277654673852918 -0.8639379797329424 0
1140 -2.277654673852869 -0.785398163393082 0
1141 -2.277654673852821 -0.7068583470532221 0
1142 -2.277654673852771 -0.6283185307133503 0
1143 -2.277654673852723 -0.5497787143733781 0
1144 -2.277654673852674 -0.4712388980335067 0
1145 -2.277654673852626 -0.3926990816936458 0
1146 -2.277654673852577 -0.3141592653537864 0
1147 -2.277654673852529 -0.2356194490139141 0
1148 -2.27765467385248 -0.1570796326739423 0
1149 -2.277654673852431 -0.0785398163340707 0
1150 -2.277654673852383 5.726086271806707e-12 0
1151 -2.277654673852334 0.07853981634538432 0
1152 -2.277654673852285 0.1570796326849671 0
1153 -2.277654673852237 0.2356194490245362 0
1154 -2.277654673852188 0.3141592653641188 0
1155 -2.277654673852139 0.3926990817037141 0
1156 -2.277654673852092 0.4712388980433098 0
1157 -2.277654673852043 0.5497787143828925 0
1158 -2.277654673851994 0.6283185307224615 0
1159 -2.277654673851946 0.706858347062044 0
1160 -2.277654673851897 0.78539816340164 0
1161 -2.277654673851848 0.863937979741235 0
1162 -2.277654673851799 0.9424777960808152 0
1163 -2.27765467385175 1.021017612420365 0
1164 -2.277654673851703 1.099557428759946 0
1165 -2.277654673851654 1.178097245099639 0
1166 -2.277654673851605 1.256637061439251 0
1167 -2.277654673851557 1.335176877778809 0
1168 -2.277654673851508 1.41371669411842 0
1169 -2.277654673851459 1.492256510457977 0
1170 -2.27765467385141 1.570796326797565 0
1171 -2.277654673851362 1.649336143137154 0
1172 -2.277654673851313 1.727875959476712 0
1173 -2.277654673851265 1.806415775816322 0
1174 -2.277654673851216 1.88495559215588 0
1175 -2.277654673851168 1.963495408495492 0
1176 -2.277654673851119 2.042035224835066 0
1177 -2.27765467385107 2.120575041174706 0
1178 -2.277654673851022 2.199114857514317 0
1179 -2.277654673850973 2.277654673853792 0
1180 -2.277654673850924 2.356194490193418 0
1181 -2.277654673850876 2.434734306533088 0
1182 -2.277654673850827 2.513274122872668 0
1183 -2.277654673850779 2.591813939212279 0
1184 -2.277654673850731 2.67035375555195 0
1185 -2.277654673850681 2.748893571891568 0
1186 -2.277654673850633 2.827433388231188 0
1187 -2.277654673850584 2.905973204570857 0
1188 -2.277654673850535 2.984513020910528 0
1189 -2.277654673850487 3.063052837250198 0
1190 -2.199114857514866 -3.063052837249938 0
1191 -2.199114857514811 -2.98451302091007 0
1192 -2.199114857514755 -2.905973204570201 0
1193 -2.199114857514701 -2.827433388230334 0
1194 -2.199114857514647 -2.748893571890331 0
1195 -2.199114857514592 -2.670353755550329 0
1196 -2.199114857514537 -2.59181393921046 0
1197 -2.199114857514482 -2.513274122870603 0
1198 -2.199114857514426 -2.434734306530752 0
1199 -2.199114857514371 -2.356194490190882 0
1200 -2.199114857514316 -2.277654673851022 0
1201 -2.199114857514262 -2.199114857511188 0
1202 -2.199114857514207 -2.12057504117133 0
1203 -2.199114857514151 -2.042035224831467 0
1204 -2.199114857514097 -1.963495408491473 0
1205 -2.199114857514043 -1.884955592151471 0
1206 -2.199114857513987 -1.806415775811621 0
1207 -2.199114857513933 -1.727875959471765 0
1208 -2.199114857513877 -1.649336143131916 0
1209 -2.199114857513822 -1.570796326792062 0
1210 -2.199114857513767 -1.492256510452209 0
1211 -2.199114857513713 -1.413716694112359 0
1212 -2.199114857513658 -1.335176877772503 0
1213 -2.199114857513603 -1.256637061432654 0
1214 -2.199114857513548 -1.178097245092653 0
1215 -2.199114857513493 -1.099557428752637 0
1216 -2.199114857513438 -1.021017612412785 0
1217 -2.199114857513383 -0.9424777960729381 0
1218 -2.199114857513329 -0.8639379797330852 0
1219 -2.199114857513274 -0.7853981633932294 0
1220 -2.199114857513218 -0.706858347053374 0
1221 -2.199114857513164 -0.6283185307135075 0
1222 -2.199114857513108 -0.5497787143735426 0
1223 -2.199114857513054 -0.4712388980336757 0
1224 -2.199114857512999 -0.3926990816938198 0
1225 -2.199114857512944 -0.3141592653539644 0
1226 -2.19911485751289 -0.2356194490140975 0
1227 -2.199114857512835 -0.1570796326741324 0
1228 -2.19911485751278 -0.07853981633426588 0
1229 -2.199114857512725 5.52891066263328e-12 0
1230 -2.19911485751267 0.07853981634518914 0
1231 -2.199114857512615 0.1570796326847774 0
1232 -2.19911485751256 0.2356194490243528 0
1233 -2.199114857512505 0.3141592653639405 0
1234 -2.19911485751245 0.3926990817035406 0
1235 -2.199114857512395 0.4712388980431407 0
1236 -2.199114857512341 0.5497787143827284 0
1237 -2.199114857512286 0.6283185307223043 0
1238 -2.199114857512231 0.706858347061892 0
1239 -2.199114857512176 0.7853981634014924 0
1240 -2.199114857512121 0.8639379797410922 0
1241 -2.199114857512066 0.9424777960806769 0
1242 -2.199114857512011 1.021017612420232 0
1243 -2.199114857511956 1.099557428759817 0
1244 -2.199114857511901 1.178097245099517 0
1245 -2.199114857511847 1.256637061439135 0
1246 -2.199114857511792 1.335176877778698 0
1247 -2.199114857511737 1.413716694118313 0
1248 -2.199114857511681 1.492256510457876 0
1249 -2.199114857511627 1.570796326797469 0
1250 -2.199114857511571 1.649336143137061 0
1251 -2.199114857511517 1.727875959476625 0
1252 -2.199114857511462 1.80641577581624 0
1253 -2.199114857511407 1.884955592155803 0
1254 -2.199114857511352 1.963495408495422 0
1255 -2.199114857511297 2.042035224835003 0
1256 -2.199114857511243 2.120575041174647 0
1257 -2.199114857511188 2.199114857514262 0
1258 -2.199114857511133 2.277654673853744 0
1259 -2.199114857511077 2.356194490193373 0
1260 -2.199114857511023 2.434734306533047 0
1261 -2.199114857510968 2.513274122872632 0
1262 -2.199114857510913 2.591813939212247 0
1263 -2.199114857510859 2.67035375555192 0
1264 -2.199114857510803 2.748893571891545 0
1265 -2.199114857510748 2.827433388231172 0
1266 -2.199114857510693 2.905973204570845 0
1267 -2.199114857510639 2.98451302091052 0
1268 -2.199114857510584 3.063052837250194 0
1269 -2.120575041175298 -3.063052837249943 0
1270 -2.12057504117524 -2.984513020910078 0
1271 -2.12057504117518 -2.905973204570212 0
1272 -2.12057504117512 -2.827433388230348 0
1273 -2.120575041175061 -2.748893571890353 0
1274 -2.120575041175001 -2.670353755550357 0
1275 -2.120575041174943 -2.591813939210493 0
1276 -2.120575041174884 -2.51327412287064 0
1277 -2.120575041174825 -2.434734306530792 0
1278 -2.120575041174765 -2.356194490190926 0
1279 -2.120575041174706 -2.277654673851071 0
1280 -2.120575041174647 -2.199114857511243 0
1281 -2.120575041174588 -2.12057504117139 0
1282 -2.120575041174527 -2.042035224831529 0
1283 -2.120575041174469 -1.963495408491543 0
1284 -2.12057504117441 -1.884955592151548 0
1285 -2.120575041174351 -1.806415775811705 0
1286 -2.120575041174292 -1.727875959471852 0
1287 -2.120575041174233 -1.649336143132008 0
1288 -2.120575041174173 -1.570796326792159 0
1289 -2.120575041174114 -1.492256510452309 0
1290 -2.120575041174055 -1.413716694112466 0
1291 -2.120575041173995 -1.335176877772613 0
1292 -2.120575041173936 -1.256637061432769 0
1293 -2.120575041173876 -1.178097245092775 0
1294 -2.120575041173818 -1.099557428752765 0
1295 -2.120575041173759 -1.021017612412918 0
1296 -2.120575041173698 -0.9424777960730758 0
1297 -2.12057504117364 -0.8639379797332282 0
1298 -2.120575041173581 -0.7853981633933771 0
1299 -2.120575041173521 -0.7068583470535263 0
1300 -2.120575041173462 -0.6283185307136647 0
1301 -2.120575041173403 -0.5497787143737065 0
1302 -2.120575041173344 -0.4712388980338444 0
1303 -2.120575041173284 -0.3926990816939935 0
1304 -2.120575041173224 -0.314159265354143 0
1305 -2.120575041173167 -0.2356194490142807 0
1306 -2.120575041173107 -0.1570796326743225 0
1307 -2.120575041173048 -0.07853981633446128 0
1308 -2.120575041172988 5.331513008854927e-12 0
1309 -2.12057504117293 0.07853981634499396 0
1310 -2.120575041172871 0.1570796326845874 0
1311 -2.12057504117281 0.2356194490241701 0
1312 -2.120575041172752 0.3141592653637624 0
1313 -2.120575041172692 0.3926990817033668 0
1314 -2.120575041172633 0.4712388980429714 0
1315 -2.120575041172574 0.5497787143825648 0
1316 -2.120575041172514 0.6283185307221472 0
1317 -2.120575041172455 0.7068583470617398 0
1318 -2.120575041172396 0.7853981634013451 0
1319 -2.120575041172337 0.863937979740949 0
1320 -2.120575041172277 0.9424777960805386 0
1321 -2.120575041172219 1.021017612420099 0
1322 -2.120575041172159 1.099557428759689 0
1323 -2.1205750411721 1.178097245099394 0
1324 -2.120575041172041 1.256637061439019 0
1325 -2.120575041171981 1.335176877778588 0
1326 -2.120575041171922 1.413716694118207 0
1327 -2.120575041171863 1.492256510457775 0
1328 -2.120575041171803 1.570796326797372 0
1329 -2.120575041171744 1.649336143136969 0
1330 -2.120575041171686 1.727875959476538 0
1331 -2.120575041171627 1.806415775816157 0
1332 -2.120575041171567 1.884955592155726 0
1333 -2.120575041171507 1.963495408495351 0
1334 -2.120575041171448 2.04203522483494 0
1335 -2.120575041171389 2.120575041174588 0
1336 -2.12057504117133 2.199114857514207 0
1337 -2.120575041171271 2.277654673853696 0
1338 -2.120575041171211 2.356194490193329 0
1339 -2.120575041171152 2.434734306533006 0
1340 -2.120575041171092 2.513274122872596 0
1341 -2.120575041171034 2.591813939212215 0
1342 -2.120575041170974 2.670353755551892 0
1343 -2.120575041170914 2.748893571891524 0
1344 -2.120575041170856 2.827433388231157 0
1345 -2.120575041170797 2.905973204570834 0
1346 -2.120575041170737 2.984513020910512 0
1347 -2.120575041170679 3.063052837250189 0
1348 -2.042035224835699 -3.063052837249947 0
1349 -2.042035224835636 -2.984513020910087 0
1350 -2.042035224835571 -2.905973204570224 0
1351 -2.042035224835509 -2.827433388230363 0
1352 -2.042035224835445 -2.748893571890374 0
1353 -2.042035224835382 -2.670353755550386 0
1354 -2.042035224835319 -2.591813939210525 0
1355 -2.042035224835256 -2.513274122870677 0
1356 -2.042035224835193 -2.434734306530832 0
1357 -2.042035224835129 -2.35619449019097 0
1358 -2.042035224835066 -2.27765467385112 0
1359 -2.042035224835003 -2.199114857511297 0
1360 -2.04203522483494 -2.120575041171449 0
1361 -2.042035224834877 -2.042035224831594 0
1362 -2.042035224834814 -1.963495408491614 0
1363 -2.042035224834751 -1.884955592151626 0
1364 -2.042035224834688 -1.806415775811787 0
1365 -2.042035224834624 -1.727875959471939 0
1366 -2.042035224834562 -1.6493361431321 0
1367 -2.042035224834498 -1.570796326792256 0
1368 -2.042035224834435 -1.492256510452411 0
1369 -2.042035224834372 -1.413716694112573 0
1370 -2.042035224834308 -1.335176877772724 0
1371 -2.042035224834245 -1.256637061432885 0
1372 -2.042035224834183 -1.178097245092897 0
1373 -2.042035224834119 -1.099557428752893 0
1374 -2.042035224834057 -1.021017612413051 0
1375 -2.042035224833993 -0.9424777960732138 0
1376 -2.04203522483393 -0.8639379797333711 0
1377 -2.042035224833867 -0.7853981633935245 0
1378 -2.042035224833803 -0.7068583470536787 0
1379 -2.04203522483374 -0.6283185307138222 0
1380 -2.042035224833677 -0.5497787143738704 0
1381 -2.042035224833614 -0.4712388980340136 0
1382 -2.042035224833551 -0.3926990816941667 0
1383 -2.042035224833488 -0.3141592653543213 0
1384 -2.042035224833425 -0.2356194490144639 0
1385 -2.04203522483336 -0.1570796326745127 0
1386 -2.042035224833298 -0.07853981633465601 0
1387 -2.042035224833235 5.133893310471649e-12 0
1388 -2.042035224833173 0.07853981634479945 0
1389 -2.042035224833108 0.1570796326843968 0
1390 -2.042035224833045 0.2356194490239869 0
1391 -2.042035224832982 0.3141592653635843 0
1392 -2.04203522483292 0.3926990817031935 0
1393 -2.042035224832856 0.4712388980428024 0
1394 -2.042035224832794 0.5497787143824007 0
1395 -2.04203522483273 0.6283185307219903 0
1396 -2.042035224832666 0.7068583470615875 0
1397 -2.042035224832603 0.7853981634011973 0
1398 -2.04203522483254 0.863937979740806 0
1399 -2.042035224832478 0.9424777960804007 0
1400 -2.042035224832414 1.021017612419966 0
1401 -2.042035224832351 1.099557428759562 0
1402 -2.042035224832288 1.178097245099272 0
1403 -2.042035224832225 1.256637061438904 0
1404 -2.042035224832162 1.335176877778477 0
1405 -2.042035224832098 1.413716694118101 0
1406 -2.042035224832036 1.492256510457673 0
1407 -2.042035224831971 1.570796326797275 0
1408 -2.04203522483191 1.649336143136878 0
1409 -2.042035224831845 1.727875959476451 0
1410 -2.042035224831783 1.806415775816074 0
1411 -2.04203522483172 1.884955592155648 0
1412 -2.042035224831656 1.96349540849528 0
1413 -2.042035224831593 2.042035224834877 0
1414 -2.042035224831531 2.120575041174528 0
1415 -2.042035224831467 2.199114857514152 0
1416 -2.042035224831404 2.277654673853646 0
1417 -2.042035224831341 2.356194490193285 0
1418 -2.042035224831277 2.434734306532965 0
1419 -2.042035224831214 2.51327412287256 0
1420 -2.042035224831151 2.591813939212182 0
1421 -2.042035224831088 2.670353755551864 0
1422 -2.042035224831025 2.748893571891503 0
1423 -2.042035224830962 2.827433388231142 0
1424 -2.042035224830899 2.905973204570822 0
1425 -2.042035224830836 2.984513020910504 0
1426 -2.042035224830772 3.063052837250185 0
1427 -1.963495408496197 -3.063052837249952 0
1428 -1.963495408496126 -2.984513020910094 0
1429 -1.963495408496056 -2.905973204570237 0
1430 -1.963495408495985 -2.827433388230378 0
1431 -1.963495408495915 -2.748893571890396 0
1432 -1.963495408495844 -2.670353755550415 0
1433 -1.963495408495774 -2.591813939210556 0
1434 -1.963495408495704 -2.513274122870713 0
1435 -1.963495408495632 -2.434734306530873 0
1436 -1.963495408495563 -2.356194490191016 0
1437 -1.963495408495492 -2.277654673851169 0
1438 -1.963495408495421 -2.199114857511353 0
1439 -1.963495408495351 -2.120575041171507 0
1440 -1.96349540849528 -2.042035224831657 0
1441 -1.96349540849521 -1.963495408491684 0
1442 -1.963495408495139 -1.884955592151704 0
1443 -1.963495408495068 -1.80641577581187 0
1444 -1.963495408494998 -1.727875959472025 0
1445 -1.963495408494927 -1.649336143132192 0
1446 -1.963495408494857 -1.570796326792351 0
1447 -1.963495408494786 -1.492256510452512 0
1448 -1.963495408494716 -1.413716694112679 0
1449 -1.963495408494646 -1.335176877772834 0
1450 -1.963495408494575 -1.256637061433 0
1451 -1.963495408494505 -1.17809724509302 0
1452 -1.963495408494434 -1.099557428753022 0
1453 -1.963495408494364 -1.021017612413184 0
1454 -1.963495408494293 -0.9424777960733524 0
1455 -1.963495408494223 -0.8639379797335144 0
1456 -1.963495408494152 -0.7853981633936722 0
1457 -1.963495408494081 -0.7068583470538303 0
1458 -1.963495408494011 -0.6283185307139789 0
1459 -1.963495408493941 -0.5497787143740345 0
1460 -1.96349540849387 -0.4712388980341826 0
1461 -1.9634954084938 -0.3926990816943405 0
1462 -1.963495408493729 -0.3141592653544991 0
1463 -1.963495408493659 -0.235619449014647 0
1464 -1.963495408493588 -0.1570796326747026 0
1465 -1.963495408493517 -0.07853981633485074 0
1466 -1.963495408493447 4.936273612088371e-12 0
1467 -1.963495408493376 0.07853981634460405 0
1468 -1.963495408493306 0.1570796326842068 0
1469 -1.963495408493235 0.2356194490238035 0
1470 -1.963495408493165 0.3141592653634062 0
1471 -1.963495408493094 0.39269908170302 0
1472 -1.963495408493024 0.4712388980426336 0
1473 -1.963495408492953 0.5497787143822364 0
1474 -1.963495408492883 0.6283185307218331 0
1475 -1.963495408492812 0.7068583470614356 0
1476 -1.963495408492742 0.7853981634010497 0
1477 -1.963495408492671 0.8639379797406633 0
1478 -1.963495408492601 0.9424777960802626 0
1479 -1.96349540849253 1.021017612419833 0
1480 -1.96349540849246 1.099557428759433 0
1481 -1.963495408492389 1.17809724509915 0
1482 -1.963495408492318 1.256637061438788 0
1483 -1.963495408492248 1.335176877778367 0
1484 -1.963495408492177 1.413716694117995 0
1485 -1.963495408492107 1.492256510457572 0
1486 -1.963495408492037 1.570796326797179 0
1487 -1.963495408491966 1.649336143136786 0
1488 -1.963495408491895 1.727875959476364 0
1489 -1.963495408491825 1.806415775815992 0
1490 -1.963495408491755 1.884955592155571 0
1491 -1.963495408491684 1.96349540849521 0
1492 -1.963495408491613 2.042035224834814 0
1493 -1.963495408491543 2.12057504117447 0
1494 -1.963495408491473 2.199114857514098 0
1495 -1.963495408491402 2.277654673853598 0
1496 -1.963495408491332 2.35619449019324 0
1497 -1.963495408491261 2.434734306532924 0
1498 -1.96349540849119 2.513274122872523 0
1499 -1.96349540849112 2.591813939212152 0
1500 -1.963495408491049 2.670353755551835 0
1501 -1.963495408490979 2.748893571891482 0
1502 -1.963495408490908 2.827433388231127 0
1503 -1.963495408490838 2.905973204570811 0
1504 -1.963495408490767 2.984513020910495 0
1505 -1.963495408490696 3.06305283725018 0
1506 -1.884955592156653 -3.063052837249957 0
1507 -1.884955592156576 -2.984513020910103 0
1508 -1.884955592156499 -2.905973204570247 0
1509 -1.884955592156421 -2.827433388230395 0
1510 -1.884955592156343 -2.748893571890418 0
1511 -1.884955592156267 -2.670353755550443 0
1512 -1.884955592156189 -2.591813939210589 0
1513 -1.884955592156112 -2.513274122870749 0
1514 -1.884955592156035 -2.434734306530914 0
1515 -1.884955592155958 -2.356194490191061 0
1516 -1.88495559215588 -2.277654673851217 0
1517 -1.884955592155802 -2.199114857511408 0
1518 -1.884955592155725 -2.120575041171567 0
1519 -1.884955592155648 -2.04203522483172 0
1520 -1.884955592155571 -1.963495408491754 0
1521 -1.884955592155493 -1.884955592151781 0
1522 -1.884955592155416 -1.806415775811952 0
1523 -1.884955592155339 -1.727875959472112 0
1524 -1.884955592155261 -1.649336143132284 0
1525 -1.884955592155184 -1.570796326792448 0
1526 -1.884955592155106 -1.492256510452613 0
1527 -1.884955592155029 -1.413716694112785 0
1528 -1.884955592154951 -1.335176877772945 0
1529 -1.884955592154875 -1.256637061433116 0
1530 -1.884955592154797 -1.178097245093143 0
1531 -1.88495559215472 -1.09955742875315 0
1532 -1.884955592154642 -1.021017612413318 0
1533 -1.884955592154565 -0.94247779607349 0
1534 -1.884955592154488 -0.8639379797336574 0
1535 -1.884955592154411 -0.7853981633938196 0
1536 -1.884955592154333 -0.7068583470539823 0
1537 -1.884955592154256 -0.6283185307141359 0
1538 -1.884955592154178 -0.5497787143741988 0
1539 -1.884955592154101 -0.4712388980343516 0
1540 -1.884955592154024 -0.3926990816945135 0
1541 -1.884955592153946 -0.3141592653546772 0
1542 -1.884955592153869 -0.2356194490148298 0
1543 -1.884955592153791 -0.1570796326748927 0
1544 -1.884955592153714 -0.07853981633504636 0
1545 -1.884955592153637 4.738875958310018e-12 0
1546 -1.88495559215356 0.07853981634440887 0
1547 -1.884955592153482 0.1570796326840169 0
1548 -1.884955592153405 0.2356194490236205 0
1549 -1.884955592153328 0.3141592653632281 0
1550 -1.884955592153251 0.3926990817028462 0
1551 -1.884955592153173 0.4712388980424647 0
1552 -1.884955592153096 0.5497787143820722 0
1553 -1.884955592153018 0.628318530721676 0
1554 -1.884955592152941 0.7068583470612835 0
1555 -1.884955592152864 0.7853981634009022 0
1556 -1.884955592152787 0.8639379797405201 0
1557 -1.884955592152709 0.9424777960801243 0
1558 -1.884955592152632 1.0210176124197 0
1559 -1.884955592152554 1.099557428759305 0
1560 -1.884955592152477 1.178097245099026 0
1561 -1.884955592152399 1.256637061438672 0
1562 -1.884955592152322 1.335176877778256 0
1563 -1.884955592152245 1.413716694117888 0
1564 -1.884955592152168 1.492256510457471 0
1565 -1.884955592152091 1.570796326797082 0
1566 -1.884955592152013 1.649336143136694 0
1567 -1.884955592151935 1.727875959476278 0
1568 -1.884955592151858 1.806415775815909 0
1569 -1.884955592151781 1.884955592155494 0
1570 -1.884955592151703 1.963495408495139 0
1571 -1.884955592151626 2.042035224834751 0
1572 -1.884955592151549 2.120575041174411 0
1573 -1.884955592151471 2.199114857514042 0
1574 -1.884955592151395 2.27765467385355 0
1575 -1.884955592151317 2.356194490193196 0
1576 -1.88495559215124 2.434734306532882 0
1577 -1.884955592151162 2.513274122872487 0
1578 -1.884955592151085 2.591813939212119 0
1579 -1.884955592151007 2.670353755551806 0
1580 -1.88495559215093 2.74889357189146 0
1581 -1.884955592150853 2.827433388231112 0
1582 -1.884955592150775 2.9059732045708 0
1583 -1.884955592150698 2.984513020910488 0
1584 -1.884955592150621 3.063052837250175 0
1585 -1.806415775817146 -3.063052837249961 0
1586 -1.806415775817064 -2.98451302091011 0
1587 -1.806415775816981 -2.905973204570258 0
1588 -1.806415775816899 -2.827433388230408 0
1589 -1.806415775816816 -2.74889357189044 0
1590 -1.806415775816734 -2.670353755550471 0
1591 -1.806415775816652 -2.59181393921062 0
1592 -1.806415775816569 -2.513274122870784 0
1593 -1.806415775816487 -2.434734306530956 0
1594 -1.806415775816404 -2.356194490191104 0
1595 -1.806415775816322 -2.277654673851265 0
1596 -1.806415775816239 -2.199114857511462 0
1597 -1.806415775816157 -2.120575041171627 0
1598 -1.806415775816075 -2.042035224831783 0
1599 -1.806415775815992 -1.963495408491825 0
1600 -1.80641577581591 -1.884955592151859 0
1601 -1.806415775815827 -1.806415775812035 0
1602 -1.806415775815745 -1.7278759594722 0
1603 -1.806415775815662 -1.649336143132376 0
1604 -1.80641577581558 -1.570796326792545 0
1605 -1.806415775815498 -1.492256510452714 0
1606 -1.806415775815415 -1.413716694112892 0
1607 -1.806415775815332 -1.335176877773056 0
1608 -1.80641577581525 -1.256637061433232 0
1609 -1.806415775815167 -1.178097245093265 0
1610 -1.806415775815085 -1.099557428753278 0
1611 -1.806415775815003 -1.02101761241345 0
1612 -1.80641577581492 -0.9424777960736296 0
1613 -1.806415775814838 -0.8639379797338004 0
1614 -1.806415775814755 -0.7853981633939672 0
1615 -1.806415775814672 -0.7068583470541349 0
1616 -1.80641577581459 -0.6283185307142927 0
1617 -1.806415775814508 -0.5497787143743624 0
1618 -1.806415775814425 -0.4712388980345208 0
1619 -1.806415775814343 -0.3926990816946874 0
1620 -1.806415775814261 -0.3141592653548555 0
1621 -1.806415775814178 -0.235619449015013 0
1622 -1.806415775814096 -0.1570796326750827 0
1623 -1.806415775814013 -0.07853981633524132 0
1624 -1.806415775813931 4.541478304531665e-12 0
1625 -1.806415775813848 0.0785398163442137 0
1626 -1.806415775813766 0.1570796326838271 0
1627 -1.806415775813683 0.2356194490234371 0
1628 -1.806415775813601 0.3141592653630496 0
1629 -1.806415775813519 0.3926990817026725 0
1630 -1.806415775813436 0.4712388980422957 0
1631 -1.806415775813353 0.5497787143819084 0
1632 -1.806415775813271 0.6283185307215191 0
1633 -1.806415775813189 0.706858347061131 0
1634 -1.806415775813106 0.7853981634007549 0
1635 -1.806415775813024 0.8639379797403772 0
1636 -1.806415775812941 0.9424777960799857 0
1637 -1.806415775812859 1.021017612419568 0
1638 -1.806415775812776 1.099557428759177 0
1639 -1.806415775812694 1.178097245098904 0
1640 -1.806415775812612 1.256637061438557 0
1641 -1.806415775812529 1.335176877778145 0
1642 -1.806415775812447 1.413716694117782 0
1643 -1.806415775812364 1.49225651045737 0
1644 -1.806415775812282 1.570796326796986 0
1645 -1.806415775812199 1.649336143136602 0
1646 -1.806415775812117 1.727875959476191 0
1647 -1.806415775812034 1.806415775815827 0
1648 -1.806415775811952 1.884955592155416 0
1649 -1.80641577581187 1.963495408495069 0
1650 -1.806415775811787 2.042035224834688 0
1651 -1.806415775811705 2.120575041174351 0
1652 -1.806415775811622 2.199114857513988 0
1653 -1.80641577581154 2.2776546738535 0
1654 -1.806415775811457 2.356194490193151 0
1655 -1.806415775811375 2.434734306532841 0
1656 -1.806415775811292 2.513274122872451 0
1657 -1.80641577581121 2.591813939212087 0
1658 -1.806415775811128 2.670353755551779 0
1659 -1.806415775811045 2.748893571891438 0
1660 -1.806415775810962 2.827433388231097 0
1661 -1.80641577581088 2.905973204570788 0
1662 -1.806415775810797 2.984513020910479 0
1663 -1.806415775810716 3.063052837250171 0
1664 -1.727875959477579 -3.063052837249965 0
1665 -1.727875959477492 -2.984513020910119 0
1666 -1.727875959477406 -2.90597320457027 0
1667 -1.727875959477318 -2.827433388230423 0
1668 -1.727875959477233 -2.748893571890461 0
1669 -1.727875959477145 -2.6703537555505 0
1670 -1.727875959477059 -2.591813939210653 0
1671 -1.727875959476972 -2.513274122870822 0
1672 -1.727875959476885 -2.434734306530997 0
1673 -1.727875959476798 -2.356194490191149 0
1674 -1.727875959476711 -2.277654673851314 0
1675 -1.727875959476624 -2.199114857511518 0
1676 -1.727875959476538 -2.120575041171686 0
1677 -1.727875959476451 -2.042035224831845 0
1678 -1.727875959476364 -1.963495408491895 0
1679 -1.727875959476278 -1.884955592151936 0
1680 -1.727875959476191 -1.806415775812117 0
1681 -1.727875959476104 -1.727875959472286 0
1682 -1.727875959476017 -1.649336143132467 0
1683 -1.727875959475931 -1.570796326792641 0
1684 -1.727875959475844 -1.492256510452816 0
1685 -1.727875959475757 -1.413716694112997 0
1686 -1.72787595947567 -1.335176877773166 0
1687 -1.727875959475584 -1.256637061433348 0
1688 -1.727875959475497 -1.178097245093388 0
1689 -1.72787595947541 -1.099557428753406 0
1690 -1.727875959475323 -1.021017612413583 0
1691 -1.727875959475236 -0.9424777960737668 0
1692 -1.72787595947515 -0.8639379797339434 0
1693 -1.727875959475063 -0.7853981633941151 0
1694 -1.727875959474976 -0.706858347054287 0
1695 -1.727875959474889 -0.6283185307144502 0
1696 -1.727875959474803 -0.5497787143745265 0
1697 -1.727875959474716 -0.4712388980346895 0
1698 -1.727875959474629 -0.392699081694861 0
1699 -1.727875959474542 -0.3141592653550334 0
1700 -1.727875959474455 -0.2356194490151962 0
1701 -1.727875959474368 -0.1570796326752728 0
1702 -1.727875959474282 -0.07853981633543627 0
1703 -1.727875959474195 4.343858606148387e-12 0
1704 -1.727875959474108 0.07853981634401874 0
1705 -1.727875959474022 0.157079632683637 0
1706 -1.727875959473935 0.2356194490232544 0
1707 -1.727875959473848 0.3141592653628715 0
1708 -1.727875959473761 0.3926990817024992 0
1709 -1.727875959473675 0.4712388980421266 0
1710 -1.727875959473588 0.5497787143817443 0
1711 -1.727875959473501 0.6283185307213621 0
1712 -1.727875959473414 0.7068583470609795 0
1713 -1.727875959473328 0.785398163400607 0
1714 -1.72787595947324 0.8639379797402342 0
1715 -1.727875959473154 0.9424777960798479 0
1716 -1.727875959473067 1.021017612419435 0
1717 -1.72787595947298 1.099557428759048 0
1718 -1.727875959472894 1.178097245098781 0
1719 -1.727875959472807 1.256637061438441 0
1720 -1.72787595947272 1.335176877778035 0
1721 -1.727875959472633 1.413716694117675 0
1722 -1.727875959472546 1.492256510457269 0
1723 -1.72787595947246 1.57079632679689 0
1724 -1.727875959472373 1.64933614313651 0
1725 -1.727875959472286 1.727875959476104 0
1726 -1.7278759594722 1.806415775815745 0
1727 -1.727875959472112 1.884955592155339 0
1728 -1.727875959472025 1.963495408494998 0
1729 -1.727875959471939 2.042035224834624 0
1730 -1.727875959471852 2.120575041174292 0
1731 -1.727875959471766 2.199114857513932 0
1732 -1.727875959471679 2.277654673853452 0
1733 -1.727875959471592 2.356194490193107 0
1734 -1.727875959471505 2.434734306532801 0
1735 -1.727875959471418 2.513274122872414 0
1736 -1.727875959471332 2.591813939212056 0
1737 -1.727875959471245 2.67035375555175 0
1738 -1.727875959471158 2.748893571891416 0
1739 -1.727875959471071 2.827433388231082 0
1740 -1.727875959470984 2.905973204570777 0
1741 -1.727875959470898 2.984513020910472 0
1742 -1.727875959470811 3.063052837250166 0
1743 -1.649336143138073 -3.06305283724997 0
1744 -1.64933614313798 -2.984513020910126 0
1745 -1.649336143137889 -2.905973204570282 0
1746 -1.649336143137796 -2.827433388230439 0
1747 -1.649336143137704 -2.748893571890483 0
1748 -1.649336143137613 -2.670353755550528 0
1749 -1.649336143137521 -2.591813939210684 0
1750 -1.649336143137429 -2.513274122870857 0
1751 -1.649336143137337 -2.434734306531038 0
1752 -1.649336143137246 -2.356194490191195 0
1753 -1.649336143137153 -2.277654673851361 0
1754 -1.649336143137061 -2.199114857511573 0
1755 -1.64933614313697 -2.120575041171746 0
1756 -1.649336143136878 -2.04203522483191 0
1757 -1.649336143136786 -1.963495408491966 0
1758 -1.649336143136694 -1.884955592152013 0
1759 -1.649336143136602 -1.806415775812199 0
1760 -1.64933614313651 -1.727875959472372 0
1761 -1.649336143136418 -1.649336143132559 0
1762 -1.649336143136326 -1.570796326792737 0
1763 -1.649336143136234 -1.492256510452917 0
1764 -1.649336143136142 -1.413716694113103 0
1765 -1.649336143136051 -1.335176877773277 0
1766 -1.649336143135959 -1.256637061433464 0
1767 -1.649336143135867 -1.17809724509351 0
1768 -1.649336143135775 -1.099557428753535 0
1769 -1.649336143135683 -1.021017612413716 0
1770 -1.649336143135591 -0.9424777960739052 0
1771 -1.6493361431355 -0.8639379797340863 0
1772 -1.649336143135408 -0.7853981633942623 0
1773 -1.649336143135316 -0.7068583470544386 0
1774 -1.649336143135224 -0.6283185307146071 0
1775 -1.649336143135132 -0.5497787143746904 0
1776 -1.64933614313504 -0.471238898034859 0
1777 -1.649336143134948 -0.3926990816950351 0
1778 -1.649336143134857 -0.3141592653552117 0
1779 -1.649336143134765 -0.2356194490153793 0
1780 -1.649336143134673 -0.1570796326754629 0
1781 -1.649336143134581 -0.07853981633563145 0
1782 -1.649336143134489 4.146460952370035e-12 0
1783 -1.649336143134397 0.07853981634382423 0
1784 -1.649336143134305 0.1570796326834467 0
1785 -1.649336143134213 0.2356194490230707 0
1786 -1.649336143134121 0.3141592653626937 0
1787 -1.649336143134029 0.3926990817023253 0
1788 -1.649336143133938 0.4712388980419575 0
1789 -1.649336143133846 0.5497787143815803 0
1790 -1.649336143133754 0.6283185307212049 0
1791 -1.649336143133662 0.7068583470608272 0
1792 -1.64933614313357 0.7853981634004596 0
1793 -1.649336143133478 0.8639379797400915 0
1794 -1.649336143133386 0.9424777960797097 0
1795 -1.649336143133294 1.021017612419302 0
1796 -1.649336143133203 1.09955742875892 0
1797 -1.649336143133111 1.178097245098659 0
1798 -1.649336143133019 1.256637061438325 0
1799 -1.649336143132927 1.335176877777923 0
1800 -1.649336143132835 1.413716694117569 0
1801 -1.649336143132743 1.492256510457168 0
1802 -1.649336143132651 1.570796326796792 0
1803 -1.649336143132559 1.649336143136419 0
1804 -1.649336143132468 1.727875959476017 0
1805 -1.649336143132376 1.806415775815662 0
1806 -1.649336143132284 1.884955592155261 0
1807 -1.649336143132192 1.963495408494928 0
1808 -1.6493361431321 2.042035224834561 0
1809 -1.649336143132008 2.120575041174233 0
1810 -1.649336143131916 2.199114857513877 0
1811 -1.649336143131825 2.277654673853403 0
1812 -1.649336143131733 2.356194490193062 0
1813 -1.64933614313164 2.43473430653276 0
1814 -1.649336143131549 2.513274122872379 0
1815 -1.649336143131457 2.591813939212024 0
1816 -1.649336143131365 2.670353755551722 0
1817 -1.649336143131273 2.748893571891394 0
1818 -1.649336143131181 2.827433388231067 0
1819 -1.64933614313109 2.905973204570765 0
1820 -1.649336143130998 2.984513020910464 0
1821 -1.649336143130905 3.063052837250162 0
1822 -1.570796326798531 -3.063052837249975 0
1823 -1.570796326798435 -2.984513020910135 0
1824 -1.570796326798338 -2.905973204570294 0
1825 -1.570796326798241 -2.827433388230453 0
1826 -1.570796326798144 -2.748893571890505 0
1827 -1.570796326798048 -2.670353755550556 0
1828 -1.570796326797952 -2.591813939210716 0
1829 -1.570796326797855 -2.513274122870893 0
1830 -1.570796326797759 -2.434734306531079 0
1831 -1.570796326797662 -2.356194490191239 0
1832 -1.570796326797565 -2.277654673851412 0
1833 -1.570796326797469 -2.199114857511626 0
1834 -1.570796326797372 -2.120575041171805 0
1835 -1.570796326797275 -2.042035224831972 0
1836 -1.570796326797179 -1.963495408492037 0
1837 -1.570796326797083 -1.884955592152091 0
1838 -1.570796326796986 -1.806415775812282 0
1839 -1.570796326796889 -1.72787595947246 0
1840 -1.570796326796793 -1.649336143132651 0
1841 -1.570796326796696 -1.570796326792834 0
1842 -1.5707963267966 -1.492256510453018 0
1843 -1.570796326796503 -1.41371669411321 0
1844 -1.570796326796407 -1.335176877773387 0
1845 -1.57079632679631 -1.256637061433579 0
1846 -1.570796326796214 -1.178097245093634 0
1847 -1.570796326796117 -1.099557428753662 0
1848 -1.570796326796021 -1.021017612413849 0
1849 -1.570796326795924 -0.9424777960740434 0
1850 -1.570796326795827 -0.8639379797342293 0
1851 -1.570796326795731 -0.7853981633944099 0
1852 -1.570796326795634 -0.7068583470545908 0
1853 -1.570796326795538 -0.6283185307147645 0
1854 -1.570796326795441 -0.5497787143748544 0
1855 -1.570796326795345 -0.4712388980350282 0
1856 -1.570796326795248 -0.3926990816952083 0
1857 -1.570796326795152 -0.31415926535539 0
1858 -1.570796326795055 -0.2356194490155625 0
1859 -1.570796326794959 -0.1570796326756532 0
1860 -1.570796326794862 -0.07853981633582641 0
1861 -1.570796326794766 3.948841253986757e-12 0
1862 -1.570796326794669 0.07853981634362883 0
1863 -1.570796326794572 0.1570796326832564 0
1864 -1.570796326794475 0.2356194490228878 0
1865 -1.570796326794379 0.3141592653625154 0
1866 -1.570796326794282 0.3926990817021518 0
1867 -1.570796326794186 0.4712388980417883 0
1868 -1.57079632679409 0.5497787143814157 0
1869 -1.570796326793993 0.6283185307210475 0
1870 -1.570796326793896 0.7068583470606749 0
1871 -1.5707963267938 0.7853981634003118 0
1872 -1.570796326793703 0.8639379797399483 0
1873 -1.570796326793606 0.9424777960795714 0
1874 -1.570796326793511 1.021017612419169 0
1875 -1.570796326793413 1.099557428758791 0
1876 -1.570796326793317 1.178097245098536 0
1877 -1.570796326793221 1.256637061438209 0
1878 -1.570796326793124 1.335176877777813 0
1879 -1.570796326793027 1.413716694117463 0
1880 -1.570796326792931 1.492256510457066 0
1881 -1.570796326792834 1.570796326796696 0
1882 -1.570796326792738 1.649336143136327 0
1883 -1.570796326792641 1.727875959475931 0
1884 -1.570796326792545 1.80641577581558 0
1885 -1.570796326792448 1.884955592155184 0
1886 -1.570796326792351 1.963495408494857 0
1887 -1.570796326792255 2.042035224834498 0
1888 -1.570796326792159 2.120575041174173 0
1889 -1.570796326792062 2.199114857513822 0
1890 -1.570796326791965 2.277654673853355 0
1891 -1.570796326791869 2.356194490193017 0
1892 -1.570796326791772 2.434734306532718 0
1893 -1.570796326791675 2.513274122872342 0
1894 -1.570796326791579 2.591813939211992 0
1895 -1.570796326791482 2.670353755551692 0
1896 -1.570796326791386 2.748893571891372 0
1897 -1.57079632679129 2.827433388231053 0
1898 -1.570796326791194 2.905973204570754 0
1899 -1.570796326791096 2.984513020910456 0
1900 -1.570796326791 3.063052837250157 0
1901 -1.49225651045899 -3.063052837249979 0
1902 -1.492256510458888 -2.984513020910142 0
1903 -1.492256510458787 -2.905973204570305 0
1904 -1.492256510458686 -2.827433388230468 0
1905 -1.492256510458585 -2.748893571890527 0
1906 -1.492256510458484 -2.670353755550585 0
1907 -1.492256510458382 -2.591813939210748 0
1908 -1.492256510458281 -2.513274122870929 0
1909 -1.49225651045818 -2.43473430653112 0
1910 -1.492256510458078 -2.356194490191283 0
1911 -1.492256510457977 -2.27765467385146 0
1912 -1.492256510457876 -2.199114857511681 0
1913 -1.492256510457775 -2.120575041171863 0
1914 -1.492256510457674 -2.042035224832035 0
1915 -1.492256510457572 -1.963495408492107 0
1916 -1.492256510457471 -1.884955592152167 0
1917 -1.49225651045737 -1.806415775812365 0
1918 -1.492256510457269 -1.727875959472547 0
1919 -1.492256510457167 -1.649336143132744 0
1920 -1.492256510457066 -1.570796326792931 0
1921 -1.492256510456965 -1.492256510453119 0
1922 -1.492256510456865 -1.413716694113316 0
1923 -1.492256510456763 -1.335176877773498 0
1924 -1.492256510456662 -1.256637061433695 0
1925 -1.49225651045656 -1.178097245093756 0
1926 -1.492256510456459 -1.099557428753791 0
1927 -1.492256510456358 -1.021017612413982 0
1928 -1.492256510456257 -0.9424777960741815 0
1929 -1.492256510456155 -0.8639379797343718 0
1930 -1.492256510456054 -0.7853981633945573 0
1931 -1.492256510455953 -0.7068583470547432 0
1932 -1.492256510455852 -0.6283185307149217 0
1933 -1.492256510455751 -0.5497787143750187 0
1934 -1.49225651045565 -0.4712388980351968 0
1935 -1.492256510455548 -0.3926990816953821 0
1936 -1.492256510455447 -0.314159265355568 0
1937 -1.492256510455346 -0.2356194490157455 0
1938 -1.492256510455245 -0.1570796326758432 0
1939 -1.492256510455143 -0.07853981633602136 0
1940 -1.492256510455042 3.751443600208404e-12 0
1941 -1.492256510454941 0.07853981634343365 0
1942 -1.49225651045484 0.1570796326830664 0
1943 -1.492256510454738 0.2356194490227048 0
1944 -1.492256510454637 0.3141592653623373 0
1945 -1.492256510454536 0.3926990817019785 0
1946 -1.492256510454435 0.4712388980416193 0
1947 -1.492256510454334 0.5497787143812523 0
1948 -1.492256510454232 0.6283185307208904 0
1949 -1.492256510454132 0.7068583470605229 0
1950 -1.49225651045403 0.7853981634001646 0
1951 -1.492256510453929 0.8639379797398054 0
1952 -1.492256510453828 0.9424777960794333 0
1953 -1.492256510453727 1.021017612419036 0
1954 -1.492256510453625 1.099557428758664 0
1955 -1.492256510453524 1.178097245098414 0
1956 -1.492256510453423 1.256637061438094 0
1957 -1.492256510453322 1.335176877777702 0
1958 -1.49225651045322 1.413716694117356 0
1959 -1.492256510453119 1.492256510456965 0
1960 -1.492256510453018 1.5707963267966 0
1961 -1.492256510452916 1.649336143136234 0
1962 -1.492256510452815 1.727875959475844 0
1963 -1.492256510452714 1.806415775815498 0
1964 -1.492256510452613 1.884955592155107 0
1965 -1.492256510452511 1.963495408494786 0
1966 -1.492256510452411 2.042035224834434 0
1967 -1.49225651045231 2.120575041174114 0
1968 -1.492256510452208 2.199114857513768 0
1969 -1.492256510452107 2.277654673853307 0
1970 -1.492256510452006 2.356194490192973 0
1971 -1.492256510451905 2.434734306532678 0
1972 -1.492256510451803 2.513274122872306 0
1973 -1.492256510451702 2.59181393921196 0
1974 -1.492256510451601 2.670353755551665 0
1975 -1.4922565104515 2.748893571891352 0
1976 -1.492256510451399 2.827433388231037 0
1977 -1.492256510451297 2.905973204570741 0
1978 -1.492256510451196 2.984513020910447 0
1979 -1.492256510451095 3.063052837250153 0
1980 -1.413716694119483 -3.063052837249984 0
1981 -1.413716694119376 -2.984513020910151 0
1982 -1.41371669411927 -2.905973204570316 0
1983 -1.413716694119164 -2.827433388230483 0
1984 -1.413716694119058 -2.748893571890548 0
1985 -1.413716694118951 -2.670353755550613 0
1986 -1.413716694118845 -2.59181393921078 0
1987 -1.413716694118739 -2.513274122870966 0
1988 -1.413716694118632 -2.434734306531162 0
1989 -1.413716694118525 -2.356194490191327 0
1990 -1.413716694118419 -2.277654673851508 0
1991 -1.413716694118313 -2.199114857511737 0
1992 -1.413716694118208 -2.120575041171923 0
1993 -1.413716694118101 -2.042035224832098 0
1994 -1.413716694117994 -1.963495408492177 0
1995 -1.413716694117888 -1.884955592152246 0
1996 -1.413716694117782 -1.806415775812447 0
1997 -1.413716694117675 -1.727875959472633 0
1998 -1.413716694117569 -1.649336143132835 0
1999 -1.413716694117462 -1.570796326793028 0
2000 -1.413716694117356 -1.49225651045322 0
2001 -1.41371669411725 -1.413716694113422 0
2002 -1.413716694117144 -1.335176877773609 0
2003 -1.413716694117038 -1.256637061433811 0
2004 -1.413716694116931 -1.178097245093879 0
2005 -1.413716694116825 -1.099557428753919 0
2006 -1.413716694116718 -1.021017612414115 0
2007 -1.413716694116612 -0.9424777960743195 0
2008 -1.413716694116506 -0.8639379797345149 0
2009 -1.413716694116399 -0.7853981633947047 0
2010 -1.413716694116294 -0.7068583470548955 0
2011 -1.413716694116187 -0.6283185307150781 0
2012 -1.413716694116081 -0.5497787143751832 0
2013 -1.413716694115974 -0.4712388980353661 0
2014 -1.413716694115868 -0.3926990816955556 0
2015 -1.413716694115762 -0.3141592653557461 0
2016 -1.413716694115655 -0.2356194490159289 0
2017 -1.413716694115549 -0.1570796326760333 0
2018 -1.413716694115443 -0.07853981633621632 0
2019 -1.413716694115337 3.554045946430051e-12 0
2020 -1.41371669411523 0.0785398163432387 0
2021 -1.413716694115124 0.1570796326828765 0
2022 -1.413716694115017 0.2356194490225219 0
2023 -1.413716694114911 0.314159265362159 0
2024 -1.413716694114805 0.3926990817018046 0
2025 -1.413716694114699 0.4712388980414501 0
2026 -1.413716694114592 0.5497787143810879 0
2027 -1.413716694114485 0.6283185307207338 0
2028 -1.413716694114379 0.7068583470603711 0
2029 -1.413716694114273 0.7853981634000167 0
2030 -1.413716694114167 0.8639379797396625 0
2031 -1.413716694114061 0.9424777960792949 0
2032 -1.413716694113954 1.021017612418902 0
2033 -1.413716694113848 1.099557428758536 0
2034 -1.413716694113742 1.178097245098291 0
2035 -1.413716694113635 1.256637061437977 0
2036 -1.413716694113529 1.335176877777592 0
2037 -1.413716694113422 1.41371669411725 0
2038 -1.413716694113317 1.492256510456864 0
2039 -1.41371669411321 1.570796326796503 0
2040 -1.413716694113104 1.649336143136143 0
2041 -1.413716694112998 1.727875959475757 0
2042 -1.413716694112891 1.806415775815415 0
2043 -1.413716694112785 1.884955592155029 0
2044 -1.413716694112679 1.963495408494716 0
2045 -1.413716694112573 2.042035224834372 0
2046 -1.413716694112466 2.120575041174055 0
2047 -1.413716694112359 2.199114857513713 0
2048 -1.413716694112253 2.277654673853258 0
2049 -1.413716694112147 2.356194490192928 0
2050 -1.413716694112041 2.434734306532636 0
2051 -1.413716694111935 2.51327412287227 0
2052 -1.413716694111828 2.591813939211928 0
2053 -1.413716694111722 2.670353755551636 0
2054 -1.413716694111615 2.748893571891329 0
2055 -1.413716694111509 2.827433388231022 0
2056 -1.413716694111403 2.90597320457073 0
2057 -1.413716694111296 2.98451302091044 0
2058 -1.41371669411119 3.063052837250147 0
2059 -1.335176877779915 -3.063052837249989 0
2060 -1.335176877779805 -2.984513020910158 0
2061 -1.335176877779694 -2.905973204570328 0
2062 -1.335176877779584 -2.827433388230499 0
2063 -1.335176877779473 -2.748893571890569 0
2064 -1.335176877779362 -2.670353755550642 0
2065 -1.335176877779251 -2.591813939210811 0
2066 -1.335176877779141 -2.513274122871003 0
2067 -1.33517687777903 -2.434734306531202 0
2068 -1.33517687777892 -2.356194490191372 0
2069 -1.335176877778809 -2.277654673851557 0
2070 -1.335176877778699 -2.199114857511792 0
2071 -1.335176877778588 -2.120575041171982 0
2072 -1.335176877778477 -2.042035224832162 0
2073 -1.335176877778367 -1.963495408492248 0
2074 -1.335176877778256 -1.884955592152322 0
2075 -1.335176877778145 -1.806415775812529 0
2076 -1.335176877778034 -1.72787595947272 0
2077 -1.335176877777924 -1.649336143132927 0
2078 -1.335176877777813 -1.570796326793124 0
2079 -1.335176877777703 -1.492256510453322 0
2080 -1.335176877777592 -1.413716694113529 0
2081 -1.335176877777482 -1.33517687777372 0
2082 -1.335176877777371 -1.256637061433927 0
2083 -1.33517687777726 -1.178097245094001 0
2084 -1.335176877777149 -1.099557428754048 0
2085 -1.335176877777039 -1.021017612414248 0
2086 -1.335176877776928 -0.9424777960744578 0
2087 -1.335176877776817 -0.8639379797346584 0
2088 -1.335176877776707 -0.7853981633948526 0
2089 -1.335176877776596 -0.706858347055047 0
2090 -1.335176877776485 -0.6283185307152358 0
2091 -1.335176877776375 -0.5497787143753469 0
2092 -1.335176877776265 -0.4712388980355346 0
2093 -1.335176877776154 -0.3926990816957292 0
2094 -1.335176877776043 -0.3141592653559242 0
2095 -1.335176877775932 -0.2356194490161121 0
2096 -1.335176877775822 -0.1570796326762238 0
2097 -1.335176877775711 -0.07853981633641149 0
2098 -1.3351768777756 3.356648292651698e-12 0
2099 -1.33517687777549 0.07853981634304352 0
2100 -1.335176877775379 0.1570796326826862 0
2101 -1.335176877775269 0.2356194490223389 0
2102 -1.335176877775158 0.3141592653619809 0
2103 -1.335176877775047 0.3926990817016314 0
2104 -1.335176877774936 0.4712388980412815 0
2105 -1.335176877774826 0.5497787143809237 0
2106 -1.335176877774715 0.6283185307205766 0
2107 -1.335176877774605 0.7068583470602184 0
2108 -1.335176877774494 0.7853981633998692 0
2109 -1.335176877774384 0.8639379797395192 0
2110 -1.335176877774273 0.9424777960791567 0
2111 -1.335176877774162 1.021017612418769 0
2112 -1.335176877774051 1.099557428758407 0
2113 -1.33517687777394 1.178097245098169 0
2114 -1.33517687777383 1.256637061437862 0
2115 -1.335176877773719 1.335176877777482 0
2116 -1.335176877773609 1.413716694117144 0
2117 -1.335176877773498 1.492256510456763 0
2118 -1.335176877773388 1.570796326796406 0
2119 -1.335176877773277 1.649336143136051 0
2120 -1.335176877773166 1.72787595947567 0
2121 -1.335176877773055 1.806415775815333 0
2122 -1.335176877772945 1.884955592154952 0
2123 -1.335176877772835 1.963495408494646 0
2124 -1.335176877772724 2.042035224834309 0
2125 -1.335176877772613 2.120575041173996 0
2126 -1.335176877772502 2.199114857513658 0
2127 -1.335176877772392 2.277654673853209 0
2128 -1.335176877772281 2.356194490192884 0
2129 -1.33517687777217 2.434734306532595 0
2130 -1.33517687777206 2.513274122872233 0
2131 -1.335176877771949 2.591813939211896 0
2132 -1.335176877771839 2.670353755551607 0
2133 -1.335176877771727 2.748893571891307 0
2134 -1.335176877771617 2.827433388231007 0
2135 -1.335176877771507 2.905973204570719 0
2136 -1.335176877771396 2.984513020910431 0
2137 -1.335176877771286 3.063052837250143 0
2138 -1.256637061440409 -3.063052837249993 0
2139 -1.256637061440293 -2.984513020910167 0
2140 -1.256637061440177 -2.90597320457034 0
2141 -1.256637061440061 -2.827433388230513 0
2142 -1.256637061439946 -2.748893571890592 0
2143 -1.25663706143983 -2.67035375555067 0
2144 -1.256637061439714 -2.591813939210843 0
2145 -1.256637061439598 -2.513274122871038 0
2146 -1.256637061439482 -2.434734306531243 0
2147 -1.256637061439367 -2.356194490191416 0
2148 -1.256637061439251 -2.277654673851606 0
2149 -1.256637061439135 -2.199114857511847 0
2150 -1.25663706143902 -2.120575041172041 0
2151 -1.256637061438904 -2.042035224832225 0
2152 -1.256637061438788 -1.963495408492319 0
2153 -1.256637061438672 -1.8849555921524 0
2154 -1.256637061438557 -1.806415775812612 0
2155 -1.256637061438441 -1.727875959472807 0
2156 -1.256637061438325 -1.649336143133019 0
2157 -1.256637061438209 -1.570796326793221 0
2158 -1.256637061438094 -1.492256510453423 0
2159 -1.256637061437978 -1.413716694113635 0
2160 -1.256637061437862 -1.33517687777383 0
2161 -1.256637061437746 -1.256637061434042 0
2162 -1.256637061437631 -1.178097245094123 0
2163 -1.256637061437515 -1.099557428754176 0
2164 -1.256637061437399 -1.021017612414381 0
2165 -1.256637061437283 -0.9424777960745959 0
2166 -1.256637061437168 -0.8639379797348015 0
2167 -1.256637061437052 -0.7853981633949998 0
2168 -1.256637061436937 -0.7068583470551996 0
2169 -1.256637061436821 -0.6283185307153929 0
2170 -1.256637061436705 -0.5497787143755107 0
2171 -1.256637061436589 -0.4712388980357038 0
2172 -1.256637061436473 -0.3926990816959026 0
2173 -1.256637061436357 -0.3141592653561021 0
2174 -1.256637061436242 -0.2356194490162953 0
2175 -1.256637061436126 -0.1570796326764137 0
2176 -1.25663706143601 -0.07853981633660712 0
2177 -1.256637061435894 3.15947268347827e-12 0
2178 -1.256637061435778 0.07853981634284835 0
2179 -1.256637061435663 0.1570796326824959 0
2180 -1.256637061435547 0.2356194490221556 0
2181 -1.256637061435431 0.3141592653618029 0
2182 -1.256637061435316 0.3926990817014576 0
2183 -1.2566370614352 0.4712388980411122 0
2184 -1.256637061435084 0.54977871438076 0
2185 -1.256637061434968 0.6283185307204194 0
2186 -1.256637061434852 0.7068583470600666 0
2187 -1.256637061434737 0.7853981633997217 0
2188 -1.256637061434621 0.8639379797393765 0
2189 -1.256637061434506 0.9424777960790184 0
2190 -1.25663706143439 1.021017612418637 0
2191 -1.256637061434274 1.099557428758279 0
2192 -1.256637061434158 1.178097245098046 0
2193 -1.256637061434042 1.256637061437746 0
2194 -1.256637061433926 1.33517687777737 0
2195 -1.25663706143381 1.413716694117038 0
2196 -1.256637061433695 1.492256510456661 0
2197 -1.256637061433579 1.57079632679631 0
2198 -1.256637061433463 1.649336143135959 0
2199 -1.256637061433348 1.727875959475584 0
2200 -1.256637061433232 1.80641577581525 0
2201 -1.256637061433116 1.884955592154874 0
2202 -1.256637061433001 1.963495408494575 0
2203 -1.256637061432885 2.042035224834245 0
2204 -1.256637061432769 2.120575041173937 0
2205 -1.256637061432653 2.199114857513603 0
2206 -1.256637061432538 2.277654673853161 0
2207 -1.256637061432422 2.356194490192839 0
2208 -1.256637061432306 2.434734306532554 0
2209 -1.25663706143219 2.513274122872197 0
2210 -1.256637061432075 2.591813939211864 0
2211 -1.256637061431959 2.67035375555158 0
2212 -1.256637061431843 2.748893571891286 0
2213 -1.256637061431727 2.827433388230991 0
2214 -1.256637061431612 2.905973204570708 0
2215 -1.256637061431496 2.984513020910423 0
2216 -1.25663706143138 3.063052837250138 0
2217 -1.178097245100866 -3.063052837249997 0
2218 -1.178097245100743 -2.984513020910174 0
2219 -1.178097245100621 -2.905973204570351 0
2220 -1.178097245100498 -2.827433388230528 0
2221 -1.178097245100376 -2.748893571890614 0
2222 -1.178097245100253 -2.670353755550698 0
2223 -1.17809724510013 -2.591813939210876 0
2224 -1.178097245100008 -2.513274122871074 0
2225 -1.178097245099885 -2.434734306531284 0
2226 -1.178097245099762 -2.356194490191461 0
2227 -1.17809724509964 -2.277654673851654 0
2228 -1.178097245099518 -2.199114857511903 0
2229 -1.178097245099395 -2.1205750411721 0
2230 -1.178097245099273 -2.042035224832288 0
2231 -1.17809724509915 -1.963495408492389 0
2232 -1.178097245099027 -1.884955592152477 0
2233 -1.178097245098904 -1.806415775812694 0
2234 -1.178097245098782 -1.727875959472894 0
2235 -1.178097245098659 -1.649336143133111 0
2236 -1.178097245098537 -1.570796326793318 0
2237 -1.178097245098414 -1.492256510453524 0
2238 -1.178097245098292 -1.413716694113742 0
2239 -1.178097245098169 -1.335176877773941 0
2240 -1.178097245098046 -1.256637061434158 0
2241 -1.178097245097924 -1.178097245094246 0
2242 -1.178097245097801 -1.099557428754304 0
2243 -1.178097245097678 -1.021017612414514 0
2244 -1.178097245097556 -0.9424777960747343 0
2245 -1.178097245097434 -0.8639379797349437 0
2246 -1.178097245097311 -0.7853981633951473 0
2247 -1.178097245097188 -0.7068583470553516 0
2248 -1.178097245097066 -0.6283185307155494 0
2249 -1.178097245096943 -0.5497787143756748 0
2250 -1.178097245096821 -0.4712388980358727 0
2251 -1.178097245096698 -0.3926990816960759 0
2252 -1.178097245096575 -0.3141592653562805 0
2253 -1.178097245096452 -0.2356194490164781 0
2254 -1.17809724509633 -0.1570796326766035 0
2255 -1.178097245096207 -0.07853981633680185 0
2256 -1.178097245096085 2.961852985094993e-12 0
2257 -1.178097245095962 0.07853981634265317 0
2258 -1.17809724509584 0.1570796326823062 0
2259 -1.178097245095718 0.2356194490219722 0
2260 -1.178097245095595 0.3141592653616245 0
2261 -1.178097245095472 0.3926990817012839 0
2262 -1.178097245095349 0.4712388980409433 0
2263 -1.178097245095227 0.5497787143805957 0
2264 -1.178097245095104 0.6283185307202623 0
2265 -1.178097245094981 0.7068583470599143 0
2266 -1.178097245094859 0.7853981633995741 0
2267 -1.178097245094736 0.8639379797392335 0
2268 -1.178097245094614 0.9424777960788804 0
2269 -1.178097245094491 1.021017612418504 0
2270 -1.178097245094369 1.09955742875815 0
2271 -1.178097245094246 1.178097245097923 0
2272 -1.178097245094124 1.256637061437631 0
2273 -1.178097245094001 1.33517687777726 0
2274 -1.178097245093879 1.413716694116931 0
2275 -1.178097245093756 1.49225651045656 0
2276 -1.178097245093633 1.570796326796213 0
2277 -1.178097245093511 1.649336143135867 0
2278 -1.178097245093388 1.727875959475497 0
2279 -1.178097245093265 1.806415775815168 0
2280 -1.178097245093143 1.884955592154797 0
2281 -1.17809724509302 1.963495408494505 0
2282 -1.178097245092897 2.042035224834181 0
2283 -1.178097245092775 2.120575041173876 0
2284 -1.178097245092652 2.199114857513548 0
2285 -1.17809724509253 2.277654673853112 0
2286 -1.178097245092407 2.356194490192795 0
2287 -1.178097245092285 2.434734306532514 0
2288 -1.178097245092162 2.513274122872161 0
2289 -1.178097245092039 2.591813939211832 0
2290 -1.178097245091917 2.670353755551551 0
2291 -1.178097245091794 2.748893571891264 0
2292 -1.178097245091672 2.827433388230977 0
2293 -1.178097245091549 2.905973204570696 0
2294 -1.178097245091427 2.984513020910416 0
2295 -1.178097245091304 3.063052837250134 0
2296 -1.099557428761228 -3.063052837250002 0
2297 -1.099557428761099 -2.984513020910183 0
2298 -1.099557428760972 -2.905973204570363 0
2299 -1.099557428760844 -2.827433388230544 0
2300 -1.099557428760715 -2.748893571890635 0
2301 -1.099557428760586 -2.670353755550727 0
2302 -1.099557428760459 -2.591813939210908 0
2303 -1.09955742876033 -2.513274122871111 0
2304 -1.099557428760202 -2.434734306531324 0
2305 -1.099557428760074 -2.356194490191505 0
2306 -1.099557428759945 -2.277654673851703 0
2307 -1.099557428759817 -2.199114857511958 0
2308 -1.099557428759689 -2.120575041172159 0
2309 -1.099557428759561 -2.042035224832351 0
2310 -1.099557428759433 -1.963495408492459 0
2311 -1.099557428759305 -1.884955592152555 0
2312 -1.099557428759176 -1.806415775812776 0
2313 -1.099557428759048 -1.72787595947298 0
2314 -1.099557428758919 -1.649336143133202 0
2315 -1.099557428758791 -1.570796326793413 0
2316 -1.099557428758663 -1.492256510453625 0
2317 -1.099557428758535 -1.413716694113848 0
2318 -1.099557428758407 -1.335176877774051 0
2319 -1.099557428758279 -1.256637061434274 0
2320 -1.09955742875815 -1.178097245094369 0
2321 -1.099557428758023 -1.099557428754432 0
2322 -1.099557428757894 -1.021017612414648 0
2323 -1.099557428757766 -0.9424777960748726 0
2324 -1.099557428757638 -0.8639379797350868 0
2325 -1.099557428757509 -0.7853981633952954 0
2326 -1.099557428757381 -0.7068583470555039 0
2327 -1.099557428757253 -0.6283185307157065 0
2328 -1.099557428757125 -0.549778714375839 0
2329 -1.099557428756996 -0.4712388980360421 0
2330 -1.099557428756868 -0.3926990816962496 0
2331 -1.09955742875674 -0.3141592653564584 0
2332 -1.099557428756612 -0.2356194490166614 0
2333 -1.099557428756484 -0.1570796326767934 0
2334 -1.099557428756355 -0.0785398163369968 0
2335 -1.099557428756227 2.76445533131664e-12 0
2336 -1.099557428756099 0.07853981634245844 0
2337 -1.099557428755971 0.1570796326821158 0
2338 -1.099557428755843 0.2356194490217893 0
2339 -1.099557428755714 0.3141592653614466 0
2340 -1.099557428755586 0.3926990817011101 0
2341 -1.099557428755458 0.4712388980407742 0
2342 -1.09955742875533 0.5497787143804318 0
2343 -1.099557428755201 0.628318530720105 0
2344 -1.099557428755073 0.7068583470597622 0
2345 -1.099557428754945 0.7853981633994267 0
2346 -1.099557428754817 0.8639379797390903 0
2347 -1.099557428754689 0.9424777960787422 0
2348 -1.09955742875456 1.021017612418371 0
2349 -1.099557428754432 1.099557428758022 0
2350 -1.099557428754304 1.178097245097801 0
2351 -1.099557428754176 1.256637061437515 0
2352 -1.099557428754047 1.335176877777149 0
2353 -1.099557428753919 1.413716694116825 0
2354 -1.099557428753791 1.492256510456459 0
2355 -1.099557428753663 1.570796326796117 0
2356 -1.099557428753534 1.649336143135775 0
2357 -1.099557428753406 1.72787595947541 0
2358 -1.099557428753278 1.806415775815085 0
2359 -1.09955742875315 1.88495559215472 0
2360 -1.099557428753021 1.963495408494434 0
2361 -1.099557428752894 2.042035224834119 0
2362 -1.099557428752765 2.120575041173818 0
2363 -1.099557428752637 2.199114857513493 0
2364 -1.099557428752509 2.277654673853063 0
2365 -1.099557428752381 2.35619449019275 0
2366 -1.099557428752252 2.434734306532473 0
2367 -1.099557428752124 2.513274122872125 0
2368 -1.099557428751996 2.5918139392118 0
2369 -1.099557428751868 2.670353755551522 0
2370 -1.09955742875174 2.748893571891243 0
2371 -1.099557428751612 2.827433388230962 0
2372 -1.099557428751483 2.905973204570685 0
2373 -1.099557428751355 2.984513020910407 0
2374 -1.099557428751227 3.06305283725013 0
2375 -1.021017612421696 -3.063052837250007 0
2376 -1.021017612421563 -2.984513020910191 0
2377 -1.021017612421429 -2.905973204570374 0
2378 -1.021017612421297 -2.827433388230558 0
2379 -1.021017612421164 -2.748893571890656 0
2380 -1.02101761242103 -2.670353755550755 0
2381 -1.021017612420897 -2.59181393921094 0
2382 -1.021017612420765 -2.513274122871147 0
2383 -1.021017612420632 -2.434734306531365 0
2384 -1.021017612420498 -2.356194490191549 0
2385 -1.021017612420366 -2.277654673851751 0
2386 -1.021017612420232 -2.199114857512012 0
2387 -1.021017612420099 -2.12057504117222 0
2388 -1.021017612419967 -2.042035224832414 0
2389 -1.021017612419834 -1.96349540849253 0
2390 -1.021017612419701 -1.884955592152632 0
2391 -1.021017612419568 -1.806415775812859 0
2392 -1.021017612419435 -1.727875959473067 0
2393 -1.021017612419302 -1.649336143133294 0
2394 -1.021017612419169 -1.57079632679351 0
2395 -1.021017612419036 -1.492256510453727 0
2396 -1.021017612418903 -1.413716694113955 0
2397 -1.021017612418769 -1.335176877774162 0
2398 -1.021017612418637 -1.25663706143439 0
2399 -1.021017612418504 -1.178097245094491 0
2400 -1.021017612418371 -1.099557428754561 0
2401 -1.021017612418238 -1.02101761241478 0
2402 -1.021017612418105 -0.9424777960750108 0
2403 -1.021017612417972 -0.8639379797352298 0
2404 -1.021017612417839 -0.7853981633954428 0
2405 -1.021017612417706 -0.7068583470556553 0
2406 -1.021017612417572 -0.6283185307158641 0
2407 -1.021017612417439 -0.5497787143760027 0
2408 -1.021017612417307 -0.471238898036211 0
2409 -1.021017612417174 -0.3926990816964234 0
2410 -1.021017612417041 -0.314159265356637 0
2411 -1.021017612416907 -0.2356194490168444 0
2412 -1.021017612416775 -0.1570796326769839 0
2413 -1.021017612416642 -0.07853981633719176 0
2414 -1.021017612416509 2.566835632933362e-12 0
2415 -1.021017612416376 0.07853981634226348 0
2416 -1.021017612416243 0.1570796326819256 0
2417 -1.02101761241611 0.2356194490216059 0
2418 -1.021017612415977 0.3141592653612683 0
2419 -1.021017612415844 0.3926990817009367 0
2420 -1.021017612415711 0.4712388980406053 0
2421 -1.021017612415578 0.5497787143802679 0
2422 -1.021017612415445 0.6283185307199479 0
2423 -1.021017612415312 0.7068583470596103 0
2424 -1.021017612415179 0.785398163399279 0
2425 -1.021017612415046 0.8639379797389475 0
2426 -1.021017612414913 0.9424777960786039 0
2427 -1.02101761241478 1.021017612418237 0
2428 -1.021017612414647 1.099557428757894 0
2429 -1.021017612414514 1.178097245097678 0
2430 -1.021017612414381 1.256637061437399 0
2431 -1.021017612414248 1.335176877777039 0
2432 -1.021017612414115 1.413716694116719 0
2433 -1.021017612413982 1.492256510456358 0
2434 -1.021017612413849 1.57079632679602 0
2435 -1.021017612413716 1.649336143135684 0
2436 -1.021017612413583 1.727875959475323 0
2437 -1.02101761241345 1.806415775815003 0
2438 -1.021017612413317 1.884955592154643 0
2439 -1.021017612413184 1.963495408494364 0
2440 -1.021017612413051 2.042035224834056 0
2441 -1.021017612412918 2.120575041173759 0
2442 -1.021017612412785 2.199114857513438 0
2443 -1.021017612412652 2.277654673853015 0
2444 -1.021017612412519 2.356194490192706 0
2445 -1.021017612412386 2.434734306532432 0
2446 -1.021017612412253 2.513274122872089 0
2447 -1.02101761241212 2.591813939211768 0
2448 -1.021017612411987 2.670353755551495 0
2449 -1.021017612411854 2.748893571891221 0
2450 -1.021017612411721 2.827433388230947 0
2451 -1.021017612411588 2.905973204570673 0
2452 -1.021017612411455 2.984513020910399 0
2453 -1.021017612411322 3.063052837250126 0
2454 -0.9424777960821968 -3.063052837250011 0
2455 -0.9424777960820589 -2.984513020910199 0
2456 -0.9424777960819207 -2.905973204570386 0
2457 -0.9424777960817825 -2.827433388230573 0
2458 -0.9424777960816442 -2.748893571890679 0
2459 -0.9424777960815059 -2.670353755550783 0
2460 -0.9424777960813682 -2.591813939210972 0
2461 -0.9424777960812295 -2.513274122871183 0
2462 -0.9424777960810915 -2.434734306531408 0
2463 -0.9424777960809532 -2.356194490191593 0
2464 -0.9424777960808151 -2.2776546738518 0
2465 -0.9424777960806769 -2.199114857512066 0
2466 -0.9424777960805388 -2.120575041172278 0
2467 -0.9424777960804004 -2.042035224832478 0
2468 -0.9424777960802625 -1.963495408492601 0
2469 -0.9424777960801237 -1.884955592152709 0
2470 -0.9424777960799862 -1.806415775812942 0
2471 -0.9424777960798478 -1.727875959473153 0
2472 -0.9424777960797093 -1.649336143133387 0
2473 -0.9424777960795712 -1.570796326793607 0
2474 -0.9424777960794329 -1.492256510453828 0
2475 -0.9424777960792949 -1.41371669411406 0
2476 -0.9424777960791568 -1.335176877774273 0
2477 -0.9424777960790183 -1.256637061434505 0
2478 -0.9424777960788802 -1.178097245094614 0
2479 -0.9424777960787423 -1.099557428754689 0
2480 -0.942477796078604 -1.021017612414913 0
2481 -0.9424777960784656 -0.9424777960751488 0
2482 -0.9424777960783275 -0.863937979735373 0
2483 -0.9424777960781892 -0.7853981633955901 0
2484 -0.942477796078051 -0.7068583470558079 0
2485 -0.9424777960779132 -0.6283185307160211 0
2486 -0.9424777960777746 -0.5497787143761671 0
2487 -0.9424777960776366 -0.4712388980363799 0
2488 -0.9424777960774984 -0.3926990816965971 0
2489 -0.94247779607736 -0.3141592653568149 0
2490 -0.942477796077222 -0.2356194490170277 0
2491 -0.9424777960770838 -0.1570796326771741 0
2492 -0.9424777960769457 -0.0785398163373866 0
2493 -0.9424777960768073 2.369437979155009e-12 0
2494 -0.9424777960766693 0.07853981634206864 0
2495 -0.9424777960765311 0.1570796326817359 0
2496 -0.9424777960763927 0.2356194490214228 0
2497 -0.9424777960762547 0.3141592653610901 0
2498 -0.9424777960761164 0.3926990817007633 0
2499 -0.9424777960759783 0.4712388980404362 0
2500 -0.9424777960758401 0.5497787143801037 0
2501 -0.9424777960757016 0.6283185307197908 0
2502 -0.9424777960755637 0.7068583470594583 0
2503 -0.9424777960754254 0.7853981633991317 0
2504 -0.9424777960752871 0.8639379797388046 0
2505 -0.9424777960751489 0.9424777960784657 0
2506 -0.9424777960750106 1.021017612418105 0
2507 -0.9424777960748726 1.099557428757767 0
2508 -0.9424777960747341 1.178097245097556 0
2509 -0.9424777960745963 1.256637061437283 0
2510 -0.942477796074458 1.335176877776928 0
2511 -0.9424777960743194 1.413716694116612 0
2512 -0.9424777960741813 1.492256510456256 0
2513 -0.9424777960740434 1.570796326795924 0
2514 -0.942477796073905 1.649336143135591 0
2515 -0.942477796073767 1.727875959475236 0
2516 -0.9424777960736284 1.80641577581492 0
2517 -0.9424777960734904 1.884955592154566 0
2518 -0.9424777960733522 1.963495408494293 0
2519 -0.9424777960732144 2.042035224833992 0
2520 -0.9424777960730758 2.1205750411737 0
2521 -0.9424777960729378 2.199114857513384 0
2522 -0.942477796072799 2.277654673852966 0
2523 -0.9424777960726612 2.356194490192661 0
2524 -0.9424777960725231 2.434734306532391 0
2525 -0.9424777960723847 2.513274122872053 0
2526 -0.9424777960722466 2.591813939211736 0
2527 -0.9424777960721084 2.670353755551466 0
2528 -0.9424777960719702 2.748893571891199 0
2529 -0.9424777960718322 2.827433388230932 0
2530 -0.9424777960716941 2.905973204570662 0
2531 -0.9424777960715558 2.984513020910391 0
2532 -0.9424777960714172 3.063052837250121 0
2533 -0.8639379797426647 -3.063052837250016 0
2534 -0.8639379797425215 -2.984513020910206 0
2535 -0.8639379797423788 -2.905973204570396 0
2536 -0.8639379797422357 -2.827433388230588 0
2537 -0.863937979742093 -2.7488935718907 0
2538 -0.8639379797419496 -2.670353755550812 0
2539 -0.863937979741807 -2.591813939211003 0
2540 -0.863937979741664 -2.51327412287122 0
2541 -0.8639379797415212 -2.434734306531447 0
2542 -0.8639379797413778 -2.356194490191638 0
2543 -0.863937979741235 -2.277654673851849 0
2544 -0.8639379797410918 -2.19911485751212 0
2545 -0.863937979740949 -2.120575041172337 0
2546 -0.8639379797408061 -2.04203522483254 0
2547 -0.8639379797406631 -1.963495408492671 0
2548 -0.8639379797405201 -1.884955592152786 0
2549 -0.863937979740377 -1.806415775813023 0
2550 -0.8639379797402342 -1.72787595947324 0
2551 -0.8639379797400912 -1.649336143133478 0
2552 -0.8639379797399483 -1.570796326793703 0
2553 -0.8639379797398048 -1.492256510453929 0
2554 -0.8639379797396622 -1.413716694114167 0
2555 -0.8639379797395195 -1.335176877774384 0
2556 -0.8639379797393766 -1.256637061434621 0
2557 -0.8639379797392334 -1.178097245094737 0
2558 -0.8639379797390901 -1.099557428754817 0
2559 -0.8639379797389473 -1.021017612415045 0
2560 -0.8639379797388043 -0.9424777960752873 0
2561 -0.8639379797386613 -0.8639379797355158 0
2562 -0.8639379797385185 -0.7853981633957376 0
2563 -0.8639379797383755 -0.7068583470559598 0
2564 -0.8639379797382324 -0.6283185307161776 0
2565 -0.8639379797380891 -0.5497787143763309 0
2566 -0.8639379797379467 -0.4712388980365493 0
2567 -0.8639379797378037 -0.3926990816967705 0
2568 -0.8639379797376606 -0.3141592653569931 0
2569 -0.8639379797375176 -0.2356194490172107 0
2570 -0.8639379797373747 -0.1570796326773637 0
2571 -0.8639379797372317 -0.078539816337582 0
2572 -0.8639379797370887 2.171818280771731e-12 0
2573 -0.8639379797369456 0.07853981634187324 0
2574 -0.8639379797368028 0.1570796326815459 0
2575 -0.8639379797366598 0.2356194490212398 0
2576 -0.8639379797365166 0.314159265360912 0
2577 -0.8639379797363738 0.3926990817005894 0
2578 -0.8639379797362305 0.4712388980402671 0
2579 -0.8639379797360878 0.5497787143799396 0
2580 -0.8639379797359448 0.6283185307196342 0
2581 -0.863937979735802 0.7068583470593061 0
2582 -0.863937979735659 0.7853981633989842 0
2583 -0.8639379797355162 0.8639379797386616 0
2584 -0.863937979735373 0.9424777960783277 0
2585 -0.8639379797352299 1.021017612417972 0
2586 -0.8639379797350872 1.099557428757638 0
2587 -0.8639379797349441 1.178097245097433 0
2588 -0.8639379797348011 1.256637061437167 0
2589 -0.8639379797346579 1.335176877776817 0
2590 -0.8639379797345152 1.413716694116506 0
2591 -0.8639379797343723 1.492256510456155 0
2592 -0.8639379797342293 1.570796326795827 0
2593 -0.863937979734086 1.6493361431355 0
2594 -0.8639379797339433 1.72787595947515 0
2595 -0.8639379797338003 1.806415775814838 0
2596 -0.8639379797336574 1.884955592154488 0
2597 -0.8639379797335143 1.963495408494223 0
2598 -0.8639379797333714 2.042035224833929 0
2599 -0.8639379797332285 2.120575041173641 0
2600 -0.8639379797330854 2.199114857513328 0
2601 -0.8639379797329423 2.277654673852918 0
2602 -0.8639379797327997 2.356194490192617 0
2603 -0.8639379797326564 2.434734306532349 0
2604 -0.8639379797325133 2.513274122872017 0
2605 -0.8639379797323703 2.591813939211704 0
2606 -0.863937979732228 2.670353755551437 0
2607 -0.8639379797320847 2.748893571891178 0
2608 -0.8639379797319418 2.827433388230918 0
2609 -0.8639379797317988 2.90597320457065 0
2610 -0.8639379797316555 2.984513020910383 0
2611 -0.8639379797315128 3.063052837250116 0
2612 -0.7853981634031153 -3.063052837250021 0
2613 -0.7853981634029676 -2.984513020910215 0
2614 -0.78539816340282 -2.905973204570409 0
2615 -0.7853981634026727 -2.827433388230603 0
2616 -0.7853981634025247 -2.748893571890722 0
2617 -0.7853981634023774 -2.670353755550841 0
2618 -0.7853981634022298 -2.591813939211035 0
2619 -0.7853981634020821 -2.513274122871255 0
2620 -0.7853981634019351 -2.434734306531489 0
2621 -0.7853981634017874 -2.356194490191683 0
2622 -0.7853981634016398 -2.277654673851897 0
2623 -0.7853981634014919 -2.199114857512175 0
2624 -0.7853981634013447 -2.120575041172397 0
2625 -0.7853981634011968 -2.042035224832604 0
2626 -0.7853981634010494 -1.963495408492742 0
2627 -0.7853981634009023 -1.884955592152864 0
2628 -0.7853981634007543 -1.806415775813106 0
2629 -0.7853981634006071 -1.727875959473327 0
2630 -0.7853981634004592 -1.64933614313357 0
2631 -0.7853981634003119 -1.5707963267938 0
2632 -0.7853981634001643 -1.49225651045403 0
2633 -0.7853981634000167 -1.413716694114273 0
2634 -0.7853981633998693 -1.335176877774494 0
2635 -0.7853981633997215 -1.256637061434737 0
2636 -0.7853981633995739 -1.178097245094859 0
2637 -0.7853981633994266 -1.099557428754945 0
2638 -0.785398163399279 -1.021017612415179 0
2639 -0.7853981633991314 -0.9424777960754254 0
2640 -0.7853981633989837 -0.8639379797356589 0
2641 -0.7853981633988365 -0.7853981633958852 0
2642 -0.7853981633986887 -0.7068583470561122 0
2643 -0.7853981633985412 -0.6283185307163349 0
2644 -0.7853981633983936 -0.5497787143764946 0
2645 -0.785398163398246 -0.4712388980367183 0
2646 -0.7853981633980986 -0.392699081696944 0
2647 -0.7853981633979514 -0.3141592653571713 0
2648 -0.7853981633978033 -0.2356194490173938 0
2649 -0.7853981633976558 -0.1570796326775538 0
2650 -0.7853981633975083 -0.07853981633777718 0
2651 -0.7853981633973608 1.974531649295841e-12 0
2652 -0.7853981633972132 0.07853981634167795 0
2653 -0.7853981633970656 0.1570796326813557 0
2654 -0.7853981633969181 0.2356194490210568 0
2655 -0.7853981633967706 0.3141592653607338 0
2656 -0.7853981633966231 0.3926990817004161 0
2657 -0.7853981633964755 0.4712388980400981 0
2658 -0.7853981633963278 0.5497787143797754 0
2659 -0.7853981633961803 0.6283185307194766 0
2660 -0.7853981633960325 0.706858347059154 0
2661 -0.7853981633958852 0.7853981633988364 0
2662 -0.7853981633957379 0.8639379797385186 0
2663 -0.7853981633955904 0.9424777960781895 0
2664 -0.7853981633954426 1.021017612417839 0
2665 -0.7853981633952951 1.09955742875751 0
2666 -0.7853981633951475 1.17809724509731 0
2667 -0.7853981633949999 1.256637061437051 0
2668 -0.7853981633948526 1.335176877776707 0
2669 -0.7853981633947049 1.4137166941164 0
2670 -0.7853981633945577 1.492256510456054 0
2671 -0.7853981633944097 1.570796326795731 0
2672 -0.785398163394262 1.649336143135408 0
2673 -0.7853981633941149 1.727875959475063 0
2674 -0.7853981633939673 1.806415775814755 0
2675 -0.7853981633938198 1.884955592154411 0
2676 -0.785398163393672 1.963495408494152 0
2677 -0.7853981633935246 2.042035224833866 0
2678 -0.7853981633933772 2.120575041173581 0
2679 -0.7853981633932294 2.199114857513273 0
2680 -0.7853981633930818 2.277654673852869 0
2681 -0.7853981633929343 2.356194490192572 0
2682 -0.7853981633927868 2.434734306532309 0
2683 -0.7853981633926392 2.51327412287198 0
2684 -0.7853981633924916 2.591813939211672 0
2685 -0.7853981633923439 2.670353755551409 0
2686 -0.7853981633921969 2.748893571891156 0
2687 -0.785398163392049 2.827433388230902 0
2688 -0.7853981633919014 2.905973204570639 0
2689 -0.7853981633917539 2.984513020910375 0
2690 -0.7853981633916065 3.063052837250112 0
2691 -0.7068583470635654 -3.063052837250025 0
2692 -0.7068583470634129 -2.984513020910224 0
2693 -0.7068583470632611 -2.90597320457042 0
2694 -0.7068583470631089 -2.827433388230618 0
2695 -0.7068583470629566 -2.748893571890743 0
2696 -0.7068583470628046 -2.670353755550869 0
2697 -0.7068583470626525 -2.591813939211067 0
2698 -0.7068583470625003 -2.513274122871291 0
2699 -0.7068583470623482 -2.43473430653153 0
2700 -0.7068583470621963 -2.356194490191727 0
2701 -0.7068583470620442 -2.277654673851946 0
2702 -0.7068583470618921 -2.199114857512231 0
2703 -0.70685834706174 -2.120575041172456 0
2704 -0.706858347061588 -2.042035224832667 0
2705 -0.7068583470614355 -1.963495408492812 0
2706 -0.7068583470612833 -1.884955592152941 0
2707 -0.7068583470611318 -1.806415775813189 0
2708 -0.7068583470609796 -1.727875959473415 0
2709 -0.7068583470608274 -1.649336143133662 0
2710 -0.7068583470606751 -1.570796326793896 0
2711 -0.706858347060523 -1.492256510454132 0
2712 -0.7068583470603709 -1.41371669411438 0
2713 -0.7068583470602187 -1.335176877774605 0
2714 -0.7068583470600669 -1.256637061434853 0
2715 -0.7068583470599146 -1.178097245094981 0
2716 -0.7068583470597627 -1.099557428755074 0
2717 -0.7068583470596104 -1.021017612415312 0
2718 -0.7068583470594583 -0.9424777960755631 0
2719 -0.7068583470593064 -0.8639379797358018 0
2720 -0.7068583470591542 -0.785398163396033 0
2721 -0.706858347059002 -0.706858347056264 0
2722 -0.7068583470588498 -0.6283185307164924 0
2723 -0.7068583470586979 -0.5497787143766593 0
2724 -0.7068583470585457 -0.4712388980368873 0
2725 -0.7068583470583936 -0.3926990816971179 0
2726 -0.7068583470582415 -0.3141592653573488 0
2727 -0.7068583470580891 -0.235619449017577 0
2728 -0.7068583470579369 -0.1570796326777441 0
2729 -0.7068583470577852 -0.07853981633797213 0
2730 -0.7068583470576332 1.777133995517488e-12 0
2731 -0.706858347057481 0.07853981634148322 0
2732 -0.7068583470573289 0.1570796326811655 0
2733 -0.7068583470571767 0.2356194490208734 0
2734 -0.7068583470570244 0.3141592653605561 0
2735 -0.7068583470568727 0.3926990817002425 0
2736 -0.7068583470567206 0.4712388980399295 0
2737 -0.7068583470565682 0.5497787143796117 0
2738 -0.7068583470564164 0.6283185307193198 0
2739 -0.7068583470562643 0.7068583470590017 0
2740 -0.7068583470561118 0.7853981633986886 0
2741 -0.70685834705596 0.8639379797383755 0
2742 -0.7068583470558079 0.9424777960780514 0
2743 -0.7068583470556556 1.021017612417706 0
2744 -0.7068583470555037 1.099557428757381 0
2745 -0.7068583470553516 1.178097245097188 0
2746 -0.7068583470551997 1.256637061436936 0
2747 -0.7068583470550474 1.335176877776596 0
2748 -0.7068583470548953 1.413716694116293 0
2749 -0.7068583470547432 1.492256510455953 0
2750 -0.7068583470545908 1.570796326795634 0
2751 -0.706858347054439 1.649336143135316 0
2752 -0.7068583470542869 1.727875959474976 0
2753 -0.7068583470541348 1.806415775814673 0
2754 -0.7068583470539824 1.884955592154333 0
2755 -0.7068583470538305 1.963495408494082 0
2756 -0.706858347053678 2.042035224833803 0
2757 -0.7068583470535263 2.120575041173521 0
2758 -0.706858347053374 2.199114857513219 0
2759 -0.7068583470532219 2.277654673852819 0
2760 -0.7068583470530698 2.356194490192528 0
2761 -0.7068583470529177 2.434734306532268 0
2762 -0.7068583470527658 2.513274122871944 0
2763 -0.7068583470526135 2.591813939211641 0
2764 -0.7068583470524614 2.67035375555138 0
2765 -0.7068583470523091 2.748893571891134 0
2766 -0.7068583470521572 2.827433388230887 0
2767 -0.7068583470520051 2.905973204570627 0
2768 -0.706858347051853 2.984513020910367 0
2769 -0.7068583470517011 3.063052837250107 0
2770 -0.6283185307240327 -3.063052837250029 0
2771 -0.6283185307238756 -2.984513020910231 0
2772 -0.6283185307237183 -2.905973204570432 0
2773 -0.6283185307235609 -2.827433388230634 0
2774 -0.628318530723404 -2.748893571890765 0
2775 -0.6283185307232469 -2.670353755550897 0
2776 -0.62831853072309 -2.591813939211098 0
2777 -0.628318530722933 -2.513274122871328 0
2778 -0.6283185307227763 -2.434734306531571 0
2779 -0.6283185307226189 -2.356194490191772 0
2780 -0.6283185307224616 -2.277654673851994 0
2781 -0.6283185307223048 -2.199114857512286 0
2782 -0.6283185307221473 -2.120575041172514 0
2783 -0.6283185307219907 -2.04203522483273 0
2784 -0.6283185307218335 -1.963495408492883 0
2785 -0.6283185307216763 -1.884955592153018 0
2786 -0.6283185307215192 -1.806415775813271 0
2787 -0.6283185307213621 -1.727875959473501 0
2788 -0.6283185307212049 -1.649336143133754 0
2789 -0.6283185307210482 -1.570796326793993 0
2790 -0.6283185307208912 -1.492256510454233 0
2791 -0.6283185307207337 -1.413716694114486 0
2792 -0.6283185307205768 -1.335176877774715 0
2793 -0.6283185307204195 -1.256637061434969 0
2794 -0.6283185307202623 -1.178097245095104 0
2795 -0.6283185307201051 -1.099557428755202 0
2796 -0.6283185307199484 -1.021017612415445 0
2797 -0.6283185307197912 -0.942477796075702 0
2798 -0.6283185307196338 -0.8639379797359448 0
2799 -0.6283185307194767 -0.7853981633961804 0
2800 -0.6283185307193199 -0.7068583470564166 0
2801 -0.6283185307191627 -0.6283185307166491 0
2802 -0.6283185307190056 -0.5497787143768234 0
2803 -0.6283185307188487 -0.4712388980370562 0
2804 -0.6283185307186915 -0.3926990816972917 0
2805 -0.6283185307185344 -0.3141592653575273 0
2806 -0.6283185307183775 -0.2356194490177604 0
2807 -0.6283185307182202 -0.157079632677934 0
2808 -0.6283185307180631 -0.07853981633816676 0
2809 -0.6283185307179061 1.579736341739135e-12 0
2810 -0.628318530717749 0.0785398163412877 0
2811 -0.6283185307175918 0.1570796326809755 0
2812 -0.6283185307174346 0.2356194490206903 0
2813 -0.6283185307172777 0.3141592653603776 0
2814 -0.6283185307171206 0.3926990817000688 0
2815 -0.6283185307169635 0.4712388980397605 0
2816 -0.6283185307168065 0.5497787143794478 0
2817 -0.6283185307166492 0.6283185307191628 0
2818 -0.6283185307164924 0.7068583470588496 0
2819 -0.6283185307163349 0.7853981633985414 0
2820 -0.6283185307161785 0.8639379797382327 0
2821 -0.6283185307160211 0.942477796077913 0
2822 -0.6283185307158641 1.021017612417573 0
2823 -0.6283185307157069 1.099557428757253 0
2824 -0.6283185307155497 1.178097245097065 0
2825 -0.6283185307153929 1.25663706143682 0
2826 -0.6283185307152355 1.335176877776485 0
2827 -0.6283185307150783 1.413716694116187 0
2828 -0.6283185307149214 1.492256510455852 0
2829 -0.6283185307147641 1.570796326795538 0
2830 -0.6283185307146072 1.649336143135224 0
2831 -0.6283185307144499 1.727875959474889 0
2832 -0.6283185307142929 1.80641577581459 0
2833 -0.628318530714136 1.884955592154256 0
2834 -0.6283185307139785 1.963495408494011 0
2835 -0.6283185307138214 2.04203522483374 0
2836 -0.6283185307136645 2.120575041173463 0
2837 -0.6283185307135079 2.199114857513164 0
2838 -0.6283185307133505 2.277654673852772 0
2839 -0.6283185307131933 2.356194490192483 0
2840 -0.6283185307130363 2.434734306532227 0
2841 -0.6283185307128791 2.513274122871908 0
2842 -0.6283185307127219 2.591813939211609 0
2843 -0.6283185307125649 2.670353755551353 0
2844 -0.628318530712408 2.748893571891112 0
2845 -0.6283185307122507 2.827433388230872 0
2846 -0.6283185307120935 2.905973204570615 0
2847 -0.6283185307119366 2.984513020910359 0
2848 -0.6283185307117796 3.063052837250102 0
2849 -0.5497787143845332 -3.063052837250034 0
2850 -0.549778714384369 -2.984513020910239 0
2851 -0.5497787143842052 -2.905973204570442 0
2852 -0.5497787143840409 -2.827433388230648 0
2853 -0.5497787143838767 -2.748893571890787 0
2854 -0.5497787143837127 -2.670353755550925 0
2855 -0.5497787143835486 -2.591813939211131 0
2856 -0.549778714383385 -2.513274122871365 0
2857 -0.5497787143832207 -2.434734306531611 0
2858 -0.5497787143830568 -2.356194490191816 0
2859 -0.5497787143828926 -2.277654673852043 0
2860 -0.5497787143827289 -2.199114857512341 0
2861 -0.5497787143825648 -2.120575041172574 0
2862 -0.5497787143824007 -2.042035224832793 0
2863 -0.5497787143822362 -1.963495408492953 0
2864 -0.5497787143820729 -1.884955592153096 0
2865 -0.5497787143819086 -1.806415775813353 0
2866 -0.5497787143817444 -1.727875959473588 0
2867 -0.5497787143815802 -1.649336143133845 0
2868 -0.5497787143814163 -1.570796326794089 0
2869 -0.5497787143812524 -1.492256510454334 0
2870 -0.5497787143810884 -1.413716694114592 0
2871 -0.5497787143809243 -1.335176877774826 0
2872 -0.5497787143807601 -1.256637061435084 0
2873 -0.549778714380596 -1.178097245095227 0
2874 -0.5497787143804322 -1.09955742875533 0
2875 -0.5497787143802679 -1.021017612415578 0
2876 -0.5497787143801041 -0.9424777960758396 0
2877 -0.54977871437994 -0.8639379797360877 0
2878 -0.5497787143797755 -0.7853981633963278 0
2879 -0.5497787143796121 -0.7068583470565688 0
2880 -0.5497787143794477 -0.6283185307168061 0
2881 -0.5497787143792841 -0.5497787143769874 0
2882 -0.5497787143791197 -0.4712388980372252 0
2883 -0.5497787143789558 -0.3926990816974651 0
2884 -0.5497787143787916 -0.3141592653577056 0
2885 -0.5497787143786277 -0.2356194490179435 0
2886 -0.5497787143784637 -0.1570796326781244 0
2887 -0.5497787143782996 -0.07853981633836238 0
2888 -0.5497787143781356 1.382338687960782e-12 0
2889 -0.5497787143779715 0.07853981634109264 0
2890 -0.5497787143778073 0.1570796326807856 0
2891 -0.5497787143776436 0.2356194490205074 0
2892 -0.5497787143774793 0.3141592653601992 0
2893 -0.5497787143773154 0.3926990816998954 0
2894 -0.5497787143771515 0.4712388980395912 0
2895 -0.549778714376987 0.5497787143792835 0
2896 -0.5497787143768235 0.6283185307190055 0
2897 -0.5497787143766589 0.7068583470586975 0
2898 -0.5497787143764952 0.7853981633983936 0
2899 -0.5497787143763309 0.8639379797380895 0
2900 -0.5497787143761668 0.942477796077775 0
2901 -0.5497787143760029 1.021017612417439 0
2902 -0.5497787143758389 1.099557428757125 0
2903 -0.5497787143756747 1.178097245096943 0
2904 -0.5497787143755111 1.256637061436705 0
2905 -0.5497787143753468 1.335176877776374 0
2906 -0.5497787143751829 1.41371669411608 0
2907 -0.5497787143750187 1.492256510455751 0
2908 -0.5497787143748551 1.570796326795441 0
2909 -0.5497787143746907 1.649336143135133 0
2910 -0.5497787143745265 1.727875959474802 0
2911 -0.5497787143743624 1.806415775814508 0
2912 -0.5497787143741986 1.884955592154178 0
2913 -0.5497787143740347 1.963495408493941 0
2914 -0.5497787143738705 2.042035224833677 0
2915 -0.5497787143737063 2.120575041173403 0
2916 -0.5497787143735424 2.199114857513109 0
2917 -0.5497787143733783 2.277654673852723 0
2918 -0.5497787143732142 2.356194490192439 0
2919 -0.5497787143730504 2.434734306532186 0
2920 -0.5497787143728861 2.513274122871871 0
2921 -0.5497787143727217 2.591813939211577 0
2922 -0.5497787143725581 2.670353755551323 0
2923 -0.5497787143723938 2.748893571891091 0
2924 -0.5497787143722299 2.827433388230857 0
2925 -0.5497787143720663 2.905973204570604 0
2926 -0.5497787143719017 2.984513020910351 0
2927 -0.5497787143717381 3.063052837250098 0
2928 -0.4712388980450003 -3.063052837250038 0
2929 -0.4712388980448307 -2.984513020910247 0
2930 -0.471238898044662 -2.905973204570455 0
2931 -0.4712388980444929 -2.827433388230662 0
2932 -0.4712388980443241 -2.748893571890809 0
2933 -0.4712388980441549 -2.670353755550955 0
2934 -0.4712388980439858 -2.591813939211163 0
2935 -0.4712388980438166 -2.5132741228714 0
2936 -0.4712388980436479 -2.434734306531653 0
2937 -0.4712388980434788 -2.35619449019186 0
2938 -0.47123889804331 -2.277654673852092 0
2939 -0.4712388980431408 -2.199114857512396 0
2940 -0.4712388980429716 -2.120575041172633 0
2941 -0.4712388980428027 -2.042035224832857 0
2942 -0.4712388980426339 -1.963495408493024 0
2943 -0.4712388980424645 -1.884955592153173 0
2944 -0.4712388980422954 -1.806415775813436 0
2945 -0.4712388980421265 -1.727875959473675 0
2946 -0.4712388980419576 -1.649336143133938 0
2947 -0.4712388980417888 -1.570796326794186 0
2948 -0.4712388980416196 -1.492256510454435 0
2949 -0.4712388980414506 -1.413716694114699 0
2950 -0.4712388980412814 -1.335176877774936 0
2951 -0.4712388980411125 -1.2566370614352 0
2952 -0.4712388980409436 -1.17809724509535 0
2953 -0.4712388980407748 -1.099557428755458 0
2954 -0.4712388980406056 -1.021017612415711 0
2955 -0.4712388980404365 -0.9424777960759783 0
2956 -0.4712388980402679 -0.8639379797362309 0
2957 -0.4712388980400984 -0.7853981633964756 0
2958 -0.4712388980399298 -0.7068583470567205 0
2959 -0.4712388980397605 -0.6283185307169633 0
2960 -0.4712388980395914 -0.5497787143771513 0
2961 -0.4712388980394223 -0.4712388980373942 0
2962 -0.4712388980392533 -0.3926990816976388 0
2963 -0.4712388980390843 -0.3141592653578839 0
2964 -0.4712388980389152 -0.2356194490181264 0
2965 -0.4712388980387463 -0.1570796326783142 0
2966 -0.4712388980385772 -0.07853981633855689 0
2967 -0.4712388980384083 1.184607967275042e-12 0
2968 -0.4712388980382393 0.07853981634089824 0
2969 -0.4712388980380702 0.1570796326805953 0
2970 -0.4712388980379011 0.2356194490203239 0
2971 -0.4712388980377323 0.3141592653600213 0
2972 -0.471238898037563 0.3926990816997218 0
2973 -0.4712388980373943 0.4712388980394222 0
2974 -0.4712388980372252 0.5497787143791197 0
2975 -0.4712388980370562 0.6283185307188486 0
2976 -0.4712388980368872 0.7068583470585454 0
2977 -0.4712388980367179 0.7853981633982464 0
2978 -0.4712388980365489 0.8639379797379466 0
2979 -0.4712388980363801 0.9424777960776367 0
2980 -0.4712388980362112 1.021017612417306 0
2981 -0.471238898036042 1.099557428756996 0
2982 -0.4712388980358732 1.17809724509682 0
2983 -0.4712388980357041 1.256637061436588 0
2984 -0.471238898035535 1.335176877776264 0
2985 -0.4712388980353657 1.413716694115974 0
2986 -0.4712388980351969 1.492256510455649 0
2987 -0.4712388980350277 1.570796326795345 0
2988 -0.4712388980348592 1.64933614313504 0
2989 -0.4712388980346901 1.727875959474716 0
2990 -0.4712388980345211 1.806415775814426 0
2991 -0.4712388980343518 1.884955592154101 0
2992 -0.4712388980341824 1.96349540849387 0
2993 -0.4712388980340139 2.042035224833614 0
2994 -0.4712388980338446 2.120575041173344 0
2995 -0.4712388980336756 2.199114857513054 0
2996 -0.4712388980335067 2.277654673852674 0
2997 -0.4712388980333377 2.356194490192395 0
2998 -0.4712388980331685 2.434734306532144 0
2999 -0.4712388980329997 2.513274122871835 0
3000 -0.4712388980328309 2.591813939211545 0
3001 -0.4712388980326616 2.670353755551295 0
3002 -0.4712388980324926 2.748893571891069 0
3003 -0.4712388980323237 2.827433388230842 0
3004 -0.4712388980321547 2.905973204570593 0
3005 -0.4712388980319852 2.984513020910343 0
3006 -0.4712388980318167 3.063052837250094 0
3007 -0.3926990817054502 -3.063052837250043 0
3008 -0.3926990817052767 -2.984513020910256 0
3009 -0.3926990817051029 -2.905973204570465 0
3010 -0.3926990817049295 -2.827433388230678 0
3011 -0.3926990817047559 -2.748893571890831 0
3012 -0.3926990817045825 -2.670353755550983 0
3013 -0.3926990817044087 -2.591813939211194 0
3014 -0.3926990817042355 -2.513274122871437 0
3015 -0.3926990817040614 -2.434734306531694 0
3016 -0.392699081703888 -2.356194490191905 0
3017 -0.3926990817037143 -2.277654673852141 0
3018 -0.392699081703541 -2.199114857512451 0
3019 -0.3926990817033674 -2.120575041172692 0
3020 -0.3926990817031932 -2.04203522483292 0
3021 -0.3926990817030198 -1.963495408493094 0
3022 -0.3926990817028462 -1.884955592153251 0
3023 -0.392699081702673 -1.806415775813518 0
3024 -0.3926990817024991 -1.727875959473761 0
3025 -0.392699081702326 -1.64933614313403 0
3026 -0.3926990817021521 -1.570796326794283 0
3027 -0.3926990817019784 -1.492256510454536 0
3028 -0.3926990817018048 -1.413716694114805 0
3029 -0.3926990817016313 -1.335176877775047 0
3030 -0.3926990817014575 -1.256637061435316 0
3031 -0.392699081701284 -1.178097245095472 0
3032 -0.3926990817011106 -1.099557428755586 0
3033 -0.3926990817009368 -1.021017612415844 0
3034 -0.3926990817007636 -0.9424777960761164 0
3035 -0.3926990817005895 -0.863937979736374 0
3036 -0.3926990817004158 -0.7853981633966232 0
3037 -0.3926990817002427 -0.7068583470568724 0
3038 -0.392699081700069 -0.6283185307171208 0
3039 -0.3926990816998954 -0.5497787143773155 0
3040 -0.3926990816997218 -0.471238898037563 0
3041 -0.3926990816995483 -0.3926990816978124 0
3042 -0.3926990816993747 -0.3141592653580619 0
3043 -0.3926990816992009 -0.2356194490183097 0
3044 -0.3926990816990275 -0.1570796326785046 0
3045 -0.3926990816988538 -0.0785398163387524 0
3046 -0.3926990816986803 9.873213357991517e-13 0
3047 -0.3926990816985065 0.07853981634070295 0
3048 -0.3926990816983329 0.1570796326804051 0
3049 -0.3926990816981595 0.235619449020141 0
3050 -0.3926990816979857 0.3141592653598431 0
3051 -0.3926990816978122 0.392699081699548 0
3052 -0.3926990816976387 0.4712388980392531 0
3053 -0.392699081697465 0.5497787143789556 0
3054 -0.3926990816972915 0.6283185307186914 0
3055 -0.3926990816971179 0.7068583470583933 0
3056 -0.3926990816969443 0.7853981633980986 0
3057 -0.3926990816967706 0.8639379797378037 0
3058 -0.392699081696597 0.9424777960774982 0
3059 -0.3926990816964236 1.021017612417173 0
3060 -0.3926990816962499 1.099557428756869 0
3061 -0.3926990816960765 1.178097245096698 0
3062 -0.3926990816959026 1.256637061436473 0
3063 -0.3926990816957292 1.335176877776153 0
3064 -0.3926990816955555 1.413716694115868 0
3065 -0.3926990816953819 1.492256510455548 0
3066 -0.3926990816952081 1.570796326795248 0
3067 -0.3926990816950346 1.649336143134949 0
3068 -0.3926990816948612 1.727875959474629 0
3069 -0.3926990816946873 1.806415775814343 0
3070 -0.3926990816945142 1.884955592154024 0
3071 -0.3926990816943403 1.9634954084938 0
3072 -0.3926990816941667 2.042035224833551 0
3073 -0.392699081693993 2.120575041173285 0
3074 -0.3926990816938193 2.199114857513 0
3075 -0.392699081693646 2.277654673852626 0
3076 -0.3926990816934723 2.35619449019235 0
3077 -0.3926990816932985 2.434734306532103 0
3078 -0.3926990816931251 2.513274122871799 0
3079 -0.3926990816929516 2.591813939211513 0
3080 -0.392699081692778 2.670353755551267 0
3081 -0.3926990816926046 2.748893571891047 0
3082 -0.3926990816924305 2.827433388230827 0
3083 -0.392699081692257 2.90597320457058 0
3084 -0.3926990816920837 2.984513020910335 0
3085 -0.3926990816919098 3.063052837250089 0
3086 -0.3141592653659004 -3.063052837250048 0
3087 -0.3141592653657223 -2.984513020910263 0
3088 -0.3141592653655441 -2.905973204570478 0
3089 -0.3141592653653656 -2.827433388230692 0
3090 -0.3141592653651879 -2.748893571890852 0
3091 -0.3141592653650096 -2.670353755551011 0
3092 -0.3141592653648315 -2.591813939211227 0
3093 -0.3141592653646532 -2.513274122871473 0
3094 -0.314159265364475 -2.434734306531735 0
3095 -0.3141592653642972 -2.356194490191949 0
3096 -0.3141592653641189 -2.277654673852188 0
3097 -0.3141592653639406 -2.199114857512505 0
3098 -0.3141592653637625 -2.120575041172752 0
3099 -0.3141592653635846 -2.042035224832982 0
3100 -0.3141592653634064 -1.963495408493165 0
3101 -0.3141592653632282 -1.884955592153327 0
3102 -0.3141592653630502 -1.806415775813601 0
3103 -0.3141592653628719 -1.727875959473848 0
3104 -0.3141592653626938 -1.649336143134121 0
3105 -0.3141592653625157 -1.570796326794379 0
3106 -0.3141592653623376 -1.492256510454637 0
3107 -0.3141592653621593 -1.413716694114911 0
3108 -0.3141592653619812 -1.335176877775158 0
3109 -0.3141592653618029 -1.256637061435431 0
3110 -0.314159265361625 -1.178097245095595 0
3111 -0.3141592653614468 -1.099557428755714 0
3112 -0.3141592653612687 -1.021017612415977 0
3113 -0.3141592653610903 -0.9424777960762541 0
3114 -0.3141592653609121 -0.8639379797365169 0
3115 -0.3141592653607344 -0.7853981633967707 0
3116 -0.3141592653605558 -0.7068583470570243 0
3117 -0.3141592653603777 -0.6283185307172781 0
3118 -0.3141592653601999 -0.5497787143774793 0
3119 -0.3141592653600216 -0.471238898037732 0
3120 -0.3141592653598433 -0.3926990816979857 0
3121 -0.3141592653596652 -0.3141592653582401 0
3122 -0.3141592653594868 -0.2356194490184927 0
3123 -0.3141592653593088 -0.1570796326786945 0
3124 -0.3141592653591309 -0.07853981633894713 0
3125 -0.3141592653589528 7.898126597183364e-13 0
3126 -0.3141592653587746 0.07853981634050755 0
3127 -0.3141592653585964 0.1570796326802149 0
3128 -0.3141592653584181 0.2356194490199577 0
3129 -0.3141592653582402 0.3141592653596651 0
3130 -0.3141592653580618 0.3926990816993745 0
3131 -0.314159265357884 0.4712388980390843 0
3132 -0.3141592653577054 0.5497787143787912 0
3133 -0.3141592653575276 0.6283185307185342 0
3134 -0.3141592653573493 0.7068583470582411 0
3135 -0.3141592653571711 0.7853981633979512 0
3136 -0.3141592653569928 0.863937979737661 0
3137 -0.3141592653568149 0.9424777960773603 0
3138 -0.3141592653566365 1.021017612417041 0
3139 -0.3141592653564587 1.099557428756741 0
3140 -0.3141592653562802 1.178097245096575 0
3141 -0.3141592653561023 1.256637061436357 0
3142 -0.314159265355924 1.335176877776043 0
3143 -0.3141592653557461 1.413716694115762 0
3144 -0.3141592653555679 1.492256510455447 0
3145 -0.3141592653553897 1.570796326795151 0
3146 -0.3141592653552113 1.649336143134857 0
3147 -0.3141592653550337 1.727875959474543 0
3148 -0.3141592653548553 1.80641577581426 0
3149 -0.314159265354677 1.884955592153946 0
3150 -0.3141592653544992 1.963495408493729 0
3151 -0.3141592653543208 2.042035224833488 0
3152 -0.3141592653541427 2.120575041173226 0
3153 -0.3141592653539647 2.199114857512945 0
3154 -0.3141592653537866 2.277654673852577 0
3155 -0.3141592653536081 2.356194490192306 0
3156 -0.3141592653534302 2.434734306532063 0
3157 -0.3141592653532518 2.513274122871763 0
3158 -0.3141592653530738 2.591813939211481 0
3159 -0.3141592653528955 2.670353755551238 0
3160 -0.3141592653527175 2.748893571891026 0
3161 -0.3141592653525391 2.827433388230812 0
3162 -0.3141592653523613 2.905973204570569 0
3163 -0.3141592653521831 2.984513020910327 0
3164 -0.314159265352005 3.063052837250084 0
3165 -0.2356194490263677 -3.063052837250051 0
3166 -0.2356194490261845 -2.984513020910272 0
3167 -0.2356194490260014 -2.905973204570489 0
3168 -0.235619449025818 -2.827433388230709 0
3169 -0.2356194490256351 -2.748893571890874 0
3170 -0.2356194490254521 -2.670353755551039 0
3171 -0.2356194490252689 -2.591813939211257 0
3172 -0.2356194490250856 -2.513274122871509 0
3173 -0.2356194490249027 -2.434734306531776 0
3174 -0.2356194490247194 -2.356194490191994 0
3175 -0.2356194490245362 -2.277654673852238 0
3176 -0.235619449024353 -2.199114857512561 0
3177 -0.23561944902417 -2.120575041172811 0
3178 -0.2356194490239868 -2.042035224833046 0
3179 -0.2356194490238039 -1.963495408493236 0
3180 -0.2356194490236203 -1.884955592153406 0
3181 -0.2356194490234373 -1.806415775813683 0
3182 -0.2356194490232542 -1.727875959473935 0
3183 -0.235619449023071 -1.649336143134213 0
3184 -0.2356194490228878 -1.570796326794476 0
3185 -0.2356194490227049 -1.492256510454738 0
3186 -0.2356194490225217 -1.413716694115018 0
3187 -0.2356194490223387 -1.335176877775268 0
3188 -0.2356194490221555 -1.256637061435547 0
3189 -0.2356194490219725 -1.178097245095717 0
3190 -0.2356194490217893 -1.099557428755843 0
3191 -0.2356194490216059 -1.02101761241611 0
3192 -0.235619449021423 -0.9424777960763925 0
3193 -0.2356194490212398 -0.8639379797366598 0
3194 -0.2356194490210565 -0.785398163396918 0
3195 -0.2356194490208734 -0.7068583470571765 0
3196 -0.2356194490206904 -0.6283185307174347 0
3197 -0.2356194490205073 -0.5497787143776433 0
3198 -0.2356194490203241 -0.4712388980379013 0
3199 -0.2356194490201408 -0.3926990816981593 0
3200 -0.2356194490199577 -0.3141592653584181 0
3201 -0.2356194490197748 -0.235619449018676 0
3202 -0.2356194490195915 -0.1570796326788846 0
3203 -0.2356194490194084 -0.07853981633914231 0
3204 -0.2356194490192254 5.92526028242446e-13 0
3205 -0.2356194490190422 0.07853981634031282 0
3206 -0.2356194490188591 0.1570796326800251 0
3207 -0.2356194490186759 0.2356194490197746 0
3208 -0.2356194490184927 0.3141592653594868 0
3209 -0.2356194490183096 0.3926990816992008 0
3210 -0.2356194490181266 0.4712388980389151 0
3211 -0.2356194490179432 0.5497787143786276 0
3212 -0.2356194490177601 0.6283185307183773 0
3213 -0.2356194490175769 0.706858347058089 0
3214 -0.2356194490173939 0.7853981633978038 0
3215 -0.2356194490172109 0.8639379797375176 0
3216 -0.2356194490170275 0.9424777960772219 0
3217 -0.2356194490168446 1.021017612416907 0
3218 -0.2356194490166614 1.099557428756612 0
3219 -0.2356194490164784 1.178097245096452 0
3220 -0.2356194490162949 1.256637061436241 0
3221 -0.235619449016112 1.335176877775932 0
3222 -0.2356194490159291 1.413716694115655 0
3223 -0.2356194490157457 1.492256510455345 0
3224 -0.2356194490155626 1.570796326795055 0
3225 -0.2356194490153793 1.649336143134765 0
3226 -0.2356194490151964 1.727875959474456 0
3227 -0.2356194490150132 1.806415775814178 0
3228 -0.2356194490148301 1.884955592153869 0
3229 -0.2356194490146467 1.963495408493659 0
3230 -0.2356194490144636 2.042035224833424 0
3231 -0.2356194490142807 2.120575041173166 0
3232 -0.2356194490140976 2.199114857512889 0
3233 -0.2356194490139144 2.277654673852528 0
3234 -0.2356194490137313 2.356194490192261 0
3235 -0.2356194490135481 2.434734306532022 0
3236 -0.235619449013365 2.513274122871727 0
3237 -0.2356194490131819 2.591813939211449 0
3238 -0.2356194490129987 2.67035375555121 0
3239 -0.2356194490128154 2.748893571891004 0
3240 -0.2356194490126322 2.827433388230797 0
3241 -0.2356194490124494 2.905973204570558 0
3242 -0.2356194490122662 2.984513020910319 0
3243 -0.2356194490120831 3.063052837250079 0
3244 -0.1570796326868682 -3.063052837250057 0
3245 -0.157079632686678 -2.984513020910279 0
3246 -0.1570796326864883 -2.9059732045705 0
3247 -0.157079632686298 -2.827433388230723 0
3248 -0.1570796326861079 -2.748893571890895 0
3249 -0.157079632685918 -2.670353755551068 0
3250 -0.1570796326857278 -2.59181393921129 0
3251 -0.1570796326855375 -2.513274122871546 0
3252 -0.1570796326853478 -2.434734306531817 0
3253 -0.1570796326851574 -2.356194490192038 0
3254 -0.1570796326849672 -2.277654673852286 0
3255 -0.1570796326847773 -2.199114857512616 0
3256 -0.1570796326845872 -2.12057504117287 0
3257 -0.1570796326843973 -2.042035224833108 0
3258 -0.1570796326842071 -1.963495408493306 0
3259 -0.1570796326840168 -1.884955592153482 0
3260 -0.1570796326838268 -1.806415775813766 0
3261 -0.1570796326836366 -1.727875959474022 0
3262 -0.1570796326834468 -1.649336143134305 0
3263 -0.1570796326832566 -1.570796326794573 0
3264 -0.1570796326830665 -1.49225651045484 0
3265 -0.1570796326828763 -1.413716694115124 0
3266 -0.1570796326826865 -1.335176877775379 0
3267 -0.1570796326824963 -1.256637061435663 0
3268 -0.1570796326823061 -1.17809724509584 0
3269 -0.157079632682116 -1.099557428755971 0
3270 -0.157079632681926 -1.021017612416243 0
3271 -0.1570796326817361 -0.9424777960765309 0
3272 -0.1570796326815457 -0.8639379797368029 0
3273 -0.1570796326813558 -0.7853981633970654 0
3274 -0.1570796326811657 -0.7068583470573286 0
3275 -0.1570796326809757 -0.6283185307175917 0
3276 -0.1570796326807857 -0.5497787143778076 0
3277 -0.1570796326805954 -0.4712388980380702 0
3278 -0.1570796326804055 -0.392699081698333 0
3279 -0.157079632680215 -0.3141592653585961 0
3280 -0.1570796326800251 -0.2356194490188592 0
3281 -0.1570796326798352 -0.1570796326790749 0
3282 -0.1570796326796449 -0.07853981633933738 0
3283 -0.1570796326794549 3.949063298591682e-13 0
3284 -0.1570796326792649 0.07853981634011731 0
3285 -0.1570796326790748 0.1570796326798348 0
3286 -0.1570796326788847 0.2356194490195914 0
3287 -0.1570796326786945 0.3141592653593087 0
3288 -0.1570796326785043 0.3926990816990272 0
3289 -0.1570796326783143 0.4712388980387462 0
3290 -0.1570796326781244 0.5497787143784633 0
3291 -0.1570796326779341 0.6283185307182201 0
3292 -0.1570796326777442 0.7068583470579372 0
3293 -0.1570796326775541 0.7853981633976562 0
3294 -0.1570796326773641 0.863937979737375 0
3295 -0.1570796326771737 0.9424777960770837 0
3296 -0.1570796326769838 1.021017612416774 0
3297 -0.1570796326767938 1.099557428756484 0
3298 -0.1570796326766035 1.17809724509633 0
3299 -0.1570796326764136 1.256637061436126 0
3300 -0.1570796326762235 1.335176877775821 0
3301 -0.1570796326760333 1.413716694115549 0
3302 -0.1570796326758431 1.492256510455245 0
3303 -0.1570796326756531 1.570796326794958 0
3304 -0.1570796326754632 1.649336143134673 0
3305 -0.1570796326752731 1.727875959474369 0
3306 -0.1570796326750826 1.806415775814096 0
3307 -0.1570796326748927 1.884955592153792 0
3308 -0.1570796326747028 1.963495408493588 0
3309 -0.157079632674513 2.042035224833361 0
3310 -0.1570796326743225 2.120575041173107 0
3311 -0.1570796326741326 2.199114857512834 0
3312 -0.1570796326739423 2.277654673852481 0
3313 -0.157079632673752 2.356194490192217 0
3314 -0.1570796326735623 2.43473430653198 0
3315 -0.1570796326733722 2.513274122871691 0
3316 -0.1570796326731817 2.591813939211417 0
3317 -0.1570796326729921 2.670353755551181 0
3318 -0.157079632672802 2.748893571890982 0
3319 -0.1570796326726119 2.827433388230783 0
3320 -0.1570796326724218 2.905973204570547 0
3321 -0.1570796326722315 2.984513020910311 0
3322 -0.1570796326720414 3.063052837250074 0
3323 -0.07853981634733537 -3.063052837250061 0
3324 -0.07853981634714022 -2.984513020910288 0
3325 -0.07853981634694508 -2.905973204570512 0
3326 -0.07853981634674995 -2.827433388230738 0
3327 -0.07853981634655477 -2.748893571890918 0
3328 -0.07853981634635994 -2.670353755551097 0
3329 -0.07853981634616483 -2.591813939211322 0
3330 -0.07853981634596971 -2.513274122871582 0
3331 -0.07853981634577453 -2.434734306531858 0
3332 -0.07853981634557963 -2.356194490192084 0
3333 -0.07853981634538459 -2.277654673852334 0
3334 -0.07853981634518956 -2.19911485751267 0
3335 -0.0785398163449946 -2.12057504117293 0
3336 -0.07853981634479928 -2.042035224833173 0
3337 -0.07853981634460416 -1.963495408493376 0
3338 -0.07853981634440943 -1.88495559215356 0
3339 -0.0785398163442142 -1.806415775813849 0
3340 -0.07853981634401908 -1.727875959474108 0
3341 -0.07853981634382434 -1.649336143134398 0
3342 -0.07853981634362911 -1.570796326794669 0
3343 -0.07853981634343388 -1.492256510454941 0
3344 -0.0785398163432387 -1.41371669411523 0
3345 -0.0785398163430438 -1.33517687777549 0
3346 -0.07853981634284907 -1.256637061435779 0
3347 -0.07853981634265375 -1.178097245095962 0
3348 -0.07853981634245871 -1.099557428756099 0
3349 -0.07853981634226359 -1.021017612416376 0
3350 -0.0785398163420683 -0.9424777960766694 0
3351 -0.07853981634187346 -0.8639379797369457 0
3352 -0.07853981634167848 -0.7853981633972134 0
3353 -0.07853981634148333 -0.7068583470574807 0
3354 -0.07853981634128793 -0.628318530717749 0
3355 -0.07853981634109308 -0.5497787143779714 0
3356 -0.07853981634089779 -0.4712388980382393 0
3357 -0.07853981634070306 -0.3926990816985064 0
3358 -0.07853981634050777 -0.3141592653587745 0
3359 -0.0785398163403126 -0.2356194490190422 0
3360 -0.07853981634011764 -0.1570796326792647 0
3361 -0.0785398163399228 -0.07853981633953266 0
3362 -0.07853981633972773 1.973976537783528e-13 0
3363 -0.07853981633953266 0.07853981633992257 0
3364 -0.07853981633933738 0.1570796326796449 0
3365 -0.0785398163391422 0.2356194490194085 0
3366 -0.07853981633894747 0.3141592653591304 0
3367 -0.07853981633875229 0.3926990816988538 0
3368 -0.07853981633855756 0.4712388980385771 0
3369 -0.07853981633836227 0.5497787143782995 0
3370 -0.07853981633816698 0.6283185307180629 0
3371 -0.07853981633797202 0.7068583470577849 0
3372 -0.07853981633777707 0.7853981633975086 0
3373 -0.07853981633758167 0.8639379797372319 0
3374 -0.07853981633738683 0.9424777960769457 0
3375 -0.07853981633719187 1.021017612416641 0
3376 -0.07853981633699658 1.099557428756356 0
3377 -0.07853981633680174 1.178097245096208 0
3378 -0.07853981633660667 1.25663706143601 0
3379 -0.07853981633641161 1.335176877775711 0
3380 -0.07853981633621676 1.413716694115443 0
3381 -0.07853981633602147 1.492256510455144 0
3382 -0.07853981633582641 1.570796326794862 0
3383 -0.07853981633563134 1.649336143134581 0
3384 -0.07853981633543605 1.727875959474282 0
3385 -0.07853981633524076 1.806415775814013 0
3386 -0.07853981633504592 1.884955592153715 0
3387 -0.07853981633485108 1.963495408493518 0
3388 -0.07853981633465579 2.042035224833298 0
3389 -0.07853981633446072 2.120575041173048 0
3390 -0.07853981633426566 2.199114857512779 0
3391 -0.07853981633407081 2.277654673852432 0
3392 -0.07853981633387552 2.356194490192173 0
3393 -0.07853981633368046 2.43473430653194 0
3394 -0.07853981633348539 2.513274122871654 0
3395 -0.07853981633329077 2.591813939211386 0
3396 -0.07853981633309548 2.670353755551153 0
3397 -0.07853981633290019 2.748893571890961 0
3398 -0.07853981633270513 2.827433388230768 0
3399 -0.07853981633251028 2.905973204570535 0
3400 -0.07853981633231522 2.984513020910303 0
3401 -0.07853981633212015 3.06305283725007 0
3402 -7.70066996280687e-12 -3.063052837250066 0
3403 -7.503213328430269e-12 -2.984513020910295 0
3404 -7.305975269211641e-12 -2.905973204570524 0
3405 -7.108522104281992e-12 -2.827433388230753 0
3406 -6.911055061564426e-12 -2.748893571890939 0
3407 -6.71339372981755e-12 -2.670353755551125 0
3408 -6.515926687100092e-12 -2.591813939211353 0
3409 -6.318473522170532e-12 -2.513274122871618 0
3410 -6.121048112816627e-12 -2.434734306531898 0
3411 -5.923539436735745e-12 -2.356194490192127 0
3412 -5.726086271806161e-12 -2.277654673852384 0
3413 -5.528633106876795e-12 -2.199114857512725 0
3414 -5.331179941947233e-12 -2.120575041172989 0
3415 -5.133726777017628e-12 -2.042035224833235 0
3416 -4.936273612087935e-12 -1.963495408493447 0
3417 -4.738820447158186e-12 -1.884955592153637 0
3418 -4.54142279337993e-12 -1.806415775813931 0
3419 -4.34396962845037e-12 -1.727875959474195 0
3420 -4.146516463520883e-12 -1.649336143134489 0
3421 -3.949174320893815e-12 -1.570796326794765 0
3422 -3.751776667115518e-12 -1.492256510455042 0
3423 -3.5542679910348e-12 -1.413716694115337 0
3424 -3.356648292651543e-12 -1.3351768777756 0
3425 -3.159195127722057e-12 -1.256637061435895 0
3426 -2.96174196279231e-12 -1.178097245096084 0
3427 -2.764233286711211e-12 -1.099557428756228 0
3428 -2.566780121781693e-12 -1.021017612416508 0
3429 -2.369549001457143e-12 -0.9424777960768072 0
3430 -2.172206858830087e-12 -0.8639379797370887 0
3431 -1.97453164929562e-12 -0.7853981633973607 0
3432 -1.776967462063618e-12 -0.7068583470576332 0
3433 -1.579514297134078e-12 -0.628318530717906 0
3434 -1.382172154506892e-12 -0.5497787143781353 0
3435 -1.184718989577351e-12 -0.4712388980384087 0
3436 -9.871548023453477e-13 -0.3926990816986802 0
3437 -7.897016374158072e-13 -0.3141592653589527 0
3438 -5.923594947887297e-13 -0.2356194490192253 0
3439 -3.947953075566184e-13 -0.1570796326794549 0
3440 -1.974531649295421e-13 -0.07853981633972773 0
3441 -8.077935669463161e-28 1.110223024625157e-16 0
3442 1.974531649295389e-13 0.0785398163397274 0
3443 3.949063298590793e-13 0.1570796326794549 0
3444 5.923594947887297e-13 0.2356194490192255 0
3445 7.898126597182685e-13 0.3141592653589526 0
3446 9.872658246478086e-13 0.3926990816986803 0
3447 1.184718989577349e-12 0.471238898038408 0
3448 1.382172154506889e-12 0.5497787143781355 0
3449 1.579625319436539e-12 0.6283185307179061 0
3450 1.777078484366079e-12 0.706858347057633 0
3451 1.974531649295618e-12 0.785398163397361 0
3452 2.172206858830085e-12 0.8639379797370887 0
3453 2.369660023759603e-12 0.9424777960768074 0
3454 2.566891144084151e-12 1.021017612416509 0
3455 2.764566353618595e-12 1.099557428756227 0
3456 2.961797473943535e-12 1.178097245096084 0
3457 3.159028594268356e-12 1.256637061435894 0
3458 3.356481759197843e-12 1.3351768777756 0
3459 3.554156968732331e-12 1.413716694115337 0
3460 3.751388089056892e-12 1.492256510455042 0
3461 3.949063298591346e-12 1.570796326794765 0
3462 4.146516463520878e-12 1.649336143134489 0
3463 4.343969628450365e-12 1.727875959474195 0
3464 4.541422793379925e-12 1.806415775813931 0
3465 4.738875958309412e-12 1.884955592153637 0
3466 4.93632912323916e-12 1.963495408493447 0
3467 5.133560243563927e-12 2.042035224833235 0
3468 5.331235453098459e-12 2.120575041172988 0
3469 5.528466573423098e-12 2.199114857512725 0
3470 5.726141782957389e-12 2.277654673852383 0
3471 5.923594947886973e-12 2.356194490192127 0
3472 6.121048112816624e-12 2.434734306531898 0
3473 6.318501277746145e-12 2.513274122871618 0
3474 6.515954442675705e-12 2.591813939211353 0
3475 6.713407607605355e-12 2.670353755551124 0
3476 6.910860772535114e-12 2.748893571890939 0
3477 7.10809189285995e-12 2.827433388230753 0
3478 7.305545057789599e-12 2.905973204570524 0
3479 7.503220267324173e-12 2.984513020910295 0
3480 7.700673432253822e-12 3.063052837250066 0
3481 0.07853981633212001 -3.06305283725007 0
3482 0.07853981633231477 -2.984513020910304 0
3483 0.07853981633251 -2.905973204570535 0
3484 0.07853981633270522 -2.827433388230767 0
3485 0.07853981633290019 -2.74889357189096 0
3486 0.07853981633309524 -2.670353755551153 0
3487 0.07853981633329052 -2.591813939211386 0
3488 0.07853981633348533 -2.513274122871654 0
3489 0.07853981633368032 -2.43473430653194 0
3490 0.07853981633387552 -2.356194490192172 0
3491 0.07853981633407062 -2.277654673852432 0
3492 0.07853981633426549 -2.19911485751278 0
3493 0.07853981633446047 -2.120575041173047 0
3494 0.07853981633465601 -2.042035224833298 0
3495 0.0785398163348508 -1.963495408493517 0
3496 0.07853981633504575 -1.884955592153715 0
3497 0.07853981633524082 -1.806415775814014 0
3498 0.07853981633543589 -1.727875959474281 0
3499 0.07853981633563129 -1.649336143134581 0
3500 0.07853981633582624 -1.570796326794862 0
3501 0.07853981633602108 -1.492256510455144 0
3502 0.07853981633621626 -1.413716694115443 0
3503 0.07853981633641111 -1.335176877775711 0
3504 0.07853981633660623 -1.256637061436011 0
3505 0.0785398163368011 -1.178097245096208 0
3506 0.07853981633699658 -1.099557428756355 0
3507 0.07853981633719154 -1.021017612416642 0
3508 0.07853981633738694 -0.9424777960769456 0
3509 0.07853981633758189 -0.863937979737232 0
3510 0.07853981633777671 -0.7853981633975083 0
3511 0.07853981633797191 -0.7068583470577853 0
3512 0.07853981633816676 -0.628318530718063 0
3513 0.07853981633836182 -0.5497787143782996 0
3514 0.07853981633855733 -0.4712388980385773 0
3515 0.07853981633875218 -0.3926990816988538 0
3516 0.07853981633894702 -0.314159265359131 0
3517 0.07853981633914253 -0.2356194490194086 0
3518 0.07853981633933715 -0.157079632679645 0
3519 0.07853981633953244 -0.07853981633992291 0
3520 0.07853981633972751 -1.973976537783528e-13 0
3521 0.07853981633992257 0.07853981633953233 0
3522 0.07853981634011742 0.1570796326792646 0
3523 0.07853981634031293 0.2356194490190422 0
3524 0.07853981634050755 0.3141592653587746 0
3525 0.07853981634070284 0.3926990816985064 0
3526 0.07853981634089791 0.4712388980382392 0
3527 0.07853981634109275 0.5497787143779712 0
3528 0.07853981634128815 0.6283185307177489 0
3529 0.07853981634148322 0.7068583470574806 0
3530 0.07853981634167828 0.7853981633972137 0
3531 0.07853981634187346 0.8639379797369457 0
3532 0.07853981634206841 0.9424777960766691 0
3533 0.07853981634226337 1.021017612416375 0
3534 0.07853981634245821 1.099557428756099 0
3535 0.0785398163426535 1.178097245095962 0
3536 0.07853981634284835 1.256637061435778 0
3537 0.07853981634304386 1.33517687777549 0
3538 0.0785398163432387 1.41371669411523 0
3539 0.07853981634343354 1.492256510454941 0
3540 0.07853981634362861 1.570796326794669 0
3541 0.0785398163438239 1.649336143134397 0
3542 0.07853981634401896 1.727875959474109 0
3543 0.07853981634421403 1.806415775813849 0
3544 0.07853981634440887 1.88495559215356 0
3545 0.07853981634460394 1.963495408493376 0
3546 0.07853981634479923 2.042035224833171 0
3547 0.07853981634499407 2.12057504117293 0
3548 0.07853981634518936 2.19911485751267 0
3549 0.07853981634538443 2.277654673852334 0
3550 0.07853981634557949 2.356194490192084 0
3551 0.07853981634577434 2.434734306531857 0
3552 0.0785398163459694 2.513274122871581 0
3553 0.07853981634616469 2.591813939211322 0
3554 0.07853981634635976 2.670353755551096 0
3555 0.0785398163465546 2.748893571890917 0
3556 0.07853981634674989 2.827433388230738 0
3557 0.07853981634694496 2.905973204570512 0
3558 0.0785398163471398 2.984513020910287 0
3559 0.07853981634733509 3.063052837250062 0
3560 0.1570796326720413 -3.063052837250074 0
3561 0.1570796326722313 -2.984513020910311 0
3562 0.1570796326724214 -2.905973204570547 0
3563 0.1570796326726117 -2.827433388230783 0
3564 0.1570796326728018 -2.748893571890982 0
3565 0.1570796326729917 -2.670353755551182 0
3566 0.1570796326731819 -2.591813939211417 0
3567 0.1570796326733718 -2.51327412287169 0
3568 0.1570796326735619 -2.434734306531981 0
3569 0.157079632673752 -2.356194490192218 0
3570 0.1570796326739421 -2.277654673852481 0
3571 0.1570796326741326 -2.199114857512835 0
3572 0.1570796326743225 -2.120575041173108 0
3573 0.1570796326745122 -2.042035224833361 0
3574 0.1570796326747024 -1.963495408493587 0
3575 0.1570796326748927 -1.884955592153792 0
3576 0.1570796326750828 -1.806415775814096 0
3577 0.157079632675273 -1.727875959474368 0
3578 0.1570796326754629 -1.649336143134673 0
3579 0.1570796326756529 -1.570796326794958 0
3580 0.1570796326758431 -1.492256510455245 0
3581 0.1570796326760333 -1.413716694115549 0
3582 0.1570796326762232 -1.335176877775822 0
3583 0.1570796326764132 -1.256637061436126 0
3584 0.1570796326766036 -1.17809724509633 0
3585 0.1570796326767933 -1.099557428756483 0
3586 0.1570796326769833 -1.021017612416775 0
3587 0.1570796326771738 -0.942477796077084 0
3588 0.1570796326773639 -0.863937979737375 0
3589 0.1570796326775538 -0.7853981633976561 0
3590 0.1570796326777438 -0.7068583470579372 0
3591 0.1570796326779339 -0.6283185307182202 0
3592 0.1570796326781243 -0.5497787143784636 0
3593 0.157079632678314 -0.4712388980387462 0
3594 0.1570796326785042 -0.3926990816990275 0
3595 0.1570796326786942 -0.314159265359309 0
3596 0.1570796326788845 -0.2356194490195915 0
3597 0.1570796326790745 -0.157079632679835 0
3598 0.1570796326792647 -0.07853981634011764 0
3599 0.1570796326794548 -3.947953075567057e-13 0
3600 0.1570796326796446 0.07853981633933704 0
3601 0.1570796326798348 0.1570796326790747 0
3602 0.1570796326800249 0.2356194490188592 0
3603 0.1570796326802152 0.3141592653585962 0
3604 0.1570796326804053 0.3926990816983329 0
3605 0.1570796326805951 0.4712388980380701 0
3606 0.1570796326807855 0.5497787143778073 0
3607 0.1570796326809755 0.6283185307175917 0
3608 0.1570796326811654 0.7068583470573285 0
3609 0.1570796326813556 0.785398163397066 0
3610 0.1570796326815457 0.8639379797368029 0
3611 0.1570796326817357 0.942477796076531 0
3612 0.157079632681926 1.021017612416242 0
3613 0.157079632682116 1.099557428755972 0
3614 0.1570796326823061 1.178097245095839 0
3615 0.1570796326824959 1.256637061435663 0
3616 0.1570796326826863 1.335176877775379 0
3617 0.1570796326828763 1.413716694115124 0
3618 0.1570796326830665 1.49225651045484 0
3619 0.1570796326832565 1.570796326794572 0
3620 0.1570796326834464 1.649336143134305 0
3621 0.1570796326836364 1.727875959474022 0
3622 0.1570796326838268 1.806415775813766 0
3623 0.1570796326840167 1.884955592153483 0
3624 0.157079632684207 1.963495408493306 0
3625 0.1570796326843966 2.042035224833108 0
3626 0.1570796326845871 2.12057504117287 0
3627 0.157079632684777 2.199114857512615 0
3628 0.1570796326849671 2.277654673852285 0
3629 0.1570796326851574 2.356194490192038 0
3630 0.1570796326853471 2.434734306531817 0
3631 0.1570796326855374 2.513274122871546 0
3632 0.1570796326857277 2.59181393921129 0
3633 0.1570796326859173 2.670353755551067 0
3634 0.1570796326861078 2.748893571890895 0
3635 0.1570796326862979 2.827433388230723 0
3636 0.1570796326864878 2.9059732045705 0
3637 0.1570796326866779 2.984513020910279 0
3638 0.157079632686868 3.063052837250057 0
3639 0.235619449012083 -3.063052837250079 0
3640 0.2356194490122661 -2.98451302091032 0
3641 0.235619449012449 -2.905973204570558 0
3642 0.2356194490126321 -2.827433388230797 0
3643 0.2356194490128154 -2.748893571891004 0
3644 0.2356194490129989 -2.67035375555121 0
3645 0.2356194490131817 -2.591813939211449 0
3646 0.2356194490133648 -2.513274122871727 0
3647 0.2356194490135483 -2.434734306532022 0
3648 0.2356194490137311 -2.356194490192262 0
3649 0.2356194490139142 -2.27765467385253 0
3650 0.2356194490140972 -2.199114857512889 0
3651 0.2356194490142807 -2.120575041173166 0
3652 0.2356194490144637 -2.042035224833425 0
3653 0.2356194490146468 -1.963495408493658 0
3654 0.2356194490148298 -1.884955592153869 0
3655 0.2356194490150128 -1.806415775814178 0
3656 0.2356194490151962 -1.727875959474455 0
3657 0.2356194490153792 -1.649336143134764 0
3658 0.2356194490155625 -1.570796326795055 0
3659 0.2356194490157457 -1.492256510455346 0
3660 0.235619449015929 -1.413716694115655 0
3661 0.2356194490161121 -1.335176877775932 0
3662 0.2356194490162951 -1.256637061436242 0
3663 0.2356194490164782 -1.178097245096453 0
3664 0.2356194490166614 -1.099557428756612 0
3665 0.2356194490168444 -1.021017612416908 0
3666 0.2356194490170276 -0.9424777960772218 0
3667 0.2356194490172107 -0.8639379797375178 0
3668 0.2356194490173939 -0.7853981633978036 0
3669 0.2356194490175768 -0.7068583470580889 0
3670 0.2356194490177601 -0.6283185307183773 0
3671 0.2356194490179433 -0.5497787143786275 0
3672 0.2356194490181263 -0.4712388980389152 0
3673 0.2356194490183095 -0.3926990816992011 0
3674 0.2356194490184925 -0.314159265359487 0
3675 0.2356194490186758 -0.2356194490197746 0
3676 0.235619449018859 -0.1570796326800251 0
3677 0.2356194490190421 -0.07853981634031237 0
3678 0.2356194490192254 -5.924150059399835e-13 0
3679 0.2356194490194085 0.07853981633914275 0
3680 0.2356194490195915 0.1570796326788846 0
3681 0.2356194490197747 0.235619449018676 0
3682 0.2356194490199577 0.3141592653584179 0
3683 0.2356194490201411 0.3926990816981593 0
3684 0.2356194490203243 0.4712388980379011 0
3685 0.2356194490205071 0.5497787143776433 0
3686 0.2356194490206903 0.6283185307174345 0
3687 0.2356194490208733 0.7068583470571767 0
3688 0.2356194490210564 0.7853981633969184 0
3689 0.23561944902124 0.8639379797366601 0
3690 0.235619449021423 0.9424777960763926 0
3691 0.2356194490216058 1.021017612416109 0
3692 0.2356194490217893 1.099557428755843 0
3693 0.2356194490219721 1.178097245095717 0
3694 0.2356194490221554 1.256637061435546 0
3695 0.2356194490223387 1.335176877775269 0
3696 0.2356194490225219 1.413716694115018 0
3697 0.2356194490227047 1.492256510454738 0
3698 0.2356194490228879 1.570796326794476 0
3699 0.2356194490230713 1.649336143134213 0
3700 0.2356194490232544 1.727875959473935 0
3701 0.2356194490234373 1.806415775813683 0
3702 0.2356194490236204 1.884955592153406 0
3703 0.2356194490238036 1.963495408493235 0
3704 0.2356194490239867 2.042035224833045 0
3705 0.2356194490241699 2.120575041172811 0
3706 0.235619449024353 2.19911485751256 0
3707 0.2356194490245361 2.277654673852237 0
3708 0.2356194490247192 2.356194490191994 0
3709 0.2356194490249026 2.434734306531776 0
3710 0.2356194490250856 2.513274122871509 0
3711 0.2356194490252689 2.591813939211258 0
3712 0.2356194490254518 2.670353755551039 0
3713 0.2356194490256349 2.748893571890874 0
3714 0.2356194490258179 2.827433388230707 0
3715 0.2356194490260012 2.905973204570488 0
3716 0.2356194490261846 2.984513020910271 0
3717 0.2356194490263677 3.063052837250052 0
3718 0.3141592653520047 -3.063052837250083 0
3719 0.3141592653521831 -2.984513020910327 0
3720 0.3141592653523612 -2.90597320457057 0
3721 0.3141592653525391 -2.827433388230813 0
3722 0.3141592653527173 -2.748893571891025 0
3723 0.3141592653528954 -2.670353755551238 0
3724 0.3141592653530736 -2.591813939211482 0
3725 0.3141592653532517 -2.513274122871763 0
3726 0.3141592653534301 -2.434734306532063 0
3727 0.3141592653536083 -2.356194490192306 0
3728 0.3141592653537861 -2.277654673852578 0
3729 0.3141592653539644 -2.199114857512944 0
3730 0.3141592653541425 -2.120575041173224 0
3731 0.3141592653543206 -2.042035224833488 0
3732 0.3141592653544988 -1.96349540849373 0
3733 0.3141592653546771 -1.884955592153947 0
3734 0.3141592653548548 -1.80641577581426 0
3735 0.3141592653550332 -1.727875959474543 0
3736 0.3141592653552115 -1.649336143134856 0
3737 0.3141592653553895 -1.570796326795152 0
3738 0.3141592653555676 -1.492256510455447 0
3739 0.314159265355746 -1.413716694115762 0
3740 0.3141592653559239 -1.335176877776043 0
3741 0.3141592653561022 -1.256637061436358 0
3742 0.31415926535628 -1.178097245096575 0
3743 0.3141592653564585 -1.09955742875674 0
3744 0.3141592653566366 -1.021017612417041 0
3745 0.3141592653568147 -0.9424777960773603 0
3746 0.314159265356993 -0.8639379797376608 0
3747 0.314159265357171 -0.7853981633979512 0
3748 0.3141592653573493 -0.7068583470582415 0
3749 0.3141592653575273 -0.6283185307185345 0
3750 0.3141592653577052 -0.5497787143787917 0
3751 0.3141592653578835 -0.4712388980390847 0
3752 0.3141592653580618 -0.3926990816993745 0
3753 0.31415926535824 -0.3141592653596654 0
3754 0.3141592653584179 -0.2356194490199579 0
3755 0.3141592653585962 -0.1570796326802151 0
3756 0.3141592653587743 -0.07853981634050811 0
3757 0.3141592653589527 -7.898126597183364e-13 0
3758 0.3141592653591306 0.07853981633894691 0
3759 0.3141592653593089 0.1570796326786945 0
3760 0.3141592653594869 0.2356194490184927 0
3761 0.314159265359665 0.3141592653582398 0
3762 0.3141592653598431 0.3926990816979857 0
3763 0.3141592653600215 0.4712388980377318 0
3764 0.3141592653601993 0.5497787143774792 0
3765 0.3141592653603774 0.6283185307172774 0
3766 0.3141592653605563 0.7068583470570244 0
3767 0.314159265360734 0.7853981633967709 0
3768 0.314159265360912 0.863937979736517 0
3769 0.3141592653610903 0.9424777960762546 0
3770 0.3141592653612687 1.021017612415977 0
3771 0.3141592653614466 1.099557428755715 0
3772 0.3141592653616249 1.178097245095595 0
3773 0.3141592653618029 1.256637061435431 0
3774 0.3141592653619811 1.335176877775158 0
3775 0.3141592653621591 1.413716694114911 0
3776 0.3141592653623375 1.492256510454637 0
3777 0.3141592653625156 1.570796326794379 0
3778 0.3141592653626932 1.649336143134122 0
3779 0.3141592653628719 1.727875959473848 0
3780 0.3141592653630501 1.806415775813601 0
3781 0.3141592653632279 1.884955592153328 0
3782 0.3141592653634061 1.963495408493165 0
3783 0.3141592653635843 2.042035224832982 0
3784 0.3141592653637624 2.120575041172752 0
3785 0.3141592653639402 2.199114857512505 0
3786 0.3141592653641185 2.277654673852188 0
3787 0.3141592653642968 2.35619449019195 0
3788 0.3141592653644751 2.434734306531734 0
3789 0.3141592653646529 2.513274122871473 0
3790 0.3141592653648313 2.591813939211226 0
3791 0.3141592653650094 2.670353755551011 0
3792 0.3141592653651878 2.748893571890852 0
3793 0.3141592653653658 2.827433388230693 0
3794 0.3141592653655438 2.905973204570477 0
3795 0.3141592653657223 2.984513020910263 0
3796 0.3141592653658999 3.063052837250048 0
3797 0.3926990816919098 -3.063052837250089 0
3798 0.3926990816920835 -2.984513020910336 0
3799 0.3926990816922568 -2.905973204570581 0
3800 0.3926990816924305 -2.827433388230828 0
3801 0.3926990816926043 -2.748893571891047 0
3802 0.3926990816927775 -2.670353755551266 0
3803 0.3926990816929511 -2.591813939211513 0
3804 0.392699081693125 -2.513274122871799 0
3805 0.3926990816932986 -2.434734306532103 0
3806 0.3926990816934721 -2.356194490192351 0
3807 0.3926990816936457 -2.277654673852627 0
3808 0.3926990816938192 -2.199114857513 0
3809 0.3926990816939926 -2.120575041173285 0
3810 0.3926990816941666 -2.042035224833551 0
3811 0.3926990816943403 -1.9634954084938 0
3812 0.3926990816945137 -1.884955592154024 0
3813 0.3926990816946872 -1.806415775814343 0
3814 0.392699081694861 -1.72787595947463 0
3815 0.3926990816950342 -1.649336143134948 0
3816 0.3926990816952081 -1.570796326795248 0
3817 0.3926990816953819 -1.492256510455548 0
3818 0.3926990816955551 -1.413716694115868 0
3819 0.392699081695729 -1.335176877776154 0
3820 0.3926990816959026 -1.256637061436473 0
3821 0.3926990816960761 -1.178097245096698 0
3822 0.3926990816962495 -1.099557428756869 0
3823 0.3926990816964233 -1.021017612417174 0
3824 0.3926990816965969 -0.9424777960774984 0
3825 0.3926990816967704 -0.8639379797378037 0
3826 0.392699081696944 -0.7853981633980984 0
3827 0.3926990816971178 -0.706858347058394 0
3828 0.3926990816972912 -0.6283185307186913 0
3829 0.392699081697465 -0.5497787143789561 0
3830 0.3926990816976387 -0.471238898039253 0
3831 0.392699081697812 -0.3926990816995479 0
3832 0.3926990816979857 -0.3141592653598432 0
3833 0.3926990816981593 -0.235619449020141 0
3834 0.3926990816983327 -0.1570796326804051 0
3835 0.3926990816985064 -0.07853981634070317 0
3836 0.3926990816986803 -9.872103134966892e-13 0
3837 0.3926990816988537 0.07853981633875207 0
3838 0.392699081699027 0.1570796326785044 0
3839 0.3926990816992005 0.2356194490183097 0
3840 0.3926990816993744 0.3141592653580617 0
3841 0.3926990816995478 0.3926990816978121 0
3842 0.3926990816997216 0.471238898037563 0
3843 0.3926990816998952 0.5497787143773152 0
3844 0.3926990817000687 0.6283185307171206 0
3845 0.392699081700242 0.7068583470568721 0
3846 0.3926990817004159 0.7853981633966234 0
3847 0.3926990817005895 0.8639379797363741 0
3848 0.392699081700763 0.9424777960761163 0
3849 0.3926990817009368 1.021017612415844 0
3850 0.3926990817011102 1.099557428755586 0
3851 0.3926990817012839 1.178097245095471 0
3852 0.3926990817014574 1.256637061435316 0
3853 0.392699081701631 1.335176877775047 0
3854 0.3926990817018046 1.413716694114805 0
3855 0.392699081701978 1.492256510454536 0
3856 0.3926990817021518 1.570796326794282 0
3857 0.3926990817023255 1.649336143134029 0
3858 0.3926990817024989 1.727875959473761 0
3859 0.3926990817026729 1.806415775813519 0
3860 0.392699081702846 1.884955592153251 0
3861 0.3926990817030196 1.963495408493094 0
3862 0.3926990817031939 2.042035224832919 0
3863 0.3926990817033671 2.120575041172693 0
3864 0.3926990817035408 2.19911485751245 0
3865 0.3926990817037139 2.277654673852139 0
3866 0.3926990817038878 2.356194490191905 0
3867 0.3926990817040614 2.434734306531694 0
3868 0.3926990817042353 2.513274122871437 0
3869 0.3926990817044087 2.591813939211194 0
3870 0.3926990817045821 2.670353755550982 0
3871 0.3926990817047555 2.748893571890831 0
3872 0.3926990817049292 2.827433388230677 0
3873 0.3926990817051027 2.905973204570466 0
3874 0.3926990817052767 2.984513020910255 0
3875 0.3926990817054501 3.063052837250043 0
3876 0.4712388980318162 -3.063052837250093 0
3877 0.4712388980319853 -2.984513020910343 0
3878 0.4712388980321542 -2.905973204570593 0
3879 0.4712388980323234 -2.827433388230843 0
3880 0.4712388980324924 -2.748893571891069 0
3881 0.4712388980326616 -2.670353755551295 0
3882 0.4712388980328304 -2.591813939211546 0
3883 0.4712388980329993 -2.513274122871835 0
3884 0.4712388980331683 -2.434734306532146 0
3885 0.4712388980333375 -2.356194490192395 0
3886 0.4712388980335065 -2.277654673852675 0
3887 0.4712388980336755 -2.199114857513055 0
3888 0.4712388980338446 -2.120575041173344 0
3889 0.4712388980340134 -2.042035224833614 0
3890 0.4712388980341826 -1.96349540849387 0
3891 0.4712388980343516 -1.884955592154101 0
3892 0.4712388980345208 -1.806415775814426 0
3893 0.4712388980346897 -1.727875959474716 0
3894 0.4712388980348587 -1.649336143135041 0
3895 0.4712388980350275 -1.570796326795345 0
3896 0.4712388980351966 -1.49225651045565 0
3897 0.4712388980353657 -1.413716694115974 0
3898 0.4712388980355349 -1.335176877776264 0
3899 0.4712388980357035 -1.256637061436589 0
3900 0.4712388980358728 -1.17809724509682 0
3901 0.4712388980360417 -1.099557428756997 0
3902 0.4712388980362106 -1.021017612417307 0
3903 0.4712388980363797 -0.9424777960776366 0
3904 0.4712388980365488 -0.8639379797379467 0
3905 0.4712388980367177 -0.7853981633982459 0
3906 0.471238898036887 -0.7068583470585458 0
3907 0.471238898037056 -0.6283185307188485 0
3908 0.471238898037225 -0.54977871437912 0
3909 0.4712388980373938 -0.4712388980394225 0
3910 0.4712388980375628 -0.3926990816997221 0
3911 0.471238898037732 -0.3141592653600215 0
3912 0.4712388980379011 -0.2356194490203243 0
3913 0.4712388980380701 -0.1570796326805954 0
3914 0.4712388980382392 -0.07853981634089835 0
3915 0.4712388980384081 -1.184607967275042e-12 0
3916 0.4712388980385771 0.07853981633855711 0
3917 0.4712388980387463 0.157079632678314 0
3918 0.4712388980389149 0.2356194490181265 0
3919 0.4712388980390843 0.3141592653578835 0
3920 0.4712388980392531 0.3926990816976385 0
3921 0.471238898039422 0.4712388980373938 0
3922 0.4712388980395913 0.5497787143771511 0
3923 0.47123889803976 0.6283185307169633 0
3924 0.4712388980399294 0.70685834705672 0
3925 0.4712388980400986 0.7853981633964759 0
3926 0.4712388980402673 0.8639379797362311 0
3927 0.4712388980404363 0.9424777960759781 0
3928 0.471238898040605 1.02101761241571 0
3929 0.4712388980407741 1.099557428755458 0
3930 0.4712388980409437 1.178097245095349 0
3931 0.4712388980411123 1.256637061435199 0
3932 0.4712388980412814 1.335176877774936 0
3933 0.4712388980414502 1.413716694114699 0
3934 0.4712388980416194 1.492256510454435 0
3935 0.4712388980417885 1.570796326794186 0
3936 0.4712388980419575 1.649336143133938 0
3937 0.4712388980421266 1.727875959473674 0
3938 0.4712388980422956 1.806415775813436 0
3939 0.4712388980424644 1.884955592153173 0
3940 0.4712388980426336 1.963495408493024 0
3941 0.4712388980428024 2.042035224832856 0
3942 0.4712388980429719 2.120575041172633 0
3943 0.4712388980431405 2.199114857512396 0
3944 0.4712388980433098 2.277654673852092 0
3945 0.4712388980434785 2.356194490191861 0
3946 0.4712388980436477 2.434734306531652 0
3947 0.4712388980438164 2.5132741228714 0
3948 0.4712388980439858 2.591813939211162 0
3949 0.4712388980441546 2.670353755550954 0
3950 0.4712388980443238 2.748893571890808 0
3951 0.4712388980444928 2.827433388230663 0
3952 0.4712388980446618 2.905973204570454 0
3953 0.4712388980448309 2.984513020910247 0
3954 0.471238898045 3.063052837250039 0
3955 0.5497787143717376 -3.063052837250098 0
3956 0.5497787143719017 -2.984513020910352 0
3957 0.5497787143720655 -2.905973204570603 0
3958 0.5497787143722299 -2.827433388230857 0
3959 0.549778714372394 -2.748893571891091 0
3960 0.5497787143725578 -2.670353755551324 0
3961 0.549778714372722 -2.591813939211577 0
3962 0.5497787143728861 -2.513274122871872 0
3963 0.5497787143730499 -2.434734306532186 0
3964 0.549778714373214 -2.356194490192439 0
3965 0.5497787143733782 -2.277654673852723 0
3966 0.5497787143735422 -2.199114857513111 0
3967 0.5497787143737065 -2.120575041173403 0
3968 0.5497787143738705 -2.042035224833677 0
3969 0.5497787143740342 -1.963495408493941 0
3970 0.5497787143741981 -1.884955592154178 0
3971 0.5497787143743624 -1.806415775814508 0
3972 0.5497787143745264 -1.727875959474803 0
3973 0.5497787143746906 -1.649336143135132 0
3974 0.5497787143748543 -1.570796326795441 0
3975 0.5497787143750186 -1.492256510455751 0
3976 0.5497787143751824 -1.413716694116081 0
3977 0.5497787143753465 -1.335176877776375 0
3978 0.5497787143755106 -1.256637061436705 0
3979 0.5497787143756747 -1.178097245096943 0
3980 0.5497787143758386 -1.099557428757125 0
3981 0.549778714376003 -1.021017612417439 0
3982 0.549778714376167 -0.942477796077775 0
3983 0.5497787143763306 -0.8639379797380899 0
3984 0.5497787143764947 -0.7853981633983937 0
3985 0.5497787143766589 -0.7068583470586972 0
3986 0.549778714376823 -0.6283185307190052 0
3987 0.5497787143769868 -0.5497787143792836 0
3988 0.5497787143771514 -0.4712388980395917 0
3989 0.5497787143773152 -0.3926990816998952 0
3990 0.5497787143774792 -0.3141592653601992 0
3991 0.5497787143776433 -0.2356194490205071 0
3992 0.5497787143778072 -0.1570796326807856 0
3993 0.5497787143779712 -0.07853981634109319 0
3994 0.5497787143781355 -1.38222766565832e-12 0
3995 0.5497787143782993 0.07853981633836182 0
3996 0.5497787143784634 0.1570796326781241 0
3997 0.5497787143786275 0.2356194490179434 0
3998 0.5497787143787916 0.3141592653577052 0
3999 0.5497787143789554 0.392699081697465 0
4000 0.5497787143791196 0.4712388980372251 0
4001 0.5497787143792834 0.549778714376987 0
4002 0.5497787143794478 0.6283185307168065 0
4003 0.5497787143796115 0.706858347056568 0
4004 0.5497787143797755 0.7853981633963282 0
4005 0.5497787143799402 0.8639379797360882 0
4006 0.5497787143801035 0.9424777960758398 0
4007 0.5497787143802677 1.021017612415577 0
4008 0.5497787143804322 1.09955742875533 0
4009 0.5497787143805954 1.178097245095226 0
4010 0.5497787143807601 1.256637061435084 0
4011 0.549778714380924 1.335176877774826 0
4012 0.5497787143810882 1.413716694114592 0
4013 0.5497787143812523 1.492256510454333 0
4014 0.5497787143814159 1.570796326794089 0
4015 0.5497787143815802 1.649336143133846 0
4016 0.5497787143817441 1.727875959473588 0
4017 0.5497787143819084 1.806415775813354 0
4018 0.5497787143820725 1.884955592153096 0
4019 0.5497787143822359 1.963495408492954 0
4020 0.5497787143824002 2.042035224832792 0
4021 0.5497787143825645 2.120575041172574 0
4022 0.5497787143827286 2.19911485751234 0
4023 0.5497787143828925 2.277654673852042 0
4024 0.5497787143830564 2.356194490191816 0
4025 0.5497787143832207 2.434734306531611 0
4026 0.5497787143833845 2.513274122871365 0
4027 0.5497787143835486 2.59181393921113 0
4028 0.5497787143837125 2.670353755550925 0
4029 0.5497787143838766 2.748893571890787 0
4030 0.5497787143840407 2.827433388230647 0
4031 0.5497787143842046 2.905973204570443 0
4032 0.5497787143843686 2.984513020910238 0
4033 0.549778714384533 3.063052837250034 0
4034 0.6283185307117793 -3.063052837250102 0
4035 0.6283185307119368 -2.98451302091036 0
4036 0.6283185307120934 -2.905973204570615 0
4037 0.6283185307122503 -2.827433388230872 0
4038 0.6283185307124074 -2.748893571891112 0
4039 0.6283185307125649 -2.670353755551352 0
4040 0.6283185307127219 -2.591813939211609 0
4041 0.6283185307128789 -2.513274122871908 0
4042 0.6283185307130359 -2.434734306532227 0
4043 0.6283185307131931 -2.356194490192483 0
4044 0.6283185307133502 -2.277654673852773 0
4045 0.6283185307135071 -2.199114857513165 0
4046 0.6283185307136643 -2.120575041173463 0
4047 0.6283185307138213 -2.042035224833741 0
4048 0.6283185307139787 -1.963495408494011 0
4049 0.6283185307141355 -1.884955592154256 0
4050 0.6283185307142928 -1.80641577581459 0
4051 0.6283185307144499 -1.727875959474889 0
4052 0.6283185307146071 -1.649336143135224 0
4053 0.6283185307147641 -1.570796326795538 0
4054 0.6283185307149212 -1.492256510455852 0
4055 0.6283185307150787 -1.413716694116187 0
4056 0.6283185307152355 -1.335176877776485 0
4057 0.6283185307153925 -1.256637061436821 0
4058 0.6283185307155497 -1.178097245097065 0
4059 0.6283185307157063 -1.099557428757254 0
4060 0.6283185307158634 -1.021017612417572 0
4061 0.6283185307160206 -0.9424777960779129 0
4062 0.628318530716178 -0.8639379797382327 0
4063 0.6283185307163349 -0.7853981633985413 0
4064 0.6283185307164922 -0.7068583470588501 0
4065 0.6283185307166492 -0.6283185307191625 0
4066 0.628318530716806 -0.5497787143794484 0
4067 0.6283185307169633 -0.4712388980397605 0
4068 0.6283185307171206 -0.3926990817000688 0
4069 0.6283185307172772 -0.3141592653603782 0
4070 0.6283185307174346 -0.2356194490206903 0
4071 0.6283185307175916 -0.1570796326809756 0
4072 0.6283185307177488 -0.07853981634128804 0
4073 0.6283185307179059 -1.579625319436673e-12 0
4074 0.628318530718063 0.0785398163381672 0
4075 0.6283185307182201 0.157079632677934 0
4076 0.6283185307183773 0.2356194490177602 0
4077 0.6283185307185342 0.3141592653575269 0
4078 0.6283185307186911 0.3926990816972914 0
4079 0.6283185307188485 0.4712388980370557 0
4080 0.6283185307190057 0.5497787143768232 0
4081 0.6283185307191625 0.6283185307166492 0
4082 0.6283185307193198 0.7068583470564163 0
4083 0.628318530719477 0.7853981633961806 0
4084 0.6283185307196338 0.8639379797359449 0
4085 0.6283185307197912 0.9424777960757018 0
4086 0.6283185307199479 1.021017612415445 0
4087 0.6283185307201052 1.099557428755201 0
4088 0.6283185307202621 1.178097245095104 0
4089 0.6283185307204194 1.256637061434968 0
4090 0.6283185307205764 1.335176877774715 0
4091 0.6283185307207335 1.413716694114486 0
4092 0.6283185307208905 1.492256510454232 0
4093 0.6283185307210477 1.570796326793993 0
4094 0.6283185307212046 1.649336143133754 0
4095 0.6283185307213621 1.727875959473501 0
4096 0.628318530721519 1.806415775813271 0
4097 0.6283185307216759 1.884955592153018 0
4098 0.6283185307218333 1.963495408492883 0
4099 0.6283185307219901 2.042035224832729 0
4100 0.6283185307221473 2.120575041172515 0
4101 0.6283185307223043 2.199114857512285 0
4102 0.6283185307224617 2.277654673851994 0
4103 0.6283185307226189 2.356194490191772 0
4104 0.6283185307227757 2.434734306531571 0
4105 0.6283185307229326 2.513274122871328 0
4106 0.6283185307230901 2.591813939211098 0
4107 0.6283185307232471 2.670353755550897 0
4108 0.6283185307234038 2.748893571890766 0
4109 0.628318530723561 2.827433388230633 0
4110 0.6283185307237182 2.905973204570431 0
4111 0.6283185307238754 2.984513020910231 0
4112 0.6283185307240322 3.06305283725003 0
4113 0.7068583470517009 -3.063052837250106 0
4114 0.706858347051853 -2.984513020910367 0
4115 0.706858347052005 -2.905973204570627 0
4116 0.706858347052157 -2.827433388230888 0
4117 0.7068583470523093 -2.748893571891134 0
4118 0.7068583470524614 -2.670353755551381 0
4119 0.7068583470526135 -2.591813939211641 0
4120 0.7068583470527653 -2.513274122871944 0
4121 0.7068583470529178 -2.434734306532268 0
4122 0.7068583470530696 -2.356194490192528 0
4123 0.7068583470532221 -2.277654673852821 0
4124 0.7068583470533738 -2.19911485751322 0
4125 0.7068583470535258 -2.120575041173522 0
4126 0.7068583470536778 -2.042035224833803 0
4127 0.7068583470538305 -1.963495408494081 0
4128 0.7068583470539823 -1.884955592154333 0
4129 0.7068583470541343 -1.806415775814673 0
4130 0.7068583470542866 -1.727875959474976 0
4131 0.7068583470544386 -1.649336143135316 0
4132 0.7068583470545908 -1.570796326795634 0
4133 0.7068583470547432 -1.492256510455954 0
4134 0.7068583470548953 -1.413716694116293 0
4135 0.7068583470550468 -1.335176877776596 0
4136 0.7068583470551988 -1.256637061436936 0
4137 0.7068583470553516 -1.178097245097188 0
4138 0.7068583470555034 -1.099557428757381 0
4139 0.7068583470556558 -1.021017612417706 0
4140 0.7068583470558074 -0.9424777960780513 0
4141 0.7068583470559595 -0.8639379797383755 0
4142 0.7068583470561118 -0.7853981633986884 0
4143 0.7068583470562642 -0.7068583470590024 0
4144 0.7068583470564165 -0.6283185307193198 0
4145 0.7068583470565684 -0.5497787143796118 0
4146 0.7068583470567203 -0.4712388980399297 0
4147 0.7068583470568723 -0.3926990817002425 0
4148 0.7068583470570243 -0.3141592653605558 0
4149 0.7068583470571767 -0.2356194490208734 0
4150 0.7068583470573291 -0.1570796326811658 0
4151 0.7068583470574809 -0.07853981634148344 0
4152 0.7068583470576331 -1.777022973215026e-12 0
4153 0.7068583470577849 0.0785398163379718 0
4154 0.7068583470579369 0.1570796326777438 0
4155 0.7068583470580891 0.2356194490175769 0
4156 0.7068583470582416 0.3141592653573494 0
4157 0.7068583470583933 0.3926990816971176 0
4158 0.7068583470585453 0.4712388980368868 0
4159 0.7068583470586977 0.5497787143766589 0
4160 0.7068583470588499 0.6283185307164922 0
4161 0.7068583470590015 0.7068583470562637 0
4162 0.7068583470591541 0.7853981633960334 0
4163 0.7068583470593061 0.8639379797358023 0
4164 0.7068583470594583 0.9424777960755637 0
4165 0.7068583470596099 1.021017612415312 0
4166 0.7068583470597625 1.099557428755074 0
4167 0.7068583470599146 1.178097245094981 0
4168 0.7068583470600667 1.256637061434852 0
4169 0.7068583470602186 1.335176877774604 0
4170 0.7068583470603705 1.41371669411438 0
4171 0.7068583470605229 1.492256510454131 0
4172 0.7068583470606752 1.570796326793896 0
4173 0.7068583470608272 1.649336143133662 0
4174 0.7068583470609793 1.727875959473414 0
4175 0.706858347061131 1.806415775813189 0
4176 0.7068583470612836 1.884955592152941 0
4177 0.7068583470614352 1.963495408492812 0
4178 0.7068583470615879 2.042035224832666 0
4179 0.7068583470617398 2.120575041172455 0
4180 0.7068583470618919 2.19911485751223 0
4181 0.706858347062044 2.277654673851946 0
4182 0.7068583470621961 2.356194490191728 0
4183 0.7068583470623482 2.43473430653153 0
4184 0.7068583470625005 2.513274122871292 0
4185 0.7068583470626522 2.591813939211066 0
4186 0.7068583470628045 2.670353755550869 0
4187 0.7068583470629566 2.748893571890743 0
4188 0.7068583470631087 2.827433388230618 0
4189 0.7068583470632608 2.90597320457042 0
4190 0.7068583470634129 2.984513020910222 0
4191 0.7068583470635652 3.063052837250025 0
4192 0.7853981633916063 -3.063052837250111 0
4193 0.7853981633917541 -2.984513020910376 0
4194 0.7853981633919015 -2.905973204570638 0
4195 0.7853981633920495 -2.827433388230902 0
4196 0.7853981633921969 -2.748893571891155 0
4197 0.7853981633923444 -2.670353755551409 0
4198 0.785398163392492 -2.591813939211673 0
4199 0.7853981633926395 -2.51327412287198 0
4200 0.7853981633927871 -2.434734306532309 0
4201 0.7853981633929343 -2.356194490192572 0
4202 0.7853981633930823 -2.277654673852869 0
4203 0.7853981633932298 -2.199114857513274 0
4204 0.7853981633933773 -2.120575041173582 0
4205 0.7853981633935248 -2.042035224833867 0
4206 0.7853981633936725 -1.963495408494152 0
4207 0.78539816339382 -1.884955592154411 0
4208 0.7853981633939675 -1.806415775814755 0
4209 0.7853981633941149 -1.727875959475063 0
4210 0.7853981633942628 -1.649336143135408 0
4211 0.7853981633944096 -1.570796326795731 0
4212 0.7853981633945578 -1.492256510456055 0
4213 0.7853981633947048 -1.4137166941164 0
4214 0.7853981633948528 -1.335176877776707 0
4215 0.7853981633950002 -1.256637061437052 0
4216 0.7853981633951477 -1.178097245097311 0
4217 0.7853981633952953 -1.099557428757509 0
4218 0.7853981633954428 -1.021017612417839 0
4219 0.7853981633955907 -0.9424777960781894 0
4220 0.7853981633957378 -0.8639379797385188 0
4221 0.7853981633958852 -0.7853981633988366 0
4222 0.785398163396033 -0.7068583470591538 0
4223 0.7853981633961804 -0.628318530719477 0
4224 0.7853981633963281 -0.5497787143797757 0
4225 0.7853981633964758 -0.4712388980400986 0
4226 0.7853981633966231 -0.3926990817004162 0
4227 0.7853981633967707 -0.314159265360734 0
4228 0.7853981633969185 -0.2356194490210568 0
4229 0.7853981633970657 -0.1570796326813558 0
4230 0.7853981633972136 -0.0785398163416785 0
4231 0.7853981633973609 -1.974420626993378e-12 0
4232 0.7853981633975085 0.07853981633777685 0
4233 0.7853981633976561 0.1570796326775539 0
4234 0.7853981633978034 0.2356194490173938 0
4235 0.7853981633979511 0.3141592653571709 0
4236 0.7853981633980985 0.3926990816969441 0
4237 0.7853981633982464 0.471238898036718 0
4238 0.7853981633983941 0.5497787143764948 0
4239 0.7853981633985415 0.6283185307163351 0
4240 0.7853981633986891 0.7068583470561118 0
4241 0.7853981633988363 0.7853981633958853 0
4242 0.7853981633989843 0.8639379797356593 0
4243 0.7853981633991316 0.9424777960754251 0
4244 0.7853981633992789 1.021017612415178 0
4245 0.7853981633994266 1.099557428754945 0
4246 0.7853981633995742 1.178097245094859 0
4247 0.7853981633997216 1.256637061434736 0
4248 0.7853981633998695 1.335176877774494 0
4249 0.7853981634000169 1.413716694114274 0
4250 0.7853981634001647 1.49225651045403 0
4251 0.7853981634003117 1.5707963267938 0
4252 0.7853981634004591 1.64933614313357 0
4253 0.785398163400607 1.727875959473328 0
4254 0.7853981634007549 1.806415775813106 0
4255 0.7853981634009022 1.884955592152864 0
4256 0.7853981634010498 1.963495408492742 0
4257 0.7853981634011975 2.042035224832603 0
4258 0.7853981634013445 2.120575041172397 0
4259 0.7853981634014919 2.199114857512175 0
4260 0.78539816340164 2.277654673851896 0
4261 0.7853981634017875 2.356194490191682 0
4262 0.7853981634019351 2.434734306531489 0
4263 0.7853981634020826 2.513274122871256 0
4264 0.7853981634022302 2.591813939211034 0
4265 0.7853981634023777 2.67035375555084 0
4266 0.7853981634025253 2.748893571890722 0
4267 0.7853981634026728 2.827433388230602 0
4268 0.78539816340282 2.905973204570407 0
4269 0.7853981634029676 2.984513020910215 0
4270 0.7853981634031153 3.063052837250021 0
4271 0.863937979731513 -3.063052837250115 0
4272 0.8639379797316558 -2.984513020910383 0
4273 0.8639379797317986 -2.90597320457065 0
4274 0.8639379797319418 -2.827433388230918 0
4275 0.863937979732085 -2.748893571891177 0
4276 0.8639379797322277 -2.670353755551437 0
4277 0.863937979732371 -2.591813939211705 0
4278 0.8639379797325141 -2.513274122872017 0
4279 0.863937979732657 -2.434734306532349 0
4280 0.8639379797327995 -2.356194490192617 0
4281 0.8639379797329427 -2.277654673852918 0
4282 0.8639379797330857 -2.199114857513328 0
4283 0.8639379797332286 -2.12057504117364 0
4284 0.8639379797333713 -2.042035224833929 0
4285 0.8639379797335148 -1.963495408494222 0
4286 0.8639379797336577 -1.884955592154488 0
4287 0.8639379797338006 -1.806415775814838 0
4288 0.8639379797339434 -1.72787595947515 0
4289 0.8639379797340865 -1.6493361431355 0
4290 0.8639379797342295 -1.570796326795828 0
4291 0.8639379797343725 -1.492256510456156 0
4292 0.8639379797345155 -1.413716694116506 0
4293 0.8639379797346584 -1.335176877776818 0
4294 0.8639379797348012 -1.256637061437167 0
4295 0.863937979734944 -1.178097245097433 0
4296 0.8639379797350872 -1.099557428757638 0
4297 0.8639379797352303 -1.021017612417972 0
4298 0.8639379797353731 -0.9424777960783276 0
4299 0.863937979735516 -0.8639379797386617 0
4300 0.8639379797356593 -0.7853981633989838 0
4301 0.863937979735802 -0.7068583470593057 0
4302 0.8639379797359452 -0.6283185307196346 0
4303 0.8639379797360878 -0.54977871437994 0
4304 0.8639379797362312 -0.4712388980402674 0
4305 0.863937979736374 -0.3926990817005897 0
4306 0.8639379797365172 -0.314159265360912 0
4307 0.8639379797366599 -0.23561944902124 0
4308 0.8639379797368029 -0.1570796326815459 0
4309 0.8639379797369459 -0.0785398163418729 0
4310 0.863937979737089 -2.172040325376656e-12 0
4311 0.8639379797372319 0.078539816337582 0
4312 0.8639379797373751 0.1570796326773639 0
4313 0.8639379797375177 0.2356194490172108 0
4314 0.8639379797376607 0.3141592653569929 0
4315 0.8639379797378036 0.3926990816967705 0
4316 0.8639379797379466 0.4712388980365488 0
4317 0.8639379797380896 0.549778714376331 0
4318 0.8639379797382324 0.6283185307161779 0
4319 0.8639379797383759 0.7068583470559597 0
4320 0.8639379797385187 0.7853981633957381 0
4321 0.8639379797386617 0.8639379797355162 0
4322 0.8639379797388046 0.9424777960752871 0
4323 0.8639379797389475 1.021017612415046 0
4324 0.8639379797390906 1.099557428754817 0
4325 0.8639379797392336 1.178097245094736 0
4326 0.8639379797393765 1.256637061434621 0
4327 0.8639379797395198 1.335176877774383 0
4328 0.8639379797396625 1.413716694114167 0
4329 0.8639379797398056 1.492256510453928 0
4330 0.8639379797399482 1.570796326793703 0
4331 0.8639379797400912 1.649336143133479 0
4332 0.8639379797402341 1.727875959473241 0
4333 0.8639379797403773 1.806415775813024 0
4334 0.8639379797405203 1.884955592152787 0
4335 0.8639379797406629 1.963495408492671 0
4336 0.8639379797408064 2.04203522483254 0
4337 0.8639379797409491 2.120575041172337 0
4338 0.863937979741092 2.199114857512121 0
4339 0.863937979741235 2.277654673851848 0
4340 0.8639379797413781 2.356194490191637 0
4341 0.8639379797415212 2.434734306531448 0
4342 0.8639379797416644 2.513274122871219 0
4343 0.8639379797418072 2.591813939211002 0
4344 0.8639379797419502 2.670353755550812 0
4345 0.8639379797420934 2.7488935718907 0
4346 0.8639379797422362 2.827433388230587 0
4347 0.863937979742379 2.905973204570397 0
4348 0.8639379797425217 2.984513020910206 0
4349 0.863937979742665 3.063052837250016 0
4350 0.9424777960714177 -3.063052837250121 0
4351 0.9424777960715558 -2.984513020910393 0
4352 0.9424777960716942 -2.905973204570662 0
4353 0.9424777960718322 -2.827433388230932 0
4354 0.9424777960719707 -2.748893571891199 0
4355 0.9424777960721086 -2.670353755551466 0
4356 0.9424777960722467 -2.591813939211737 0
4357 0.9424777960723849 -2.513274122872052 0
4358 0.9424777960725234 -2.434734306532391 0
4359 0.9424777960726614 -2.356194490192661 0
4360 0.9424777960727995 -2.277654673852967 0
4361 0.9424777960729379 -2.199114857513384 0
4362 0.9424777960730757 -2.120575041173699 0
4363 0.9424777960732139 -2.042035224833993 0
4364 0.9424777960733524 -1.963495408494293 0
4365 0.9424777960734909 -1.884955592154565 0
4366 0.9424777960736286 -1.80641577581492 0
4367 0.9424777960737672 -1.727875959475237 0
4368 0.9424777960739056 -1.649336143135591 0
4369 0.9424777960740434 -1.570796326795924 0
4370 0.9424777960741818 -1.492256510456257 0
4371 0.9424777960743199 -1.413716694116612 0
4372 0.9424777960744579 -1.335176877776928 0
4373 0.9424777960745959 -1.256637061437284 0
4374 0.9424777960747344 -1.178097245097556 0
4375 0.9424777960748727 -1.099557428757766 0
4376 0.9424777960750108 -1.021017612418105 0
4377 0.9424777960751488 -0.9424777960784662 0
4378 0.9424777960752869 -0.8639379797388048 0
4379 0.9424777960754256 -0.7853981633991316 0
4380 0.9424777960755635 -0.7068583470594585 0
4381 0.9424777960757018 -0.6283185307197916 0
4382 0.9424777960758401 -0.5497787143801038 0
4383 0.942477796075978 -0.4712388980404368 0
4384 0.9424777960761161 -0.3926990817007634 0
4385 0.9424777960762545 -0.3141592653610903 0
4386 0.9424777960763929 -0.2356194490214228 0
4387 0.9424777960765308 -0.1570796326817359 0
4388 0.942477796076669 -0.07853981634206852 0
4389 0.9424777960768076 -2.369437979155009e-12 0
4390 0.9424777960769455 0.07853981633738694 0
4391 0.9424777960770839 0.1570796326771736 0
4392 0.9424777960772218 0.2356194490170277 0
4393 0.94247779607736 0.314159265356815 0
4394 0.9424777960774985 0.3926990816965967 0
4395 0.9424777960776365 0.4712388980363799 0
4396 0.9424777960777749 0.5497787143761669 0
4397 0.9424777960779129 0.6283185307160211 0
4398 0.9424777960780512 0.7068583470558073 0
4399 0.9424777960781889 0.7853981633955904 0
4400 0.9424777960783277 0.8639379797353732 0
4401 0.9424777960784658 0.9424777960751489 0
4402 0.9424777960786038 1.021017612414913 0
4403 0.942477796078742 1.099557428754689 0
4404 0.9424777960788803 1.178097245094614 0
4405 0.9424777960790183 1.256637061434505 0
4406 0.9424777960791569 1.335176877774272 0
4407 0.9424777960792947 1.413716694114061 0
4408 0.9424777960794332 1.492256510453827 0
4409 0.9424777960795714 1.570796326793607 0
4410 0.9424777960797097 1.649336143133386 0
4411 0.9424777960798482 1.727875959473154 0
4412 0.9424777960799858 1.806415775812942 0
4413 0.9424777960801243 1.884955592152709 0
4414 0.9424777960802626 1.963495408492601 0
4415 0.9424777960804007 2.042035224832477 0
4416 0.9424777960805389 2.120575041172278 0
4417 0.9424777960806767 2.199114857512066 0
4418 0.9424777960808153 2.2776546738518 0
4419 0.9424777960809534 2.356194490191593 0
4420 0.9424777960810918 2.434734306531407 0
4421 0.9424777960812298 2.513274122871183 0
4422 0.9424777960813682 2.59181393921097 0
4423 0.9424777960815061 2.670353755550783 0
4424 0.9424777960816439 2.748893571890679 0
4425 0.9424777960817825 2.827433388230573 0
4426 0.9424777960819211 2.905973204570385 0
4427 0.9424777960820592 2.984513020910198 0
4428 0.9424777960821973 3.063052837250011 0
4429 1.021017612411322 -3.063052837250125 0
4430 1.021017612411455 -2.984513020910399 0
4431 1.021017612411588 -2.905973204570674 0
4432 1.021017612411721 -2.827433388230949 0
4433 1.021017612411854 -2.748893571891221 0
4434 1.021017612411986 -2.670353755551494 0
4435 1.02101761241212 -2.591813939211769 0
4436 1.021017612412253 -2.513274122872089 0
4437 1.021017612412386 -2.434734306532432 0
4438 1.021017612412519 -2.356194490192705 0
4439 1.021017612412652 -2.277654673853015 0
4440 1.021017612412785 -2.199114857513439 0
4441 1.021017612412917 -2.120575041173759 0
4442 1.021017612413051 -2.042035224834055 0
4443 1.021017612413184 -1.963495408494364 0
4444 1.021017612413317 -1.884955592154642 0
4445 1.02101761241345 -1.806415775815002 0
4446 1.021017612413583 -1.727875959475323 0
4447 1.021017612413716 -1.649336143135683 0
4448 1.021017612413849 -1.570796326796021 0
4449 1.021017612413982 -1.492256510456358 0
4450 1.021017612414115 -1.413716694116719 0
4451 1.021017612414247 -1.335176877777039 0
4452 1.021017612414381 -1.2566370614374 0
4453 1.021017612414513 -1.178097245097678 0
4454 1.021017612414647 -1.099557428757894 0
4455 1.02101761241478 -1.021017612418238 0
4456 1.021017612414913 -0.9424777960786037 0
4457 1.021017612415045 -0.8639379797389477 0
4458 1.021017612415178 -0.7853981633992788 0
4459 1.021017612415311 -0.7068583470596109 0
4460 1.021017612415444 -0.6283185307199484 0
4461 1.021017612415578 -0.5497787143802677 0
4462 1.02101761241571 -0.4712388980406056 0
4463 1.021017612415843 -0.3926990817009371 0
4464 1.021017612415977 -0.3141592653612685 0
4465 1.02101761241611 -0.2356194490216062 0
4466 1.021017612416242 -0.157079632681926 0
4467 1.021017612416375 -0.07853981634226381 0
4468 1.021017612416508 -2.566835632933362e-12 0
4469 1.021017612416641 0.07853981633719154 0
4470 1.021017612416774 0.1570796326769838 0
4471 1.021017612416907 0.2356194490168443 0
4472 1.021017612417041 0.3141592653566369 0
4473 1.021017612417174 0.3926990816964233 0
4474 1.021017612417306 0.4712388980362108 0
4475 1.021017612417439 0.5497787143760028 0
4476 1.021017612417573 0.6283185307158637 0
4477 1.021017612417706 0.7068583470556553 0
4478 1.021017612417838 0.7853981633954429 0
4479 1.021017612417972 0.8639379797352301 0
4480 1.021017612418104 0.9424777960750107 0
4481 1.021017612418237 1.02101761241478 0
4482 1.02101761241837 1.09955742875456 0
4483 1.021017612418504 1.178097245094491 0
4484 1.021017612418636 1.256637061434389 0
4485 1.021017612418769 1.335176877774162 0
4486 1.021017612418902 1.413716694113955 0
4487 1.021017612419036 1.492256510453726 0
4488 1.021017612419169 1.57079632679351 0
4489 1.021017612419301 1.649336143133295 0
4490 1.021017612419435 1.727875959473068 0
4491 1.021017612419568 1.806415775812859 0
4492 1.0210176124197 1.884955592152632 0
4493 1.021017612419833 1.96349540849253 0
4494 1.021017612419967 2.042035224832414 0
4495 1.021017612420099 2.12057504117222 0
4496 1.021017612420232 2.199114857512011 0
4497 1.021017612420365 2.27765467385175 0
4498 1.021017612420498 2.356194490191549 0
4499 1.021017612420631 2.434734306531365 0
4500 1.021017612420764 2.513274122871147 0
4501 1.021017612420897 2.591813939210938 0
4502 1.021017612421031 2.670353755550755 0
4503 1.021017612421163 2.748893571890657 0
4504 1.021017612421297 2.827433388230558 0
4505 1.02101761242143 2.905973204570374 0
4506 1.021017612421562 2.98451302091019 0
4507 1.021017612421695 3.063052837250007 0
4508 1.099557428751227 -3.06305283725013 0
4509 1.099557428751355 -2.984513020910408 0
4510 1.099557428751483 -2.905973204570684 0
4511 1.099557428751612 -2.827433388230963 0
4512 1.09955742875174 -2.748893571891243 0
4513 1.099557428751868 -2.670353755551522 0
4514 1.099557428751996 -2.591813939211801 0
4515 1.099557428752124 -2.513274122872125 0
4516 1.099557428752253 -2.434734306532473 0
4517 1.099557428752381 -2.35619449019275 0
4518 1.099557428752509 -2.277654673853064 0
4519 1.099557428752637 -2.199114857513493 0
4520 1.099557428752766 -2.120575041173818 0
4521 1.099557428752894 -2.042035224834119 0
4522 1.099557428753022 -1.963495408494434 0
4523 1.09955742875315 -1.88495559215472 0
4524 1.099557428753278 -1.806415775815085 0
4525 1.099557428753406 -1.727875959475409 0
4526 1.099557428753535 -1.649336143135775 0
4527 1.099557428753663 -1.570796326796117 0
4528 1.099557428753791 -1.49225651045646 0
4529 1.099557428753919 -1.413716694116825 0
4530 1.099557428754048 -1.335176877777149 0
4531 1.099557428754176 -1.256637061437515 0
4532 1.099557428754304 -1.178097245097801 0
4533 1.099557428754432 -1.099557428758022 0
4534 1.09955742875456 -1.021017612418371 0
4535 1.099557428754689 -0.9424777960787425 0
4536 1.099557428754817 -0.8639379797390909 0
4537 1.099557428754945 -0.7853981633994263 0
4538 1.099557428755074 -0.7068583470597625 0
4539 1.099557428755202 -0.6283185307201056 0
4540 1.09955742875533 -0.5497787143804322 0
4541 1.099557428755458 -0.4712388980407748 0
4542 1.099557428755586 -0.3926990817011102 0
4543 1.099557428755715 -0.3141592653614469 0
4544 1.099557428755843 -0.2356194490217893 0
4545 1.099557428755972 -0.1570796326821161 0
4546 1.099557428756099 -0.07853981634245844 0
4547 1.099557428756227 -2.764233286711715e-12 0
4548 1.099557428756356 0.07853981633699625 0
4549 1.099557428756484 0.1570796326767936 0
4550 1.099557428756612 0.2356194490166614 0
4551 1.099557428756741 0.3141592653564586 0
4552 1.099557428756869 0.3926990816962496 0
4553 1.099557428756996 0.4712388980360414 0
4554 1.099557428757125 0.5497787143758389 0
4555 1.099557428757253 0.6283185307157065 0
4556 1.099557428757381 0.7068583470555033 0
4557 1.09955742875751 0.785398163395295 0
4558 1.099557428757638 0.8639379797350871 0
4559 1.099557428757766 0.9424777960748724 0
4560 1.099557428757894 1.021017612414647 0
4561 1.099557428758022 1.099557428754432 0
4562 1.099557428758151 1.178097245094368 0
4563 1.099557428758279 1.256637061434274 0
4564 1.099557428758407 1.335176877774051 0
4565 1.099557428758536 1.413716694113848 0
4566 1.099557428758663 1.492256510453625 0
4567 1.099557428758792 1.570796326793414 0
4568 1.09955742875892 1.649336143133203 0
4569 1.099557428759048 1.727875959472981 0
4570 1.099557428759176 1.806415775812776 0
4571 1.099557428759305 1.884955592152555 0
4572 1.099557428759433 1.96349540849246 0
4573 1.099557428759562 2.042035224832351 0
4574 1.099557428759689 2.12057504117216 0
4575 1.099557428759818 2.199114857511956 0
4576 1.099557428759946 2.277654673851703 0
4577 1.099557428760074 2.356194490191505 0
4578 1.099557428760202 2.434734306531324 0
4579 1.099557428760331 2.513274122871111 0
4580 1.099557428760459 2.591813939210907 0
4581 1.099557428760587 2.670353755550726 0
4582 1.099557428760715 2.748893571890635 0
4583 1.099557428760843 2.827433388230542 0
4584 1.099557428760972 2.905973204570362 0
4585 1.0995574287611 2.984513020910183 0
4586 1.099557428761228 3.063052837250002 0
4587 1.178097245091304 -3.063052837250134 0
4588 1.178097245091426 -2.984513020910415 0
4589 1.178097245091549 -2.905973204570696 0
4590 1.178097245091671 -2.827433388230978 0
4591 1.178097245091794 -2.748893571891264 0
4592 1.178097245091916 -2.670353755551551 0
4593 1.178097245092039 -2.591813939211833 0
4594 1.178097245092162 -2.513274122872161 0
4595 1.178097245092284 -2.434734306532514 0
4596 1.178097245092407 -2.356194490192795 0
4597 1.17809724509253 -2.277654673853112 0
4598 1.178097245092652 -2.199114857513549 0
4599 1.178097245092775 -2.120575041173876 0
4600 1.178097245092897 -2.042035224834183 0
4601 1.17809724509302 -1.963495408494504 0
4602 1.178097245093143 -1.884955592154797 0
4603 1.178097245093265 -1.806415775815167 0
4604 1.178097245093387 -1.727875959475496 0
4605 1.17809724509351 -1.649336143135867 0
4606 1.178097245093633 -1.570796326796214 0
4607 1.178097245093756 -1.49225651045656 0
4608 1.178097245093878 -1.413716694116931 0
4609 1.178097245094001 -1.33517687777726 0
4610 1.178097245094123 -1.256637061437631 0
4611 1.178097245094246 -1.178097245097924 0
4612 1.178097245094369 -1.09955742875815 0
4613 1.178097245094491 -1.021017612418504 0
4614 1.178097245094613 -0.9424777960788799 0
4615 1.178097245094736 -0.8639379797392338 0
4616 1.178097245094859 -0.7853981633995741 0
4617 1.178097245094981 -0.7068583470599148 0
4618 1.178097245095104 -0.6283185307202621 0
4619 1.178097245095227 -0.5497787143805959 0
4620 1.178097245095349 -0.4712388980409435 0
4621 1.178097245095472 -0.3926990817012844 0
4622 1.178097245095594 -0.3141592653616247 0
4623 1.178097245095717 -0.2356194490219724 0
4624 1.17809724509584 -0.157079632682306 0
4625 1.178097245095962 -0.07853981634265361 0
4626 1.178097245096084 -2.96174196279253e-12 0
4627 1.178097245096207 0.0785398163368014 0
4628 1.178097245096329 0.1570796326766035 0
4629 1.178097245096452 0.2356194490164781 0
4630 1.178097245096575 0.3141592653562804 0
4631 1.178097245096698 0.392699081696076 0
4632 1.17809724509682 0.4712388980358729 0
4633 1.178097245096942 0.5497787143756747 0
4634 1.178097245097065 0.6283185307155497 0
4635 1.178097245097188 0.7068583470553514 0
4636 1.178097245097311 0.7853981633951477 0
4637 1.178097245097433 0.8639379797349444 0
4638 1.178097245097556 0.9424777960747345 0
4639 1.178097245097678 1.021017612414514 0
4640 1.178097245097801 1.099557428754304 0
4641 1.178097245097923 1.178097245094246 0
4642 1.178097245098046 1.256637061434157 0
4643 1.178097245098168 1.33517687777394 0
4644 1.178097245098291 1.413716694113742 0
4645 1.178097245098414 1.492256510453524 0
4646 1.178097245098536 1.570796326793317 0
4647 1.178097245098659 1.649336143133111 0
4648 1.178097245098781 1.727875959472893 0
4649 1.178097245098904 1.806415775812694 0
4650 1.178097245099026 1.884955592152477 0
4651 1.178097245099149 1.963495408492389 0
4652 1.178097245099271 2.042035224832288 0
4653 1.178097245099394 2.1205750411721 0
4654 1.178097245099517 2.199114857511901 0
4655 1.178097245099639 2.277654673851653 0
4656 1.178097245099762 2.35619449019146 0
4657 1.178097245099884 2.434734306531283 0
4658 1.178097245100007 2.513274122871075 0
4659 1.178097245100129 2.591813939210875 0
4660 1.178097245100252 2.670353755550698 0
4661 1.178097245100375 2.748893571890613 0
4662 1.178097245100497 2.827433388230528 0
4663 1.17809724510062 2.905973204570351 0
4664 1.178097245100743 2.984513020910174 0
4665 1.178097245100865 3.063052837249997 0
4666 1.25663706143138 -3.063052837250139 0
4667 1.256637061431495 -2.984513020910424 0
4668 1.256637061431611 -2.905973204570707 0
4669 1.256637061431727 -2.827433388230993 0
4670 1.256637061431843 -2.748893571891286 0
4671 1.256637061431958 -2.670353755551579 0
4672 1.256637061432074 -2.591813939211864 0
4673 1.25663706143219 -2.513274122872198 0
4674 1.256637061432306 -2.434734306532555 0
4675 1.256637061432422 -2.356194490192839 0
4676 1.256637061432537 -2.277654673853161 0
4677 1.256637061432653 -2.199114857513604 0
4678 1.256637061432769 -2.120575041173936 0
4679 1.256637061432885 -2.042035224834246 0
4680 1.256637061433 -1.963495408494575 0
4681 1.256637061433116 -1.884955592154875 0
4682 1.256637061433232 -1.80641577581525 0
4683 1.256637061433348 -1.727875959475583 0
4684 1.256637061433463 -1.649336143135959 0
4685 1.256637061433579 -1.57079632679631 0
4686 1.256637061433695 -1.492256510456662 0
4687 1.25663706143381 -1.413716694117038 0
4688 1.256637061433926 -1.33517687777737 0
4689 1.256637061434042 -1.256637061437746 0
4690 1.256637061434158 -1.178097245098046 0
4691 1.256637061434274 -1.099557428758279 0
4692 1.256637061434389 -1.021017612418637 0
4693 1.256637061434505 -0.9424777960790187 0
4694 1.256637061434621 -0.8639379797393765 0
4695 1.256637061434736 -0.7853981633997217 0
4696 1.256637061434853 -0.7068583470600671 0
4697 1.256637061434968 -0.6283185307204198 0
4698 1.256637061435084 -0.5497787143807603 0
4699 1.2566370614352 -0.4712388980411128 0
4700 1.256637061435316 -0.3926990817014576 0
4701 1.256637061435431 -0.3141592653618031 0
4702 1.256637061435546 -0.2356194490221554 0
4703 1.256637061435663 -0.1570796326824964 0
4704 1.256637061435778 -0.07853981634284884 0
4705 1.256637061435894 -3.159306150024577e-12 0
4706 1.25663706143601 0.07853981633660634 0
4707 1.256637061436126 0.1570796326764133 0
4708 1.256637061436241 0.2356194490162949 0
4709 1.256637061436357 0.3141592653561019 0
4710 1.256637061436473 0.3926990816959023 0
4711 1.256637061436589 0.4712388980357038 0
4712 1.256637061436705 0.5497787143755106 0
4713 1.25663706143682 0.6283185307153926 0
4714 1.256637061436936 0.7068583470551991 0
4715 1.256637061437051 0.785398163395 0
4716 1.256637061437167 0.8639379797348011 0
4717 1.256637061437283 0.942477796074596 0
4718 1.256637061437399 1.021017612414381 0
4719 1.256637061437515 1.099557428754176 0
4720 1.25663706143763 1.178097245094123 0
4721 1.256637061437746 1.256637061434042 0
4722 1.256637061437862 1.33517687777383 0
4723 1.256637061437978 1.413716694113636 0
4724 1.256637061438093 1.492256510453422 0
4725 1.256637061438209 1.570796326793221 0
4726 1.256637061438325 1.649336143133019 0
4727 1.256637061438441 1.727875959472807 0
4728 1.256637061438556 1.806415775812612 0
4729 1.256637061438672 1.8849555921524 0
4730 1.256637061438788 1.963495408492319 0
4731 1.256637061438904 2.042035224832224 0
4732 1.256637061439019 2.120575041172041 0
4733 1.256637061439135 2.199114857511847 0
4734 1.256637061439251 2.277654673851605 0
4735 1.256637061439366 2.356194490191415 0
4736 1.256637061439483 2.434734306531242 0
4737 1.256637061439598 2.513274122871039 0
4738 1.256637061439714 2.591813939210843 0
4739 1.25663706143983 2.67035375555067 0
4740 1.256637061439946 2.748893571890592 0
4741 1.256637061440061 2.827433388230514 0
4742 1.256637061440177 2.90597320457034 0
4743 1.256637061440293 2.984513020910167 0
4744 1.256637061440408 3.063052837249993 0
4745 1.335176877771285 -3.063052837250143 0
4746 1.335176877771395 -2.984513020910432 0
4747 1.335176877771507 -2.90597320457072 0
4748 1.335176877771617 -2.827433388231007 0
4749 1.335176877771727 -2.748893571891307 0
4750 1.335176877771838 -2.670353755551607 0
4751 1.335176877771949 -2.591813939211896 0
4752 1.33517687777206 -2.513274122872234 0
4753 1.33517687777217 -2.434734306532596 0
4754 1.335176877772281 -2.356194490192884 0
4755 1.335176877772392 -2.27765467385321 0
4756 1.335176877772502 -2.199114857513659 0
4757 1.335176877772613 -2.120575041173996 0
4758 1.335176877772724 -2.042035224834309 0
4759 1.335176877772835 -1.963495408494646 0
4760 1.335176877772945 -1.884955592154952 0
4761 1.335176877773055 -1.806415775815331 0
4762 1.335176877773166 -1.727875959475671 0
4763 1.335176877773276 -1.649336143136051 0
4764 1.335176877773387 -1.570796326796407 0
4765 1.335176877773498 -1.492256510456763 0
4766 1.335176877773609 -1.413716694117144 0
4767 1.335176877773719 -1.335176877777481 0
4768 1.33517687777383 -1.256637061437862 0
4769 1.335176877773941 -1.178097245098169 0
4770 1.335176877774051 -1.099557428758407 0
4771 1.335176877774161 -1.02101761241877 0
4772 1.335176877774272 -0.9424777960791572 0
4773 1.335176877774383 -0.8639379797395192 0
4774 1.335176877774494 -0.785398163399869 0
4775 1.335176877774604 -0.706858347060219 0
4776 1.335176877774715 -0.6283185307205765 0
4777 1.335176877774825 -0.5497787143809243 0
4778 1.335176877774937 -0.4712388980412819 0
4779 1.335176877775047 -0.3926990817016313 0
4780 1.335176877775157 -0.3141592653619809 0
4781 1.335176877775269 -0.2356194490223386 0
4782 1.335176877775379 -0.1570796326826866 0
4783 1.335176877775489 -0.07853981634304386 0
4784 1.3351768777756 -3.35670380380293e-12 0
4785 1.335176877775711 0.07853981633641144 0
4786 1.335176877775822 0.1570796326762234 0
4787 1.335176877775932 0.235619449016112 0
4788 1.335176877776043 0.3141592653559242 0
4789 1.335176877776153 0.392699081695729 0
4790 1.335176877776264 0.4712388980355348 0
4791 1.335176877776375 0.5497787143753468 0
4792 1.335176877776486 0.6283185307152355 0
4793 1.335176877776596 0.706858347055047 0
4794 1.335176877776707 0.7853981633948528 0
4795 1.335176877776817 0.8639379797346584 0
4796 1.335176877776928 0.9424777960744581 0
4797 1.335176877777038 1.021017612414247 0
4798 1.33517687777715 1.099557428754048 0
4799 1.33517687777726 1.178097245094001 0
4800 1.33517687777737 1.256637061433926 0
4801 1.335176877777481 1.335176877773719 0
4802 1.335176877777592 1.413716694113529 0
4803 1.335176877777702 1.492256510453321 0
4804 1.335176877777813 1.570796326793124 0
4805 1.335176877777924 1.649336143132927 0
4806 1.335176877778034 1.72787595947272 0
4807 1.335176877778145 1.80641577581253 0
4808 1.335176877778256 1.884955592152322 0
4809 1.335176877778366 1.963495408492248 0
4810 1.335176877778477 2.042035224832161 0
4811 1.335176877778588 2.120575041171982 0
4812 1.335176877778698 2.199114857511792 0
4813 1.335176877778809 2.277654673851556 0
4814 1.33517687777892 2.356194490191371 0
4815 1.33517687777903 2.434734306531201 0
4816 1.335176877779141 2.513274122871002 0
4817 1.335176877779251 2.591813939210811 0
4818 1.335176877779362 2.670353755550641 0
4819 1.335176877779473 2.74889357189057 0
4820 1.335176877779584 2.827433388230498 0
4821 1.335176877779694 2.905973204570328 0
4822 1.335176877779805 2.984513020910158 0
4823 1.335176877779915 3.063052837249988 0
4824 1.41371669411119 -3.063052837250147 0
4825 1.413716694111296 -2.98451302091044 0
4826 1.413716694111403 -2.90597320457073 0
4827 1.413716694111509 -2.827433388231023 0
4828 1.413716694111616 -2.74889357189133 0
4829 1.413716694111722 -2.670353755551637 0
4830 1.413716694111829 -2.591813939211928 0
4831 1.413716694111934 -2.513274122872269 0
4832 1.413716694112041 -2.434734306532637 0
4833 1.413716694112147 -2.356194490192927 0
4834 1.413716694112253 -2.277654673853258 0
4835 1.41371669411236 -2.199114857513714 0
4836 1.413716694112466 -2.120575041174054 0
4837 1.413716694112573 -2.042035224834371 0
4838 1.413716694112679 -1.963495408494716 0
4839 1.413716694112785 -1.884955592155029 0
4840 1.413716694112892 -1.806415775815414 0
4841 1.413716694112997 -1.727875959475758 0
4842 1.413716694113103 -1.649336143136143 0
4843 1.41371669411321 -1.570796326796503 0
4844 1.413716694113316 -1.492256510456864 0
4845 1.413716694113423 -1.41371669411725 0
4846 1.413716694113529 -1.335176877777592 0
4847 1.413716694113635 -1.256637061437978 0
4848 1.413716694113742 -1.178097245098291 0
4849 1.413716694113848 -1.099557428758535 0
4850 1.413716694113954 -1.021017612418903 0
4851 1.413716694114061 -0.9424777960792943 0
4852 1.413716694114167 -0.8639379797396622 0
4853 1.413716694114273 -0.7853981634000169 0
4854 1.41371669411438 -0.7068583470603711 0
4855 1.413716694114486 -0.6283185307207337 0
4856 1.413716694114592 -0.5497787143810886 0
4857 1.413716694114699 -0.4712388980414501 0
4858 1.413716694114804 -0.3926990817018048 0
4859 1.413716694114911 -0.3141592653621592 0
4860 1.413716694115017 -0.235619449022522 0
4861 1.413716694115124 -0.1570796326828763 0
4862 1.413716694115231 -0.07853981634323909 0
4863 1.413716694115337 -3.553934924127589e-12 0
4864 1.413716694115443 0.07853981633621621 0
4865 1.413716694115549 0.1570796326760333 0
4866 1.413716694115656 0.235619449015929 0
4867 1.413716694115762 0.3141592653557458 0
4868 1.413716694115868 0.392699081695555 0
4869 1.413716694115975 0.4712388980353657 0
4870 1.413716694116081 0.5497787143751827 0
4871 1.413716694116187 0.6283185307150779 0
4872 1.413716694116293 0.7068583470548946 0
4873 1.4137166941164 0.7853981633947049 0
4874 1.413716694116506 0.8639379797345155 0
4875 1.413716694116612 0.9424777960743195 0
4876 1.413716694116718 1.021017612414115 0
4877 1.413716694116825 1.09955742875392 0
4878 1.413716694116931 1.178097245093878 0
4879 1.413716694117038 1.256637061433811 0
4880 1.413716694117144 1.335176877773609 0
4881 1.41371669411725 1.413716694113423 0
4882 1.413716694117356 1.49225651045322 0
4883 1.413716694117463 1.570796326793027 0
4884 1.413716694117569 1.649336143132835 0
4885 1.413716694117675 1.727875959472633 0
4886 1.413716694117782 1.806415775812447 0
4887 1.413716694117888 1.884955592152245 0
4888 1.413716694117994 1.963495408492177 0
4889 1.413716694118101 2.042035224832098 0
4890 1.413716694118207 2.120575041171922 0
4891 1.413716694118313 2.199114857511737 0
4892 1.41371669411842 2.277654673851508 0
4893 1.413716694118526 2.356194490191327 0
4894 1.413716694118632 2.43473430653116 0
4895 1.413716694118738 2.513274122870966 0
4896 1.413716694118845 2.59181393921078 0
4897 1.413716694118951 2.670353755550613 0
4898 1.413716694119057 2.748893571890549 0
4899 1.413716694119163 2.827433388230483 0
4900 1.41371669411927 2.905973204570316 0
4901 1.413716694119376 2.98451302091015 0
4902 1.413716694119482 3.063052837249984 0
4903 1.492256510451095 -3.063052837250152 0
4904 1.492256510451196 -2.984513020910448 0
4905 1.492256510451297 -2.905973204570742 0
4906 1.492256510451398 -2.827433388231038 0
4907 1.4922565104515 -2.748893571891351 0
4908 1.492256510451601 -2.670353755551665 0
4909 1.492256510451702 -2.59181393921196 0
4910 1.492256510451803 -2.513274122872307 0
4911 1.492256510451904 -2.434734306532678 0
4912 1.492256510452005 -2.356194490192971 0
4913 1.492256510452107 -2.277654673853307 0
4914 1.492256510452207 -2.199114857513768 0
4915 1.492256510452309 -2.120575041174114 0
4916 1.49225651045241 -2.042035224834436 0
4917 1.492256510452512 -1.963495408494786 0
4918 1.492256510452613 -1.884955592155107 0
4919 1.492256510452715 -1.806415775815497 0
4920 1.492256510452815 -1.727875959475843 0
4921 1.492256510452917 -1.649336143136234 0
4922 1.492256510453018 -1.5707963267966 0
4923 1.49225651045312 -1.492256510456965 0
4924 1.49225651045322 -1.413716694117356 0
4925 1.492256510453322 -1.335176877777703 0
4926 1.492256510453422 -1.256637061438094 0
4927 1.492256510453524 -1.178097245098414 0
4928 1.492256510453625 -1.099557428758664 0
4929 1.492256510453726 -1.021017612419035 0
4930 1.492256510453827 -0.9424777960794328 0
4931 1.492256510453929 -0.8639379797398055 0
4932 1.49225651045403 -0.7853981634001644 0
4933 1.492256510454131 -0.7068583470605228 0
4934 1.492256510454232 -0.6283185307208909 0
4935 1.492256510454334 -0.5497787143812523 0
4936 1.492256510454435 -0.4712388980416199 0
4937 1.492256510454536 -0.3926990817019784 0
4938 1.492256510454637 -0.3141592653623371 0
4939 1.492256510454738 -0.2356194490227049 0
4940 1.49225651045484 -0.1570796326830662 0
4941 1.492256510454941 -0.07853981634343388 0
4942 1.492256510455042 -3.75172115596456e-12 0
4943 1.492256510455144 0.07853981633602114 0
4944 1.492256510455244 0.1570796326758432 0
4945 1.492256510455345 0.2356194490157456 0
4946 1.492256510455447 0.3141592653555678 0
4947 1.492256510455548 0.3926990816953816 0
4948 1.492256510455649 0.4712388980351968 0
4949 1.49225651045575 0.5497787143750186 0
4950 1.492256510455852 0.6283185307149212 0
4951 1.492256510455953 0.7068583470547429 0
4952 1.492256510456054 0.7853981633945577 0
4953 1.492256510456156 0.8639379797343725 0
4954 1.492256510456257 0.9424777960741817 0
4955 1.492256510456358 1.021017612413982 0
4956 1.492256510456459 1.099557428753791 0
4957 1.492256510456561 1.178097245093755 0
4958 1.492256510456661 1.256637061433695 0
4959 1.492256510456762 1.335176877773498 0
4960 1.492256510456864 1.413716694113317 0
4961 1.492256510456965 1.492256510453119 0
4962 1.492256510457066 1.570796326792931 0
4963 1.492256510457167 1.649336143132743 0
4964 1.492256510457268 1.727875959472546 0
4965 1.49225651045737 1.806415775812364 0
4966 1.492256510457471 1.884955592152168 0
4967 1.492256510457572 1.963495408492107 0
4968 1.492256510457674 2.042035224832035 0
4969 1.492256510457775 2.120575041171864 0
4970 1.492256510457876 2.199114857511681 0
4971 1.492256510457977 2.277654673851459 0
4972 1.492256510458078 2.356194490191283 0
4973 1.49225651045818 2.434734306531119 0
4974 1.492256510458281 2.513274122870929 0
4975 1.492256510458382 2.591813939210748 0
4976 1.492256510458483 2.670353755550584 0
4977 1.492256510458584 2.748893571890527 0
4978 1.492256510458686 2.827433388230468 0
4979 1.492256510458787 2.905973204570305 0
4980 1.492256510458888 2.984513020910142 0
4981 1.492256510458989 3.063052837249979 0
4982 1.570796326791 -3.063052837250156 0
4983 1.570796326791096 -2.984513020910456 0
4984 1.570796326791193 -2.905973204570754 0
4985 1.570796326791289 -2.827433388231052 0
4986 1.570796326791386 -2.748893571891373 0
4987 1.570796326791483 -2.670353755551694 0
4988 1.570796326791579 -2.591813939211992 0
4989 1.570796326791676 -2.513274122872343 0
4990 1.570796326791772 -2.43473430653272 0
4991 1.570796326791868 -2.356194490193017 0
4992 1.570796326791965 -2.277654673853355 0
4993 1.570796326792061 -2.199114857513822 0
4994 1.570796326792158 -2.120575041174173 0
4995 1.570796326792255 -2.042035224834497 0
4996 1.570796326792352 -1.963495408494858 0
4997 1.570796326792448 -1.884955592155184 0
4998 1.570796326792545 -1.80641577581558 0
4999 1.570796326792641 -1.727875959475931 0
5000 1.570796326792737 -1.649336143136327 0
5001 1.570796326792834 -1.570796326796696 0
5002 1.57079632679293 -1.492256510457066 0
5003 1.570796326793027 -1.413716694117463 0
5004 1.570796326793124 -1.335176877777814 0
5005 1.57079632679322 -1.256637061438209 0
5006 1.570796326793317 -1.178097245098536 0
5007 1.570796326793413 -1.099557428758792 0
5008 1.57079632679351 -1.021017612419169 0
5009 1.570796326793606 -0.9424777960795714 0
5010 1.570796326793703 -0.8639379797399485 0
5011 1.570796326793799 -0.7853981634003118 0
5012 1.570796326793896 -0.7068583470606752 0
5013 1.570796326793993 -0.6283185307210476 0
5014 1.570796326794089 -0.5497787143814166 0
5015 1.570796326794186 -0.4712388980417888 0
5016 1.570796326794283 -0.3926990817021518 0
5017 1.570796326794379 -0.3141592653625158 0
5018 1.570796326794475 -0.2356194490228881 0
5019 1.570796326794572 -0.1570796326832565 0
5020 1.570796326794669 -0.07853981634362905 0
5021 1.570796326794765 -3.948952276289219e-12 0
5022 1.570796326794861 0.07853981633582585 0
5023 1.570796326794958 0.1570796326756532 0
5024 1.570796326795054 0.2356194490155625 0
5025 1.570796326795151 0.3141592653553898 0
5026 1.570796326795248 0.392699081695208 0
5027 1.570796326795344 0.4712388980350279 0
5028 1.570796326795441 0.5497787143748545 0
5029 1.570796326795538 0.6283185307147643 0
5030 1.570796326795634 0.7068583470545905 0
5031 1.57079632679573 0.7853981633944098 0
5032 1.570796326795827 0.8639379797342293 0
5033 1.570796326795924 0.9424777960740436 0
5034 1.570796326796021 1.021017612413849 0
5035 1.570796326796117 1.099557428753663 0
5036 1.570796326796214 1.178097245093633 0
5037 1.57079632679631 1.256637061433579 0
5038 1.570796326796406 1.335176877773387 0
5039 1.570796326796503 1.41371669411321 0
5040 1.5707963267966 1.492256510453018 0
5041 1.570796326796696 1.570796326792834 0
5042 1.570796326796793 1.649336143132652 0
5043 1.57079632679689 1.72787595947246 0
5044 1.570796326796986 1.806415775812282 0
5045 1.570796326797082 1.88495559215209 0
5046 1.570796326797179 1.963495408492037 0
5047 1.570796326797275 2.042035224831972 0
5048 1.570796326797372 2.120575041171803 0
5049 1.570796326797469 2.199114857511626 0
5050 1.570796326797566 2.277654673851411 0
5051 1.570796326797662 2.356194490191238 0
5052 1.570796326797758 2.434734306531078 0
5053 1.570796326797855 2.513274122870894 0
5054 1.570796326797951 2.591813939210716 0
5055 1.570796326798048 2.670353755550556 0
5056 1.570796326798144 2.748893571890505 0
5057 1.570796326798241 2.827433388230454 0
5058 1.570796326798338 2.905973204570294 0
5059 1.570796326798434 2.984513020910134 0
5060 1.570796326798531 3.063052837249974 0
5061 1.649336143130906 -3.063052837250162 0
5062 1.649336143130998 -2.984513020910463 0
5063 1.649336143131089 -2.905973204570766 0
5064 1.649336143131181 -2.827433388231067 0
5065 1.649336143131273 -2.748893571891394 0
5066 1.649336143131365 -2.670353755551722 0
5067 1.649336143131457 -2.591813939212024 0
5068 1.649336143131549 -2.513274122872379 0
5069 1.64933614313164 -2.43473430653276 0
5070 1.649336143131732 -2.356194490193061 0
5071 1.649336143131825 -2.277654673853405 0
5072 1.649336143131916 -2.199114857513877 0
5073 1.649336143132008 -2.120575041174232 0
5074 1.6493361431321 -2.042035224834561 0
5075 1.649336143132193 -1.963495408494928 0
5076 1.649336143132284 -1.884955592155261 0
5077 1.649336143132376 -1.806415775815662 0
5078 1.649336143132467 -1.727875959476017 0
5079 1.649336143132559 -1.649336143136418 0
5080 1.649336143132651 -1.570796326796793 0
5081 1.649336143132743 -1.492256510457167 0
5082 1.649336143132835 -1.413716694117569 0
5083 1.649336143132927 -1.335176877777924 0
5084 1.649336143133019 -1.256637061438325 0
5085 1.649336143133111 -1.178097245098659 0
5086 1.649336143133203 -1.099557428758919 0
5087 1.649336143133294 -1.021017612419302 0
5088 1.649336143133387 -0.9424777960797091 0
5089 1.649336143133479 -0.863937979740091 0
5090 1.64933614313357 -0.7853981634004592 0
5091 1.649336143133662 -0.7068583470608274 0
5092 1.649336143133754 -0.6283185307212049 0
5093 1.649336143133846 -0.5497787143815804 0
5094 1.649336143133938 -0.4712388980419579 0
5095 1.64933614313403 -0.3926990817023256 0
5096 1.649336143134122 -0.3141592653626938 0
5097 1.649336143134213 -0.2356194490230711 0
5098 1.649336143134305 -0.157079632683447 0
5099 1.649336143134397 -0.07853981634382429 0
5100 1.64933614313449 -4.146516463521266e-12 0
5101 1.649336143134581 0.07853981633563101 0
5102 1.649336143134673 0.1570796326754629 0
5103 1.649336143134765 0.2356194490153795 0
5104 1.649336143134857 0.314159265355211 0
5105 1.649336143134949 0.3926990816950343 0
5106 1.64933614313504 0.4712388980348586 0
5107 1.649336143135133 0.5497787143746904 0
5108 1.649336143135224 0.628318530714607 0
5109 1.649336143135316 0.7068583470544386 0
5110 1.649336143135408 0.7853981633942624 0
5111 1.6493361431355 0.8639379797340863 0
5112 1.649336143135591 0.9424777960739049 0
5113 1.649336143135684 1.021017612413716 0
5114 1.649336143135776 1.099557428753535 0
5115 1.649336143135867 1.178097245093511 0
5116 1.649336143135959 1.256637061433463 0
5117 1.649336143136051 1.335176877773276 0
5118 1.649336143136143 1.413716694113104 0
5119 1.649336143136235 1.492256510452916 0
5120 1.649336143136327 1.570796326792738 0
5121 1.649336143136418 1.649336143132559 0
5122 1.649336143136511 1.727875959472373 0
5123 1.649336143136602 1.8064157758122 0
5124 1.649336143136694 1.884955592152013 0
5125 1.649336143136786 1.963495408491966 0
5126 1.649336143136878 2.042035224831909 0
5127 1.64933614313697 2.120575041171745 0
5128 1.649336143137062 2.199114857511571 0
5129 1.649336143137154 2.277654673851362 0
5130 1.649336143137246 2.356194490191194 0
5131 1.649336143137338 2.434734306531038 0
5132 1.649336143137429 2.513274122870857 0
5133 1.649336143137521 2.591813939210684 0
5134 1.649336143137613 2.670353755550527 0
5135 1.649336143137705 2.748893571890484 0
5136 1.649336143137797 2.827433388230438 0
5137 1.649336143137889 2.905973204570282 0
5138 1.649336143137981 2.984513020910126 0
5139 1.649336143138072 3.06305283724997 0
5140 1.727875959470811 -3.063052837250166 0
5141 1.727875959470898 -2.984513020910472 0
5142 1.727875959470984 -2.905973204570777 0
5143 1.727875959471072 -2.827433388231083 0
5144 1.727875959471159 -2.748893571891417 0
5145 1.727875959471246 -2.67035375555175 0
5146 1.727875959471332 -2.591813939212055 0
5147 1.727875959471419 -2.513274122872414 0
5148 1.727875959471506 -2.434734306532801 0
5149 1.727875959471592 -2.356194490193106 0
5150 1.727875959471679 -2.277654673853453 0
5151 1.727875959471766 -2.199114857513932 0
5152 1.727875959471852 -2.120575041174291 0
5153 1.727875959471939 -2.042035224834624 0
5154 1.727875959472025 -1.963495408494998 0
5155 1.727875959472112 -1.884955592155338 0
5156 1.7278759594722 -1.806415775815744 0
5157 1.727875959472286 -1.727875959476104 0
5158 1.727875959472372 -1.649336143136511 0
5159 1.72787595947246 -1.57079632679689 0
5160 1.727875959472547 -1.492256510457269 0
5161 1.727875959472633 -1.413716694117675 0
5162 1.727875959472721 -1.335176877778035 0
5163 1.727875959472806 -1.256637061438441 0
5164 1.727875959472894 -1.178097245098781 0
5165 1.72787595947298 -1.099557428759048 0
5166 1.727875959473067 -1.021017612419435 0
5167 1.727875959473154 -0.9424777960798482 0
5168 1.727875959473241 -0.8639379797402345 0
5169 1.727875959473328 -0.7853981634006069 0
5170 1.727875959473414 -0.7068583470609795 0
5171 1.727875959473501 -0.6283185307213621 0
5172 1.727875959473588 -0.5497787143817443 0
5173 1.727875959473675 -0.4712388980421271 0
5174 1.727875959473761 -0.3926990817024995 0
5175 1.727875959473848 -0.314159265362872 0
5176 1.727875959473935 -0.2356194490232543 0
5177 1.727875959474021 -0.1570796326836368 0
5178 1.727875959474108 -0.07853981634401913 0
5179 1.727875959474196 -4.343914117299619e-12 0
5180 1.727875959474282 0.07853981633543611 0
5181 1.727875959474369 0.1570796326752728 0
5182 1.727875959474456 0.2356194490151964 0
5183 1.727875959474542 0.3141592653550332 0
5184 1.727875959474629 0.3926990816948607 0
5185 1.727875959474716 0.4712388980346895 0
5186 1.727875959474803 0.5497787143745265 0
5187 1.727875959474889 0.62831853071445 0
5188 1.727875959474976 0.7068583470542866 0
5189 1.727875959475063 0.7853981633941149 0
5190 1.72787595947515 0.8639379797339436 0
5191 1.727875959475237 0.9424777960737672 0
5192 1.727875959475323 1.021017612413583 0
5193 1.72787595947541 1.099557428753406 0
5194 1.727875959475496 1.178097245093388 0
5195 1.727875959475584 1.256637061433348 0
5196 1.727875959475671 1.335176877773166 0
5197 1.727875959475757 1.413716694112998 0
5198 1.727875959475844 1.492256510452815 0
5199 1.727875959475931 1.570796326792641 0
5200 1.727875959476018 1.649336143132468 0
5201 1.727875959476104 1.727875959472286 0
5202 1.727875959476191 1.806415775812118 0
5203 1.727875959476278 1.884955592151936 0
5204 1.727875959476365 1.963495408491896 0
5205 1.727875959476451 2.042035224831845 0
5206 1.727875959476538 2.120575041171686 0
5207 1.727875959476625 2.199114857511517 0
5208 1.727875959476712 2.277654673851313 0
5209 1.727875959476799 2.356194490191149 0
5210 1.727875959476885 2.434734306530997 0
5211 1.727875959476972 2.513274122870821 0
5212 1.727875959477059 2.591813939210653 0
5213 1.727875959477145 2.670353755550499 0
5214 1.727875959477232 2.748893571890462 0
5215 1.727875959477319 2.827433388230424 0
5216 1.727875959477406 2.905973204570271 0
5217 1.727875959477493 2.984513020910118 0
5218 1.727875959477579 3.063052837249965 0
5219 1.806415775810715 -3.063052837250171 0
5220 1.806415775810798 -2.98451302091048 0
5221 1.80641577581088 -2.905973204570788 0
5222 1.806415775810963 -2.827433388231098 0
5223 1.806415775811045 -2.748893571891438 0
5224 1.806415775811128 -2.670353755551779 0
5225 1.80641577581121 -2.591813939212088 0
5226 1.806415775811293 -2.513274122872451 0
5227 1.806415775811375 -2.434734306532842 0
5228 1.806415775811458 -2.356194490193151 0
5229 1.806415775811541 -2.277654673853502 0
5230 1.806415775811623 -2.199114857513988 0
5231 1.806415775811705 -2.120575041174351 0
5232 1.806415775811787 -2.042035224834688 0
5233 1.80641577581187 -1.963495408495069 0
5234 1.806415775811952 -1.884955592155416 0
5235 1.806415775812034 -1.806415775815827 0
5236 1.806415775812117 -1.727875959476191 0
5237 1.8064157758122 -1.649336143136602 0
5238 1.806415775812282 -1.570796326796986 0
5239 1.806415775812364 -1.49225651045737 0
5240 1.806415775812447 -1.413716694117781 0
5241 1.806415775812529 -1.335176877778145 0
5242 1.806415775812612 -1.256637061438557 0
5243 1.806415775812694 -1.178097245098904 0
5244 1.806415775812776 -1.099557428759176 0
5245 1.806415775812859 -1.021017612419568 0
5246 1.806415775812941 -0.9424777960799854 0
5247 1.806415775813024 -0.8639379797403774 0
5248 1.806415775813107 -0.7853981634007546 0
5249 1.806415775813189 -0.7068583470611316 0
5250 1.806415775813271 -0.6283185307215189 0
5251 1.806415775813354 -0.5497787143819082 0
5252 1.806415775813436 -0.4712388980422959 0
5253 1.806415775813519 -0.3926990817026729 0
5254 1.806415775813601 -0.3141592653630501 0
5255 1.806415775813684 -0.2356194490234376 0
5256 1.806415775813766 -0.1570796326838267 0
5257 1.806415775813849 -0.07853981634421386 0
5258 1.806415775813931 -4.541533815682897e-12 0
5259 1.806415775814013 0.07853981633524115 0
5260 1.806415775814096 0.1570796326750827 0
5261 1.806415775814179 0.2356194490150131 0
5262 1.806415775814261 0.3141592653548553 0
5263 1.806415775814343 0.3926990816946875 0
5264 1.806415775814425 0.4712388980345206 0
5265 1.806415775814508 0.5497787143743624 0
5266 1.80641577581459 0.6283185307142928 0
5267 1.806415775814673 0.7068583470541345 0
5268 1.806415775814756 0.7853981633939677 0
5269 1.806415775814838 0.8639379797338006 0
5270 1.80641577581492 0.9424777960736288 0
5271 1.806415775815003 1.02101761241345 0
5272 1.806415775815085 1.099557428753278 0
5273 1.806415775815168 1.178097245093265 0
5274 1.80641577581525 1.256637061433232 0
5275 1.806415775815333 1.335176877773055 0
5276 1.806415775815415 1.413716694112891 0
5277 1.806415775815497 1.492256510452714 0
5278 1.806415775815579 1.570796326792544 0
5279 1.806415775815662 1.649336143132376 0
5280 1.806415775815744 1.7278759594722 0
5281 1.806415775815827 1.806415775812035 0
5282 1.80641577581591 1.884955592151858 0
5283 1.806415775815992 1.963495408491825 0
5284 1.806415775816074 2.042035224831783 0
5285 1.806415775816157 2.120575041171626 0
5286 1.80641577581624 2.199114857511462 0
5287 1.806415775816322 2.277654673851265 0
5288 1.806415775816404 2.356194490191105 0
5289 1.806415775816486 2.434734306530956 0
5290 1.806415775816569 2.513274122870785 0
5291 1.806415775816651 2.591813939210621 0
5292 1.806415775816734 2.670353755550471 0
5293 1.806415775816816 2.74889357189044 0
5294 1.806415775816899 2.827433388230408 0
5295 1.806415775816981 2.905973204570258 0
5296 1.806415775817064 2.98451302091011 0
5297 1.806415775817146 3.063052837249961 0
5298 1.884955592150621 -3.063052837250175 0
5299 1.884955592150698 -2.984513020910489 0
5300 1.884955592150776 -2.905973204570799 0
5301 1.884955592150853 -2.827433388231112 0
5302 1.88495559215093 -2.748893571891459 0
5303 1.884955592151008 -2.670353755551807 0
5304 1.884955592151085 -2.591813939212119 0
5305 1.884955592151162 -2.513274122872488 0
5306 1.88495559215124 -2.434734306532882 0
5307 1.884955592151317 -2.356194490193196 0
5308 1.884955592151394 -2.27765467385355 0
5309 1.884955592151472 -2.199114857514042 0
5310 1.88495559215155 -2.12057504117441 0
5311 1.884955592151626 -2.042035224834751 0
5312 1.884955592151704 -1.963495408495139 0
5313 1.884955592151781 -1.884955592155493 0
5314 1.884955592151858 -1.806415775815909 0
5315 1.884955592151936 -1.727875959476278 0
5316 1.884955592152013 -1.649336143136694 0
5317 1.88495559215209 -1.570796326797082 0
5318 1.884955592152167 -1.492256510457471 0
5319 1.884955592152245 -1.413716694117888 0
5320 1.884955592152322 -1.335176877778256 0
5321 1.884955592152399 -1.256637061438672 0
5322 1.884955592152477 -1.178097245099027 0
5323 1.884955592152554 -1.099557428759305 0
5324 1.884955592152632 -1.021017612419701 0
5325 1.884955592152709 -0.9424777960801244 0
5326 1.884955592152787 -0.8639379797405203 0
5327 1.884955592152864 -0.785398163400902 0
5328 1.884955592152942 -0.7068583470612834 0
5329 1.884955592153019 -0.6283185307216761 0
5330 1.884955592153096 -0.5497787143820725 0
5331 1.884955592153174 -0.4712388980424649 0
5332 1.884955592153251 -0.3926990817028467 0
5333 1.884955592153328 -0.3141592653632278 0
5334 1.884955592153405 -0.2356194490236209 0
5335 1.884955592153483 -0.157079632684017 0
5336 1.88495559215356 -0.07853981634440915 0
5337 1.884955592153637 -4.738931469461249e-12 0
5338 1.884955592153715 0.07853981633504559 0
5339 1.884955592153792 0.1570796326748923 0
5340 1.884955592153869 0.23561944901483 0
5341 1.884955592153946 0.3141592653546769 0
5342 1.884955592154023 0.3926990816945137 0
5343 1.884955592154101 0.4712388980343513 0
5344 1.884955592154179 0.5497787143741983 0
5345 1.884955592154256 0.6283185307141359 0
5346 1.884955592154333 0.7068583470539823 0
5347 1.88495559215441 0.7853981633938198 0
5348 1.884955592154488 0.8639379797336577 0
5349 1.884955592154565 0.9424777960734907 0
5350 1.884955592154643 1.021017612413317 0
5351 1.88495559215472 1.09955742875315 0
5352 1.884955592154797 1.178097245093143 0
5353 1.884955592154875 1.256637061433116 0
5354 1.884955592154952 1.335176877772944 0
5355 1.88495559215503 1.413716694112785 0
5356 1.884955592155107 1.492256510452613 0
5357 1.884955592155184 1.570796326792448 0
5358 1.884955592155261 1.649336143132284 0
5359 1.884955592155339 1.727875959472113 0
5360 1.884955592155416 1.806415775811952 0
5361 1.884955592155493 1.884955592151781 0
5362 1.884955592155571 1.963495408491754 0
5363 1.884955592155648 2.042035224831719 0
5364 1.884955592155726 2.120575041171567 0
5365 1.884955592155803 2.199114857511407 0
5366 1.88495559215588 2.277654673851215 0
5367 1.884955592155957 2.356194490191061 0
5368 1.884955592156035 2.434734306530915 0
5369 1.884955592156112 2.513274122870748 0
5370 1.884955592156189 2.591813939210589 0
5371 1.884955592156266 2.670353755550442 0
5372 1.884955592156344 2.748893571890418 0
5373 1.884955592156421 2.827433388230393 0
5374 1.884955592156499 2.905973204570248 0
5375 1.884955592156576 2.984513020910101 0
5376 1.884955592156654 3.063052837249956 0
5377 1.963495408490697 -3.063052837250179 0
5378 1.963495408490767 -2.984513020910496 0
5379 1.963495408490838 -2.905973204570811 0
5380 1.963495408490909 -2.827433388231128 0
5381 1.963495408490978 -2.748893571891481 0
5382 1.96349540849105 -2.670353755551836 0
5383 1.96349540849112 -2.591813939212151 0
5384 1.96349540849119 -2.513274122872523 0
5385 1.963495408491261 -2.434734306532924 0
5386 1.963495408491331 -2.356194490193239 0
5387 1.963495408491402 -2.277654673853599 0
5388 1.963495408491473 -2.199114857514098 0
5389 1.963495408491543 -2.120575041174469 0
5390 1.963495408491614 -2.042035224834813 0
5391 1.963495408491685 -1.963495408495209 0
5392 1.963495408491754 -1.884955592155571 0
5393 1.963495408491825 -1.806415775815992 0
5394 1.963495408491896 -1.727875959476364 0
5395 1.963495408491966 -1.649336143136786 0
5396 1.963495408492037 -1.570796326797179 0
5397 1.963495408492107 -1.492256510457572 0
5398 1.963495408492178 -1.413716694117994 0
5399 1.963495408492248 -1.335176877778367 0
5400 1.963495408492319 -1.256637061438789 0
5401 1.96349540849239 -1.17809724509915 0
5402 1.96349540849246 -1.099557428759433 0
5403 1.96349540849253 -1.021017612419834 0
5404 1.9634954084926 -0.9424777960802625 0
5405 1.963495408492672 -0.8639379797406632 0
5406 1.963495408492742 -0.7853981634010494 0
5407 1.963495408492812 -0.7068583470614358 0
5408 1.963495408492883 -0.6283185307218332 0
5409 1.963495408492954 -0.5497787143822368 0
5410 1.963495408493024 -0.4712388980426333 0
5411 1.963495408493094 -0.3926990817030198 0
5412 1.963495408493165 -0.3141592653634065 0
5413 1.963495408493236 -0.2356194490238036 0
5414 1.963495408493306 -0.1570796326842073 0
5415 1.963495408493377 -0.07853981634460461 0
5416 1.963495408493447 -4.936329123239602e-12 0
5417 1.963495408493517 0.07853981633485047 0
5418 1.963495408493588 0.1570796326747026 0
5419 1.963495408493658 0.2356194490146469 0
5420 1.963495408493729 0.3141592653544989 0
5421 1.9634954084938 0.3926990816943399 0
5422 1.96349540849387 0.4712388980341826 0
5423 1.96349540849394 0.549778714374034 0
5424 1.963495408494011 0.6283185307139787 0
5425 1.963495408494081 0.7068583470538301 0
5426 1.963495408494153 0.7853981633936725 0
5427 1.963495408494223 0.8639379797335145 0
5428 1.963495408494293 0.9424777960733526 0
5429 1.963495408494363 1.021017612413183 0
5430 1.963495408494434 1.099557428753022 0
5431 1.963495408494504 1.17809724509302 0
5432 1.963495408494575 1.256637061433 0
5433 1.963495408494646 1.335176877772834 0
5434 1.963495408494716 1.413716694112679 0
5435 1.963495408494787 1.492256510452512 0
5436 1.963495408494857 1.570796326792352 0
5437 1.963495408494928 1.649336143132192 0
5438 1.963495408494999 1.727875959472026 0
5439 1.963495408495069 1.80641577581187 0
5440 1.96349540849514 1.884955592151704 0
5441 1.96349540849521 1.963495408491684 0
5442 1.96349540849528 2.042035224831656 0
5443 1.963495408495352 2.120575041171508 0
5444 1.963495408495421 2.199114857511352 0
5445 1.963495408495492 2.277654673851167 0
5446 1.963495408495562 2.356194490191015 0
5447 1.963495408495633 2.434734306530874 0
5448 1.963495408495704 2.513274122870713 0
5449 1.963495408495774 2.591813939210557 0
5450 1.963495408495844 2.670353755550415 0
5451 1.963495408495915 2.748893571890396 0
5452 1.963495408495986 2.827433388230379 0
5453 1.963495408496056 2.905973204570236 0
5454 1.963495408496127 2.984513020910094 0
5455 1.963495408496197 3.063052837249952 0
5456 2.042035224830772 -3.063052837250184 0
5457 2.042035224830835 -2.984513020910505 0
5458 2.042035224830898 -2.905973204570823 0
5459 2.042035224830961 -2.827433388231142 0
5460 2.042035224831025 -2.748893571891503 0
5461 2.042035224831088 -2.670353755551864 0
5462 2.042035224831151 -2.591813939212183 0
5463 2.042035224831213 -2.513274122872559 0
5464 2.042035224831277 -2.434734306532965 0
5465 2.04203522483134 -2.356194490193285 0
5466 2.042035224831404 -2.277654673853647 0
5467 2.042035224831467 -2.199114857514153 0
5468 2.04203522483153 -2.120575041174529 0
5469 2.042035224831592 -2.042035224834877 0
5470 2.042035224831655 -1.96349540849528 0
5471 2.042035224831718 -1.884955592155647 0
5472 2.042035224831783 -1.806415775816074 0
5473 2.042035224831846 -1.727875959476451 0
5474 2.042035224831909 -1.649336143136877 0
5475 2.042035224831972 -1.570796326797276 0
5476 2.042035224832035 -1.492256510457674 0
5477 2.042035224832098 -1.413716694118101 0
5478 2.042035224832161 -1.335176877778478 0
5479 2.042035224832223 -1.256637061438904 0
5480 2.042035224832287 -1.178097245099272 0
5481 2.042035224832351 -1.099557428759561 0
5482 2.042035224832413 -1.021017612419967 0
5483 2.042035224832477 -0.9424777960804005 0
5484 2.042035224832539 -0.8639379797408062 0
5485 2.042035224832603 -0.7853981634011973 0
5486 2.042035224832666 -0.7068583470615873 0
5487 2.042035224832729 -0.6283185307219905 0
5488 2.042035224832793 -0.5497787143824002 0
5489 2.042035224832855 -0.4712388980428029 0
5490 2.04203522483292 -0.3926990817031939 0
5491 2.042035224832982 -0.3141592653635842 0
5492 2.042035224833045 -0.2356194490239868 0
5493 2.042035224833108 -0.1570796326843975 0
5494 2.042035224833171 -0.07853981634479928 0
5495 2.042035224833235 -5.133726777017955e-12 0
5496 2.042035224833298 0.07853981633465584 0
5497 2.04203522483336 0.1570796326745121 0
5498 2.042035224833424 0.2356194490144637 0
5499 2.042035224833487 0.3141592653543204 0
5500 2.04203522483355 0.3926990816941667 0
5501 2.042035224833614 0.4712388980340136 0
5502 2.042035224833677 0.5497787143738704 0
5503 2.04203522483374 0.628318530713821 0
5504 2.042035224833803 0.7068583470536782 0
5505 2.042035224833866 0.785398163393525 0
5506 2.042035224833929 0.8639379797333719 0
5507 2.042035224833992 0.9424777960732144 0
5508 2.042035224834056 1.021017612413051 0
5509 2.042035224834119 1.099557428752894 0
5510 2.042035224834181 1.178097245092897 0
5511 2.042035224834245 1.256637061432885 0
5512 2.042035224834308 1.335176877772723 0
5513 2.042035224834371 1.413716694112573 0
5514 2.042035224834434 1.492256510452411 0
5515 2.042035224834498 1.570796326792255 0
5516 2.042035224834561 1.649336143132101 0
5517 2.042035224834624 1.727875959471939 0
5518 2.042035224834687 1.806415775811787 0
5519 2.04203522483475 1.884955592151627 0
5520 2.042035224834813 1.963495408491613 0
5521 2.042035224834876 2.042035224831593 0
5522 2.04203522483494 2.120575041171448 0
5523 2.042035224835002 2.199114857511297 0
5524 2.042035224835065 2.277654673851119 0
5525 2.042035224835129 2.35619449019097 0
5526 2.042035224835192 2.434734306530832 0
5527 2.042035224835255 2.513274122870676 0
5528 2.042035224835318 2.591813939210525 0
5529 2.042035224835382 2.670353755550385 0
5530 2.042035224835445 2.748893571890375 0
5531 2.042035224835508 2.827433388230363 0
5532 2.042035224835572 2.905973204570225 0
5533 2.042035224835635 2.984513020910086 0
5534 2.042035224835697 3.063052837249947 0
5535 2.120575041170678 -3.063052837250188 0
5536 2.120575041170739 -2.984513020910513 0
5537 2.120575041170797 -2.905973204570834 0
5538 2.120575041170857 -2.827433388231158 0
5539 2.120575041170915 -2.748893571891525 0
5540 2.120575041170976 -2.670353755551892 0
5541 2.120575041171034 -2.591813939212215 0
5542 2.120575041171094 -2.513274122872597 0
5543 2.120575041171153 -2.434734306533006 0
5544 2.120575041171212 -2.356194490193329 0
5545 2.12057504117127 -2.277654673853696 0
5546 2.12057504117133 -2.199114857514208 0
5547 2.12057504117139 -2.120575041174588 0
5548 2.120575041171449 -2.04203522483494 0
5549 2.120575041171508 -1.963495408495352 0
5550 2.120575041171568 -1.884955592155726 0
5551 2.120575041171626 -1.806415775816157 0
5552 2.120575041171686 -1.727875959476537 0
5553 2.120575041171745 -1.64933614313697 0
5554 2.120575041171804 -1.570796326797372 0
5555 2.120575041171863 -1.492256510457775 0
5556 2.120575041171922 -1.413716694118207 0
5557 2.120575041171981 -1.335176877778588 0
5558 2.120575041172041 -1.256637061439019 0
5559 2.1205750411721 -1.178097245099394 0
5560 2.12057504117216 -1.09955742875969 0
5561 2.120575041172219 -1.0210176124201 0
5562 2.120575041172277 -0.9424777960805387 0
5563 2.120575041172337 -0.8639379797409492 0
5564 2.120575041172397 -0.7853981634013449 0
5565 2.120575041172456 -0.7068583470617401 0
5566 2.120575041172515 -0.6283185307221477 0
5567 2.120575041172574 -0.5497787143825646 0
5568 2.120575041172633 -0.4712388980429719 0
5569 2.120575041172692 -0.3926990817033671 0
5570 2.120575041172752 -0.3141592653637628 0
5571 2.120575041172811 -0.2356194490241702 0
5572 2.120575041172871 -0.1570796326845871 0
5573 2.12057504117293 -0.07853981634499427 0
5574 2.120575041172988 -5.331290964250002e-12 0
5575 2.120575041173049 0.07853981633446067 0
5576 2.120575041173107 0.1570796326743224 0
5577 2.120575041173167 0.2356194490142804 0
5578 2.120575041173226 0.3141592653541425 0
5579 2.120575041173285 0.3926990816939928 0
5580 2.120575041173344 0.4712388980338448 0
5581 2.120575041173404 0.5497787143737063 0
5582 2.120575041173463 0.6283185307136643 0
5583 2.120575041173521 0.706858347053526 0
5584 2.120575041173582 0.7853981633933769 0
5585 2.12057504117364 0.8639379797332285 0
5586 2.1205750411737 0.9424777960730759 0
5587 2.12057504117376 1.021017612412918 0
5588 2.120575041173818 1.099557428752766 0
5589 2.120575041173877 1.178097245092775 0
5590 2.120575041173937 1.256637061432769 0
5591 2.120575041173996 1.335176877772613 0
5592 2.120575041174055 1.413716694112467 0
5593 2.120575041174115 1.492256510452309 0
5594 2.120575041174173 1.570796326792158 0
5595 2.120575041174233 1.649336143132009 0
5596 2.120575041174293 1.727875959471852 0
5597 2.120575041174351 1.806415775811705 0
5598 2.12057504117441 1.884955592151549 0
5599 2.12057504117447 1.963495408491543 0
5600 2.120575041174528 2.04203522483153 0
5601 2.120575041174588 2.12057504117139 0
5602 2.120575041174647 2.199114857511243 0
5603 2.120575041174707 2.277654673851071 0
5604 2.120575041174765 2.356194490190926 0
5605 2.120575041174825 2.434734306530792 0
5606 2.120575041174884 2.51327412287064 0
5607 2.120575041174943 2.591813939210493 0
5608 2.120575041175003 2.670353755550357 0
5609 2.120575041175062 2.748893571890354 0
5610 2.120575041175122 2.827433388230348 0
5611 2.12057504117518 2.905973204570213 0
5612 2.12057504117524 2.984513020910078 0
5613 2.120575041175299 3.063052837249943 0
5614 2.199114857510584 -3.063052837250194 0
5615 2.199114857510638 -2.98451302091052 0
5616 2.199114857510693 -2.905973204570846 0
5617 2.199114857510748 -2.827433388231172 0
5618 2.199114857510803 -2.748893571891546 0
5619 2.199114857510859 -2.670353755551921 0
5620 2.199114857510913 -2.591813939212247 0
5621 2.199114857510967 -2.513274122872632 0
5622 2.199114857511023 -2.434734306533047 0
5623 2.199114857511077 -2.356194490193373 0
5624 2.199114857511133 -2.277654673853744 0
5625 2.199114857511187 -2.199114857514262 0
5626 2.199114857511242 -2.120575041174647 0
5627 2.199114857511297 -2.042035224835004 0
5628 2.199114857511352 -1.963495408495421 0
5629 2.199114857511407 -1.884955592155803 0
5630 2.199114857511462 -1.80641577581624 0
5631 2.199114857511517 -1.727875959476624 0
5632 2.199114857511571 -1.649336143137062 0
5633 2.199114857511627 -1.570796326797468 0
5634 2.199114857511681 -1.492256510457876 0
5635 2.199114857511736 -1.413716694118313 0
5636 2.199114857511792 -1.335176877778698 0
5637 2.199114857511846 -1.256637061439136 0
5638 2.199114857511901 -1.178097245099517 0
5639 2.199114857511956 -1.099557428759818 0
5640 2.199114857512011 -1.021017612420233 0
5641 2.199114857512066 -0.9424777960806768 0
5642 2.19911485751212 -0.8639379797410918 0
5643 2.199114857512175 -0.7853981634014923 0
5644 2.19911485751223 -0.7068583470618923 0
5645 2.199114857512286 -0.6283185307223048 0
5646 2.19911485751234 -0.549778714382729 0
5647 2.199114857512394 -0.4712388980431406 0
5648 2.19911485751245 -0.3926990817035407 0
5649 2.199114857512505 -0.314159265363941 0
5650 2.19911485751256 -0.2356194490243532 0
5651 2.199114857512614 -0.1570796326847773 0
5652 2.199114857512669 -0.07853981634518933 0
5653 2.199114857512724 -5.528771884755201e-12 0
5654 2.199114857512779 0.07853981633426568 0
5655 2.199114857512835 0.1570796326741323 0
5656 2.199114857512889 0.2356194490140973 0
5657 2.199114857512945 0.3141592653539642 0
5658 2.199114857512999 0.3926990816938195 0
5659 2.199114857513054 0.4712388980336754 0
5660 2.199114857513109 0.5497787143735424 0
5661 2.199114857513164 0.6283185307135074 0
5662 2.199114857513218 0.7068583470533738 0
5663 2.199114857513273 0.7853981633932293 0
5664 2.199114857513328 0.8639379797330855 0
5665 2.199114857513383 0.9424777960729377 0
5666 2.199114857513439 1.021017612412785 0
5667 2.199114857513494 1.099557428752637 0
5668 2.199114857513548 1.178097245092653 0
5669 2.199114857513603 1.256637061432653 0
5670 2.199114857513658 1.335176877772502 0
5671 2.199114857513713 1.41371669411236 0
5672 2.199114857513767 1.492256510452208 0
5673 2.199114857513822 1.570796326792062 0
5674 2.199114857513877 1.649336143131916 0
5675 2.199114857513932 1.727875959471766 0
5676 2.199114857513987 1.806415775811622 0
5677 2.199114857514043 1.884955592151472 0
5678 2.199114857514096 1.963495408491472 0
5679 2.199114857514152 2.042035224831467 0
5680 2.199114857514206 2.12057504117133 0
5681 2.199114857514261 2.199114857511188 0
5682 2.199114857514317 2.277654673851022 0
5683 2.199114857514371 2.356194490190882 0
5684 2.199114857514426 2.43473430653075 0
5685 2.199114857514481 2.513274122870604 0
5686 2.199114857514536 2.591813939210461 0
5687 2.199114857514592 2.670353755550329 0
5688 2.199114857514647 2.748893571890331 0
5689 2.199114857514701 2.827433388230333 0
5690 2.199114857514756 2.905973204570202 0
5691 2.199114857514811 2.98451302091007 0
5692 2.199114857514865 3.063052837249938 0
5693 2.277654673850487 -3.063052837250198 0
5694 2.277654673850535 -2.984513020910529 0
5695 2.277654673850585 -2.905973204570857 0
5696 2.277654673850633 -2.827433388231187 0
5697 2.277654673850682 -2.748893571891567 0
5698 2.277654673850731 -2.670353755551949 0
5699 2.277654673850779 -2.59181393921228 0
5700 2.277654673850827 -2.513274122872669 0
5701 2.277654673850876 -2.434734306533088 0
5702 2.277654673850924 -2.356194490193418 0
5703 2.277654673850972 -2.277654673853792 0
5704 2.277654673851021 -2.199114857514317 0
5705 2.277654673851071 -2.120575041174706 0
5706 2.277654673851119 -2.042035224835066 0
5707 2.277654673851168 -1.963495408495492 0
5708 2.277654673851216 -1.88495559215588 0
5709 2.277654673851266 -1.806415775816322 0
5710 2.277654673851313 -1.727875959476711 0
5711 2.277654673851361 -1.649336143137154 0
5712 2.27765467385141 -1.570796326797566 0
5713 2.277654673851459 -1.492256510457977 0
5714 2.277654673851508 -1.41371669411842 0
5715 2.277654673851556 -1.335176877778809 0
5716 2.277654673851606 -1.256637061439251 0
5717 2.277654673851654 -1.17809724509964 0
5718 2.277654673851703 -1.099557428759945 0
5719 2.277654673851751 -1.021017612420366 0
5720 2.277654673851799 -0.9424777960808148 0
5721 2.277654673851848 -0.8639379797412343 0
5722 2.277654673851897 -0.7853981634016396 0
5723 2.277654673851946 -0.7068583470620442 0
5724 2.277654673851994 -0.6283185307224618 0
5725 2.277654673852042 -0.5497787143828926 0
5726 2.277654673852092 -0.47123889804331 0
5727 2.277654673852139 -0.3926990817037144 0
5728 2.277654673852188 -0.3141592653641193 0
5729 2.277654673852237 -0.2356194490245364 0
5730 2.277654673852286 -0.1570796326849672 0
5731 2.277654673852334 -0.07853981634538479 0
5732 2.277654673852383 -5.72600300507986e-12 0
5733 2.277654673852432 0.07853981633407042 0
5734 2.27765467385248 0.1570796326739422 0
5735 2.277654673852528 0.2356194490139142 0
5736 2.277654673852577 0.3141592653537859 0
5737 2.277654673852626 0.3926990816936456 0
5738 2.277654673852674 0.4712388980335064 0
5739 2.277654673852723 0.5497787143733779 0
5740 2.277654673852772 0.6283185307133503 0
5741 2.277654673852821 0.7068583470532217 0
5742 2.277654673852869 0.7853981633930823 0
5743 2.277654673852918 0.8639379797329425 0
5744 2.277654673852966 0.9424777960727997 0
5745 2.277654673853015 1.021017612412651 0
5746 2.277654673853063 1.099557428752509 0
5747 2.277654673853112 1.17809724509253 0
5748 2.277654673853161 1.256637061432537 0
5749 2.277654673853208 1.335176877772392 0
5750 2.277654673853258 1.413716694112254 0
5751 2.277654673853306 1.492256510452107 0
5752 2.277654673853355 1.570796326791966 0
5753 2.277654673853403 1.649336143131825 0
5754 2.277654673853452 1.727875959471679 0
5755 2.2776546738535 1.80641577581154 0
5756 2.277654673853549 1.884955592151394 0
5757 2.277654673853597 1.963495408491402 0
5758 2.277654673853646 2.042035224831403 0
5759 2.277654673853696 2.120575041171271 0
5760 2.277654673853743 2.199114857511133 0
5761 2.277654673853792 2.277654673850973 0
5762 2.277654673853841 2.356194490190838 0
5763 2.277654673853889 2.434734306530709 0
5764 2.277654673853939 2.513274122870567 0
5765 2.277654673853987 2.591813939210429 0
5766 2.277654673854035 2.6703537555503 0
5767 2.277654673854085 2.74889357189031 0
5768 2.277654673854133 2.827433388230319 0
5769 2.277654673854181 2.905973204570189 0
5770 2.27765467385423 2.984513020910062 0
5771 2.277654673854278 3.063052837249935 0
5772 2.356194490190393 -3.063052837250202 0
5773 2.356194490190437 -2.984513020910537 0
5774 2.356194490190482 -2.905973204570869 0
5775 2.356194490190527 -2.827433388231203 0
5776 2.35619449019057 -2.748893571891589 0
5777 2.356194490190614 -2.670353755551977 0
5778 2.356194490190659 -2.591813939212311 0
5779 2.356194490190704 -2.513274122872705 0
5780 2.356194490190747 -2.434734306533128 0
5781 2.356194490190793 -2.356194490193463 0
5782 2.356194490190838 -2.277654673853842 0
5783 2.356194490190882 -2.199114857514372 0
5784 2.356194490190926 -2.120575041174765 0
5785 2.356194490190971 -2.04203522483513 0
5786 2.356194490191015 -1.963495408495563 0
5787 2.356194490191061 -1.884955592155957 0
5788 2.356194490191105 -1.806415775816404 0
5789 2.356194490191149 -1.727875959476799 0
5790 2.356194490191194 -1.649336143137245 0
5791 2.356194490191238 -1.570796326797662 0
5792 2.356194490191283 -1.492256510458079 0
5793 2.356194490191327 -1.413716694118526 0
5794 2.356194490191371 -1.33517687777892 0
5795 2.356194490191415 -1.256637061439367 0
5796 2.35619449019146 -1.178097245099762 0
5797 2.356194490191505 -1.099557428760074 0
5798 2.356194490191549 -1.021017612420498 0
5799 2.356194490191594 -0.9424777960809533 0
5800 2.356194490191638 -0.863937979741378 0
5801 2.356194490191682 -0.785398163401787 0
5802 2.356194490191727 -0.7068583470621962 0
5803 2.356194490191772 -0.6283185307226192 0
5804 2.356194490191816 -0.5497787143830566 0
5805 2.356194490191861 -0.4712388980434792 0
5806 2.356194490191905 -0.392699081703888 0
5807 2.35619449019195 -0.3141592653642967 0
5808 2.356194490191994 -0.2356194490247195 0
5809 2.356194490192038 -0.1570796326851573 0
5810 2.356194490192083 -0.07853981634557938 0
5811 2.356194490192127 -5.923400658858213e-12 0
5812 2.356194490192172 0.07853981633387558 0
5813 2.356194490192217 0.1570796326737522 0
5814 2.356194490192261 0.235619449013731 0
5815 2.356194490192306 0.314159265353608 0
5816 2.35619449019235 0.3926990816934721 0
5817 2.356194490192395 0.4712388980333374 0
5818 2.356194490192439 0.5497787143732141 0
5819 2.356194490192483 0.6283185307131931 0
5820 2.356194490192527 0.7068583470530696 0
5821 2.356194490192572 0.7853981633929348 0
5822 2.356194490192618 0.8639379797327997 0
5823 2.356194490192661 0.9424777960726614 0
5824 2.356194490192705 1.021017612412518 0
5825 2.35619449019275 1.099557428752381 0
5826 2.356194490192794 1.178097245092407 0
5827 2.356194490192839 1.256637061432421 0
5828 2.356194490192884 1.335176877772281 0
5829 2.356194490192928 1.413716694112147 0
5830 2.356194490192973 1.492256510452006 0
5831 2.356194490193018 1.570796326791869 0
5832 2.356194490193062 1.649336143131733 0
5833 2.356194490193107 1.727875959471592 0
5834 2.356194490193151 1.806415775811458 0
5835 2.356194490193196 1.884955592151317 0
5836 2.35619449019324 1.963495408491332 0
5837 2.356194490193284 2.04203522483134 0
5838 2.356194490193329 2.120575041171212 0
5839 2.356194490193373 2.199114857511077 0
5840 2.356194490193418 2.277654673850924 0
5841 2.356194490193462 2.356194490190792 0
5842 2.356194490193507 2.434734306530669 0
5843 2.356194490193551 2.513274122870532 0
5844 2.356194490193595 2.591813939210397 0
5845 2.35619449019364 2.670353755550273 0
5846 2.356194490193684 2.748893571890288 0
5847 2.356194490193729 2.827433388230303 0
5848 2.356194490193773 2.905973204570179 0
5849 2.356194490193818 2.984513020910053 0
5850 2.356194490193863 3.063052837249929 0
5851 2.4347343065303 -3.063052837250207 0
5852 2.434734306530341 -2.984513020910545 0
5853 2.434734306530382 -2.905973204570881 0
5854 2.434734306530422 -2.827433388231217 0
5855 2.434734306530463 -2.748893571891611 0
5856 2.434734306530504 -2.670353755552006 0
5857 2.434734306530544 -2.591813939212343 0
5858 2.434734306530587 -2.513274122872741 0
5859 2.434734306530628 -2.434734306533171 0
5860 2.434734306530667 -2.356194490193507 0
5861 2.434734306530709 -2.27765467385389 0
5862 2.434734306530751 -2.199114857514426 0
5863 2.434734306530791 -2.120575041174825 0
5864 2.434734306530832 -2.042035224835193 0
5865 2.434734306530874 -1.963495408495633 0
5866 2.434734306530915 -1.884955592156035 0
5867 2.434734306530955 -1.806415775816486 0
5868 2.434734306530997 -1.727875959476885 0
5869 2.434734306531038 -1.649336143137337 0
5870 2.434734306531078 -1.570796326797758 0
5871 2.43473430653112 -1.49225651045818 0
5872 2.434734306531161 -1.413716694118632 0
5873 2.434734306531201 -1.335176877779031 0
5874 2.434734306531244 -1.256637061439483 0
5875 2.434734306531284 -1.178097245099885 0
5876 2.434734306531324 -1.099557428760202 0
5877 2.434734306531366 -1.021017612420632 0
5878 2.434734306531406 -0.9424777960810915 0
5879 2.434734306531448 -0.8639379797415208 0
5880 2.434734306531489 -0.7853981634019349 0
5881 2.43473430653153 -0.7068583470623484 0
5882 2.434734306531571 -0.6283185307227757 0
5883 2.434734306531612 -0.5497787143832213 0
5884 2.434734306531653 -0.4712388980436477 0
5885 2.434734306531693 -0.3926990817040614 0
5886 2.434734306531735 -0.3141592653644751 0
5887 2.434734306531776 -0.2356194490249026 0
5888 2.434734306531816 -0.1570796326853476 0
5889 2.434734306531857 -0.07853981634577439 0
5890 2.434734306531898 -6.121048112817107e-12 0
5891 2.43473430653194 0.0785398163336804 0
5892 2.434734306531981 0.1570796326735618 0
5893 2.434734306532022 0.2356194490135482 0
5894 2.434734306532062 0.3141592653534301 0
5895 2.434734306532103 0.3926990816932984 0
5896 2.434734306532144 0.4712388980331684 0
5897 2.434734306532185 0.54977871437305 0
5898 2.434734306532227 0.6283185307130362 0
5899 2.434734306532267 0.7068583470529174 0
5900 2.434734306532309 0.7853981633927868 0
5901 2.43473430653235 0.8639379797326567 0
5902 2.43473430653239 0.9424777960725232 0
5903 2.434734306532433 1.021017612412386 0
5904 2.434734306532472 1.099557428752252 0
5905 2.434734306532513 1.178097245092285 0
5906 2.434734306532555 1.256637061432305 0
5907 2.434734306532595 1.33517687777217 0
5908 2.434734306532636 1.413716694112041 0
5909 2.434734306532677 1.492256510451905 0
5910 2.434734306532718 1.570796326791772 0
5911 2.43473430653276 1.649336143131641 0
5912 2.434734306532801 1.727875959471505 0
5913 2.434734306532842 1.806415775811375 0
5914 2.434734306532883 1.88495559215124 0
5915 2.434734306532924 1.963495408491261 0
5916 2.434734306532965 2.042035224831277 0
5917 2.434734306533005 2.120575041171152 0
5918 2.434734306533046 2.199114857511022 0
5919 2.434734306533087 2.277654673850876 0
5920 2.434734306533128 2.356194490190749 0
5921 2.434734306533169 2.434734306530627 0
5922 2.434734306533211 2.513274122870495 0
5923 2.434734306533251 2.591813939210365 0
5924 2.434734306533292 2.670353755550243 0
5925 2.434734306533334 2.748893571890267 0
5926 2.434734306533375 2.827433388230289 0
5927 2.434734306533416 2.905973204570167 0
5928 2.434734306533457 2.984513020910046 0
5929 2.434734306533498 3.063052837249925 0
5930 2.513274122870206 -3.063052837250211 0
5931 2.513274122870241 -2.984513020910552 0
5932 2.513274122870278 -2.905973204570892 0
5933 2.513274122870315 -2.827433388231232 0
5934 2.51327412287035 -2.748893571891633 0
5935 2.513274122870386 -2.670353755552034 0
5936 2.513274122870422 -2.591813939212376 0
5937 2.513274122870459 -2.513274122872777 0
5938 2.513274122870495 -2.434734306533211 0
5939 2.513274122870531 -2.356194490193552 0
5940 2.513274122870568 -2.277654673853939 0
5941 2.513274122870603 -2.199114857514481 0
5942 2.51327412287064 -2.120575041174884 0
5943 2.513274122870676 -2.042035224835256 0
5944 2.513274122870712 -1.963495408495703 0
5945 2.513274122870749 -1.884955592156112 0
5946 2.513274122870785 -1.806415775816569 0
5947 2.513274122870821 -1.727875959476972 0
5948 2.513274122870858 -1.649336143137429 0
5949 2.513274122870894 -1.570796326797855 0
5950 2.513274122870929 -1.492256510458281 0
5951 2.513274122870966 -1.413716694118738 0
5952 2.513274122871001 -1.335176877779141 0
5953 2.513274122871038 -1.256637061439598 0
5954 2.513274122871074 -1.178097245100008 0
5955 2.513274122871111 -1.09955742876033 0
5956 2.513274122871147 -1.021017612420765 0
5957 2.513274122871183 -0.9424777960812295 0
5958 2.51327412287122 -0.8639379797416638 0
5959 2.513274122871256 -0.7853981634020825 0
5960 2.513274122871292 -0.7068583470625004 0
5961 2.513274122871328 -0.6283185307229329 0
5962 2.513274122871365 -0.5497787143833848 0
5963 2.5132741228714 -0.4712388980438172 0
5964 2.513274122871437 -0.3926990817042352 0
5965 2.513274122871473 -0.314159265364653 0
5966 2.513274122871509 -0.2356194490250859 0
5967 2.513274122871546 -0.1570796326855375 0
5968 2.513274122871581 -0.07853981634596974 0
5969 2.513274122871618 -6.31844576659546e-12 0
5970 2.513274122871654 0.07853981633348536 0
5971 2.513274122871691 0.1570796326733718 0
5972 2.513274122871726 0.2356194490133647 0
5973 2.513274122871763 0.3141592653532517 0
5974 2.513274122871799 0.3926990816931252 0
5975 2.513274122871835 0.4712388980329989 0
5976 2.513274122871872 0.5497787143728857 0
5977 2.513274122871907 0.6283185307128789 0
5978 2.513274122871944 0.7068583470527656 0
5979 2.51327412287198 0.7853981633926395 0
5980 2.513274122872016 0.8639379797325138 0
5981 2.513274122872052 0.9424777960723849 0
5982 2.513274122872089 1.021017612412253 0
5983 2.513274122872125 1.099557428752125 0
5984 2.513274122872161 1.178097245092162 0
5985 2.513274122872197 1.25663706143219 0
5986 2.513274122872234 1.33517687777206 0
5987 2.513274122872269 1.413716694111935 0
5988 2.513274122872306 1.492256510451803 0
5989 2.513274122872343 1.570796326791676 0
5990 2.513274122872379 1.649336143131549 0
5991 2.513274122872414 1.727875959471418 0
5992 2.513274122872451 1.806415775811292 0
5993 2.513274122872487 1.884955592151162 0
5994 2.513274122872523 1.963495408491191 0
5995 2.51327412287256 2.042035224831214 0
5996 2.513274122872596 2.120575041171093 0
5997 2.513274122872632 2.199114857510968 0
5998 2.513274122872668 2.277654673850827 0
5999 2.513274122872704 2.356194490190703 0
6000 2.513274122872741 2.434734306530586 0
6001 2.513274122872777 2.513274122870459 0
6002 2.513274122872813 2.591813939210333 0
6003 2.51327412287285 2.670353755550214 0
6004 2.513274122872886 2.748893571890246 0
6005 2.513274122872923 2.827433388230273 0
6006 2.513274122872958 2.905973204570156 0
6007 2.513274122872994 2.984513020910037 0
6008 2.51327412287303 3.06305283724992 0
6009 2.59181393921011 -3.063052837250216 0
6010 2.591813939210141 -2.984513020910561 0
6011 2.591813939210173 -2.905973204570903 0
6012 2.591813939210205 -2.827433388231246 0
6013 2.591813939210238 -2.748893571891655 0
6014 2.591813939210269 -2.670353755552063 0
6015 2.591813939210302 -2.591813939212407 0
6016 2.591813939210333 -2.513274122872813 0
6017 2.591813939210365 -2.434734306533253 0
6018 2.591813939210396 -2.356194490193596 0
6019 2.591813939210429 -2.277654673853988 0
6020 2.591813939210461 -2.199114857514536 0
6021 2.591813939210492 -2.120575041174943 0
6022 2.591813939210524 -2.042035224835319 0
6023 2.591813939210557 -1.963495408495775 0
6024 2.591813939210589 -1.884955592156189 0
6025 2.59181393921062 -1.806415775816652 0
6026 2.591813939210652 -1.727875959477059 0
6027 2.591813939210684 -1.649336143137521 0
6028 2.591813939210716 -1.570796326797951 0
6029 2.591813939210748 -1.492256510458382 0
6030 2.591813939210779 -1.413716694118845 0
6031 2.591813939210811 -1.335176877779252 0
6032 2.591813939210843 -1.256637061439715 0
6033 2.591813939210875 -1.17809724510013 0
6034 2.591813939210907 -1.099557428760459 0
6035 2.591813939210939 -1.021017612420899 0
6036 2.591813939210971 -0.9424777960813678 0
6037 2.591813939211003 -0.8639379797418067 0
6038 2.591813939211034 -0.78539816340223 0
6039 2.591813939211067 -0.7068583470626525 0
6040 2.591813939211099 -0.6283185307230902 0
6041 2.59181393921113 -0.5497787143835484 0
6042 2.591813939211162 -0.4712388980439859 0
6043 2.591813939211195 -0.392699081704409 0
6044 2.591813939211226 -0.3141592653648312 0
6045 2.591813939211258 -0.2356194490252687 0
6046 2.59181393921129 -0.1570796326857277 0
6047 2.591813939211322 -0.07853981634616519 0
6048 2.591813939211353 -6.515871175949428e-12 0
6049 2.591813939211385 0.07853981633329021 0
6050 2.591813939211418 0.1570796326731818 0
6051 2.591813939211449 0.235619449013182 0
6052 2.591813939211481 0.3141592653530736 0
6053 2.591813939211514 0.3926990816929516 0
6054 2.591813939211545 0.4712388980328304 0
6055 2.591813939211577 0.5497787143727216 0
6056 2.59181393921161 0.6283185307127221 0
6057 2.591813939211641 0.7068583470526131 0
6058 2.591813939211672 0.7853981633924919 0
6059 2.591813939211704 0.8639379797323706 0
6060 2.591813939211736 0.942477796072247 0
6061 2.591813939211768 1.02101761241212 0
6062 2.5918139392118 1.099557428751996 0
6063 2.591813939211832 1.17809724509204 0
6064 2.591813939211864 1.256637061432075 0
6065 2.591813939211896 1.335176877771949 0
6066 2.591813939211928 1.413716694111828 0
6067 2.59181393921196 1.492256510451702 0
6068 2.591813939211992 1.570796326791579 0
6069 2.591813939212023 1.649336143131457 0
6070 2.591813939212056 1.727875959471332 0
6071 2.591813939212087 1.80641577581121 0
6072 2.591813939212119 1.884955592151085 0
6073 2.591813939212152 1.96349540849112 0
6074 2.591813939212184 2.042035224831151 0
6075 2.591813939212215 2.120575041171034 0
6076 2.591813939212246 2.199114857510914 0
6077 2.591813939212278 2.277654673850779 0
6078 2.59181393921231 2.356194490190659 0
6079 2.591813939212343 2.434734306530546 0
6080 2.591813939212374 2.513274122870423 0
6081 2.591813939212406 2.591813939210301 0
6082 2.591813939212437 2.670353755550186 0
6083 2.59181393921247 2.748893571890223 0
6084 2.591813939212502 2.827433388230258 0
6085 2.591813939212534 2.905973204570143 0
6086 2.591813939212566 2.984513020910029 0
6087 2.591813939212598 3.063052837249916 0
6088 2.670353755550016 -3.063052837250221 0
6089 2.670353755550044 -2.984513020910568 0
6090 2.670353755550074 -2.905973204570914 0
6091 2.6703537555501 -2.827433388231262 0
6092 2.67035375555013 -2.748893571891676 0
6093 2.670353755550158 -2.670353755552092 0
6094 2.670353755550186 -2.591813939212439 0
6095 2.670353755550216 -2.51327412287285 0
6096 2.670353755550244 -2.434734306533293 0
6097 2.670353755550272 -2.35619449019364 0
6098 2.670353755550301 -2.277654673854036 0
6099 2.670353755550329 -2.199114857514592 0
6100 2.670353755550357 -2.120575041175004 0
6101 2.670353755550385 -2.042035224835382 0
6102 2.670353755550414 -1.963495408495844 0
6103 2.670353755550442 -1.884955592156266 0
6104 2.670353755550471 -1.806415775816733 0
6105 2.670353755550498 -1.727875959477145 0
6106 2.670353755550527 -1.649336143137613 0
6107 2.670353755550555 -1.570796326798048 0
6108 2.670353755550584 -1.492256510458484 0
6109 2.670353755550614 -1.413716694118951 0
6110 2.670353755550641 -1.335176877779363 0
6111 2.67035375555067 -1.25663706143983 0
6112 2.670353755550698 -1.178097245100252 0
6113 2.670353755550726 -1.099557428760587 0
6114 2.670353755550754 -1.02101761242103 0
6115 2.670353755550783 -0.9424777960815064 0
6116 2.670353755550812 -0.86393797974195 0
6117 2.67035375555084 -0.7853981634023774 0
6118 2.670353755550869 -0.7068583470628045 0
6119 2.670353755550897 -0.6283185307232475 0
6120 2.670353755550925 -0.5497787143837131 0
6121 2.670353755550954 -0.4712388980441551 0
6122 2.670353755550982 -0.3926990817045827 0
6123 2.670353755551011 -0.3141592653650097 0
6124 2.670353755551039 -0.2356194490254521 0
6125 2.670353755551067 -0.157079632685918 0
6126 2.670353755551095 -0.07853981634635994 0
6127 2.670353755551124 -6.713254951939973e-12 0
6128 2.670353755551152 0.07853981633309529 0
6129 2.670353755551181 0.1570796326729913 0
6130 2.67035375555121 0.2356194490129987 0
6131 2.670353755551239 0.3141592653528957 0
6132 2.670353755551266 0.392699081692778 0
6133 2.670353755551295 0.4712388980326611 0
6134 2.670353755551323 0.5497787143725577 0
6135 2.670353755551351 0.6283185307125645 0
6136 2.67035375555138 0.7068583470524612 0
6137 2.670353755551409 0.7853981633923443 0
6138 2.670353755551437 0.8639379797322277 0
6139 2.670353755551466 0.9424777960721087 0
6140 2.670353755551494 1.021017612411987 0
6141 2.670353755551523 1.099557428751868 0
6142 2.670353755551551 1.178097245091917 0
6143 2.67035375555158 1.256637061431958 0
6144 2.670353755551608 1.335176877771839 0
6145 2.670353755551637 1.413716694111722 0
6146 2.670353755551665 1.492256510451601 0
6147 2.670353755551694 1.570796326791483 0
6148 2.670353755551722 1.649336143131365 0
6149 2.67035375555175 1.727875959471245 0
6150 2.670353755551779 1.806415775811128 0
6151 2.670353755551807 1.884955592151007 0
6152 2.670353755551835 1.963495408491049 0
6153 2.670353755551865 2.042035224831088 0
6154 2.670353755551892 2.120575041170975 0
6155 2.670353755551921 2.199114857510859 0
6156 2.670353755551949 2.277654673850731 0
6157 2.670353755551977 2.356194490190615 0
6158 2.670353755552006 2.434734306530505 0
6159 2.670353755552034 2.513274122870385 0
6160 2.670353755552063 2.591813939210269 0
6161 2.670353755552092 2.670353755550158 0
6162 2.67035375555212 2.748893571890202 0
6163 2.670353755552148 2.827433388230243 0
6164 2.670353755552177 2.905973204570132 0
6165 2.670353755552205 2.984513020910021 0
6166 2.670353755552234 3.063052837249912 0
6167 2.748893571890093 -3.063052837250226 0
6168 2.748893571890114 -2.984513020910577 0
6169 2.748893571890136 -2.905973204570926 0
6170 2.748893571890159 -2.827433388231277 0
6171 2.74889357189018 -2.748893571891698 0
6172 2.748893571890202 -2.670353755552119 0
6173 2.748893571890223 -2.591813939212471 0
6174 2.748893571890245 -2.513274122872886 0
6175 2.748893571890266 -2.434734306533334 0
6176 2.748893571890288 -2.356194490193684 0
6177 2.748893571890309 -2.277654673854085 0
6178 2.748893571890331 -2.199114857514647 0
6179 2.748893571890353 -2.120575041175061 0
6180 2.748893571890375 -2.042035224835446 0
6181 2.748893571890396 -1.963495408495915 0
6182 2.748893571890418 -1.884955592156344 0
6183 2.74889357189044 -1.806415775816816 0
6184 2.748893571890461 -1.727875959477231 0
6185 2.748893571890482 -1.649336143137705 0
6186 2.748893571890505 -1.570796326798144 0
6187 2.748893571890528 -1.492256510458585 0
6188 2.748893571890549 -1.413716694119057 0
6189 2.74889357189057 -1.335176877779473 0
6190 2.748893571890591 -1.256637061439946 0
6191 2.748893571890614 -1.178097245100376 0
6192 2.748893571890635 -1.099557428760716 0
6193 2.748893571890656 -1.021017612421163 0
6194 2.748893571890678 -0.9424777960816442 0
6195 2.7488935718907 -0.8639379797420929 0
6196 2.748893571890722 -0.7853981634025253 0
6197 2.748893571890743 -0.7068583470629568 0
6198 2.748893571890765 -0.6283185307234039 0
6199 2.748893571890787 -0.5497787143838769 0
6200 2.748893571890809 -0.4712388980443238 0
6201 2.74889357189083 -0.3926990817047564 0
6202 2.748893571890853 -0.314159265365188 0
6203 2.748893571890873 -0.2356194490256349 0
6204 2.748893571890896 -0.1570796326861081 0
6205 2.748893571890918 -0.07853981634655481 0
6206 2.748893571890938 -6.910930161474482e-12 0
6207 2.748893571890961 0.0785398163328999 0
6208 2.748893571890982 0.1570796326728016 0
6209 2.748893571891004 0.2356194490128153 0
6210 2.748893571891026 0.3141592653527173 0
6211 2.748893571891048 0.392699081692604 0
6212 2.74889357189107 0.4712388980324924 0
6213 2.74889357189109 0.5497787143723936 0
6214 2.748893571891112 0.6283185307124077 0
6215 2.748893571891134 0.706858347052309 0
6216 2.748893571891156 0.7853981633921967 0
6217 2.748893571891178 0.863937979732085 0
6218 2.748893571891199 0.9424777960719701 0
6219 2.748893571891221 1.021017612411854 0
6220 2.748893571891242 1.09955742875174 0
6221 2.748893571891264 1.178097245091794 0
6222 2.748893571891287 1.256637061431843 0
6223 2.748893571891308 1.335176877771728 0
6224 2.748893571891329 1.413716694111615 0
6225 2.748893571891351 1.4922565104515 0
6226 2.748893571891373 1.570796326791386 0
6227 2.748893571891395 1.649336143131273 0
6228 2.748893571891416 1.727875959471158 0
6229 2.748893571891438 1.806415775811045 0
6230 2.748893571891459 1.88495559215093 0
6231 2.748893571891482 1.963495408490978 0
6232 2.748893571891503 2.042035224831025 0
6233 2.748893571891525 2.120575041170915 0
6234 2.748893571891547 2.199114857510803 0
6235 2.748893571891568 2.277654673850681 0
6236 2.74889357189159 2.35619449019057 0
6237 2.748893571891612 2.434734306530464 0
6238 2.748893571891633 2.513274122870351 0
6239 2.748893571891655 2.591813939210236 0
6240 2.748893571891677 2.67035375555013 0
6241 2.748893571891698 2.748893571890179 0
6242 2.74889357189172 2.827433388230228 0
6243 2.748893571891741 2.905973204570121 0
6244 2.748893571891763 2.984513020910014 0
6245 2.748893571891785 3.063052837249906 0
6246 2.827433388230169 -3.063052837250229 0
6247 2.827433388230184 -2.984513020910584 0
6248 2.827433388230198 -2.905973204570938 0
6249 2.827433388230213 -2.827433388231292 0
6250 2.827433388230228 -2.74889357189172 0
6251 2.827433388230243 -2.670353755552148 0
6252 2.827433388230259 -2.591813939212503 0
6253 2.827433388230273 -2.513274122872922 0
6254 2.827433388230288 -2.434734306533374 0
6255 2.827433388230303 -2.356194490193729 0
6256 2.827433388230318 -2.277654673854134 0
6257 2.827433388230334 -2.199114857514702 0
6258 2.827433388230349 -2.120575041175121 0
6259 2.827433388230363 -2.042035224835509 0
6260 2.827433388230378 -1.963495408495986 0
6261 2.827433388230394 -1.884955592156421 0
6262 2.827433388230409 -1.806415775816899 0
6263 2.827433388230423 -1.727875959477319 0
6264 2.827433388230438 -1.649336143137796 0
6265 2.827433388230453 -1.570796326798241 0
6266 2.827433388230467 -1.492256510458686 0
6267 2.827433388230484 -1.413716694119163 0
6268 2.827433388230499 -1.335176877779584 0
6269 2.827433388230513 -1.256637061440061 0
6270 2.827433388230527 -1.178097245100498 0
6271 2.827433388230543 -1.099557428760843 0
6272 2.827433388230558 -1.021017612421297 0
6273 2.827433388230574 -0.9424777960817825 0
6274 2.827433388230588 -0.8639379797422359 0
6275 2.827433388230603 -0.7853981634026728 0
6276 2.827433388230618 -0.7068583470631091 0
6277 2.827433388230633 -0.6283185307235611 0
6278 2.827433388230648 -0.5497787143840406 0
6279 2.827433388230663 -0.471238898044493 0
6280 2.827433388230677 -0.3926990817049292 0
6281 2.827433388230692 -0.3141592653653656 0
6282 2.827433388230708 -0.2356194490258181 0
6283 2.827433388230722 -0.1570796326862982 0
6284 2.827433388230737 -0.07853981634674996 0
6285 2.827433388230752 -7.108452715343105e-12 0
6286 2.827433388230768 0.07853981633270514 0
6287 2.827433388230782 0.1570796326726115 0
6288 2.827433388230797 0.2356194490126321 0
6289 2.827433388230812 0.3141592653525392 0
6290 2.827433388230828 0.3926990816924303 0
6291 2.827433388230843 0.4712388980323234 0
6292 2.827433388230858 0.5497787143722298 0
6293 2.827433388230873 0.6283185307122505 0
6294 2.827433388230887 0.706858347052157 0
6295 2.827433388230902 0.7853981633920492 0
6296 2.827433388230917 0.8639379797319419 0
6297 2.827433388230933 0.9424777960718322 0
6298 2.827433388230948 1.021017612411721 0
6299 2.827433388230962 1.099557428751611 0
6300 2.827433388230978 1.178097245091671 0
6301 2.827433388230992 1.256637061431727 0
6302 2.827433388231007 1.335176877771617 0
6303 2.827433388231022 1.413716694111509 0
6304 2.827433388231036 1.492256510451399 0
6305 2.827433388231052 1.570796326791289 0
6306 2.827433388231066 1.649336143131181 0
6307 2.827433388231082 1.727875959471071 0
6308 2.827433388231097 1.806415775810963 0
6309 2.827433388231112 1.884955592150853 0
6310 2.827433388231127 1.963495408490908 0
6311 2.827433388231142 2.042035224830962 0
6312 2.827433388231157 2.120575041170857 0
6313 2.827433388231171 2.199114857510748 0
6314 2.827433388231187 2.277654673850633 0
6315 2.827433388231201 2.356194490190526 0
6316 2.827433388231217 2.434734306530423 0
6317 2.827433388231232 2.513274122870314 0
6318 2.827433388231246 2.591813939210205 0
6319 2.827433388231262 2.670353755550101 0
6320 2.827433388231277 2.748893571890159 0
6321 2.827433388231292 2.827433388230214 0
6322 2.827433388231307 2.90597320457011 0
6323 2.827433388231321 2.984513020910005 0
6324 2.827433388231336 3.063052837249902 0
6325 2.905973204570074 -3.063052837250234 0
6326 2.905973204570086 -2.984513020910592 0
6327 2.905973204570098 -2.905973204570949 0
6328 2.905973204570109 -2.827433388231308 0
6329 2.905973204570121 -2.748893571891742 0
6330 2.905973204570132 -2.670353755552176 0
6331 2.905973204570143 -2.591813939212534 0
6332 2.905973204570155 -2.513274122872958 0
6333 2.905973204570167 -2.434734306533416 0
6334 2.905973204570178 -2.356194490193773 0
6335 2.905973204570189 -2.277654673854181 0
6336 2.905973204570201 -2.199114857514756 0
6337 2.905973204570213 -2.120575041175181 0
6338 2.905973204570225 -2.042035224835571 0
6339 2.905973204570235 -1.963495408496056 0
6340 2.905973204570247 -1.884955592156499 0
6341 2.905973204570258 -1.806415775816981 0
6342 2.90597320457027 -1.727875959477406 0
6343 2.905973204570282 -1.649336143137888 0
6344 2.905973204570293 -1.570796326798337 0
6345 2.905973204570305 -1.492256510458787 0
6346 2.905973204570316 -1.41371669411927 0
6347 2.905973204570327 -1.335176877779694 0
6348 2.905973204570341 -1.256637061440178 0
6349 2.905973204570351 -1.17809724510062 0
6350 2.905973204570363 -1.099557428760971 0
6351 2.905973204570373 -1.02101761242143 0
6352 2.905973204570386 -0.9424777960819206 0
6353 2.905973204570396 -0.8639379797423788 0
6354 2.905973204570409 -0.7853981634028199 0
6355 2.905973204570419 -0.7068583470632612 0
6356 2.90597320457043 -0.6283185307237185 0
6357 2.905973204570442 -0.5497787143842054 0
6358 2.905973204570454 -0.4712388980446622 0
6359 2.905973204570465 -0.3926990817051029 0
6360 2.905973204570477 -0.3141592653655441 0
6361 2.90597320457049 -0.2356194490260014 0
6362 2.9059732045705 -0.1570796326864883 0
6363 2.905973204570512 -0.07853981634694515 0
6364 2.905973204570524 -7.30583649133365e-12 0
6365 2.905973204570536 0.07853981633250978 0
6366 2.905973204570546 0.1570796326724213 0
6367 2.905973204570558 0.2356194490124489 0
6368 2.905973204570569 0.3141592653523611 0
6369 2.905973204570581 0.3926990816922568 0
6370 2.905973204570592 0.4712388980321544 0
6371 2.905973204570603 0.5497787143720655 0
6372 2.905973204570615 0.6283185307120933 0
6373 2.905973204570627 0.706858347052005 0
6374 2.905973204570639 0.7853981633919017 0
6375 2.90597320457065 0.8639379797317988 0
6376 2.905973204570662 0.9424777960716941 0
6377 2.905973204570673 1.021017612411588 0
6378 2.905973204570685 1.099557428751483 0
6379 2.905973204570695 1.178097245091549 0
6380 2.905973204570708 1.256637061431611 0
6381 2.905973204570719 1.335176877771507 0
6382 2.90597320457073 1.413716694111403 0
6383 2.905973204570742 1.492256510451297 0
6384 2.905973204570754 1.570796326791194 0
6385 2.905973204570765 1.649336143131089 0
6386 2.905973204570776 1.727875959470985 0
6387 2.905973204570787 1.80641577581088 0
6388 2.9059732045708 1.884955592150776 0
6389 2.905973204570811 1.963495408490838 0
6390 2.905973204570822 2.042035224830898 0
6391 2.905973204570834 2.120575041170797 0
6392 2.905973204570846 2.199114857510693 0
6393 2.905973204570857 2.277654673850584 0
6394 2.905973204570868 2.356194490190481 0
6395 2.90597320457088 2.434734306530382 0
6396 2.905973204570892 2.513274122870278 0
6397 2.905973204570904 2.591813939210174 0
6398 2.905973204570914 2.670353755550073 0
6399 2.905973204570926 2.748893571890137 0
6400 2.905973204570937 2.827433388230199 0
6401 2.905973204570949 2.905973204570098 0
6402 2.905973204570961 2.984513020909998 0
6403 2.905973204570972 3.063052837249897 0
6404 2.984513020909982 -3.063052837250238 0
6405 2.984513020909988 -2.9845130209106 0
6406 2.984513020909997 -2.905973204570961 0
6407 2.984513020910005 -2.827433388231321 0
6408 2.984513020910014 -2.748893571891763 0
6409 2.984513020910021 -2.670353755552205 0
6410 2.984513020910029 -2.591813939212567 0
6411 2.984513020910037 -2.513274122872994 0
6412 2.984513020910045 -2.434734306533457 0
6413 2.984513020910054 -2.356194490193817 0
6414 2.984513020910062 -2.27765467385423 0
6415 2.98451302091007 -2.199114857514812 0
6416 2.984513020910077 -2.120575041175239 0
6417 2.984513020910086 -2.042035224835635 0
6418 2.984513020910094 -1.963495408496127 0
6419 2.984513020910102 -1.884955592156577 0
6420 2.98451302091011 -1.806415775817064 0
6421 2.984513020910119 -1.727875959477492 0
6422 2.984513020910126 -1.64933614313798 0
6423 2.984513020910134 -1.570796326798434 0
6424 2.984513020910143 -1.492256510458889 0
6425 2.98451302091015 -1.413716694119376 0
6426 2.984513020910158 -1.335176877779805 0
6427 2.984513020910167 -1.256637061440293 0
6428 2.984513020910174 -1.178097245100743 0
6429 2.984513020910182 -1.0995574287611 0
6430 2.98451302091019 -1.021017612421562 0
6431 2.984513020910198 -0.9424777960820588 0
6432 2.984513020910206 -0.8639379797425217 0
6433 2.984513020910214 -0.7853981634029674 0
6434 2.984513020910224 -0.7068583470634129 0
6435 2.984513020910231 -0.6283185307238752 0
6436 2.984513020910238 -0.549778714384369 0
6437 2.984513020910247 -0.4712388980448307 0
6438 2.984513020910255 -0.3926990817052766 0
6439 2.984513020910263 -0.3141592653657221 0
6440 2.984513020910271 -0.2356194490261844 0
6441 2.984513020910279 -0.1570796326866782 0
6442 2.984513020910286 -0.07853981634714031 0
6443 2.984513020910295 -7.503185572854676e-12 0
6444 2.984513020910303 0.07853981633231469 0
6445 2.984513020910311 0.1570796326722311 0
6446 2.984513020910319 0.2356194490122663 0
6447 2.984513020910327 0.3141592653521832 0
6448 2.984513020910335 0.3926990816920837 0
6449 2.984513020910343 0.4712388980319854 0
6450 2.984513020910351 0.549778714371902 0
6451 2.984513020910359 0.6283185307119367 0
6452 2.984513020910367 0.7068583470518529 0
6453 2.984513020910375 0.7853981633917541 0
6454 2.984513020910384 0.8639379797316558 0
6455 2.984513020910392 0.9424777960715557 0
6456 2.9845130209104 1.021017612411455 0
6457 2.984513020910407 1.099557428751355 0
6458 2.984513020910415 1.178097245091426 0
6459 2.984513020910423 1.256637061431496 0
6460 2.984513020910432 1.335176877771396 0
6461 2.984513020910439 1.413716694111296 0
6462 2.984513020910448 1.492256510451196 0
6463 2.984513020910455 1.570796326791096 0
6464 2.984513020910464 1.649336143130998 0
6465 2.984513020910472 1.727875959470898 0
6466 2.984513020910479 1.806415775810797 0
6467 2.984513020910489 1.884955592150698 0
6468 2.984513020910496 1.963495408490768 0
6469 2.984513020910505 2.042035224830835 0
6470 2.984513020910512 2.120575041170738 0
6471 2.98451302091052 2.199114857510639 0
6472 2.984513020910528 2.277654673850535 0
6473 2.984513020910537 2.356194490190437 0
6474 2.984513020910544 2.434734306530341 0
6475 2.984513020910553 2.513274122870242 0
6476 2.984513020910561 2.591813939210141 0
6477 2.984513020910569 2.670353755550044 0
6478 2.984513020910576 2.748893571890115 0
6479 2.984513020910585 2.827433388230184 0
6480 2.984513020910591 2.905973204570087 0
6481 2.9845130209106 2.984513020909989 0
6482 2.984513020910609 3.063052837249893 0
6483 3.063052837249889 -3.063052837250243 0
6484 3.063052837249893 -2.984513020910609 0
6485 3.063052837249896 -2.905973204570972 0
6486 3.063052837249903 -2.827433388231337 0
6487 3.063052837249907 -2.748893571891784 0
6488 3.063052837249911 -2.670353755552234 0
6489 3.063052837249916 -2.591813939212598 0
6490 3.06305283724992 -2.51327412287303 0
6491 3.063052837249926 -2.434734306533498 0
6492 3.063052837249929 -2.356194490193862 0
6493 3.063052837249933 -2.277654673854279 0
6494 3.063052837249939 -2.199114857514866 0
6495 3.063052837249943 -2.120575041175299 0
6496 3.063052837249948 -2.042035224835698 0
6497 3.063052837249953 -1.963495408496197 0
6498 3.063052837249957 -1.884955592156653 0
6499 3.063052837249961 -1.806415775817146 0
6500 3.063052837249965 -1.727875959477579 0
6501 3.06305283724997 -1.649336143138073 0
6502 3.063052837249975 -1.570796326798531 0
6503 3.063052837249979 -1.49225651045899 0
6504 3.063052837249983 -1.413716694119482 0
6505 3.063052837249988 -1.335176877779915 0
6506 3.063052837249992 -1.256637061440409 0
6507 3.063052837249997 -1.178097245100866 0
6508 3.063052837250002 -1.099557428761228 0
6509 3.063052837250007 -1.021017612421696 0
6510 3.063052837250011 -0.9424777960821968 0
6511 3.063052837250016 -0.863937979742665 0
6512 3.06305283725002 -0.7853981634031152 0
6513 3.063052837250025 -0.7068583470635653 0
6514 3.063052837250028 -0.6283185307240325 0
6515 3.063052837250034 -0.5497787143845333 0
6516 3.063052837250039 -0.4712388980450003 0
6517 3.063052837250043 -0.3926990817054502 0
6518 3.063052837250048 -0.3141592653659003 0
6519 3.063052837250053 -0.2356194490263677 0
6520 3.063052837250056 -0.1570796326868683 0
6521 3.063052837250061 -0.07853981634733528 0
6522 3.063052837250066 -7.700801801791002e-12 0
6523 3.06305283725007 0.07853981633211998 0
6524 3.063052837250074 0.1570796326720414 0
6525 3.06305283725008 0.235619449012083 0
6526 3.063052837250084 0.3141592653520046 0
6527 3.063052837250089 0.39269908169191 0
6528 3.063052837250094 0.4712388980318163 0
6529 3.063052837250098 0.5497787143717374 0
6530 3.063052837250102 0.6283185307117796 0
6531 3.063052837250107 0.7068583470517009 0
6532 3.063052837250111 0.7853981633916063 0
6533 3.063052837250116 0.863937979731513 0
6534 3.063052837250121 0.9424777960714176 0
6535 3.063052837250124 1.021017612411322 0
6536 3.063052837250129 1.099557428751227 0
6537 3.063052837250134 1.178097245091304 0
6538 3.063052837250139 1.25663706143138 0
6539 3.063052837250144 1.335176877771285 0
6540 3.063052837250147 1.41371669411119 0
6541 3.063052837250152 1.492256510451095 0
6542 3.063052837250156 1.570796326790999 0
6543 3.063052837250162 1.649336143130905 0
6544 3.063052837250166 1.727875959470811 0
6545 3.063052837250171 1.806415775810716 0
6546 3.063052837250175 1.884955592150621 0
6547 3.06305283725018 1.963495408490697 0
6548 3.063052837250185 2.042035224830771 0
6549 3.063052837250189 2.120575041170679 0
6550 3.063052837250194 2.199114857510584 0
6551 3.063052837250198 2.277654673850487 0
6552 3.063052837250202 2.356194490190393 0
6553 3.063052837250207 2.4347343065303 0
6554 3.063052837250212 2.513274122870205 0
6555 3.063052837250216 2.59181393921011 0
6556 3.063052837250221 2.670353755550016 0
6557 3.063052837250226 2.748893571890093 0
6558 3.063052837250229 2.827433388230169 0
6559 3.063052837250234 2.905973204570075 0
6560 3.063052837250238 2.984513020909981 0
6561 3.063052837250243 3.063052837249888 0
$EndNodes
$Elements
13120
1 1 2 1 1 1 5
2 1 2 1 1 5 6
3 1 2 1 1 6 7
4 1 2 1 1 7 8
5 1 2 1 1 8 9
6 1 2 1 1 9 10
7 1 2 1 1 10 11
8 1 2 1 1 11 12
9 1 2 1 1 12 13
10 1 2 1 1 13 14
11 1 2 1 1 14 15
12 1 2 1 1 15 16
13 1 2 1 1 16 17
14 1 2 1 1 17 18
15 1 2 1 1 18 19
16 1 2 1 1 19 20
17 1 2 1 1 20 21
18 1 2 1 1 21 22
19 1 2 1 1 22 23
20 1 2 1 1 23 24
21 1 2 1 1 24 25
22 1 2 1 1 25 26
23 1 2 1 1 26 27
24 1 2 1 1 27 28
25 1 2 1 1 28 29
26 1 2 1 1 29 30
27 1 2 1 1 30 31
28 1 2 1 1 31 32
29 1 2 1 1 32 33
30 1 2 1 1 33 34
31 1 2 1 1 34 35
32 1 2 1 1 35 36
33 1 2 1 1 36 37
34 1 2 1 1 37 38
35 1 2 1 1 38 39
36 1 2 1 1 39 40
37 1 2 1 1 40 41
38 1 2 1 1 41 42
39 1 2 1 1 42 43
40 1 2 1 1 43 44
41 1 2 1 1 44 45
42 1 2 1 1 45 46
43 1 2 1 1 46 47
44 1 2 1 1 47 48
45 1 2 1 1 48 49
46 1 2 1 1 49 50
47 1 2 1 1 50 51
48 1 2 1 1 51 52
49 1 2 1 1 52 53
50 1 2 1 1 53 54
51 1 2 1 1 54 55
52 1 2 1 1 55 56
53 1 2 1 1 56 57
54 1 2 1 1 57 58
55 1 2 1 1 58 59
56 1 2 1 1 59 60
57 1 2 1 1 60 61
58 1 2 1 1 61 62
59 1 2 1 1 62 63
60 1 2 1 1 63 64
61 1 2 1 1 64 65
62 1 2 1 1 65 66
63 1 2 1 1 66 67
64 1 2 1 1 67 68
65 1 2 1 1 68 69
66 1 2 1 1 69 70
67 1 2 1 1 70 71
68 1 2 1 1 71 72
69 1 2 1 1 72 73
70 1 2 1 1 73 74
71 1 2 1 1 74 75
72 1 2 1 1 75 76
73 1 2 1 1 76 77
74 1 2 1 1 77 78
75 1 2 1 1 78 79
76 1 2 1 1 79 80
77 1 2 1 1 80 81
78 1 2 1 1 81 82
79 1 2 1 1 82 83
80 1 2 1 1 83 2
81 1 2 1 2 2 84
82 1 2 1 2 84 85
83 1 2 1 2 85 86
84 1 2 1 2 86 87
85 1 2 1 2 87 88
86 1 2 1 2 88 89
87 1 2 1 2 89 90
88 1 2 1 2 90 91
89 1 2 1 2 91 92
90 1 2 1 2 92 93
91 1 2 1 2 93 94
92 1 2 1 2 94 95
93 1 2 1 2 95 96
94 1 2 1 2 96 97
95 1 2 1 2 97 98
96 1 2 1 2 98 99
97 1 2 1 2 99 100
98 1 2 1 2 100 101
99 1 2 1 2 101 102
100 1 2 1 2 102 103
101 1 2 1 2 103 104
102 1 2 1 2 104 105
103 1 2 1 2 105 106
104 1 2 1 2 106 107
105 1 2 1 2 107 108
106 1 2 1 2 108 109
107 1 2 1 2 109 110
108 1 2 1 2 110 111
109 1 2 1 2 111 112
110 1 2 1 2 112 113
111 1 2 1 2 113 114
112 1 2 1 2 114 115
113 1 2 1 2 115 116
114 1 2 1 2 116 117
115 1 2 1 2 117 118
116 1 2 1 2 118 119
117 1 2 1 2 119 120
118 1 2 1 2 120 121
119 1 2 1 2 121 122
120 1 2 1 2 122 123
121 1 2 1 2 123 124
122 1 2 1 2 124 125
123 1 2 1 2 125 126
124 1 2 1 2 126 127
125 1 2 1 2 127 128
126 1 2 1 2 128 129
127 1 2 1 2 129 130
128 1 2 1 2 130 131
129 1 2 1 2 131 132
130 1 2 1 2 132 133
131 1 2 1 2 133 134
132 1 2 1 2 134 135
133 1 2 1 2 135 136
134 1 2 1 2 136 137
135 1 2 1 2 137 138
136 1 2 1 2 138 139
137 1 2 1 2 139 140
138 1 2 1 2 140 141
139 1 2 1 2 141 142
140 1 2 1 2 142 143
141 1 2 1 2 143 144
142 1 2 1 2 144 145
143 1 2 1 2 145 146
144 1 2 1 2 146 147
145 1 2 1 2 147 148
146 1 2 1 2 148 149
147 1 2 1 2 149 150
148 1 2 1 2 150 151
149 1 2 1 2 151 152
150 1 2 1 2 152 153
151 1 2 1 2 153 154
152 1 2 1 2 154 155
153 1 2 1 2 155 156
154 1 2 1 2 156 157
155 1 2 1 2 157 158
156 1 2 1 2 158 159
157 1 2 1 2 159 160
158 1 2 1 2 160 161
159 1 2 1 2 161 162
160 1 2 1 2 162 3
161 1 2 1 3 3 163
162 1 2 1 3 163 164
163 1 2 1 3 164 165
164 1 2 1 3 165 166
165 1 2 1 3 166 167
166 1 2 1 3 167 168
167 1 2 1 3 168 169
168 1 2 1 3 169 170
169 1 2 1 3 170 171
170 1 2 1 3 171 172
171 1 2 1 3 172 173
172 1 2 1 3 173 174
173 1 2 1 3 174 175
174 1 2 1 3 175 176
175 1 2 1 3 176 177
176 1 2 1 3 177 178
177 1 2 1 3 178 179
178 1 2 1 3 179 180
179 1 2 1 3 180 181
180 1 2 1 3 181 182
181 1 2 1 3 182 183
182 1 2 1 3 183 184
183 1 2 1 3 184 185
184 1 2 1 3 185 186
185 1 2 1 3 186 187
186 1 2 1 3 187 188
187 1 2 1 3 188 189
188 1 2 1 3 189 190
189 1 2 1 3 190 191
190 1 2 1 3 191 192
191 1 2 1 3 192 193
192 1 2 1 3 193 194
193 1 2 1 3 194 195
194 1 2 1 3 195 196
195 1 2 1 3 196 197
196 1 2 1 3 197 198
197 1 2 1 3 198 199
198 1 2 1 3 199 200
199 1 2 1 3 200 201
200 1 2 1 3 201 202
201 1 2 1 3 202 203
202 1 2 1 3 203 204
203 1 2 1 3 204 205
204 1 2 1 3 205 206
205 1 2 1 3 206 207
206 1 2 1 3 207 208
207 1 2 1 3 208 209
208 1 2 1 3 209 210
209 1 2 1 3 210 211
210 1 2 1 3 211 212
211 1 2 1 3 212 213
212 1 2 1 3 213 214
213 1 2 1 3 214 215
214 1 2 1 3 215 216
215 1 2 1 3 216 217
216 1 2 1 3 217 218
217 1 2 1 3 218 219
218 1 2 1 3 219 220
219 1 2 1 3 220 221
220 1 2 1 3 221 222
221 1 2 1 3 222 223
222 1 2 1 3 223 224
223 1 2 1 3 224 225
224 1 2 1 3 225 226
225 1 2 1 3 226 227
226 1 2 1 3 227 228
227 1 2 1 3 228 229
228 1 2 1 3 229 230
229 1 2 1 3 230 231
230 1 2 1 3 231 232
231 1 2 1 3 232 233
232 1 2 1 3 233 234
233 1 2 1 3 234 235
234 1 2 1 3 235 236
235 1 2 1 3 236 237
236 1 2 1 3 237 238
237 1 2 1 3 238 239
238 1 2 1 3 239 240
239 1 2 1 3 240 241
240 1 2 1 3 241 4
241 1 2 1 4 4 242
242 1 2 1 4 242 243
243 1 2 1 4 243 244
244 1 2 1 4 244 245
245 1 2 1 4 245 246
246 1 2 1 4 246 247
247 1 2 1 4 247 248
248 1 2 1 4 248 249
249 1 2 1 4 249 250
250 1 2 1 4 250 251
251 1 2 1 4 251 252
252 1 2 1 4 252 253
253 1 2 1 4 253 254
254 1 2 1 4 254 255
255 1 2 1 4 255 256
256 1 2 1 4 256 257
257 1 2 1 4 257 258
258 1 2 1 4 258 259
259 1 2 1 4 259 260
260 1 2 1 4 260 261
261 1 2 1 4 261 262
262 1 2 1 4 262 263
263 1 2 1 4 263 264
264 1 2 1 4 264 265
265 1 2 1 4 265 266
266 1 2 1 4 266 267
267 1 2 1 4 267 268
268 1 2 1 4 268 269
269 1 2 1 4 269 270
270 1 2 1 4 270 271
271 1 2 1 4 271 272
272 1 2 1 4 272 273
273 1 2 1 4 273 274
274 1 2 1 4 274 275
275 1 2 1 4 275 276
276 1 2 1 4 276 277
277 1 2 1 4 277 278
278 1 2 1 4 278 279
279 1 2 1 4 279 280
280 1 2 1 4 280 281
281 1 2 1 4 281 282
282 1 2 1 4 282 283
283 1 2 1 4 283 284
284 1 2 1 4 284 285
285 1 2 1 4 285 286
286 1 2 1 4 286 287
287 1 2 1 4 287 288
288 1 2 1 4 288 289
289 1 2 1 4 289 290
290 1 2 1 4 290 291
291 1 2 1 4 291 292
292 1 2 1 4 292 293
293 1 2 1 4 293 294
294 1 2 1 4 294 295
295 1 2 1 4 295 296
296 1 2 1 4 296 297
297 1 2 1 4 297 298
298 1 2 1 4 298 299
299 1 2 1 4 299 300
300 1 2 1 4 300 301
301 1 2 1 4 301 302
302 1 2 1 4 302 303
303 1 2 1 4 303 304
304 1 2 1 4 304 305
305 1 2 1 4 305 306
306 1 2 1 4 306 307
307 1 2 1 4 307 308
308 1 2 1 4 308 309
309 1 2 1 4 309 310
310 1 2 1 4 310 311
311 1 2 1 4 311 312
312 1 2 1 4 312 313
313 1 2 1 4 313 314
314 1 2 1 4 314 315
315 1 2 1 4 315 316
316 1 2 1 4 316 317
317 1 2 1 4 317 318
318 1 2 1 4 318 319
319 1 2 1 4 319 320
320 1 2 1 4 320 1
321 2 2 2 1 1 5 320
322 2 2 2 1 320 5 321
323 2 2 2 1 320 321 319
324 2 2 2 1 319 321 322
325 2 2 2 1 319 322 318
326 2 2 2 1 318 322 323
327 2 2 2 1 318 323 317
328 2 2 2 1 317 323 324
329 2 2 2 1 317 324 316
330 2 2 2 1 316 324 325
331 2 2 2 1 316 325 315
332 2 2 2 1 315 325 326
333 2 2 2 1 315 326 314
334 2 2 2 1 314 326 327
335 2 2 2 1 314 327 313
336 2 2 2 1 313 327 328
337 2 2 2 1 313 328 312
338 2 2 2 1 312 328 329
339 2 2 2 1 312 329 311
340 2 2 2 1 311 329 330
341 2 2 2 1 311 330 310
342 2 2 2 1 310 330 331
343 2 2 2 1 310 331 309
344 2 2 2 1 309 331 332
345 2 2 2 1 309 332 308
346 2 2 2 1 308 332 333
347 2 2 2 1 308 333 307
348 2 2 2 1 307 333 334
349 2 2 2 1 307 334 306
350 2 2 2 1 306 334 335
351 2 2 2 1 306 335 305
352 2 2 2 1 305 335 336
353 2 2 2 1 305 336 304
354 2 2 2 1 304 336 337
355 2 2 2 1 304 337 303
356 2 2 2 1 303 337 338
357 2 2 2 1 303 338 302
358 2 2 2 1 302 338 339
359 2 2 2 1 302 339 301
360 2 2 2 1 301 339 340
361 2 2 2 1 301 340 300
362 2 2 2 1 300 340 341
363 2 2 2 1 300 341 299
364 2 2 2 1 299 341 342
365 2 2 2 1 299 342 298
366 2 2 2 1 298 342 343
367 2 2 2 1 298 343 297
368 2 2 2 1 297 343 344
369 2 2 2 1 297 344 296
370 2 2 2 1 296 344 345
371 2 2 2 1 296 345 295
372 2 2 2 1 295 345 346
373 2 2 2 1 295 346 294
374 2 2 2 1 294 346 347
375 2 2 2 1 294 347 293
376 2 2 2 1 293 347 348
377 2 2 2 1 293 348 292
378 2 2 2 1 292 348 349
379 2 2 2 1 292 349 291
380 2 2 2 1 291 349 350
381 2 2 2 1 291 350 290
382 2 2 2 1 290 350 351
383 2 2 2 1 290 351 289
384 2 2 2 1 289 351 352
385 2 2 2 1 289 352 288
386 2 2 2 1 288 352 353
387 2 2 2 1 288 353 287
388 2 2 2 1 287 353 354
389 2 2 2 1 287 354 286
390 2 2 2 1 286 354 355
391 2 2 2 1 286 355 285
392 2 2 2 1 285 355 356
393 2 2 2 1 285 356 284
394 2 2 2 1 284 356 357
395 2 2 2 1 284 357 283
396 2 2 2 1 283 357 358
397 2 2 2 1 283 358 282
398 2 2 2 1 282 358 359
399 2 2 2 1 282 359 281
400 2 2 2 1 281 359 360
401 2 2 2 1 281 360 280
402 2 2 2 1 280 360 361
403 2 2 2 1 280 361 279
404 2 2 2 1 279 361 362
405 2 2 2 1 279 362 278
406 2 2 2 1 278 362 363
407 2 2 2 1 278 363 277
408 2 2 2 1 277 363 364
409 2 2 2 1 277 364 276
410 2 2 2 1 276 364 365
411 2 2 2 1 276 365 275
412 2 2 2 1 275 365 366
413 2 2 2 1 275 366 274
414 2 2 2 1 274 366 367
415 2 2 2 1 274 367 273
416 2 2 2 1 273 367 368
417 2 2 2 1 273 368 272
418 2 2 2 1 272 368 369
419 2 2 2 1 272 369 271
420 2 2 2 1 271 369 370
421 2 2 2 1 271 370 270
422 2 2 2 1 270 370 371
423 2 2 2 1 270 371 269
424 2 2 2 1 269 371 372
425 2 2 2 1 269 372 268
426 2 2 2 1 268 372 373
427 2 2 2 1 268 373 267
428 2 2 2 1 267 373 374
429 2 2 2 1 267 374 266
430 2 2 2 1 266 374 375
431 2 2 2 1 266 375 265
432 2 2 2 1 265 375 376
433 2 2 2 1 265 376 264
434 2 2 2 1 264 376 377
435 2 2 2 1 264 377 263
436 2 2 2 1 263 377 378
437 2 2 2 1 263 378 262
438 2 2 2 1 262 378 379
439 2 2 2 1 262 379 261
440 2 2 2 1 261 379 380
441 2 2 2 1 261 380 260
442 2 2 2 1 260 380 381
443 2 2 2 1 260 381 259
444 2 2 2 1 259 381 382
445 2 2 2 1 259 382 258
446 2 2 2 1 258 382 383
447 2 2 2 1 258 383 257
448 2 2 2 1 257 383 384
449 2 2 2 1 257 384 256
450 2 2 2 1 256 384 385
451 2 2 2 1 256 385 255
452 2 2 2 1 255 385 386
453 2 2 2 1 255 386 254
454 2 2 2 1 254 386 387
455 2 2 2 1 254 387 253
456 2 2 2 1 253 387 388
457 2 2 2 1 253 388 252
458 2 2 2 1 252 388 389
459 2 2 2 1 252 389 251
460 2 2 2 1 251 389 390
461 2 2 2 1 251 390 250
462 2 2 2 1 250 390 391
463 2 2 2 1 250 391 249
464 2 2 2 1 249 391 392
465 2 2 2 1 249 392 248
466 2 2 2 1 248 392 393
467 2 2 2 1 248 393 247
468 2 2 2 1 247 393 394
469 2 2 2 1 247 394 246
470 2 2 2 1 246 394 395
471 2 2 2 1 246 395 245
472 2 2 2 1 245 395 396
473 2 2 2 1 245 396 244
474 2 2 2 1 244 396 397
475 2 2 2 1 244 397 243
476 2 2 2 1 243 397 398
477 2 2 2 1 243 398 242
478 2 2 2 1 242 398 399
479 2 2 2 1 242 399 4
480 2 2 2 1 4 399 241
481 2 2 2 1 5 6 321
482 2 2 2 1 321 6 400
483 2 2 2 1 321 400 322
484 2 2 2 1 322 400 401
485 2 2 2 1 322 401 323
486 2 2 2 1 323 401 402
487 2 2 2 1 323 402 324
488 2 2 2 1 324 402 403
489 2 2 2 1 324 403 325
490 2 2 2 1 325 403 404
491 2 2 2 1 325 404 326
492 2 2 2 1 326 404 405
493 2 2 2 1 326 405 327
494 2 2 2 1 327 405 406
495 2 2 2 1 327 406 328
496 2 2 2 1 328 406 407
497 2 2 2 1 328 407 329
498 2 2 2 1 329 407 408
499 2 2 2 1 329 408 330
500 2 2 2 1 330 408 409
501 2 2 2 1 330 409 331
502 2 2 2 1 331 409 410
503 2 2 2 1 331 410 332
504 2 2 2 1 332 410 411
505 2 2 2 1 332 411 333
506 2 2 2 1 333 411 412
507 2 2 2 1 333 412 334
508 2 2 2 1 334 412 413
509 2 2 2 1 334 413 335
510 2 2 2 1 335 413 414
511 2 2 2 1 335 414 336
512 2 2 2 1 336 414 415
513 2 2 2 1 336 415 337
514 2 2 2 1 337 415 416
515 2 2 2 1 337 416 338
516 2 2 2 1 338 416 417
517 2 2 2 1 338 417 339
518 2 2 2 1 339 417 418
519 2 2 2 1 339 418 340
520 2 2 2 1 340 418 419
521 2 2 2 1 340 419 341
522 2 2 2 1 341 419 420
523 2 2 2 1 341 420 342
524 2 2 2 1 342 420 421
525 2 2 2 1 342 421 343
526 2 2 2 1 343 421 422
527 2 2 2 1 343 422 344
528 2 2 2 1 344 422 423
529 2 2 2 1 344 423 345
530 2 2 2 1 345 423 424
531 2 2 2 1 345 424 346
532 2 2 2 1 346 424 425
533 2 2 2 1 346 425 347
534 2 2 2 1 347 425 426
535 2 2 2 1 347 426 348
536 2 2 2 1 348 426 427
537 2 2 2 1 348 427 349
538 2 2 2 1 349 427 428
539 2 2 2 1 349 428 350
540 2 2 2 1 350 428 429
541 2 2 2 1 350 429 351
542 2 2 2 1 351 429 430
543 2 2 2 1 351 430 352
544 2 2 2 1 352 430 431
545 2 2 2 1 352 431 353
546 2 2 2 1 353 431 432
547 2 2 2 1 353 432 354
548 2 2 2 1 354 432 433
549 2 2 2 1 354 433 355
550 2 2 2 1 355 433 434
551 2 2 2 1 355 434 356
552 2 2 2 1 356 434 435
553 2 2 2 1 356 435 357
554 2 2 2 1 357 435 436
555 2 2 2 1 357 436 358
556 2 2 2 1 358 436 437
557 2 2 2 1 358 437 359
558 2 2 2 1 359 437 438
559 2 2 2 1 359 438 360
560 2 2 2 1 360 438 439
561 2 2 2 1 360 439 361
562 2 2 2 1 361 439 440
563 2 2 2 1 361 440 362
564 2 2 2 1 362 440 441
565 2 2 2 1 362 441 363
566 2 2 2 1 363 441 442
567 2 2 2 1 363 442 364
568 2 2 2 1 364 442 443
569 2 2 2 1 364 443 365
570 2 2 2 1 365 443 444
571 2 2 2 1 365 444 366
572 2 2 2 1 366 444 445
573 2 2 2 1 366 445 367
574 2 2 2 1 367 445 446
575 2 2 2 1 367 446 368
576 2 2 2 1 368 446 447
577 2 2 2 1 368 447 369
578 2 2 2 1 369 447 448
579 2 2 2 1 369 448 370
580 2 2 2 1 370 448 449
581 2 2 2 1 370 449 371
582 2 2 2 1 371 449 450
583 2 2 2 1 371 450 372
584 2 2 2 1 372 450 451
585 2 2 2 1 372 451 373
586 2 2 2 1 373 451 452
587 2 2 2 1 373 452 374
588 2 2 2 1 374 452 453
589 2 2 2 1 374 453 375
590 2 2 2 1 375 453 454
591 2 2 2 1 375 454 376
592 2 2 2 1 376 454 455
593 2 2 2 1 376 455 377
594 2 2 2 1 377 455 456
595 2 2 2 1 377 456 378
596 2 2 2 1 378 456 457
597 2 2 2 1 378 457 379
598 2 2 2 1 379 457 458
599 2 2 2 1 379 458 380
600 2 2 2 1 380 458 459
601 2 2 2 1 380 459 381
602 2 2 2 1 381 459 460
603 2 2 2 1 381 460 382
604 2 2 2 1 382 460 461
605 2 2 2 1 382 461 383
606 2 2 2 1 383 461 462
607 2 2 2 1 383 462 384
608 2 2 2 1 384 462 463
609 2 2 2 1 384 463 385
610 2 2 2 1 385 463 464
611 2 2 2 1 385 464 386
612 2 2 2 1 386 464 465
613 2 2 2 1 386 465 387
614 2 2 2 1 387 465 466
615 2 2 2 1 387 466 388
616 2 2 2 1 388 466 467
617 2 2 2 1 388 467 389
618 2 2 2 1 389 467 468
619 2 2 2 1 389 468 390
620 2 2 2 1 390 468 469
621 2 2 2 1 390 469 391
622 2 2 2 1 391 469 470
623 2 2 2 1 391 470 392
624 2 2 2 1 392 470 471
625 2 2 2 1 392 471 393
626 2 2 2 1 393 471 472
627 2 2 2 1 393 472 394
628 2 2 2 1 394 472 473
629 2 2 2 1 394 473 395
630 2 2 2 1 395 473 474
631 2 2 2 1 395 474 396
632 2 2 2 1 396 474 475
633 2 2 2 1 396 475 397
634 2 2 2 1 397 475 476
635 2 2 2 1 397 476 398
636 2 2 2 1 398 476 477
637 2 2 2 1 398 477 399
638 2 2 2 1 399 477 478
639 2 2 2 1 399 478 241
640 2 2 2 1 241 478 240
641 2 2 2 1 6 7 400
642 2 2 2 1 400 7 479
643 2 2 2 1 400 479 401
644 2 2 2 1 401 479 480
645 2 2 2 1 401 480 402
646 2 2 2 1 402 480 481
647 2 2 2 1 402 481 403
648 2 2 2 1 403 481 482
649 2 2 2 1 403 482 404
650 2 2 2 1 404 482 483
651 2 2 2 1 404 483 405
652 2 2 2 1 405 483 484
653 2 2 2 1 405 484 406
654 2 2 2 1 406 484 485
655 2 2 2 1 406 485 407
656 2 2 2 1 407 485 486
657 2 2 2 1 407 486 408
658 2 2 2 1 408 486 487
659 2 2 2 1 408 487 409
660 2 2 2 1 409 487 488
661 2 2 2 1 409 488 410
662 2 2 2 1 410 488 489
663 2 2 2 1 410 489 411
664 2 2 2 1 411 489 490
665 2 2 2 1 411 490 412
666 2 2 2 1 412 490 491
667 2 2 2 1 412 491 413
668 2 2 2 1 413 491 492
669 2 2 2 1 413 492 414
670 2 2 2 1 414 492 493
671 2 2 2 1 414 493 415
672 2 2 2 1 415 493 494
673 2 2 2 1 415 494 416
674 2 2 2 1 416 494 495
675 2 2 2 1 416 495 417
676 2 2 2 1 417 495 496
677 2 2 2 1 417 496 418
678 2 2 2 1 418 496 497
679 2 2 2 1 418 497 419
680 2 2 2 1 419 497 498
681 2 2 2 1 419 498 420
682 2 2 2 1 420 498 499
683 2 2 2 1 420 499 421
684 2 2 2 1 421 499 500
685 2 2 2 1 421 500 422
686 2 2 2 1 422 500 501
687 2 2 2 1 422 501 423
688 2 2 2 1 423 501 502
689 2 2 2 1 423 502 424
690 2 2 2 1 424 502 503
691 2 2 2 1 424 503 425
692 2 2 2 1 425 503 504
693 2 2 2 1 425 504 426
694 2 2 2 1 426 504 505
695 2 2 2 1 426 505 427
696 2 2 2 1 427 505 506
697 2 2 2 1 427 506 428
698 2 2 2 1 428 506 507
699 2 2 2 1 428 507 429
700 2 2 2 1 429 507 508
701 2 2 2 1 429 508 430
702 2 2 2 1 430 508 509
703 2 2 2 1 430 509 431
704 2 2 2 1 431 509 510
705 2 2 2 1 431 510 432
706 2 2 2 1 432 510 511
707 2 2 2 1 432 511 433
708 2 2 2 1 433 511 512
709 2 2 2 1 433 512 434
710 2 2 2 1 434 512 513
711 2 2 2 1 434 513 435
712 2 2 2 1 435 513 514
713 2 2 2 1 435 514 436
714 2 2 2 1 436 514 515
715 2 2 2 1 436 515 437
716 2 2 2 1 437 515 516
717 2 2 2 1 437 516 438
718 2 2 2 1 438 516 517
719 2 2 2 1 438 517 439
720 2 2 2 1 439 517 518
721 2 2 2 1 439 518 440
722 2 2 2 1 440 518 519
723 2 2 2 1 440 519 441
724 2 2 2 1 441 519 520
725 2 2 2 1 441 520 442
726 2 2 2 1 442 520 521
727 2 2 2 1 442 521 443
728 2 2 2 1 443 521 522
729 2 2 2 1 443 522 444
730 2 2 2 1 444 522 523
731 2 2 2 1 444 523 445
732 2 2 2 1 445 523 524
733 2 2 2 1 445 524 446
734 2 2 2 1 446 524 525
735 2 2 2 1 446 525 447
736 2 2 2 1 447 525 526
737 2 2 2 1 447 526 448
738 2 2 2 1 448 526 527
739 2 2 2 1 448 527 449
740 2 2 2 1 449 527 528
741 2 2 2 1 449 528 450
742 2 2 2 1 450 528 529
743 2 2 2 1 450 529 451
744 2 2 2 1 451 529 530
745 2 2 2 1 451 530 452
746 2 2 2 1 452 530 531
747 2 2 2 1 452 531 453
748 2 2 2 1 453 531 532
749 2 2 2 1 453 532 454
750 2 2 2 1 454 532 533
751 2 2 2 1 454 533 455
752 2 2 2 1 455 533 534
753 2 2 2 1 455 534 456
754 2 2 2 1 456 534 535
755 2 2 2 1 456 535 457
756 2 2 2 1 457 535 536
757 2 2 2 1 457 536 458
758 2 2 2 1 458 536 537
759 2 2 2 1 458 537 459
760 2 2 2 1 459 537 538
761 2 2 2 1 459 538 460
762 2 2 2 1 460 538 539
763 2 2 2 1 460 539 461
764 2 2 2 1 461 539 540
765 2 2 2 1 461 540 462
766 2 2 2 1 462 540 541
767 2 2 2 1 462 541 463
768 2 2 2 1 463 541 542
769 2 2 2 1 463 542 464
770 2 2 2 1 464 542 543
771 2 2 2 1 464 543 465
772 2 2 2 1 465 543 544
773 2 2 2 1 465 544 466
774 2 2 2 1 466 544 545
775 2 2 2 1 466 545 467
776 2 2 2 1 467 545 546
777 2 2 2 1 467 546 468
778 2 2 2 1 468 546 547
779 2 2 2 1 468 547 469
780 2 2 2 1 469 547 548
781 2 2 2 1 469 548 470
782 2 2 2 1 470 548 549
783 2 2 2 1 470 549 471
784 2 2 2 1 471 549 550
785 2 2 2 1 471 550 472
786 2 2 2 1 472 550 551
787 2 2 2 1 472 551 473
788 2 2 2 1 473 551 552
789 2 2 2 1 473 552 474
790 2 2 2 1 474 552 553
791 2 2 2 1 474 553 475
792 2 2 2 1 475 553 554
793 2 2 2 1 475 554 476
794 2 2 2 1 476 554 555
795 2 2 2 1 476 555 477
796 2 2 2 1 477 555 556
797 2 2 2 1 477 556 478
798 2 2 2 1 478 556 557
799 2 2 2 1 478 557 240
800 2 2 2 1 240 557 239
801 2 2 2 1 7 8 479
802 2 2 2 1 479 8 558
803 2 2 2 1 479 558 480
804 2 2 2 1 480 558 559
805 2 2 2 1 480 559 481
806 2 2 2 1 481 559 560
807 2 2 2 1 481 560 482
808 2 2 2 1 482 560 561
809 2 2 2 1 482 561 483
810 2 2 2 1 483 561 562
811 2 2 2 1 483 562 484
812 2 2 2 1 484 562 563
813 2 2 2 1 484 563 485
814 2 2 2 1 485 563 564
815 2 2 2 1 485 564 486
816 2 2 2 1 486 564 565
817 2 2 2 1 486 565 487
818 2 2 2 1 487 565 566
819 2 2 2 1 487 566 488
820 2 2 2 1 488 566 567
821 2 2 2 1 488 567 489
822 2 2 2 1 489 567 568
823 2 2 2 1 489 568 490
824 2 2 2 1 490 568 569
825 2 2 2 1 490 569 491
826 2 2 2 1 491 569 570
827 2 2 2 1 491 570 492
828 2 2 2 1 492 570 571
829 2 2 2 1 492 571 493
830 2 2 2 1 493 571 572
831 2 2 2 1 493 572 494
832 2 2 2 1 494 572 573
833 2 2 2 1 494 573 495
834 2 2 2 1 495 573 574
835 2 2 2 1 495 574 496
836 2 2 2 1 496 574 575
837 2 2 2 1 496 575 497
838 2 2 2 1 497 575 576
839 2 2 2 1 497 576 498
840 2 2 2 1 498 576 577
841 2 2 2 1 498 577 499
842 2 2 2 1 499 577 578
843 2 2 2 1 499 578 500
844 2 2 2 1 500 578 579
845 2 2 2 1 500 579 501
846 2 2 2 1 501 579 580
847 2 2 2 1 501 580 502
848 2 2 2 1 502 580 581
849 2 2 2 1 502 581 503
850 2 2 2 1 503 581 582
851 2 2 2 1 503 582 504
852 2 2 2 1 504 582 583
853 2 2 2 1 504 583 505
854 2 2 2 1 505 583 584
855 2 2 2 1 505 584 506
856 2 2 2 1 506 584 585
857 2 2 2 1 506 585 507
858 2 2 2 1 507 585 586
859 2 2 2 1 507 586 508
860 2 2 2 1 508 586 587
861 2 2 2 1 508 587 509
862 2 2 2 1 509 587 588
863 2 2 2 1 509 588 510
864 2 2 2 1 510 588 589
865 2 2 2 1 510 589 511
866 2 2 2 1 511 589 590
867 2 2 2 1 511 590 512
868 2 2 2 1 512 590 591
869 2 2 2 1 512 591 513
870 2 2 2 1 513 591 592
871 2 2 2 1 513 592 514
872 2 2 2 1 514 592 593
873 2 2 2 1 514 593 515
874 2 2 2 1 515 593 594
875 2 2 2 1 515 594 516
876 2 2 2 1 516 594 595
877 2 2 2 1 516 595 517
878 2 2 2 1 517 595 596
879 2 2 2 1 517 596 518
880 2 2 2 1 518 596 597
881 2 2 2 1 518 597 519
882 2 2 2 1 519 597 598
883 2 2 2 1 519 598 520
884 2 2 2 1 520 598 599
885 2 2 2 1 520 599 521
886 2 2 2 1 521 599 600
887 2 2 2 1 521 600 522
888 2 2 2 1 522 600 601
889 2 2 2 1 522 601 523
890 2 2 2 1 523 601 602
891 2 2 2 1 523 602 524
892 2 2 2 1 524 602 603
893 2 2 2 1 524 603 525
894 2 2 2 1 525 603 604
895 2 2 2 1 525 604 526
896 2 2 2 1 526 604 605
897 2 2 2 1 526 605 527
898 2 2 2 1 527 605 606
899 2 2 2 1 527 606 528
900 2 2 2 1 528 606 607
901 2 2 2 1 528 607 529
902 2 2 2 1 529 607 608
903 2 2 2 1 529 608 530
904 2 2 2 1 530 608 609
905 2 2 2 1 530 609 531
906 2 2 2 1 531 609 610
907 2 2 2 1 531 610 532
908 2 2 2 1 532 610 611
909 2 2 2 1 532 611 533
910 2 2 2 1 533 611 612
911 2 2 2 1 533 612 534
912 2 2 2 1 534 612 613
913 2 2 2 1 534 613 535
914 2 2 2 1 535 613 614
915 2 2 2 1 535 614 536
916 2 2 2 1 536 614 615
917 2 2 2 1 536 615 537
918 2 2 2 1 537 615 616
919 2 2 2 1 537 616 538
920 2 2 2 1 538 616 617
921 2 2 2 1 538 617 539
922 2 2 2 1 539 617 618
923 2 2 2 1 539 618 540
924 2 2 2 1 540 618 619
925 2 2 2 1 540 619 541
926 2 2 2 1 541 619 620
927 2 2 2 1 541 620 542
928 2 2 2 1 542 620 621
929 2 2 2 1 542 621 543
930 2 2 2 1 543 621 622
931 2 2 2 1 543 622 544
932 2 2 2 1 544 622 623
933 2 2 2 1 544 623 545
934 2 2 2 1 545 623 624
935 2 2 2 1 545 624 546
936 2 2 2 1 546 624 625
937 2 2 2 1 546 625 547
938 2 2 2 1 547 625 626
939 2 2 2 1 547 626 548
940 2 2 2 1 548 626 627
941 2 2 2 1 548 627 549
942 2 2 2 1 549 627 628
943 2 2 2 1 549 628 550
944 2 2 2 1 550 628 629
945 2 2 2 1 550 629 551
946 2 2 2 1 551 629 630
947 2 2 2 1 551 630 552
948 2 2 2 1 552 630 631
949 2 2 2 1 552 631 553
950 2 2 2 1 553 631 632
951 2 2 2 1 553 632 554
952 2 2 2 1 554 632 633
953 2 2 2 1 554 633 555
954 2 2 2 1 555 633 634
955 2 2 2 1 555 634 556
956 2 2 2 1 556 634 635
957 2 2 2 1 556 635 557
958 2 2 2 1 557 635 636
959 2 2 2 1 557 636 239
960 2 2 2 1 239 636 238
961 2 2 2 1 8 9 558
962 2 2 2 1 558 9 637
963 2 2 2 1 558 637 559
964 2 2 2 1 559 637 638
965 2 2 2 1 559 638 560
966 2 2 2 1 560 638 639
967 2 2 2 1 560 639 561
968 2 2 2 1 561 639 640
969 2 2 2 1 561 640 562
970 2 2 2 1 562 640 641
971 2 2 2 1 562 641 563
972 2 2 2 1 563 641 642
973 2 2 2 1 563 642 564
974 2 2 2 1 564 642 643
975 2 2 2 1 564 643 565
976 2 2 2 1 565 643 644
977 2 2 2 1 565 644 566
978 2 2 2 1 566 644 645
979 2 2 2 1 566 645 567
980 2 2 2 1 567 645 646
981 2 2 2 1 567 646 568
982 2 2 2 1 568 646 647
983 2 2 2 1 568 647 569
984 2 2 2 1 569 647 648
985 2 2 2 1 569 648 570
986 2 2 2 1 570 648 649
987 2 2 2 1 570 649 571
988 2 2 2 1 571 649 650
989 2 2 2 1 571 650 572
990 2 2 2 1 572 650 651
991 2 2 2 1 572 651 573
992 2 2 2 1 573 651 652
993 2 2 2 1 573 652 574
994 2 2 2 1 574 652 653
995 2 2 2 1 574 653 575
996 2 2 2 1 575 653 654
997 2 2 2 1 575 654 576
998 2 2 2 1 576 654 655
999 2 2 2 1 576 655 577
1000 2 2 2 1 577 655 656
1001 2 2 2 1 577 656 578
1002 2 2 2 1 578 656 657
1003 2 2 2 1 578 657 579
1004 2 2 2 1 579 657 658
1005 2 2 2 1 579 658 580
1006 2 2 2 1 580 658 659
1007 2 2 2 1 580 659 581
1008 2 2 2 1 581 659 660
1009 2 2 2 1 581 660 582
1010 2 2 2 1 582 660 661
1011 2 2 2 1 582 661 583
1012 2 2 2 1 583 661 662
1013 2 2 2 1 583 662 584
1014 2 2 2 1 584 662 663
1015 2 2 2 1 584 663 585
1016 2 2 2 1 585 663 664
1017 2 2 2 1 585 664 586
1018 2 2 2 1 586 664 665
1019 2 2 2 1 586 665 587
1020 2 2 2 1 587 665 666
1021 2 2 2 1 587 666 588
1022 2 2 2 1 588 666 667
1023 2 2 2 1 588 667 589
1024 2 2 2 1 589 667 668
1025 2 2 2 1 589 668 590
1026 2 2 2 1 590 668 669
1027 2 2 2 1 590 669 591
1028 2 2 2 1 591 669 670
1029 2 2 2 1 591 670 592
1030 2 2 2 1 592 670 671
1031 2 2 2 1 592 671 593
1032 2 2 2 1 593 671 672
1033 2 2 2 1 593 672 594
1034 2 2 2 1 594 672 673
1035 2 2 2 1 594 673 595
1036 2 2 2 1 595 673 674
1037 2 2 2 1 595 674 596
1038 2 2 2 1 596 674 675
1039 2 2 2 1 596 675 597
1040 2 2 2 1 597 675 676
1041 2 2 2 1 597 676 598
1042 2 2 2 1 598 676 677
1043 2 2 2 1 598 677 599
1044 2 2 2 1 599 677 678
1045 2 2 2 1 599 678 600
1046 2 2 2 1 600 678 679
1047 2 2 2 1 600 679 601
1048 2 2 2 1 601 679 680
1049 2 2 2 1 601 680 602
1050 2 2 2 1 602 680 681
1051 2 2 2 1 602 681 603
1052 2 2 2 1 603 681 682
1053 2 2 2 1 603 682 604
1054 2 2 2 1 604 682 683
1055 2 2 2 1 604 683 605
1056 2 2 2 1 605 683 684
1057 2 2 2 1 605 684 606
1058 2 2 2 1 606 684 685
1059 2 2 2 1 606 685 607
1060 2 2 2 1 607 685 686
1061 2 2 2 1 607 686 608
1062 2 2 2 1 608 686 687
1063 2 2 2 1 608 687 609
1064 2 2 2 1 609 687 688
1065 2 2 2 1 609 688 610
1066 2 2 2 1 610 688 689
1067 2 2 2 1 610 689 611
1068 2 2 2 1 611 689 690
1069 2 2 2 1 611 690 612
1070 2 2 2 1 612 690 691
1071 2 2 2 1 612 691 613
1072 2 2 2 1 613 691 692
1073 2 2 2 1 613 692 614
1074 2 2 2 1 614 692 693
1075 2 2 2 1 614 693 615
1076 2 2 2 1 615 693 694
1077 2 2 2 1 615 694 616
1078 2 2 2 1 616 694 695
1079 2 2 2 1 616 695 617
1080 2 2 2 1 617 695 696
1081 2 2 2 1 617 696 618
1082 2 2 2 1 618 696 697
1083 2 2 2 1 618 697 619
1084 2 2 2 1 619 697 698
1085 2 2 2 1 619 698 620
1086 2 2 2 1 620 698 699
1087 2 2 2 1 620 699 621
1088 2 2 2 1 621 699 700
1089 2 2 2 1 621 700 622
1090 2 2 2 1 622 700 701
1091 2 2 2 1 622 701 623
1092 2 2 2 1 623 701 702
1093 2 2 2 1 623 702 624
1094 2 2 2 1 624 702 703
1095 2 2 2 1 624 703 625
1096 2 2 2 1 625 703 704
1097 2 2 2 1 625 704 626
1098 2 2 2 1 626 704 705
1099 2 2 2 1 626 705 627
1100 2 2 2 1 627 705 706
1101 2 2 2 1 627 706 628
1102 2 2 2 1 628 706 707
1103 2 2 2 1 628 707 629
1104 2 2 2 1 629 707 708
1105 2 2 2 1 629 708 630
1106 2 2 2 1 630 708 709
1107 2 2 2 1 630 709 631
1108 2 2 2 1 631 709 710
1109 2 2 2 1 631 710 632
1110 2 2 2 1 632 710 711
1111 2 2 2 1 632 711 633
1112 2 2 2 1 633 711 712
1113 2 2 2 1 633 712 634
1114 2 2 2 1 634 712 713
1115 2 2 2 1 634 713 635
1116 2 2 2 1 635 713 714
1117 2 2 2 1 635 714 636
1118 2 2 2 1 636 714 715
1119 2 2 2 1 636 715 238
1120 2 2 2 1 238 715 237
1121 2 2 2 1 9 10 637
1122 2 2 2 1 637 10 716
1123 2 2 2 1 637 716 638
1124 2 2 2 1 638 716 717
1125 2 2 2 1 638 717 639
1126 2 2 2 1 639 717 718
1127 2 2 2 1 639 718 640
1128 2 2 2 1 640 718 719
1129 2 2 2 1 640 719 641
1130 2 2 2 1 641 719 720
1131 2 2 2 1 641 720 642
1132 2 2 2 1 642 720 721
1133 2 2 2 1 642 721 643
1134 2 2 2 1 643 721 722
1135 2 2 2 1 643 722 644
1136 2 2 2 1 644 722 723
1137 2 2 2 1 644 723 645
1138 2 2 2 1 645 723 724
1139 2 2 2 1 645 724 646
1140 2 2 2 1 646 724 725
1141 2 2 2 1 646 725 647
1142 2 2 2 1 647 725 726
1143 2 2 2 1 647 726 648
1144 2 2 2 1 648 726 727
1145 2 2 2 1 648 727 649
1146 2 2 2 1 649 727 728
1147 2 2 2 1 649 728 650
1148 2 2 2 1 650 728 729
1149 2 2 2 1 650 729 651
1150 2 2 2 1 651 729 730
1151 2 2 2 1 651 730 652
1152 2 2 2 1 652 730 731
1153 2 2 2 1 652 731 653
1154 2 2 2 1 653 731 732
1155 2 2 2 1 653 732 654
1156 2 2 2 1 654 732 733
1157 2 2 2 1 654 733 655
1158 2 2 2 1 655 733 734
1159 2 2 2 1 655 734 656
1160 2 2 2 1 656 734 735
1161 2 2 2 1 656 735 657
1162 2 2 2 1 657 735 736
1163 2 2 2 1 657 736 658
1164 2 2 2 1 658 736 737
1165 2 2 2 1 658 737 659
1166 2 2 2 1 659 737 738
1167 2 2 2 1 659 738 660
1168 2 2 2 1 660 738 739
1169 2 2 2 1 660 739 661
1170 2 2 2 1 661 739 740
1171 2 2 2 1 661 740 662
1172 2 2 2 1 662 740 741
1173 2 2 2 1 662 741 663
1174 2 2 2 1 663 741 742
1175 2 2 2 1 663 742 664
1176 2 2 2 1 664 742 743
1177 2 2 2 1 664 743 665
1178 2 2 2 1 665 743 744
1179 2 2 2 1 665 744 666
1180 2 2 2 1 666 744 745
1181 2 2 2 1 666 745 667
1182 2 2 2 1 667 745 746
1183 2 2 2 1 667 746 668
1184 2 2 2 1 668 746 747
1185 2 2 2 1 668 747 669
1186 2 2 2 1 669 747 748
1187 2 2 2 1 669 748 670
1188 2 2 2 1 670 748 749
1189 2 2 2 1 670 749 671
1190 2 2 2 1 671 749 750
1191 2 2 2 1 671 750 672
1192 2 2 2 1 672 750 751
1193 2 2 2 1 672 751 673
1194 2 2 2 1 673 751 752
1195 2 2 2 1 673 752 674
1196 2 2 2 1 674 752 753
1197 2 2 2 1 674 753 675
1198 2 2 2 1 675 753 754
1199 2 2 2 1 675 754 676
1200 2 2 2 1 676 754 755
1201 2 2 2 1 676 755 677
1202 2 2 2 1 677 755 756
1203 2 2 2 1 677 756 678
1204 2 2 2 1 678 756 757
1205 2 2 2 1 678 757 679
1206 2 2 2 1 679 757 758
1207 2 2 2 1 679 758 680
1208 2 2 2 1 680 758 759
1209 2 2 2 1 680 759 681
1210 2 2 2 1 681 759 760
1211 2 2 2 1 681 760 682
1212 2 2 2 1 682 760 761
1213 2 2 2 1 682 761 683
1214 2 2 2 1 683 761 762
1215 2 2 2 1 683 762 684
1216 2 2 2 1 684 762 763
1217 2 2 2 1 684 763 685
1218 2 2 2 1 685 763 764
1219 2 2 2 1 685 764 686
1220 2 2 2 1 686 764 765
1221 2 2 2 1 686 765 687
1222 2 2 2 1 687 765 766
1223 2 2 2 1 687 766 688
1224 2 2 2 1 688 766 767
1225 2 2 2 1 688 767 689
1226 2 2 2 1 689 767 768
1227 2 2 2 1 689 768 690
1228 2 2 2 1 690 768 769
1229 2 2 2 1 690 769 691
1230 2 2 2 1 691 769 770
1231 2 2 2 1 691 770 692
1232 2 2 2 1 692 770 771
1233 2 2 2 1 692 771 693
1234 2 2 2 1 693 771 772
1235 2 2 2 1 693 772 694
1236 2 2 2 1 694 772 773
1237 2 2 2 1 694 773 695
1238 2 2 2 1 695 773 774
1239 2 2 2 1 695 774 696
1240 2 2 2 1 696 774 775
1241 2 2 2 1 696 775 697
1242 2 2 2 1 697 775 776
1243 2 2 2 1 697 776 698
1244 2 2 2 1 698 776 777
1245 2 2 2 1 698 777 699
1246 2 2 2 1 699 777 778
1247 2 2 2 1 699 778 700
1248 2 2 2 1 700 778 779
1249 2 2 2 1 700 779 701
1250 2 2 2 1 701 779 780
1251 2 2 2 1 701 780 702
1252 2 2 2 1 702 780 781
1253 2 2 2 1 702 781 703
1254 2 2 2 1 703 781 782
1255 2 2 2 1 703 782 704
1256 2 2 2 1 704 782 783
1257 2 2 2 1 704 783 705
1258 2 2 2 1 705 783 784
1259 2 2 2 1 705 784 706
1260 2 2 2 1 706 784 785
1261 2 2 2 1 706 785 707
1262 2 2 2 1 707 785 786
1263 2 2 2 1 707 786 708
1264 2 2 2 1 708 786 787
1265 2 2 2 1 708 787 709
1266 2 2 2 1 709 787 788
1267 2 2 2 1 709 788 710
1268 2 2 2 1 710 788 789
1269 2 2 2 1 710 789 711
1270 2 2 2 1 711 789 790
1271 2 2 2 1 711 790 712
1272 2 2 2 1 712 790 791
1273 2 2 2 1 712 791 713
1274 2 2 2 1 713 791 792
1275 2 2 2 1 713 792 714
1276 2 2 2 1 714 792 793
1277 2 2 2 1 714 793 715
1278 2 2 2 1 715 793 794
1279 2 2 2 1 715 794 237
1280 2 2 2 1 237 794 236
1281 2 2 2 1 10 11 716
1282 2 2 2 1 716 11 795
1283 2 2 2 1 716 795 717
1284 2 2 2 1 717 795 796
1285 2 2 2 1 717 796 718
1286 2 2 2 1 718 796 797
1287 2 2 2 1 718 797 719
1288 2 2 2 1 719 797 798
1289 2 2 2 1 719 798 720
1290 2 2 2 1 720 798 799
1291 2 2 2 1 720 799 721
1292 2 2 2 1 721 799 800
1293 2 2 2 1 721 800 722
1294 2 2 2 1 722 800 801
1295 2 2 2 1 722 801 723
1296 2 2 2 1 723 801 802
1297 2 2 2 1 723 802 724
1298 2 2 2 1 724 802 803
1299 2 2 2 1 724 803 725
1300 2 2 2 1 725 803 804
1301 2 2 2 1 725 804 726
1302 2 2 2 1 726 804 805
1303 2 2 2 1 726 805 727
1304 2 2 2 1 727 805 806
1305 2 2 2 1 727 806 728
1306 2 2 2 1 728 806 807
1307 2 2 2 1 728 807 729
1308 2 2 2 1 729 807 808
1309 2 2 2 1 729 808 730
1310 2 2 2 1 730 808 809
1311 2 2 2 1 730 809 731
1312 2 2 2 1 731 809 810
1313 2 2 2 1 731 810 732
1314 2 2 2 1 732 810 811
1315 2 2 2 1 732 811 733
1316 2 2 2 1 733 811 812
1317 2 2 2 1 733 812 734
1318 2 2 2 1 734 812 813
1319 2 2 2 1 734 813 735
1320 2 2 2 1 735 813 814
1321 2 2 2 1 735 814 736
1322 2 2 2 1 736 814 815
1323 2 2 2 1 736 815 737
1324 2 2 2 1 737 815 816
1325 2 2 2 1 737 816 738
1326 2 2 2 1 738 816 817
1327 2 2 2 1 738 817 739
1328 2 2 2 1 739 817 818
1329 2 2 2 1 739 818 740
1330 2 2 2 1 740 818 819
1331 2 2 2 1 740 819 741
1332 2 2 2 1 741 819 820
1333 2 2 2 1 741 820 742
1334 2 2 2 1 742 820 821
1335 2 2 2 1 742 821 743
1336 2 2 2 1 743 821 822
1337 2 2 2 1 743 822 744
1338 2 2 2 1 744 822 823
1339 2 2 2 1 744 823 745
1340 2 2 2 1 745 823 824
1341 2 2 2 1 745 824 746
1342 2 2 2 1 746 824 825
1343 2 2 2 1 746 825 747
1344 2 2 2 1 747 825 826
1345 2 2 2 1 747 826 748
1346 2 2 2 1 748 826 827
1347 2 2 2 1 748 827 749
1348 2 2 2 1 749 827 828
1349 2 2 2 1 749 828 750
1350 2 2 2 1 750 828 829
1351 2 2 2 1 750 829 751
1352 2 2 2 1 751 829 830
1353 2 2 2 1 751 830 752
1354 2 2 2 1 752 830 831
1355 2 2 2 1 752 831 753
1356 2 2 2 1 753 831 832
1357 2 2 2 1 753 832 754
1358 2 2 2 1 754 832 833
1359 2 2 2 1 754 833 755
1360 2 2 2 1 755 833 834
1361 2 2 2 1 755 834 756
1362 2 2 2 1 756 834 835
1363 2 2 2 1 756 835 757
1364 2 2 2 1 757 835 836
1365 2 2 2 1 757 836 758
1366 2 2 2 1 758 836 837
1367 2 2 2 1 758 837 759
1368 2 2 2 1 759 837 838
1369 2 2 2 1 759 838 760
1370 2 2 2 1 760 838 839
1371 2 2 2 1 760 839 761
1372 2 2 2 1 761 839 840
1373 2 2 2 1 761 840 762
1374 2 2 2 1 762 840 841
1375 2 2 2 1 762 841 763
1376 2 2 2 1 763 841 842
1377 2 2 2 1 763 842 764
1378 2 2 2 1 764 842 843
1379 2 2 2 1 764 843 765
1380 2 2 2 1 765 843 844
1381 2 2 2 1 765 844 766
1382 2 2 2 1 766 844 845
1383 2 2 2 1 766 845 767
1384 2 2 2 1 767 845 846
1385 2 2 2 1 767 846 768
1386 2 2 2 1 768 846 847
1387 2 2 2 1 768 847 769
1388 2 2 2 1 769 847 848
1389 2 2 2 1 769 848 770
1390 2 2 2 1 770 848 849
1391 2 2 2 1 770 849 771
1392 2 2 2 1 771 849 850
1393 2 2 2 1 771 850 772
1394 2 2 2 1 772 850 851
1395 2 2 2 1 772 851 773
1396 2 2 2 1 773 851 852
1397 2 2 2 1 773 852 774
1398 2 2 2 1 774 852 853
1399 2 2 2 1 774 853 775
1400 2 2 2 1 775 853 854
1401 2 2 2 1 775 854 776
1402 2 2 2 1 776 854 855
1403 2 2 2 1 776 855 777
1404 2 2 2 1 777 855 856
1405 2 2 2 1 777 856 778
1406 2 2 2 1 778 856 857
1407 2 2 2 1 778 857 779
1408 2 2 2 1 779 857 858
1409 2 2 2 1 779 858 780
1410 2 2 2 1 780 858 859
1411 2 2 2 1 780 859 781
1412 2 2 2 1 781 859 860
1413 2 2 2 1 781 860 782
1414 2 2 2 1 782 860 861
1415 2 2 2 1 782 861 783
1416 2 2 2 1 783 861 862
1417 2 2 2 1 783 862 784
1418 2 2 2 1 784 862 863
1419 2 2 2 1 784 863 785
1420 2 2 2 1 785 863 864
1421 2 2 2 1 785 864 786
1422 2 2 2 1 786 864 865
1423 2 2 2 1 786 865 787
1424 2 2 2 1 787 865 866
1425 2 2 2 1 787 866 788
1426 2 2 2 1 788 866 867
1427 2 2 2 1 788 867 789
1428 2 2 2 1 789 867 868
1429 2 2 2 1 789 868 790
1430 2 2 2 1 790 868 869
1431 2 2 2 1 790 869 791
1432 2 2 2 1 791 869 870
1433 2 2 2 1 791 870 792
1434 2 2 2 1 792 870 871
1435 2 2 2 1 792 871 793
1436 2 2 2 1 793 871 872
1437 2 2 2 1 793 872 794
1438 2 2 2 1 794 872 873
1439 2 2 2 1 794 873 236
1440 2 2 2 1 236 873 235
1441 2 2 2 1 11 12 795
1442 2 2 2 1 795 12 874
1443 2 2 2 1 795 874 796
1444 2 2 2 1 796 874 875
1445 2 2 2 1 796 875 797
1446 2 2 2 1 797 875 876
1447 2 2 2 1 797 876 798
1448 2 2 2 1 798 876 877
1449 2 2 2 1 798 877 799
1450 2 2 2 1 799 877 878
1451 2 2 2 1 799 878 800
1452 2 2 2 1 800 878 879
1453 2 2 2 1 800 879 801
1454 2 2 2 1 801 879 880
1455 2 2 2 1 801 880 802
1456 2 2 2 1 802 880 881
1457 2 2 2 1 802 881 803
1458 2 2 2 1 803 881 882
1459 2 2 2 1 803 882 804
1460 2 2 2 1 804 882 883
1461 2 2 2 1 804 883 805
1462 2 2 2 1 805 883 884
1463 2 2 2 1 805 884 806
1464 2 2 2 1 806 884 885
1465 2 2 2 1 806 885 807
1466 2 2 2 1 807 885 886
1467 2 2 2 1 807 886 808
1468 2 2 2 1 808 886 887
1469 2 2 2 1 808 887 809
1470 2 2 2 1 809 887 888
1471 2 2 2 1 809 888 810
1472 2 2 2 1 810 888 889
1473 2 2 2 1 810 889 811
1474 2 2 2 1 811 889 890
1475 2 2 2 1 811 890 812
1476 2 2 2 1 812 890 891
1477 2 2 2 1 812 891 813
1478 2 2 2 1 813 891 892
1479 2 2 2 1 813 892 814
1480 2 2 2 1 814 892 893
1481 2 2 2 1 814 893 815
1482 2 2 2 1 815 893 894
1483 2 2 2 1 815 894 816
1484 2 2 2 1 816 894 895
1485 2 2 2 1 816 895 817
1486 2 2 2 1 817 895 896
1487 2 2 2 1 817 896 818
1488 2 2 2 1 818 896 897
1489 2 2 2 1 818 897 819
1490 2 2 2 1 819 897 898
1491 2 2 2 1 819 898 820
1492 2 2 2 1 820 898 899
1493 2 2 2 1 820 899 821
1494 2 2 2 1 821 899 900
1495 2 2 2 1 821 900 822
1496 2 2 2 1 822 900 901
1497 2 2 2 1 822 901 823
1498 2 2 2 1 823 901 902
1499 2 2 2 1 823 902 824
1500 2 2 2 1 824 902 903
1501 2 2 2 1 824 903 825
1502 2 2 2 1 825 903 904
1503 2 2 2 1 825 904 826
1504 2 2 2 1 826 904 905
1505 2 2 2 1 826 905 827
1506 2 2 2 1 827 905 906
1507 2 2 2 1 827 906 828
1508 2 2 2 1 828 906 907
1509 2 2 2 1 828 907 829
1510 2 2 2 1 829 907 908
1511 2 2 2 1 829 908 830
1512 2 2 2 1 830 908 909
1513 2 2 2 1 830 909 831
1514 2 2 2 1 831 909 910
1515 2 2 2 1 831 910 832
1516 2 2 2 1 832 910 911
1517 2 2 2 1 832 911 833
1518 2 2 2 1 833 911 912
1519 2 2 2 1 833 912 834
1520 2 2 2 1 834 912 913
1521 2 2 2 1 834 913 835
1522 2 2 2 1 835 913 914
1523 2 2 2 1 835 914 836
1524 2 2 2 1 836 914 915
1525 2 2 2 1 836 915 837
1526 2 2 2 1 837 915 916
1527 2 2 2 1 837 916 838
1528 2 2 2 1 838 916 917
1529 2 2 2 1 838 917 839
1530 2 2 2 1 839 917 918
1531 2 2 2 1 839 918 840
1532 2 2 2 1 840 918 919
1533 2 2 2 1 840 919 841
1534 2 2 2 1 841 919 920
1535 2 2 2 1 841 920 842
1536 2 2 2 1 842 920 921
1537 2 2 2 1 842 921 843
1538 2 2 2 1 843 921 922
1539 2 2 2 1 843 922 844
1540 2 2 2 1 844 922 923
1541 2 2 2 1 844 923 845
1542 2 2 2 1 845 923 924
1543 2 2 2 1 845 924 846
1544 2 2 2 1 846 924 925
1545 2 2 2 1 846 925 847
1546 2 2 2 1 847 925 926
1547 2 2 2 1 847 926 848
1548 2 2 2 1 848 926 927
1549 2 2 2 1 848 927 849
1550 2 2 2 1 849 927 928
1551 2 2 2 1 849 928 850
1552 2 2 2 1 850 928 929
1553 2 2 2 1 850 929 851
1554 2 2 2 1 851 929 930
1555 2 2 2 1 851 930 852
1556 2 2 2 1 852 930 931
1557 2 2 2 1 852 931 853
1558 2 2 2 1 853 931 932
1559 2 2 2 1 853 932 854
1560 2 2 2 1 854 932 933
1561 2 2 2 1 854 933 855
1562 2 2 2 1 855 933 934
1563 2 2 2 1 855 934 856
1564 2 2 2 1 856 934 935
1565 2 2 2 1 856 935 857
1566 2 2 2 1 857 935 936
1567 2 2 2 1 857 936 858
1568 2 2 2 1 858 936 937
1569 2 2 2 1 858 937 859
1570 2 2 2 1 859 937 938
1571 2 2 2 1 859 938 860
1572 2 2 2 1 860 938 939
1573 2 2 2 1 860 939 861
1574 2 2 2 1 861 939 940
1575 2 2 2 1 861 940 862
1576 2 2 2 1 862 940 941
1577 2 2 2 1 862 941 863
1578 2 2 2 1 863 941 942
1579 2 2 2 1 863 942 864
1580 2 2 2 1 864 942 943
1581 2 2 2 1 864 943 865
1582 2 2 2 1 865 943 944
1583 2 2 2 1 865 944 866
1584 2 2 2 1 866 944 945
1585 2 2 2 1 866 945 867
1586 2 2 2 1 867 945 946
1587 2 2 2 1 867 946 868
1588 2 2 2 1 868 946 947
1589 2 2 2 1 868 947 869
1590 2 2 2 1 869 947 948
1591 2 2 2 1 869 948 870
1592 2 2 2 1 870 948 949
1593 2 2 2 1 870 949 871
1594 2 2 2 1 871 949 950
1595 2 2 2 1 871 950 872
1596 2 2 2 1 872 950 951
1597 2 2 2 1 872 951 873
1598 2 2 2 1 873 951 952
1599 2 2 2 1 873 952 235
1600 2 2 2 1 235 952 234
1601 2 2 2 1 12 13 874
1602 2 2 2 1 874 13 953
1603 2 2 2 1 874 953 875
1604 2 2 2 1 875 953 954
1605 2 2 2 1 875 954 876
1606 2 2 2 1 876 954 955
1607 2 2 2 1 876 955 877
1608 2 2 2 1 877 955 956
1609 2 2 2 1 877 956 878
1610 2 2 2 1 878 956 957
1611 2 2 2 1 878 957 879
1612 2 2 2 1 879 957 958
1613 2 2 2 1 879 958 880
1614 2 2 2 1 880 958 959
1615 2 2 2 1 880 959 881
1616 2 2 2 1 881 959 960
1617 2 2 2 1 881 960 882
1618 2 2 2 1 882 960 961
1619 2 2 2 1 882 961 883
1620 2 2 2 1 883 961 962
1621 2 2 2 1 883 962 884
1622 2 2 2 1 884 962 963
1623 2 2 2 1 884 963 885
1624 2 2 2 1 885 963 964
1625 2 2 2 1 885 964 886
1626 2 2 2 1 886 964 965
1627 2 2 2 1 886 965 887
1628 2 2 2 1 887 965 966
1629 2 2 2 1 887 966 888
1630 2 2 2 1 888 966 967
1631 2 2 2 1 888 967 889
1632 2 2 2 1 889 967 968
1633 2 2 2 1 889 968 890
1634 2 2 2 1 890 968 969
1635 2 2 2 1 890 969 891
1636 2 2 2 1 891 969 970
1637 2 2 2 1 891 970 892
1638 2 2 2 1 892 970 971
1639 2 2 2 1 892 971 893
1640 2 2 2 1 893 971 972
1641 2 2 2 1 893 972 894
1642 2 2 2 1 894 972 973
1643 2 2 2 1 894 973 895
1644 2 2 2 1 895 973 974
1645 2 2 2 1 895 974 896
1646 2 2 2 1 896 974 975
1647 2 2 2 1 896 975 897
1648 2 2 2 1 897 975 976
1649 2 2 2 1 897 976 898
1650 2 2 2 1 898 976 977
1651 2 2 2 1 898 977 899
1652 2 2 2 1 899 977 978
1653 2 2 2 1 899 978 900
1654 2 2 2 1 900 978 979
1655 2 2 2 1 900 979 901
1656 2 2 2 1 901 979 980
1657 2 2 2 1 901 980 902
1658 2 2 2 1 902 980 981
1659 2 2 2 1 902 981 903
1660 2 2 2 1 903 981 982
1661 2 2 2 1 903 982 904
1662 2 2 2 1 904 982 983
1663 2 2 2 1 904 983 905
1664 2 2 2 1 905 983 984
1665 2 2 2 1 905 984 906
1666 2 2 2 1 906 984 985
1667 2 2 2 1 906 985 907
1668 2 2 2 1 907 985 986
1669 2 2 2 1 907 986 908
1670 2 2 2 1 908 986 987
1671 2 2 2 1 908 987 909
1672 2 2 2 1 909 987 988
1673 2 2 2 1 909 988 910
1674 2 2 2 1 910 988 989
1675 2 2 2 1 910 989 911
1676 2 2 2 1 911 989 990
1677 2 2 2 1 911 990 912
1678 2 2 2 1 912 990 991
1679 2 2 2 1 912 991 913
1680 2 2 2 1 913 991 992
1681 2 2 2 1 913 992 914
1682 2 2 2 1 914 992 993
1683 2 2 2 1 914 993 915
1684 2 2 2 1 915 993 994
1685 2 2 2 1 915 994 916
1686 2 2 2 1 916 994 995
1687 2 2 2 1 916 995 917
1688 2 2 2 1 917 995 996
1689 2 2 2 1 917 996 918
1690 2 2 2 1 918 996 997
1691 2 2 2 1 918 997 919
1692 2 2 2 1 919 997 998
1693 2 2 2 1 919 998 920
1694 2 2 2 1 920 998 999
1695 2 2 2 1 920 999 921
1696 2 2 2 1 921 999 1000
1697 2 2 2 1 921 1000 922
1698 2 2 2 1 922 1000 1001
1699 2 2 2 1 922 1001 923
1700 2 2 2 1 923 1001 1002
1701 2 2 2 1 923 1002 924
1702 2 2 2 1 924 1002 1003
1703 2 2 2 1 924 1003 925
1704 2 2 2 1 925 1003 1004
1705 2 2 2 1 925 1004 926
1706 2 2 2 1 926 1004 1005
1707 2 2 2 1 926 1005 927
1708 2 2 2 1 927 1005 1006
1709 2 2 2 1 927 1006 928
1710 2 2 2 1 928 1006 1007
1711 2 2 2 1 928 1007 929
1712 2 2 2 1 929 1007 1008
1713 2 2 2 1 929 1008 930
1714 2 2 2 1 930 1008 1009
1715 2 2 2 1 930 1009 931
1716 2 2 2 1 931 1009 1010
1717 2 2 2 1 931 1010 932
1718 2 2 2 1 932 1010 1011
1719 2 2 2 1 932 1011 933
1720 2 2 2 1 933 1011 1012
1721 2 2 2 1 933 1012 934
1722 2 2 2 1 934 1012 1013
1723 2 2 2 1 934 1013 935
1724 2 2 2 1 935 1013 1014
1725 2 2 2 1 935 1014 936
1726 2 2 2 1 936 1014 1015
1727 2 2 2 1 936 1015 937
1728 2 2 2 1 937 1015 1016
1729 2 2 2 1 937 1016 938
1730 2 2 2 1 938 1016 1017
1731 2 2 2 1 938 1017 939
1732 2 2 2 1 939 1017 1018
1733 2 2 2 1 939 1018 940
1734 2 2 2 1 940 1018 1019
1735 2 2 2 1 940 1019 941
1736 2 2 2 1 941 1019 1020
1737 2 2 2 1 941 1020 942
1738 2 2 2 1 942 1020 1021
1739 2 2 2 1 942 1021 943
1740 2 2 2 1 943 1021 1022
1741 2 2 2 1 943 1022 944
1742 2 2 2 1 944 1022 1023
1743 2 2 2 1 944 1023 945
1744 2 2 2 1 945 1023 1024
1745 2 2 2 1 945 1024 946
1746 2 2 2 1 946 1024 1025
1747 2 2 2 1 946 1025 947
1748 2 2 2 1 947 1025 1026
1749 2 2 2 1 947 1026 948
1750 2 2 2 1 948 1026 1027
1751 2 2 2 1 948 1027 949
1752 2 2 2 1 949 1027 1028
1753 2 2 2 1 949 1028 950
1754 2 2 2 1 950 1028 1029
1755 2 2 2 1 950 1029 951
1756 2 2 2 1 951 1029 1030
1757 2 2 2 1 951 1030 952
1758 2 2 2 1 952 1030 1031
1759 2 2 2 1 952 1031 234
1760 2 2 2 1 234 1031 233
1761 2 2 2 1 13 14 953
1762 2 2 2 1 953 14 1032
1763 2 2 2 1 953 1032 954
1764 2 2 2 1 954 1032 1033
1765 2 2 2 1 954 1033 955
1766 2 2 2 1 955 1033 1034
1767 2 2 2 1 955 1034 956
1768 2 2 2 1 956 1034 1035
1769 2 2 2 1 956 1035 957
1770 2 2 2 1 957 1035 1036
1771 2 2 2 1 957 1036 958
1772 2 2 2 1 958 1036 1037
1773 2 2 2 1 958 1037 959
1774 2 2 2 1 959 1037 1038
1775 2 2 2 1 959 1038 960
1776 2 2 2 1 960 1038 1039
1777 2 2 2 1 960 1039 961
1778 2 2 2 1 961 1039 1040
1779 2 2 2 1 961 1040 962
1780 2 2 2 1 962 1040 1041
1781 2 2 2 1 962 1041 963
1782 2 2 2 1 963 1041 1042
1783 2 2 2 1 963 1042 964
1784 2 2 2 1 964 1042 1043
1785 2 2 2 1 964 1043 965
1786 2 2 2 1 965 1043 1044
1787 2 2 2 1 965 1044 966
1788 2 2 2 1 966 1044 1045
1789 2 2 2 1 966 1045 967
1790 2 2 2 1 967 1045 1046
1791 2 2 2 1 967 1046 968
1792 2 2 2 1 968 1046 1047
1793 2 2 2 1 968 1047 969
1794 2 2 2 1 969 1047 1048
1795 2 2 2 1 969 1048 970
1796 2 2 2 1 970 1048 1049
1797 2 2 2 1 970 1049 971
1798 2 2 2 1 971 1049 1050
1799 2 2 2 1 971 1050 972
1800 2 2 2 1 972 1050 1051
1801 2 2 2 1 972 1051 973
1802 2 2 2 1 973 1051 1052
1803 2 2 2 1 973 1052 974
1804 2 2 2 1 974 1052 1053
1805 2 2 2 1 974 1053 975
1806 2 2 2 1 975 1053 1054
1807 2 2 2 1 975 1054 976
1808 2 2 2 1 976 1054 1055
1809 2 2 2 1 976 1055 977
1810 2 2 2 1 977 1055 1056
1811 2 2 2 1 977 1056 978
1812 2 2 2 1 978 1056 1057
1813 2 2 2 1 978 1057 979
1814 2 2 2 1 979 1057 1058
1815 2 2 2 1 979 1058 980
1816 2 2 2 1 980 1058 1059
1817 2 2 2 1 980 1059 981
1818 2 2 2 1 981 1059 1060
1819 2 2 2 1 981 1060 982
1820 2 2 2 1 982 1060 1061
1821 2 2 2 1 982 1061 983
1822 2 2 2 1 983 1061 1062
1823 2 2 2 1 983 1062 984
1824 2 2 2 1 984 1062 1063
1825 2 2 2 1 984 1063 985
1826 2 2 2 1 985 1063 1064
1827 2 2 2 1 985 1064 986
1828 2 2 2 1 986 1064 1065
1829 2 2 2 1 986 1065 987
1830 2 2 2 1 987 1065 1066
1831 2 2 2 1 987 1066 988
1832 2 2 2 1 988 1066 1067
1833 2 2 2 1 988 1067 989
1834 2 2 2 1 989 1067 1068
1835 2 2 2 1 989 1068 990
1836 2 2 2 1 990 1068 1069
1837 2 2 2 1 990 1069 991
1838 2 2 2 1 991 1069 1070
1839 2 2 2 1 991 1070 992
1840 2 2 2 1 992 1070 1071
1841 2 2 2 1 992 1071 993
1842 2 2 2 1 993 1071 1072
1843 2 2 2 1 993 1072 994
1844 2 2 2 1 994 1072 1073
1845 2 2 2 1 994 1073 995
1846 2 2 2 1 995 1073 1074
1847 2 2 2 1 995 1074 996
1848 2 2 2 1 996 1074 1075
1849 2 2 2 1 996 1075 997
1850 2 2 2 1 997 1075 1076
1851 2 2 2 1 997 1076 998
1852 2 2 2 1 998 1076 1077
1853 2 2 2 1 998 1077 999
1854 2 2 2 1 999 1077 1078
1855 2 2 2 1 999 1078 1000
1856 2 2 2 1 1000 1078 1079
1857 2 2 2 1 1000 1079 1001
1858 2 2 2 1 1001 1079 1080
1859 2 2 2 1 1001 1080 1002
1860 2 2 2 1 1002 1080 1081
1861 2 2 2 1 1002 1081 1003
1862 2 2 2 1 1003 1081 1082
1863 2 2 2 1 1003 1082 1004
1864 2 2 2 1 1004 1082 1083
1865 2 2 2 1 1004 1083 1005
1866 2 2 2 1 1005 1083 1084
1867 2 2 2 1 1005 1084 1006
1868 2 2 2 1 1006 1084 1085
1869 2 2 2 1 1006 1085 1007
1870 2 2 2 1 1007 1085 1086
1871 2 2 2 1 1007 1086 1008
1872 2 2 2 1 1008 1086 1087
1873 2 2 2 1 1008 1087 1009
1874 2 2 2 1 1009 1087 1088
1875 2 2 2 1 1009 1088 1010
1876 2 2 2 1 1010 1088 1089
1877 2 2 2 1 1010 1089 1011
1878 2 2 2 1 1011 1089 1090
1879 2 2 2 1 1011 1090 1012
1880 2 2 2 1 1012 1090 1091
1881 2 2 2 1 1012 1091 1013
1882 2 2 2 1 1013 1091 1092
1883 2 2 2 1 1013 1092 1014
1884 2 2 2 1 1014 1092 1093
1885 2 2 2 1 1014 1093 1015
1886 2 2 2 1 1015 1093 1094
1887 2 2 2 1 1015 1094 1016
1888 2 2 2 1 1016 1094 1095
1889 2 2 2 1 1016 1095 1017
1890 2 2 2 1 1017 1095 1096
1891 2 2 2 1 1017 1096 1018
1892 2 2 2 1 1018 1096 1097
1893 2 2 2 1 1018 1097 1019
1894 2 2 2 1 1019 1097 1098
1895 2 2 2 1 1019 1098 1020
1896 2 2 2 1 1020 1098 1099
1897 2 2 2 1 1020 1099 1021
1898 2 2 2 1 1021 1099 1100
1899 2 2 2 1 1021 1100 1022
1900 2 2 2 1 1022 1100 1101
1901 2 2 2 1 1022 1101 1023
1902 2 2 2 1 1023 1101 1102
1903 2 2 2 1 1023 1102 1024
1904 2 2 2 1 1024 1102 1103
1905 2 2 2 1 1024 1103 1025
1906 2 2 2 1 1025 1103 1104
1907 2 2 2 1 1025 1104 1026
1908 2 2 2 1 1026 1104 1105
1909 2 2 2 1 1026 1105 1027
1910 2 2 2 1 1027 1105 1106
1911 2 2 2 1 1027 1106 1028
1912 2 2 2 1 1028 1106 1107
1913 2 2 2 1 1028 1107 1029
1914 2 2 2 1 1029 1107 1108
1915 2 2 2 1 1029 1108 1030
1916 2 2 2 1 1030 1108 1109
1917 2 2 2 1 1030 1109 1031
1918 2 2 2 1 1031 1109 1110
1919 2 2 2 1 1031 1110 233
1920 2 2 2 1 233 1110 232
1921 2 2 2 1 14 15 1032
1922 2 2 2 1 1032 15 1111
1923 2 2 2 1 1032 1111 1033
1924 2 2 2 1 1033 1111 1112
1925 2 2 2 1 1033 1112 1034
1926 2 2 2 1 1034 1112 1113
1927 2 2 2 1 1034 1113 1035
1928 2 2 2 1 1035 1113 1114
1929 2 2 2 1 1035 1114 1036
1930 2 2 2 1 1036 1114 1115
1931 2 2 2 1 1036 1115 1037
1932 2 2 2 1 1037 1115 1116
1933 2 2 2 1 1037 1116 1038
1934 2 2 2 1 1038 1116 1117
1935 2 2 2 1 1038 1117 1039
1936 2 2 2 1 1039 1117 1118
1937 2 2 2 1 1039 1118 1040
1938 2 2 2 1 1040 1118 1119
1939 2 2 2 1 1040 1119 1041
1940 2 2 2 1 1041 1119 1120
1941 2 2 2 1 1041 1120 1042
1942 2 2 2 1 1042 1120 1121
1943 2 2 2 1 1042 1121 1043
1944 2 2 2 1 1043 1121 1122
1945 2 2 2 1 1043 1122 1044
1946 2 2 2 1 1044 1122 1123
1947 2 2 2 1 1044 1123 1045
1948 2 2 2 1 1045 1123 1124
1949 2 2 2 1 1045 1124 1046
1950 2 2 2 1 1046 1124 1125
1951 2 2 2 1 1046 1125 1047
1952 2 2 2 1 1047 1125 1126
1953 2 2 2 1 1047 1126 1048
1954 2 2 2 1 1048 1126 1127
1955 2 2 2 1 1048 1127 1049
1956 2 2 2 1 1049 1127 1128
1957 2 2 2 1 1049 1128 1050
1958 2 2 2 1 1050 1128 1129
1959 2 2 2 1 1050 1129 1051
1960 2 2 2 1 1051 1129 1130
1961 2 2 2 1 1051 1130 1052
1962 2 2 2 1 1052 1130 1131
1963 2 2 2 1 1052 1131 1053
1964 2 2 2 1 1053 1131 1132
1965 2 2 2 1 1053 1132 1054
1966 2 2 2 1 1054 1132 1133
1967 2 2 2 1 1054 1133 1055
1968 2 2 2 1 1055 1133 1134
1969 2 2 2 1 1055 1134 1056
1970 2 2 2 1 1056 1134 1135
1971 2 2 2 1 1056 1135 1057
1972 2 2 2 1 1057 1135 1136
1973 2 2 2 1 1057 1136 1058
1974 2 2 2 1 1058 1136 1137
1975 2 2 2 1 1058 1137 1059
1976 2 2 2 1 1059 1137 1138
1977 2 2 2 1 1059 1138 1060
1978 2 2 2 1 1060 1138 1139
1979 2 2 2 1 1060 1139 1061
1980 2 2 2 1 1061 1139 1140
1981 2 2 2 1 1061 1140 1062
1982 2 2 2 1 1062 1140 1141
1983 2 2 2 1 1062 1141 1063
1984 2 2 2 1 1063 1141 1142
1985 2 2 2 1 1063 1142 1064
1986 2 2 2 1 1064 1142 1143
1987 2 2 2 1 1064 1143 1065
1988 2 2 2 1 1065 1143 1144
1989 2 2 2 1 1065 1144 1066
1990 2 2 2 1 1066 1144 1145
1991 2 2 2 1 1066 1145 1067
1992 2 2 2 1 1067 1145 1146
1993 2 2 2 1 1067 1146 1068
1994 2 2 2 1 1068 1146 1147
1995 2 2 2 1 1068 1147 1069
1996 2 2 2 1 1069 1147 1148
1997 2 2 2 1 1069 1148 1070
1998 2 2 2 1 1070 1148 1149
1999 2 2 2 1 1070 1149 1071
2000 2 2 2 1 1071 1149 1150
2001 2 2 2 1 1071 1150 1072
2002 2 2 2 1 1072 1150 1151
2003 2 2 2 1 1072 1151 1073
2004 2 2 2 1 1073 1151 1152
2005 2 2 2 1 1073 1152 1074
2006 2 2 2 1 1074 1152 1153
2007 2 2 2 1 1074 1153 1075
2008 2 2 2 1 1075 1153 1154
2009 2 2 2 1 1075 1154 1076
2010 2 2 2 1 1076 1154 1155
2011 2 2 2 1 1076 1155 1077
2012 2 2 2 1 1077 1155 1156
2013 2 2 2 1 1077 1156 1078
2014 2 2 2 1 1078 1156 1157
2015 2 2 2 1 1078 1157 1079
2016 2 2 2 1 1079 1157 1158
2017 2 2 2 1 1079 1158 1080
2018 2 2 2 1 1080 1158 1159
2019 2 2 2 1 1080 1159 1081
2020 2 2 2 1 1081 1159 1160
2021 2 2 2 1 1081 1160 1082
2022 2 2 2 1 1082 1160 1161
2023 2 2 2 1 1082 1161 1083
2024 2 2 2 1 1083 1161 1162
2025 2 2 2 1 1083 1162 1084
2026 2 2 2 1 1084 1162 1163
2027 2 2 2 1 1084 1163 1085
2028 2 2 2 1 1085 1163 1164
2029 2 2 2 1 1085 1164 1086
2030 2 2 2 1 1086 1164 1165
2031 2 2 2 1 1086 1165 1087
2032 2 2 2 1 1087 1165 1166
2033 2 2 2 1 1087 1166 1088
2034 2 2 2 1 1088 1166 1167
2035 2 2 2 1 1088 1167 1089
2036 2 2 2 1 1089 1167 1168
2037 2 2 2 1 1089 1168 1090
2038 2 2 2 1 1090 1168 1169
2039 2 2 2 1 1090 1169 1091
2040 2 2 2 1 1091 1169 1170
2041 2 2 2 1 1091 1170 1092
2042 2 2 2 1 1092 1170 1171
2043 2 2 2 1 1092 1171 1093
2044 2 2 2 1 1093 1171 1172
2045 2 2 2 1 1093 1172 1094
2046 2 2 2 1 1094 1172 1173
2047 2 2 2 1 1094 1173 1095
2048 2 2 2 1 1095 1173 1174
2049 2 2 2 1 1095 1174 1096
2050 2 2 2 1 1096 1174 1175
2051 2 2 2 1 1096 1175 1097
2052 2 2 2 1 1097 1175 1176
2053 2 2 2 1 1097 1176 1098
2054 2 2 2 1 1098 1176 1177
2055 2 2 2 1 1098 1177 1099
2056 2 2 2 1 1099 1177 1178
2057 2 2 2 1 1099 1178 1100
2058 2 2 2 1 1100 1178 1179
2059 2 2 2 1 1100 1179 1101
2060 2 2 2 1 1101 1179 1180
2061 2 2 2 1 1101 1180 1102
2062 2 2 2 1 1102 1180 1181
2063 2 2 2 1 1102 1181 1103
2064 2 2 2 1 1103 1181 1182
2065 2 2 2 1 1103 1182 1104
2066 2 2 2 1 1104 1182 1183
2067 2 2 2 1 1104 1183 1105
2068 2 2 2 1 1105 1183 1184
2069 2 2 2 1 1105 1184 1106
2070 2 2 2 1 1106 1184 1185
2071 2 2 2 1 1106 1185 1107
2072 2 2 2 1 1107 1185 1186
2073 2 2 2 1 1107 1186 1108
2074 2 2 2 1 1108 1186 1187
2075 2 2 2 1 1108 1187 1109
2076 2 2 2 1 1109 1187 1188
2077 2 2 2 1 1109 1188 1110
2078 2 2 2 1 1110 1188 1189
2079 2 2 2 1 1110 1189 232
2080 2 2 2 1 232 1189 231
2081 2 2 2 1 15 16 1111
2082 2 2 2 1 1111 16 1190
2083 2 2 2 1 1111 1190 1112
2084 2 2 2 1 1112 1190 1191
2085 2 2 2 1 1112 1191 1113
2086 2 2 2 1 1113 1191 1192
2087 2 2 2 1 1113 1192 1114
2088 2 2 2 1 1114 1192 1193
2089 2 2 2 1 1114 1193 1115
2090 2 2 2 1 1115 1193 1194
2091 2 2 2 1 1115 1194 1116
2092 2 2 2 1 1116 1194 1195
2093 2 2 2 1 1116 1195 1117
2094 2 2 2 1 1117 1195 1196
2095 2 2 2 1 1117 1196 1118
2096 2 2 2 1 1118 1196 1197
2097 2 2 2 1 1118 1197 1119
2098 2 2 2 1 1119 1197 1198
2099 2 2 2 1 1119 1198 1120
2100 2 2 2 1 1120 1198 1199
2101 2 2 2 1 1120 1199 1121
2102 2 2 2 1 1121 1199 1200
2103 2 2 2 1 1121 1200 1122
2104 2 2 2 1 1122 1200 1201
2105 2 2 2 1 1122 1201 1123
2106 2 2 2 1 1123 1201 1202
2107 2 2 2 1 1123 1202 1124
2108 2 2 2 1 1124 1202 1203
2109 2 2 2 1 1124 1203 1125
2110 2 2 2 1 1125 1203 1204
2111 2 2 2 1 1125 1204 1126
2112 2 2 2 1 1126 1204 1205
2113 2 2 2 1 1126 1205 1127
2114 2 2 2 1 1127 1205 1206
2115 2 2 2 1 1127 1206 1128
2116 2 2 2 1 1128 1206 1207
2117 2 2 2 1 1128 1207 1129
2118 2 2 2 1 1129 1207 1208
2119 2 2 2 1 1129 1208 1130
2120 2 2 2 1 1130 1208 1209
2121 2 2 2 1 1130 1209 1131
2122 2 2 2 1 1131 1209 1210
2123 2 2 2 1 1131 1210 1132
2124 2 2 2 1 1132 1210 1211
2125 2 2 2 1 1132 1211 1133
2126 2 2 2 1 1133 1211 1212
2127 2 2 2 1 1133 1212 1134
2128 2 2 2 1 1134 1212 1213
2129 2 2 2 1 1134 1213 1135
2130 2 2 2 1 1135 1213 1214
2131 2 2 2 1 1135 1214 1136
2132 2 2 2 1 1136 1214 1215
2133 2 2 2 1 1136 1215 1137
2134 2 2 2 1 1137 1215 1216
2135 2 2 2 1 1137 1216 1138
2136 2 2 2 1 1138 1216 1217
2137 2 2 2 1 1138 1217 1139
2138 2 2 2 1 1139 1217 1218
2139 2 2 2 1 1139 1218 1140
2140 2 2 2 1 1140 1218 1219
2141 2 2 2 1 1140 1219 1141
2142 2 2 2 1 1141 1219 1220
2143 2 2 2 1 1141 1220 1142
2144 2 2 2 1 1142 1220 1221
2145 2 2 2 1 1142 1221 1143
2146 2 2 2 1 1143 1221 1222
2147 2 2 2 1 1143 1222 1144
2148 2 2 2 1 1144 1222 1223
2149 2 2 2 1 1144 1223 1145
2150 2 2 2 1 1145 1223 1224
2151 2 2 2 1 1145 1224 1146
2152 2 2 2 1 1146 1224 1225
2153 2 2 2 1 1146 1225 1147
2154 2 2 2 1 1147 1225 1226
2155 2 2 2 1 1147 1226 1148
2156 2 2 2 1 1148 1226 1227
2157 2 2 2 1 1148 1227 1149
2158 2 2 2 1 1149 1227 1228
2159 2 2 2 1 1149 1228 1150
2160 2 2 2 1 1150 1228 1229
2161 2 2 2 1 1150 1229 1151
2162 2 2 2 1 1151 1229 1230
2163 2 2 2 1 1151 1230 1152
2164 2 2 2 1 1152 1230 1231
2165 2 2 2 1 1152 1231 1153
2166 2 2 2 1 1153 1231 1232
2167 2 2 2 1 1153 1232 1154
2168 2 2 2 1 1154 1232 1233
2169 2 2 2 1 1154 1233 1155
2170 2 2 2 1 1155 1233 1234
2171 2 2 2 1 1155 1234 1156
2172 2 2 2 1 1156 1234 1235
2173 2 2 2 1 1156 1235 1157
2174 2 2 2 1 1157 1235 1236
2175 2 2 2 1 1157 1236 1158
2176 2 2 2 1 1158 1236 1237
2177 2 2 2 1 1158 1237 1159
2178 2 2 2 1 1159 1237 1238
2179 2 2 2 1 1159 1238 1160
2180 2 2 2 1 1160 1238 1239
2181 2 2 2 1 1160 1239 1161
2182 2 2 2 1 1161 1239 1240
2183 2 2 2 1 1161 1240 1162
2184 2 2 2 1 1162 1240 1241
2185 2 2 2 1 1162 1241 1163
2186 2 2 2 1 1163 1241 1242
2187 2 2 2 1 1163 1242 1164
2188 2 2 2 1 1164 1242 1243
2189 2 2 2 1 1164 1243 1165
2190 2 2 2 1 1165 1243 1244
2191 2 2 2 1 1165 1244 1166
2192 2 2 2 1 1166 1244 1245
2193 2 2 2 1 1166 1245 1167
2194 2 2 2 1 1167 1245 1246
2195 2 2 2 1 1167 1246 1168
2196 2 2 2 1 1168 1246 1247
2197 2 2 2 1 1168 1247 1169
2198 2 2 2 1 1169 1247 1248
2199 2 2 2 1 1169 1248 1170
2200 2 2 2 1 1170 1248 1249
2201 2 2 2 1 1170 1249 1171
2202 2 2 2 1 1171 1249 1250
2203 2 2 2 1 1171 1250 1172
2204 2 2 2 1 1172 1250 1251
2205 2 2 2 1 1172 1251 1173
2206 2 2 2 1 1173 1251 1252
2207 2 2 2 1 1173 1252 1174
2208 2 2 2 1 1174 1252 1253
2209 2 2 2 1 1174 1253 1175
2210 2 2 2 1 1175 1253 1254
2211 2 2 2 1 1175 1254 1176
2212 2 2 2 1 1176 1254 1255
2213 2 2 2 1 1176 1255 1177
2214 2 2 2 1 1177 1255 1256
2215 2 2 2 1 1177 1256 1178
2216 2 2 2 1 1178 1256 1257
2217 2 2 2 1 1178 1257 1179
2218 2 2 2 1 1179 1257 1258
2219 2 2 2 1 1179 1258 1180
2220 2 2 2 1 1180 1258 1259
2221 2 2 2 1 1180 1259 1181
2222 2 2 2 1 1181 1259 1260
2223 2 2 2 1 1181 1260 1182
2224 2 2 2 1 1182 1260 1261
2225 2 2 2 1 1182 1261 1183
2226 2 2 2 1 1183 1261 1262
2227 2 2 2 1 1183 1262 1184
2228 2 2 2 1 1184 1262 1263
2229 2 2 2 1 1184 1263 1185
2230 2 2 2 1 1185 1263 1264
2231 2 2 2 1 1185 1264 1186
2232 2 2 2 1 1186 1264 1265
2233 2 2 2 1 1186 1265 1187
2234 2 2 2 1 1187 1265 1266
2235 2 2 2 1 1187 1266 1188
2236 2 2 2 1 1188 1266 1267
2237 2 2 2 1 1188 1267 1189
2238 2 2 2 1 1189 1267 1268
2239 2 2 2 1 1189 1268 231
2240 2 2 2 1 231 1268 230
2241 2 2 2 1 16 17 1190
2242 2 2 2 1 1190 17 1269
2243 2 2 2 1 1190 1269 1191
2244 2 2 2 1 1191 1269 1270
2245 2 2 2 1 1191 1270 1192
2246 2 2 2 1 1192 1270 1271
2247 2 2 2 1 1192 1271 1193
2248 2 2 2 1 1193 1271 1272
2249 2 2 2 1 1193 1272 1194
2250 2 2 2 1 1194 1272 1273
2251 2 2 2 1 1194 1273 1195
2252 2 2 2 1 1195 1273 1274
2253 2 2 2 1 1195 1274 1196
2254 2 2 2 1 1196 1274 1275
2255 2 2 2 1 1196 1275 1197
2256 2 2 2 1 1197 1275 1276
2257 2 2 2 1 1197 1276 1198
2258 2 2 2 1 1198 1276 1277
2259 2 2 2 1 1198 1277 1199
2260 2 2 2 1 1199 1277 1278
2261 2 2 2 1 1199 1278 1200
2262 2 2 2 1 1200 1278 1279
2263 2 2 2 1 1200 1279 1201
2264 2 2 2 1 1201 1279 1280
2265 2 2 2 1 1201 1280 1202
2266 2 2 2 1 1202 1280 1281
2267 2 2 2 1 1202 1281 1203
2268 2 2 2 1 1203 1281 1282
2269 2 2 2 1 1203 1282 1204
2270 2 2 2 1 1204 1282 1283
2271 2 2 2 1 1204 1283 1205
2272 2 2 2 1 1205 1283 1284
2273 2 2 2 1 1205 1284 1206
2274 2 2 2 1 1206 1284 1285
2275 2 2 2 1 1206 1285 1207
2276 2 2 2 1 1207 1285 1286
2277 2 2 2 1 1207 1286 1208
2278 2 2 2 1 1208 1286 1287
2279 2 2 2 1 1208 1287 1209
2280 2 2 2 1 1209 1287 1288
2281 2 2 2 1 1209 1288 1210
2282 2 2 2 1 1210 1288 1289
2283 2 2 2 1 1210 1289 1211
2284 2 2 2 1 1211 1289 1290
2285 2 2 2 1 1211 1290 1212
2286 2 2 2 1 1212 1290 1291
2287 2 2 2 1 1212 1291 1213
2288 2 2 2 1 1213 1291 1292
2289 2 2 2 1 1213 1292 1214
2290 2 2 2 1 1214 1292 1293
2291 2 2 2 1 1214 1293 1215
2292 2 2 2 1 1215 1293 1294
2293 2 2 2 1 1215 1294 1216
2294 2 2 2 1 1216 1294 1295
2295 2 2 2 1 1216 1295 1217
2296 2 2 2 1 1217 1295 1296
2297 2 2 2 1 1217 1296 1218
2298 2 2 2 1 1218 1296 1297
2299 2 2 2 1 1218 1297 1219
2300 2 2 2 1 1219 1297 1298
2301 2 2 2 1 1219 1298 1220
2302 2 2 2 1 1220 1298 1299
2303 2 2 2 1 1220 1299 1221
2304 2 2 2 1 1221 1299 1300
2305 2 2 2 1 1221 1300 1222
2306 2 2 2 1 1222 1300 1301
2307 2 2 2 1 1222 1301 1223
2308 2 2 2 1 1223 1301 1302
2309 2 2 2 1 1223 1302 1224
2310 2 2 2 1 1224 1302 1303
2311 2 2 2 1 1224 1303 1225
2312 2 2 2 1 1225 1303 1304
2313 2 2 2 1 1225 1304 1226
2314 2 2 2 1 1226 1304 1305
2315 2 2 2 1 1226 1305 1227
2316 2 2 2 1 1227 1305 1306
2317 2 2 2 1 1227 1306 1228
2318 2 2 2 1 1228 1306 1307
2319 2 2 2 1 1228 1307 1229
2320 2 2 2 1 1229 1307 1308
2321 2 2 2 1 1229 1308 1230
2322 2 2 2 1 1230 1308 1309
2323 2 2 2 1 1230 1309 1231
2324 2 2 2 1 1231 1309 1310
2325 2 2 2 1 1231 1310 1232
2326 2 2 2 1 1232 1310 1311
2327 2 2 2 1 1232 1311 1233
2328 2 2 2 1 1233 1311 1312
2329 2 2 2 1 1233 1312 1234
2330 2 2 2 1 1234 1312 1313
2331 2 2 2 1 1234 1313 1235
2332 2 2 2 1 1235 1313 1314
2333 2 2 2 1 1235 1314 1236
2334 2 2 2 1 1236 1314 1315
2335 2 2 2 1 1236 1315 1237
2336 2 2 2 1 1237 1315 1316
2337 2 2 2 1 1237 1316 1238
2338 2 2 2 1 1238 1316 1317
2339 2 2 2 1 1238 1317 1239
2340 2 2 2 1 1239 1317 1318
2341 2 2 2 1 1239 1318 1240
2342 2 2 2 1 1240 1318 1319
2343 2 2 2 1 1240 1319 1241
2344 2 2 2 1 1241 1319 1320
2345 2 2 2 1 1241 1320 1242
2346 2 2 2 1 1242 1320 1321
2347 2 2 2 1 1242 1321 1243
2348 2 2 2 1 1243 1321 1322
2349 2 2 2 1 1243 1322 1244
2350 2 2 2 1 1244 1322 1323
2351 2 2 2 1 1244 1323 1245
2352 2 2 2 1 1245 1323 1324
2353 2 2 2 1 1245 1324 1246
2354 2 2 2 1 1246 1324 1325
2355 2 2 2 1 1246 1325 1247
2356 2 2 2 1 1247 1325 1326
2357 2 2 2 1 1247 1326 1248
2358 2 2 2 1 1248 1326 1327
2359 2 2 2 1 1248 1327 1249
2360 2 2 2 1 1249 1327 1328
2361 2 2 2 1 1249 1328 1250
2362 2 2 2 1 1250 1328 1329
2363 2 2 2 1 1250 1329 1251
2364 2 2 2 1 1251 1329 1330
2365 2 2 2 1 1251 1330 1252
2366 2 2 2 1 1252 1330 1331
2367 2 2 2 1 1252 1331 1253
2368 2 2 2 1 1253 1331 1332
2369 2 2 2 1 1253 1332 1254
2370 2 2 2 1 1254 1332 1333
2371 2 2 2 1 1254 1333 1255
2372 2 2 2 1 1255 1333 1334
2373 2 2 2 1 1255 1334 1256
2374 2 2 2 1 1256 1334 1335
2375 2 2 2 1 1256 1335 1257
2376 2 2 2 1 1257 1335 1336
2377 2 2 2 1 1257 1336 1258
2378 2 2 2 1 1258 1336 1337
2379 2 2 2 1 1258 1337 1259
2380 2 2 2 1 1259 1337 1338
2381 2 2 2 1 1259 1338 1260
2382 2 2 2 1 1260 1338 1339
2383 2 2 2 1 1260 1339 1261
2384 2 2 2 1 1261 1339 1340
2385 2 2 2 1 1261 1340 1262
2386 2 2 2 1 1262 1340 1341
2387 2 2 2 1 1262 1341 1263
2388 2 2 2 1 1263 1341 1342
2389 2 2 2 1 1263 1342 1264
2390 2 2 2 1 1264 1342 1343
2391 2 2 2 1 1264 1343 1265
2392 2 2 2 1 1265 1343 1344
2393 2 2 2 1 1265 1344 1266
2394 2 2 2 1 1266 1344 1345
2395 2 2 2 1 1266 1345 1267
2396 2 2 2 1 1267 1345 1346
2397 2 2 2 1 1267 1346 1268
2398 2 2 2 1 1268 1346 1347
2399 2 2 2 1 1268 1347 230
2400 2 2 2 1 230 1347 229
2401 2 2 2 1 17 18 1269
2402 2 2 2 1 1269 18 1348
2403 2 2 2 1 1269 1348 1270
2404 2 2 2 1 1270 1348 1349
2405 2 2 2 1 1270 1349 1271
2406 2 2 2 1 1271 1349 1350
2407 2 2 2 1 1271 1350 1272
2408 2 2 2 1 1272 1350 1351
2409 2 2 2 1 1272 1351 1273
2410 2 2 2 1 1273 1351 1352
2411 2 2 2 1 1273 1352 1274
2412 2 2 2 1 1274 1352 1353
2413 2 2 2 1 1274 1353 1275
2414 2 2 2 1 1275 1353 1354
2415 2 2 2 1 1275 1354 1276
2416 2 2 2 1 1276 1354 1355
2417 2 2 2 1 1276 1355 1277
2418 2 2 2 1 1277 1355 1356
2419 2 2 2 1 1277 1356 1278
2420 2 2 2 1 1278 1356 1357
2421 2 2 2 1 1278 1357 1279
2422 2 2 2 1 1279 1357 1358
2423 2 2 2 1 1279 1358 1280
2424 2 2 2 1 1280 1358 1359
2425 2 2 2 1 1280 1359 1281
2426 2 2 2 1 1281 1359 1360
2427 2 2 2 1 1281 1360 1282
2428 2 2 2 1 1282 1360 1361
2429 2 2 2 1 1282 1361 1283
2430 2 2 2 1 1283 1361 1362
2431 2 2 2 1 1283 1362 1284
2432 2 2 2 1 1284 1362 1363
2433 2 2 2 1 1284 1363 1285
2434 2 2 2 1 1285 1363 1364
2435 2 2 2 1 1285 1364 1286
2436 2 2 2 1 1286 1364 1365
2437 2 2 2 1 1286 1365 1287
2438 2 2 2 1 1287 1365 1366
2439 2 2 2 1 1287 1366 1288
2440 2 2 2 1 1288 1366 1367
2441 2 2 2 1 1288 1367 1289
2442 2 2 2 1 1289 1367 1368
2443 2 2 2 1 1289 1368 1290
2444 2 2 2 1 1290 1368 1369
2445 2 2 2 1 1290 1369 1291
2446 2 2 2 1 1291 1369 1370
2447 2 2 2 1 1291 1370 1292
2448 2 2 2 1 1292 1370 1371
2449 2 2 2 1 1292 1371 1293
2450 2 2 2 1 1293 1371 1372
2451 2 2 2 1 1293 1372 1294
2452 2 2 2 1 1294 1372 1373
2453 2 2 2 1 1294 1373 1295
2454 2 2 2 1 1295 1373 1374
2455 2 2 2 1 1295 1374 1296
2456 2 2 2 1 1296 1374 1375
2457 2 2 2 1 1296 1375 1297
2458 2 2 2 1 1297 1375 1376
2459 2 2 2 1 1297 1376 1298
2460 2 2 2 1 1298 1376 1377
2461 2 2 2 1 1298 1377 1299
2462 2 2 2 1 1299 1377 1378
2463 2 2 2 1 1299 1378 1300
2464 2 2 2 1 1300 1378 1379
2465 2 2 2 1 1300 1379 1301
2466 2 2 2 1 1301 1379 1380
2467 2 2 2 1 1301 1380 1302
2468 2 2 2 1 1302 1380 1381
2469 2 2 2 1 1302 1381 1303
2470 2 2 2 1 1303 1381 1382
2471 2 2 2 1 1303 1382 1304
2472 2 2 2 1 1304 1382 1383
2473 2 2 2 1 1304 1383 1305
2474 2 2 2 1 1305 1383 1384
2475 2 2 2 1 1305 1384 1306
2476 2 2 2 1 1306 1384 1385
2477 2 2 2 1 1306 1385 1307
2478 2 2 2 1 1307 1385 1386
2479 2 2 2 1 1307 1386 1308
2480 2 2 2 1 1308 1386 1387
2481 2 2 2 1 1308 1387 1309
2482 2 2 2 1 1309 1387 1388
2483 2 2 2 1 1309 1388 1310
2484 2 2 2 1 1310 1388 1389
2485 2 2 2 1 1310 1389 1311
2486 2 2 2 1 1311 1389 1390
2487 2 2 2 1 1311 1390 1312
2488 2 2 2 1 1312 1390 1391
2489 2 2 2 1 1312 1391 1313
2490 2 2 2 1 1313 1391 1392
2491 2 2 2 1 1313 1392 1314
2492 2 2 2 1 1314 1392 1393
2493 2 2 2 1 1314 1393 1315
2494 2 2 2 1 1315 1393 1394
2495 2 2 2 1 1315 1394 1316
2496 2 2 2 1 1316 1394 1395
2497 2 2 2 1 1316 1395 1317
2498 2 2 2 1 1317 1395 1396
2499 2 2 2 1 1317 1396 1318
2500 2 2 2 1 1318 1396 1397
2501 2 2 2 1 1318 1397 1319
2502 2 2 2 1 1319 1397 1398
2503 2 2 2 1 1319 1398 1320
2504 2 2 2 1 1320 1398 1399
2505 2 2 2 1 1320 1399 1321
2506 2 2 2 1 1321 1399 1400
2507 2 2 2 1 1321 1400 1322
2508 2 2 2 1 1322 1400 1401
2509 2 2 2 1 1322 1401 1323
2510 2 2 2 1 1323 1401 1402
2511 2 2 2 1 1323 1402 1324
2512 2 2 2 1 1324 1402 1403
2513 2 2 2 1 1324 1403 1325
2514 2 2 2 1 1325 1403 1404
2515 2 2 2 1 1325 1404 1326
2516 2 2 2 1 1326 1404 1405
2517 2 2 2 1 1326 1405 1327
2518 2 2 2 1 1327 1405 1406
2519 2 2 2 1 1327 1406 1328
2520 2 2 2 1 1328 1406 1407
2521 2 2 2 1 1328 1407 1329
2522 2 2 2 1 1329 1407 1408
2523 2 2 2 1 1329 1408 1330
2524 2 2 2 1 1330 1408 1409
2525 2 2 2 1 1330 1409 1331
2526 2 2 2 1 1331 1409 1410
2527 2 2 2 1 1331 1410 1332
2528 2 2 2 1 1332 1410 1411
2529 2 2 2 1 1332 1411 1333
2530 2 2 2 1 1333 1411 1412
2531 2 2 2 1 1333 1412 1334
2532 2 2 2 1 1334 1412 1413
2533 2 2 2 1 1334 1413 1335
2534 2 2 2 1 1335 1413 1414
2535 2 2 2 1 1335 1414 1336
2536 2 2 2 1 1336 1414 1415
2537 2 2 2 1 1336 1415 1337
2538 2 2 2 1 1337 1415 1416
2539 2 2 2 1 1337 1416 1338
2540 2 2 2 1 1338 1416 1417
2541 2 2 2 1 1338 1417 1339
2542 2 2 2 1 1339 1417 1418
2543 2 2 2 1 1339 1418 1340
2544 2 2 2 1 1340 1418 1419
2545 2 2 2 1 1340 1419 1341
2546 2 2 2 1 1341 1419 1420
2547 2 2 2 1 1341 1420 1342
2548 2 2 2 1 1342 1420 1421
2549 2 2 2 1 1342 1421 1343
2550 2 2 2 1 1343 1421 1422
2551 2 2 2 1 1343 1422 1344
2552 2 2 2 1 1344 1422 1423
2553 2 2 2 1 1344 1423 1345
2554 2 2 2 1 1345 1423 1424
2555 2 2 2 1 1345 1424 1346
2556 2 2 2 1 1346 1424 1425
2557 2 2 2 1 1346 1425 1347
2558 2 2 2 1 1347 1425 1426
2559 2 2 2 1 1347 1426 229
2560 2 2 2 1 229 1426 228
2561 2 2 2 1 18 19 1348
2562 2 2 2 1 1348 19 1427
2563 2 2 2 1 1348 1427 1349
2564 2 2 2 1 1349 1427 1428
2565 2 2 2 1 1349 1428 1350
2566 2 2 2 1 1350 1428 1429
2567 2 2 2 1 1350 1429 1351
2568 2 2 2 1 1351 1429 1430
2569 2 2 2 1 1351 1430 1352
2570 2 2 2 1 1352 1430 1431
2571 2 2 2 1 1352 1431 1353
2572 2 2 2 1 1353 1431 1432
2573 2 2 2 1 1353 1432 1354
2574 2 2 2 1 1354 1432 1433
2575 2 2 2 1 1354 1433 1355
2576 2 2 2 1 1355 1433 1434
2577 2 2 2 1 1355 1434 1356
2578 2 2 2 1 1356 1434 1435
2579 2 2 2 1 1356 1435 1357
2580 2 2 2 1 1357 1435 1436
2581 2 2 2 1 1357 1436 1358
2582 2 2 2 1 1358 1436 1437
2583 2 2 2 1 1358 1437 1359
2584 2 2 2 1 1359 1437 1438
2585 2 2 2 1 1359 1438 1360
2586 2 2 2 1 1360 1438 1439
2587 2 2 2 1 1360 1439 1361
2588 2 2 2 1 1361 1439 1440
2589 2 2 2 1 1361 1440 1362
2590 2 2 2 1 1362 1440 1441
2591 2 2 2 1 1362 1441 1363
2592 2 2 2 1 1363 1441 1442
2593 2 2 2 1 1363 1442 1364
2594 2 2 2 1 1364 1442 1443
2595 2 2 2 1 1364 1443 1365
2596 2 2 2 1 1365 1443 1444
2597 2 2 2 1 1365 1444 1366
2598 2 2 2 1 1366 1444 1445
2599 2 2 2 1 1366 1445 1367
2600 2 2 2 1 1367 1445 1446
2601 2 2 2 1 1367 1446 1368
2602 2 2 2 1 1368 1446 1447
2603 2 2 2 1 1368 1447 1369
2604 2 2 2 1 1369 1447 1448
2605 2 2 2 1 1369 1448 1370
2606 2 2 2 1 1370 1448 1449
2607 2 2 2 1 1370 1449 1371
2608 2 2 2 1 1371 1449 1450
2609 2 2 2 1 1371 1450 1372
2610 2 2 2 1 1372 1450 1451
2611 2 2 2 1 1372 1451 1373
2612 2 2 2 1 1373 1451 1452
2613 2 2 2 1 1373 1452 1374
2614 2 2 2 1 1374 1452 1453
2615 2 2 2 1 1374 1453 1375
2616 2 2 2 1 1375 1453 1454
2617 2 2 2 1 1375 1454 1376
2618 2 2 2 1 1376 1454 1455
2619 2 2 2 1 1376 1455 1377
2620 2 2 2 1 1377 1455 1456
2621 2 2 2 1 1377 1456 1378
2622 2 2 2 1 1378 1456 1457
2623 2 2 2 1 1378 1457 1379
2624 2 2 2 1 1379 1457 1458
2625 2 2 2 1 1379 1458 1380
2626 2 2 2 1 1380 1458 1459
2627 2 2 2 1 1380 1459 1381
2628 2 2 2 1 1381 1459 1460
2629 2 2 2 1 1381 1460 1382
2630 2 2 2 1 1382 1460 1461
2631 2 2 2 1 1382 1461 1383
2632 2 2 2 1 1383 1461 1462
2633 2 2 2 1 1383 1462 1384
2634 2 2 2 1 1384 1462 1463
2635 2 2 2 1 1384 1463 1385
2636 2 2 2 1 1385 1463 1464
2637 2 2 2 1 1385 1464 1386
2638 2 2 2 1 1386 1464 1465
2639 2 2 2 1 1386 1465 1387
2640 2 2 2 1 1387 1465 1466
2641 2 2 2 1 1387 1466 1388
2642 2 2 2 1 1388 1466 1467
2643 2 2 2 1 1388 1467 1389
2644 2 2 2 1 1389 1467 1468
2645 2 2 2 1 1389 1468 1390
2646 2 2 2 1 1390 1468 1469
2647 2 2 2 1 1390 1469 1391
2648 2 2 2 1 1391 1469 1470
2649 2 2 2 1 1391 1470 1392
2650 2 2 2 1 1392 1470 1471
2651 2 2 2 1 1392 1471 1393
2652 2 2 2 1 1393 1471 1472
2653 2 2 2 1 1393 1472 1394
2654 2 2 2 1 1394 1472 1473
2655 2 2 2 1 1394 1473 1395
2656 2 2 2 1 1395 1473 1474
2657 2 2 2 1 1395 1474 1396
2658 2 2 2 1 1396 1474 1475
2659 2 2 2 1 1396 1475 1397
2660 2 2 2 1 1397 1475 1476
2661 2 2 2 1 1397 1476 1398
2662 2 2 2 1 1398 1476 1477
2663 2 2 2 1 1398 1477 1399
2664 2 2 2 1 1399 1477 1478
2665 2 2 2 1 1399 1478 1400
2666 2 2 2 1 1400 1478 1479
2667 2 2 2 1 1400 1479 1401
2668 2 2 2 1 1401 1479 1480
2669 2 2 2 1 1401 1480 1402
2670 2 2 2 1 1402 1480 1481
2671 2 2 2 1 1402 1481 1403
2672 2 2 2 1 1403 1481 1482
2673 2 2 2 1 1403 1482 1404
2674 2 2 2 1 1404 1482 1483
2675 2 2 2 1 1404 1483 1405
2676 2 2 2 1 1405 1483 1484
2677 2 2 2 1 1405 1484 1406
2678 2 2 2 1 1406 1484 1485
2679 2 2 2 1 1406 1485 1407
2680 2 2 2 1 1407 1485 1486
2681 2 2 2 1 1407 1486 1408
2682 2 2 2 1 1408 1486 1487
2683 2 2 2 1 1408 1487 1409
2684 2 2 2 1 1409 1487 1488
2685 2 2 2 1 1409 1488 1410
2686 2 2 2 1 1410 1488 1489
2687 2 2 2 1 1410 1489 1411
2688 2 2 2 1 1411 1489 1490
2689 2 2 2 1 1411 1490 1412
2690 2 2 2 1 1412 1490 1491
2691 2 2 2 1 1412 1491 1413
2692 2 2 2 1 1413 1491 1492
2693 2 2 2 1 1413 1492 1414
2694 2 2 2 1 1414 1492 1493
2695 2 2 2 1 1414 1493 1415
2696 2 2 2 1 1415 1493 1494
2697 2 2 2 1 1415 1494 1416
2698 2 2 2 1 1416 1494 1495
2699 2 2 2 1 1416 1495 1417
2700 2 2 2 1 1417 1495 1496
2701 2 2 2 1 1417 1496 1418
2702 2 2 2 1 1418 1496 1497
2703 2 2 2 1 1418 1497 1419
2704 2 2 2 1 1419 1497 1498
2705 2 2 2 1 1419 1498 1420
2706 2 2 2 1 1420 1498 1499
2707 2 2 2 1 1420 1499 1421
2708 2 2 2 1 1421 1499 1500
2709 2 2 2 1 1421 1500 1422
2710 2 2 2 1 1422 1500 1501
2711 2 2 2 1 1422 1501 1423
2712 2 2 2 1 1423 1501 1502
2713 2 2 2 1 1423 1502 1424
2714 2 2 2 1 1424 1502 1503
2715 2 2 2 1 1424 1503 1425
2716 2 2 2 1 1425 1503 1504
2717 2 2 2 1 1425 1504 1426
2718 2 2 2 1 1426 1504 1505
2719 2 2 2 1 1426 1505 228
2720 2 2 2 1 228 1505 227
2721 2 2 2 1 19 20 1427
2722 2 2 2 1 1427 20 1506
2723 2 2 2 1 1427 1506 1428
2724 2 2 2 1 1428 1506 1507
2725 2 2 2 1 1428 1507 1429
2726 2 2 2 1 1429 1507 1508
2727 2 2 2 1 1429 1508 1430
2728 2 2 2 1 1430 1508 1509
2729 2 2 2 1 1430 1509 1431
2730 2 2 2 1 1431 1509 1510
2731 2 2 2 1 1431 1510 1432
2732 2 2 2 1 1432 1510 1511
2733 2 2 2 1 1432 1511 1433
2734 2 2 2 1 1433 1511 1512
2735 2 2 2 1 1433 1512 1434
2736 2 2 2 1 1434 1512 1513
2737 2 2 2 1 1434 1513 1435
2738 2 2 2 1 1435 1513 1514
2739 2 2 2 1 1435 1514 1436
2740 2 2 2 1 1436 1514 1515
2741 2 2 2 1 1436 1515 1437
2742 2 2 2 1 1437 1515 1516
2743 2 2 2 1 1437 1516 1438
2744 2 2 2 1 1438 1516 1517
2745 2 2 2 1 1438 1517 1439
2746 2 2 2 1 1439 1517 1518
2747 2 2 2 1 1439 1518 1440
2748 2 2 2 1 1440 1518 1519
2749 2 2 2 1 1440 1519 1441
2750 2 2 2 1 1441 1519 1520
2751 2 2 2 1 1441 1520 1442
2752 2 2 2 1 1442 1520 1521
2753 2 2 2 1 1442 1521 1443
2754 2 2 2 1 1443 1521 1522
2755 2 2 2 1 1443 1522 1444
2756 2 2 2 1 1444 1522 1523
2757 2 2 2 1 1444 1523 1445
2758 2 2 2 1 1445 1523 1524
2759 2 2 2 1 1445 1524 1446
2760 2 2 2 1 1446 1524 1525
2761 2 2 2 1 1446 1525 1447
2762 2 2 2 1 1447 1525 1526
2763 2 2 2 1 1447 1526 1448
2764 2 2 2 1 1448 1526 1527
2765 2 2 2 1 1448 1527 1449
2766 2 2 2 1 1449 1527 1528
2767 2 2 2 1 1449 1528 1450
2768 2 2 2 1 1450 1528 1529
2769 2 2 2 1 1450 1529 1451
2770 2 2 2 1 1451 1529 1530
2771 2 2 2 1 1451 1530 1452
2772 2 2 2 1 1452 1530 1531
2773 2 2 2 1 1452 1531 1453
2774 2 2 2 1 1453 1531 1532
2775 2 2 2 1 1453 1532 1454
2776 2 2 2 1 1454 1532 1533
2777 2 2 2 1 1454 1533 1455
2778 2 2 2 1 1455 1533 1534
2779 2 2 2 1 1455 1534 1456
2780 2 2 2 1 1456 1534 1535
2781 2 2 2 1 1456 1535 1457
2782 2 2 2 1 1457 1535 1536
2783 2 2 2 1 1457 1536 1458
2784 2 2 2 1 1458 1536 1537
2785 2 2 2 1 1458 1537 1459
2786 2 2 2 1 1459 1537 1538
2787 2 2 2 1 1459 1538 1460
2788 2 2 2 1 1460 1538 1539
2789 2 2 2 1 1460 1539 1461
2790 2 2 2 1 1461 1539 1540
2791 2 2 2 1 1461 1540 1462
2792 2 2 2 1 1462 1540 1541
2793 2 2 2 1 1462 1541 1463
2794 2 2 2 1 1463 1541 1542
2795 2 2 2 1 1463 1542 1464
2796 2 2 2 1 1464 1542 1543
2797 2 2 2 1 1464 1543 1465
2798 2 2 2 1 1465 1543 1544
2799 2 2 2 1 1465 1544 1466
2800 2 2 2 1 1466 1544 1545
2801 2 2 2 1 1466 1545 1467
2802 2 2 2 1 1467 1545 1546
2803 2 2 2 1 1467 1546 1468
2804 2 2 2 1 1468 1546 1547
2805 2 2 2 1 1468 1547 1469
2806 2 2 2 1 1469 1547 1548
2807 2 2 2 1 1469 1548 1470
2808 2 2 2 1 1470 1548 1549
2809 2 2 2 1 1470 1549 1471
2810 2 2 2 1 1471 1549 1550
2811 2 2 2 1 1471 1550 1472
2812 2 2 2 1 1472 1550 1551
2813 2 2 2 1 1472 1551 1473
2814 2 2 2 1 1473 1551 1552
2815 2 2 2 1 1473 1552 1474
2816 2 2 2 1 1474 1552 1553
2817 2 2 2 1 1474 1553 1475
2818 2 2 2 1 1475 1553 1554
2819 2 2 2 1 1475 1554 1476
2820 2 2 2 1 1476 1554 1555
2821 2 2 2 1 1476 1555 1477
2822 2 2 2 1 1477 1555 1556
2823 2 2 2 1 1477 1556 1478
2824 2 2 2 1 1478 1556 1557
2825 2 2 2 1 1478 1557 1479
2826 2 2 2 1 1479 1557 1558
2827 2 2 2 1 1479 1558 1480
2828 2 2 2 1 1480 1558 1559
2829 2 2 2 1 1480 1559 1481
2830 2 2 2 1 1481 1559 1560
2831 2 2 2 1 1481 1560 1482
2832 2 2 2 1 1482 1560 1561
2833 2 2 2 1 1482 1561 1483
2834 2 2 2 1 1483 1561 1562
2835 2 2 2 1 1483 1562 1484
2836 2 2 2 1 1484 1562 1563
2837 2 2 2 1 1484 1563 1485
2838 2 2 2 1 1485 1563 1564
2839 2 2 2 1 1485 1564 1486
2840 2 2 2 1 1486 1564 1565
2841 2 2 2 1 1486 1565 1487
2842 2 2 2 1 1487 1565 1566
2843 2 2 2 1 1487 1566 1488
2844 2 2 2 1 1488 1566 1567
2845 2 2 2 1 1488 1567 1489
2846 2 2 2 1 1489 1567 1568
2847 2 2 2 1 1489 1568 1490
2848 2 2 2 1 1490 1568 1569
2849 2 2 2 1 1490 1569 1491
2850 2 2 2 1 1491 1569 1570
2851 2 2 2 1 1491 1570 1492
2852 2 2 2 1 1492 1570 1571
2853 2 2 2 1 1492 1571 1493
2854 2 2 2 1 1493 1571 1572
2855 2 2 2 1 1493 1572 1494
2856 2 2 2 1 1494 1572 1573
2857 2 2 2 1 1494 1573 1495
2858 2 2 2 1 1495 1573 1574
2859 2 2 2 1 1495 1574 1496
2860 2 2 2 1 1496 1574 1575
2861 2 2 2 1 1496 1575 1497
2862 2 2 2 1 1497 1575 1576
2863 2 2 2 1 1497 1576 1498
2864 2 2 2 1 1498 1576 1577
2865 2 2 2 1 1498 1577 1499
2866 2 2 2 1 1499 1577 1578
2867 2 2 2 1 1499 1578 1500
2868 2 2 2 1 1500 1578 1579
2869 2 2 2 1 1500 1579 1501
2870 2 2 2 1 1501 1579 1580
2871 2 2 2 1 1501 1580 1502
2872 2 2 2 1 1502 1580 1581
2873 2 2 2 1 1502 1581 1503
2874 2 2 2 1 1503 1581 1582
2875 2 2 2 1 1503 1582 1504
2876 2 2 2 1 1504 1582 1583
2877 2 2 2 1 1504 1583 1505
2878 2 2 2 1 1505 1583 1584
2879 2 2 2 1 1505 1584 227
2880 2 2 2 1 227 1584 226
2881 2 2 2 1 20 21 1506
2882 2 2 2 1 1506 21 1585
2883 2 2 2 1 1506 1585 1507
2884 2 2 2 1 1507 1585 1586
2885 2 2 2 1 1507 1586 1508
2886 2 2 2 1 1508 1586 1587
2887 2 2 2 1 1508 1587 1509
2888 2 2 2 1 1509 1587 1588
2889 2 2 2 1 1509 1588 1510
2890 2 2 2 1 1510 1588 1589
2891 2 2 2 1 1510 1589 1511
2892 2 2 2 1 1511 1589 1590
2893 2 2 2 1 1511 1590 1512
2894 2 2 2 1 1512 1590 1591
2895 2 2 2 1 1512 1591 1513
2896 2 2 2 1 1513 1591 1592
2897 2 2 2 1 1513 1592 1514
2898 2 2 2 1 1514 1592 1593
2899 2 2 2 1 1514 1593 1515
2900 2 2 2 1 1515 1593 1594
2901 2 2 2 1 1515 1594 1516
2902 2 2 2 1 1516 1594 1595
2903 2 2 2 1 1516 1595 1517
2904 2 2 2 1 1517 1595 1596
2905 2 2 2 1 1517 1596 1518
2906 2 2 2 1 1518 1596 1597
2907 2 2 2 1 1518 1597 1519
2908 2 2 2 1 1519 1597 1598
2909 2 2 2 1 1519 1598 1520
2910 2 2 2 1 1520 1598 1599
2911 2 2 2 1 1520 1599 1521
2912 2 2 2 1 1521 1599 1600
2913 2 2 2 1 1521 1600 1522
2914 2 2 2 1 1522 1600 1601
2915 2 2 2 1 1522 1601 1523
2916 2 2 2 1 1523 1601 1602
2917 2 2 2 1 1523 1602 1524
2918 2 2 2 1 1524 1602 1603
2919 2 2 2 1 1524 1603 1525
2920 2 2 2 1 1525 1603 1604
2921 2 2 2 1 1525 1604 1526
2922 2 2 2 1 1526 1604 1605
2923 2 2 2 1 1526 1605 1527
2924 2 2 2 1 1527 1605 1606
2925 2 2 2 1 1527 1606 1528
2926 2 2 2 1 1528 1606 1607
2927 2 2 2 1 1528 1607 1529
2928 2 2 2 1 1529 1607 1608
2929 2 2 2 1 1529 1608 1530
2930 2 2 2 1 1530 1608 1609
2931 2 2 2 1 1530 1609 1531
2932 2 2 2 1 1531 1609 1610
2933 2 2 2 1 1531 1610 1532
2934 2 2 2 1 1532 1610 1611
2935 2 2 2 1 1532 1611 1533
2936 2 2 2 1 1533 1611 1612
2937 2 2 2 1 1533 1612 1534
2938 2 2 2 1 1534 1612 1613
2939 2 2 2 1 1534 1613 1535
2940 2 2 2 1 1535 1613 1614
2941 2 2 2 1 1535 1614 1536
2942 2 2 2 1 1536 1614 1615
2943 2 2 2 1 1536 1615 1537
2944 2 2 2 1 1537 1615 1616
2945 2 2 2 1 1537 1616 1538
2946 2 2 2 1 1538 1616 1617
2947 2 2 2 1 1538 1617 1539
2948 2 2 2 1 1539 1617 1618
2949 2 2 2 1 1539 1618 1540
2950 2 2 2 1 1540 1618 1619
2951 2 2 2 1 1540 1619 1541
2952 2 2 2 1 1541 1619 1620
2953 2 2 2 1 1541 1620 1542
2954 2 2 2 1 1542 1620 1621
2955 2 2 2 1 1542 1621 1543
2956 2 2 2 1 1543 1621 1622
2957 2 2 2 1 1543 1622 1544
2958 2 2 2 1 1544 1622 1623
2959 2 2 2 1 1544 1623 1545
2960 2 2 2 1 1545 1623 1624
2961 2 2 2 1 1545 1624 1546
2962 2 2 2 1 1546 1624 1625
2963 2 2 2 1 1546 1625 1547
2964 2 2 2 1 1547 1625 1626
2965 2 2 2 1 1547 1626 1548
2966 2 2 2 1 1548 1626 1627
2967 2 2 2 1 1548 1627 1549
2968 2 2 2 1 1549 1627 1628
2969 2 2 2 1 1549 1628 1550
2970 2 2 2 1 1550 1628 1629
2971 2 2 2 1 1550 1629 1551
2972 2 2 2 1 1551 1629 1630
2973 2 2 2 1 1551 1630 1552
2974 2 2 2 1 1552 1630 1631
2975 2 2 2 1 1552 1631 1553
2976 2 2 2 1 1553 1631 1632
2977 2 2 2 1 1553 1632 1554
2978 2 2 2 1 1554 1632 1633
2979 2 2 2 1 1554 1633 1555
2980 2 2 2 1 1555 1633 1634
2981 2 2 2 1 1555 1634 1556
2982 2 2 2 1 1556 1634 1635
2983 2 2 2 1 1556 1635 1557
2984 2 2 2 1 1557 1635 1636
2985 2 2 2 1 1557 1636 1558
2986 2 2 2 1 1558 1636 1637
2987 2 2 2 1 1558 1637 1559
2988 2 2 2 1 1559 1637 1638
2989 2 2 2 1 1559 1638 1560
2990 2 2 2 1 1560 1638 1639
2991 2 2 2 1 1560 1639 1561
2992 2 2 2 1 1561 1639 1640
2993 2 2 2 1 1561 1640 1562
2994 2 2 2 1 1562 1640 1641
2995 2 2 2 1 1562 1641 1563
2996 2 2 2 1 1563 1641 1642
2997 2 2 2 1 1563 1642 1564
2998 2 2 2 1 1564 1642 1643
2999 2 2 2 1 1564 1643 1565
3000 2 2 2 1 1565 1643 1644
3001 2 2 2 1 1565 1644 1566
3002 2 2 2 1 1566 1644 1645
3003 2 2 2 1 1566 1645 1567
3004 2 2 2 1 1567 1645 1646
3005 2 2 2 1 1567 1646 1568
3006 2 2 2 1 1568 1646 1647
3007 2 2 2 1 1568 1647 1569
3008 2 2 2 1 1569 1647 1648
3009 2 2 2 1 1569 1648 1570
3010 2 2 2 1 1570 1648 1649
3011 2 2 2 1 1570 1649 1571
3012 2 2 2 1 1571 1649 1650
3013 2 2 2 1 1571 1650 1572
3014 2 2 2 1 1572 1650 1651
3015 2 2 2 1 1572 1651 1573
3016 2 2 2 1 1573 1651 1652
3017 2 2 2 1 1573 1652 1574
3018 2 2 2 1 1574 1652 1653
3019 2 2 2 1 1574 1653 1575
3020 2 2 2 1 1575 1653 1654
3021 2 2 2 1 1575 1654 1576
3022 2 2 2 1 1576 1654 1655
3023 2 2 2 1 1576 1655 1577
3024 2 2 2 1 1577 1655 1656
3025 2 2 2 1 1577 1656 1578
3026 2 2 2 1 1578 1656 1657
3027 2 2 2 1 1578 1657 1579
3028 2 2 2 1 1579 1657 1658
3029 2 2 2 1 1579 1658 1580
3030 2 2 2 1 1580 1658 1659
3031 2 2 2 1 1580 1659 1581
3032 2 2 2 1 1581 1659 1660
3033 2 2 2 1 1581 1660 1582
3034 2 2 2 1 1582 1660 1661
3035 2 2 2 1 1582 1661 1583
3036 2 2 2 1 1583 1661 1662
3037 2 2 2 1 1583 1662 1584
3038 2 2 2 1 1584 1662 1663
3039 2 2 2 1 1584 1663 226
3040 2 2 2 1 226 1663 225
3041 2 2 2 1 21 22 1585
3042 2 2 2 1 1585 22 1664
3043 2 2 2 1 1585 1664 1586
3044 2 2 2 1 1586 1664 1665
3045 2 2 2 1 1586 1665 1587
3046 2 2 2 1 1587 1665 1666
3047 2 2 2 1 1587 1666 1588
3048 2 2 2 1 1588 1666 1667
3049 2 2 2 1 1588 1667 1589
3050 2 2 2 1 1589 1667 1668
3051 2 2 2 1 1589 1668 1590
3052 2 2 2 1 1590 1668 1669
3053 2 2 2 1 1590 1669 1591
3054 2 2 2 1 1591 1669 1670
3055 2 2 2 1 1591 1670 1592
3056 2 2 2 1 1592 1670 1671
3057 2 2 2 1 1592 1671 1593
3058 2 2 2 1 1593 1671 1672
3059 2 2 2 1 1593 1672 1594
3060 2 2 2 1 1594 1672 1673
3061 2 2 2 1 1594 1673 1595
3062 2 2 2 1 1595 1673 1674
3063 2 2 2 1 1595 1674 1596
3064 2 2 2 1 1596 1674 1675
3065 2 2 2 1 1596 1675 1597
3066 2 2 2 1 1597 1675 1676
3067 2 2 2 1 1597 1676 1598
3068 2 2 2 1 1598 1676 1677
3069 2 2 2 1 1598 1677 1599
3070 2 2 2 1 1599 1677 1678
3071 2 2 2 1 1599 1678 1600
3072 2 2 2 1 1600 1678 1679
3073 2 2 2 1 1600 1679 1601
3074 2 2 2 1 1601 1679 1680
3075 2 2 2 1 1601 1680 1602
3076 2 2 2 1 1602 1680 1681
3077 2 2 2 1 1602 1681 1603
3078 2 2 2 1 1603 1681 1682
3079 2 2 2 1 1603 1682 1604
3080 2 2 2 1 1604 1682 1683
3081 2 2 2 1 1604 1683 1605
3082 2 2 2 1 1605 1683 1684
3083 2 2 2 1 1605 1684 1606
3084 2 2 2 1 1606 1684 1685
3085 2 2 2 1 1606 1685 1607
3086 2 2 2 1 1607 1685 1686
3087 2 2 2 1 1607 1686 1608
3088 2 2 2 1 1608 1686 1687
3089 2 2 2 1 1608 1687 1609
3090 2 2 2 1 1609 1687 1688
3091 2 2 2 1 1609 1688 1610
3092 2 2 2 1 1610 1688 1689
3093 2 2 2 1 1610 1689 1611
3094 2 2 2 1 1611 1689 1690
3095 2 2 2 1 1611 1690 1612
3096 2 2 2 1 1612 1690 1691
3097 2 2 2 1 1612 1691 1613
3098 2 2 2 1 1613 1691 1692
3099 2 2 2 1 1613 1692 1614
3100 2 2 2 1 1614 1692 1693
3101 2 2 2 1 1614 1693 1615
3102 2 2 2 1 1615 1693 1694
3103 2 2 2 1 1615 1694 1616
3104 2 2 2 1 1616 1694 1695
3105 2 2 2 1 1616 1695 1617
3106 2 2 2 1 1617 1695 1696
3107 2 2 2 1 1617 1696 1618
3108 2 2 2 1 1618 1696 1697
3109 2 2 2 1 1618 1697 1619
3110 2 2 2 1 1619 1697 1698
3111 2 2 2 1 1619 1698 1620
3112 2 2 2 1 1620 1698 1699
3113 2 2 2 1 1620 1699 1621
3114 2 2 2 1 1621 1699 1700
3115 2 2 2 1 1621 1700 1622
3116 2 2 2 1 1622 1700 1701
3117 2 2 2 1 1622 1701 1623
3118 2 2 2 1 1623 1701 1702
3119 2 2 2 1 1623 1702 1624
3120 2 2 2 1 1624 1702 1703
3121 2 2 2 1 1624 1703 1625
3122 2 2 2 1 1625 1703 1704
3123 2 2 2 1 1625 1704 1626
3124 2 2 2 1 1626 1704 1705
3125 2 2 2 1 1626 1705 1627
3126 2 2 2 1 1627 1705 1706
3127 2 2 2 1 1627 1706 1628
3128 2 2 2 1 1628 1706 1707
3129 2 2 2 1 1628 1707 1629
3130 2 2 2 1 1629 1707 1708
3131 2 2 2 1 1629 1708 1630
3132 2 2 2 1 1630 1708 1709
3133 2 2 2 1 1630 1709 1631
3134 2 2 2 1 1631 1709 1710
3135 2 2 2 1 1631 1710 1632
3136 2 2 2 1 1632 1710 1711
3137 2 2 2 1 1632 1711 1633
3138 2 2 2 1 1633 1711 1712
3139 2 2 2 1 1633 1712 1634
3140 2 2 2 1 1634 1712 1713
3141 2 2 2 1 1634 1713 1635
3142 2 2 2 1 1635 1713 1714
3143 2 2 2 1 1635 1714 1636
3144 2 2 2 1 1636 1714 1715
3145 2 2 2 1 1636 1715 1637
3146 2 2 2 1 1637 1715 1716
3147 2 2 2 1 1637 1716 1638
3148 2 2 2 1 1638 1716 1717
3149 2 2 2 1 1638 1717 1639
3150 2 2 2 1 1639 1717 1718
3151 2 2 2 1 1639 1718 1640
3152 2 2 2 1 1640 1718 1719
3153 2 2 2 1 1640 1719 1641
3154 2 2 2 1 1641 1719 1720
3155 2 2 2 1 1641 1720 1642
3156 2 2 2 1 1642 1720 1721
3157 2 2 2 1 1642 1721 1643
3158 2 2 2 1 1643 1721 1722
3159 2 2 2 1 1643 1722 1644
3160 2 2 2 1 1644 1722 1723
3161 2 2 2 1 1644 1723 1645
3162 2 2 2 1 1645 1723 1724
3163 2 2 2 1 1645 1724 1646
3164 2 2 2 1 1646 1724 1725
3165 2 2 2 1 1646 1725 1647
3166 2 2 2 1 1647 1725 1726
3167 2 2 2 1 1647 1726 1648
3168 2 2 2 1 1648 1726 1727
3169 2 2 2 1 1648 1727 1649
3170 2 2 2 1 1649 1727 1728
3171 2 2 2 1 1649 1728 1650
3172 2 2 2 1 1650 1728 1729
3173 2 2 2 1 1650 1729 1651
3174 2 2 2 1 1651 1729 1730
3175 2 2 2 1 1651 1730 1652
3176 2 2 2 1 1652 1730 1731
3177 2 2 2 1 1652 1731 1653
3178 2 2 2 1 1653 1731 1732
3179 2 2 2 1 1653 1732 1654
3180 2 2 2 1 1654 1732 1733
3181 2 2 2 1 1654 1733 1655
3182 2 2 2 1 1655 1733 1734
3183 2 2 2 1 1655 1734 1656
3184 2 2 2 1 1656 1734 1735
3185 2 2 2 1 1656 1735 1657
3186 2 2 2 1 1657 1735 1736
3187 2 2 2 1 1657 1736 1658
3188 2 2 2 1 1658 1736 1737
3189 2 2 2 1 1658 1737 1659
3190 2 2 2 1 1659 1737 1738
3191 2 2 2 1 1659 1738 1660
3192 2 2 2 1 1660 1738 1739
3193 2 2 2 1 1660 1739 1661
3194 2 2 2 1 1661 1739 1740
3195 2 2 2 1 1661 1740 1662
3196 2 2 2 1 1662 1740 1741
3197 2 2 2 1 1662 1741 1663
3198 2 2 2 1 1663 1741 1742
3199 2 2 2 1 1663 1742 225
3200 2 2 2 1 225 1742 224
3201 2 2 2 1 22 23 1664
3202 2 2 2 1 1664 23 1743
3203 2 2 2 1 1664 1743 1665
3204 2 2 2 1 1665 1743 1744
3205 2 2 2 1 1665 1744 1666
3206 2 2 2 1 1666 1744 1745
3207 2 2 2 1 1666 1745 1667
3208 2 2 2 1 1667 1745 1746
3209 2 2 2 1 1667 1746 1668
3210 2 2 2 1 1668 1746 1747
3211 2 2 2 1 1668 1747 1669
3212 2 2 2 1 1669 1747 1748
3213 2 2 2 1 1669 1748 1670
3214 2 2 2 1 1670 1748 1749
3215 2 2 2 1 1670 1749 1671
3216 2 2 2 1 1671 1749 1750
3217 2 2 2 1 1671 1750 1672
3218 2 2 2 1 1672 1750 1751
3219 2 2 2 1 1672 1751 1673
3220 2 2 2 1 1673 1751 1752
3221 2 2 2 1 1673 1752 1674
3222 2 2 2 1 1674 1752 1753
3223 2 2 2 1 1674 1753 1675
3224 2 2 2 1 1675 1753 1754
3225 2 2 2 1 1675 1754 1676
3226 2 2 2 1 1676 1754 1755
3227 2 2 2 1 1676 1755 1677
3228 2 2 2 1 1677 1755 1756
3229 2 2 2 1 1677 1756 1678
3230 2 2 2 1 1678 1756 1757
3231 2 2 2 1 1678 1757 1679
3232 2 2 2 1 1679 1757 1758
3233 2 2 2 1 1679 1758 1680
3234 2 2 2 1 1680 1758 1759
3235 2 2 2 1 1680 1759 1681
3236 2 2 2 1 1681 1759 1760
3237 2 2 2 1 1681 1760 1682
3238 2 2 2 1 1682 1760 1761
3239 2 2 2 1 1682 1761 1683
3240 2 2 2 1 1683 1761 1762
3241 2 2 2 1 1683 1762 1684
3242 2 2 2 1 1684 1762 1763
3243 2 2 2 1 1684 1763 1685
3244 2 2 2 1 1685 1763 1764
3245 2 2 2 1 1685 1764 1686
3246 2 2 2 1 1686 1764 1765
3247 2 2 2 1 1686 1765 1687
3248 2 2 2 1 1687 1765 1766
3249 2 2 2 1 1687 1766 1688
3250 2 2 2 1 1688 1766 1767
3251 2 2 2 1 1688 1767 1689
3252 2 2 2 1 1689 1767 1768
3253 2 2 2 1 1689 1768 1690
3254 2 2 2 1 1690 1768 1769
3255 2 2 2 1 1690 1769 1691
3256 2 2 2 1 1691 1769 1770
3257 2 2 2 1 1691 1770 1692
3258 2 2 2 1 1692 1770 1771
3259 2 2 2 1 1692 1771 1693
3260 2 2 2 1 1693 1771 1772
3261 2 2 2 1 1693 1772 1694
3262 2 2 2 1 1694 1772 1773
3263 2 2 2 1 1694 1773 1695
3264 2 2 2 1 1695 1773 1774
3265 2 2 2 1 1695 1774 1696
3266 2 2 2 1 1696 1774 1775
3267 2 2 2 1 1696 1775 1697
3268 2 2 2 1 1697 1775 1776
3269 2 2 2 1 1697 1776 1698
3270 2 2 2 1 1698 1776 1777
3271 2 2 2 1 1698 1777 1699
3272 2 2 2 1 1699 1777 1778
3273 2 2 2 1 1699 1778 1700
3274 2 2 2 1 1700 1778 1779
3275 2 2 2 1 1700 1779 1701
3276 2 2 2 1 1701 1779 1780
3277 2 2 2 1 1701 1780 1702
3278 2 2 2 1 1702 1780 1781
3279 2 2 2 1 1702 1781 1703
3280 2 2 2 1 1703 1781 1782
3281 2 2 2 1 1703 1782 1704
3282 2 2 2 1 1704 1782 1783
3283 2 2 2 1 1704 1783 1705
3284 2 2 2 1 1705 1783 1784
3285 2 2 2 1 1705 1784 1706
3286 2 2 2 1 1706 1784 1785
3287 2 2 2 1 1706 1785 1707
3288 2 2 2 1 1707 1785 1786
3289 2 2 2 1 1707 1786 1708
3290 2 2 2 1 1708 1786 1787
3291 2 2 2 1 1708 1787 1709
3292 2 2 2 1 1709 1787 1788
3293 2 2 2 1 1709 1788 1710
3294 2 2 2 1 1710 1788 1789
3295 2 2 2 1 1710 1789 1711
3296 2 2 2 1 1711 1789 1790
3297 2 2 2 1 1711 1790 1712
3298 2 2 2 1 1712 1790 1791
3299 2 2 2 1 1712 1791 1713
3300 2 2 2 1 1713 1791 1792
3301 2 2 2 1 1713 1792 1714
3302 2 2 2 1 1714 1792 1793
3303 2 2 2 1 1714 1793 1715
3304 2 2 2 1 1715 1793 1794
3305 2 2 2 1 1715 1794 1716
3306 2 2 2 1 1716 1794 1795
3307 2 2 2 1 1716 1795 1717
3308 2 2 2 1 1717 1795 1796
3309 2 2 2 1 1717 1796 1718
3310 2 2 2 1 1718 1796 1797
3311 2 2 2 1 1718 1797 1719
3312 2 2 2 1 1719 1797 1798
3313 2 2 2 1 1719 1798 1720
3314 2 2 2 1 1720 1798 1799
3315 2 2 2 1 1720 1799 1721
3316 2 2 2 1 1721 1799 1800
3317 2 2 2 1 1721 1800 1722
3318 2 2 2 1 1722 1800 1801
3319 2 2 2 1 1722 1801 1723
3320 2 2 2 1 1723 1801 1802
3321 2 2 2 1 1723 1802 1724
3322 2 2 2 1 1724 1802 1803
3323 2 2 2 1 1724 1803 1725
3324 2 2 2 1 1725 1803 1804
3325 2 2 2 1 1725 1804 1726
3326 2 2 2 1 1726 1804 1805
3327 2 2 2 1 1726 1805 1727
3328 2 2 2 1 1727 1805 1806
3329 2 2 2 1 1727 1806 1728
3330 2 2 2 1 1728 1806 1807
3331 2 2 2 1 1728 1807 1729
3332 2 2 2 1 1729 1807 1808
3333 2 2 2 1 1729 1808 1730
3334 2 2 2 1 1730 1808 1809
3335 2 2 2 1 1730 1809 1731
3336 2 2 2 1 1731 1809 1810
3337 2 2 2 1 1731 1810 1732
3338 2 2 2 1 1732 1810 1811
3339 2 2 2 1 1732 1811 1733
3340 2 2 2 1 1733 1811 1812
3341 2 2 2 1 1733 1812 1734
3342 2 2 2 1 1734 1812 1813
3343 2 2 2 1 1734 1813 1735
3344 2 2 2 1 1735 1813 1814
3345 2 2 2 1 1735 1814 1736
3346 2 2 2 1 1736 1814 1815
3347 2 2 2 1 1736 1815 1737
3348 2 2 2 1 1737 1815 1816
3349 2 2 2 1 1737 1816 1738
3350 2 2 2 1 1738 1816 1817
3351 2 2 2 1 1738 1817 1739
3352 2 2 2 1 1739 1817 1818
3353 2 2 2 1 1739 1818 1740
3354 2 2 2 1 1740 1818 1819
3355 2 2 2 1 1740 1819 1741
3356 2 2 2 1 1741 1819 1820
3357 2 2 2 1 1741 1820 1742
3358 2 2 2 1 1742 1820 1821
3359 2 2 2 1 1742 1821 224
3360 2 2 2 1 224 1821 223
3361 2 2 2 1 23 24 1743
3362 2 2 2 1 1743 24 1822
3363 2 2 2 1 1743 1822 1744
3364 2 2 2 1 1744 1822 1823
3365 2 2 2 1 1744 1823 1745
3366 2 2 2 1 1745 1823 1824
3367 2 2 2 1 1745 1824 1746
3368 2 2 2 1 1746 1824 1825
3369 2 2 2 1 1746 1825 1747
3370 2 2 2 1 1747 1825 1826
3371 2 2 2 1 1747 1826 1748
3372 2 2 2 1 1748 1826 1827
3373 2 2 2 1 1748 1827 1749
3374 2 2 2 1 1749 1827 1828
3375 2 2 2 1 1749 1828 1750
3376 2 2 2 1 1750 1828 1829
3377 2 2 2 1 1750 1829 1751
3378 2 2 2 1 1751 1829 1830
3379 2 2 2 1 1751 1830 1752
3380 2 2 2 1 1752 1830 1831
3381 2 2 2 1 1752 1831 1753
3382 2 2 2 1 1753 1831 1832
3383 2 2 2 1 1753 1832 1754
3384 2 2 2 1 1754 1832 1833
3385 2 2 2 1 1754 1833 1755
3386 2 2 2 1 1755 1833 1834
3387 2 2 2 1 1755 1834 1756
3388 2 2 2 1 1756 1834 1835
3389 2 2 2 1 1756 1835 1757
3390 2 2 2 1 1757 1835 1836
3391 2 2 2 1 1757 1836 1758
3392 2 2 2 1 1758 1836 1837
3393 2 2 2 1 1758 1837 1759
3394 2 2 2 1 1759 1837 1838
3395 2 2 2 1 1759 1838 1760
3396 2 2 2 1 1760 1838 1839
3397 2 2 2 1 1760 1839 1761
3398 2 2 2 1 1761 1839 1840
3399 2 2 2 1 1761 1840 1762
3400 2 2 2 1 1762 1840 1841
3401 2 2 2 1 1762 1841 1763
3402 2 2 2 1 1763 1841 1842
3403 2 2 2 1 1763 1842 1764
3404 2 2 2 1 1764 1842 1843
3405 2 2 2 1 1764 1843 1765
3406 2 2 2 1 1765 1843 1844
3407 2 2 2 1 1765 1844 1766
3408 2 2 2 1 1766 1844 1845
3409 2 2 2 1 1766 1845 1767
3410 2 2 2 1 1767 1845 1846
3411 2 2 2 1 1767 1846 1768
3412 2 2 2 1 1768 1846 1847
3413 2 2 2 1 1768 1847 1769
3414 2 2 2 1 1769 1847 1848
3415 2 2 2 1 1769 1848 1770
3416 2 2 2 1 1770 1848 1849
3417 2 2 2 1 1770 1849 1771
3418 2 2 2 1 1771 1849 1850
3419 2 2 2 1 1771 1850 1772
3420 2 2 2 1 1772 1850 1851
3421 2 2 2 1 1772 1851 1773
3422 2 2 2 1 1773 1851 1852
3423 2 2 2 1 1773 1852 1774
3424 2 2 2 1 1774 1852 1853
3425 2 2 2 1 1774 1853 1775
3426 2 2 2 1 1775 1853 1854
3427 2 2 2 1 1775 1854 1776
3428 2 2 2 1 1776 1854 1855
3429 2 2 2 1 1776 1855 1777
3430 2 2 2 1 1777 1855 1856
3431 2 2 2 1 1777 1856 1778
3432 2 2 2 1 1778 1856 1857
3433 2 2 2 1 1778 1857 1779
3434 2 2 2 1 1779 1857 1858
3435 2 2 2 1 1779 1858 1780
3436 2 2 2 1 1780 1858 1859
3437 2 2 2 1 1780 1859 1781
3438 2 2 2 1 1781 1859 1860
3439 2 2 2 1 1781 1860 1782
3440 2 2 2 1 1782 1860 1861
3441 2 2 2 1 1782 1861 1783
3442 2 2 2 1 1783 1861 1862
3443 2 2 2 1 1783 1862 1784
3444 2 2 2 1 1784 1862 1863
3445 2 2 2 1 1784 1863 1785
3446 2 2 2 1 1785 1863 1864
3447 2 2 2 1 1785 1864 1786
3448 2 2 2 1 1786 1864 1865
3449 2 2 2 1 1786 1865 1787
3450 2 2 2 1 1787 1865 1866
3451 2 2 2 1 1787 1866 1788
3452 2 2 2 1 1788 1866 1867
3453 2 2 2 1 1788 1867 1789
3454 2 2 2 1 1789 1867 1868
3455 2 2 2 1 1789 1868 1790
3456 2 2 2 1 1790 1868 1869
3457 2 2 2 1 1790 1869 1791
3458 2 2 2 1 1791 1869 1870
3459 2 2 2 1 1791 1870 1792
3460 2 2 2 1 1792 1870 1871
3461 2 2 2 1 1792 1871 1793
3462 2 2 2 1 1793 1871 1872
3463 2 2 2 1 1793 1872 1794
3464 2 2 2 1 1794 1872 1873
3465 2 2 2 1 1794 1873 1795
3466 2 2 2 1 1795 1873 1874
3467 2 2 2 1 1795 1874 1796
3468 2 2 2 1 1796 1874 1875
3469 2 2 2 1 1796 1875 1797
3470 2 2 2 1 1797 1875 1876
3471 2 2 2 1 1797 1876 1798
3472 2 2 2 1 1798 1876 1877
3473 2 2 2 1 1798 1877 1799
3474 2 2 2 1 1799 1877 1878
3475 2 2 2 1 1799 1878 1800
3476 2 2 2 1 1800 1878 1879
3477 2 2 2 1 1800 1879 1801
3478 2 2 2 1 1801 1879 1880
3479 2 2 2 1 1801 1880 1802
3480 2 2 2 1 1802 1880 1881
3481 2 2 2 1 1802 1881 1803
3482 2 2 2 1 1803 1881 1882
3483 2 2 2 1 1803 1882 1804
3484 2 2 2 1 1804 1882 1883
3485 2 2 2 1 1804 1883 1805
3486 2 2 2 1 1805 1883 1884
3487 2 2 2 1 1805 1884 1806
3488 2 2 2 1 1806 1884 1885
3489 2 2 2 1 1806 1885 1807
3490 2 2 2 1 1807 1885 1886
3491 2 2 2 1 1807 1886 1808
3492 2 2 2 1 1808 1886 1887
3493 2 2 2 1 1808 1887 1809
3494 2 2 2 1 1809 1887 1888
3495 2 2 2 1 1809 1888 1810
3496 2 2 2 1 1810 1888 1889
3497 2 2 2 1 1810 1889 1811
3498 2 2 2 1 1811 1889 1890
3499 2 2 2 1 1811 1890 1812
3500 2 2 2 1 1812 1890 1891
3501 2 2 2 1 1812 1891 1813
3502 2 2 2 1 1813 1891 1892
3503 2 2 2 1 1813 1892 1814
3504 2 2 2 1 1814 1892 1893
3505 2 2 2 1 1814 1893 1815
3506 2 2 2 1 1815 1893 1894
3507 2 2 2 1 1815 1894 1816
3508 2 2 2 1 1816 1894 1895
3509 2 2 2 1 1816 1895 1817
3510 2 2 2 1 1817 1895 1896
3511 2 2 2 1 1817 1896 1818
3512 2 2 2 1 1818 1896 1897
3513 2 2 2 1 1818 1897 1819
3514 2 2 2 1 1819 1897 1898
3515 2 2 2 1 1819 1898 1820
3516 2 2 2 1 1820 1898 1899
3517 2 2 2 1 1820 1899 1821
3518 2 2 2 1 1821 1899 1900
3519 2 2 2 1 1821 1900 223
3520 2 2 2 1 223 1900 222
3521 2 2 2 1 24 25 1822
3522 2 2 2 1 1822 25 1901
3523 2 2 2 1 1822 1901 1823
3524 2 2 2 1 1823 1901 1902
3525 2 2 2 1 1823 1902 1824
3526 2 2 2 1 1824 1902 1903
3527 2 2 2 1 1824 1903 1825
3528 2 2 2 1 1825 1903 1904
3529 2 2 2 1 1825 1904 1826
3530 2 2 2 1 1826 1904 1905
3531 2 2 2 1 1826 1905 1827
3532 2 2 2 1 1827 1905 1906
3533 2 2 2 1 1827 1906 1828
3534 2 2 2 1 1828 1906 1907
3535 2 2 2 1 1828 1907 1829
3536 2 2 2 1 1829 1907 1908
3537 2 2 2 1 1829 1908 1830
3538 2 2 2 1 1830 1908 1909
3539 2 2 2 1 1830 1909 1831
3540 2 2 2 1 1831 1909 1910
3541 2 2 2 1 1831 1910 1832
3542 2 2 2 1 1832 1910 1911
3543 2 2 2 1 1832 1911 1833
3544 2 2 2 1 1833 1911 1912
3545 2 2 2 1 1833 1912 1834
3546 2 2 2 1 1834 1912 1913
3547 2 2 2 1 1834 1913 1835
3548 2 2 2 1 1835 1913 1914
3549 2 2 2 1 1835 1914 1836
3550 2 2 2 1 1836 1914 1915
3551 2 2 2 1 1836 1915 1837
3552 2 2 2 1 1837 1915 1916
3553 2 2 2 1 1837 1916 1838
3554 2 2 2 1 1838 1916 1917
3555 2 2 2 1 1838 1917 1839
3556 2 2 2 1 1839 1917 1918
3557 2 2 2 1 1839 1918 1840
3558 2 2 2 1 1840 1918 1919
3559 2 2 2 1 1840 1919 1841
3560 2 2 2 1 1841 1919 1920
3561 2 2 2 1 1841 1920 1842
3562 2 2 2 1 1842 1920 1921
3563 2 2 2 1 1842 1921 1843
3564 2 2 2 1 1843 1921 1922
3565 2 2 2 1 1843 1922 1844
3566 2 2 2 1 1844 1922 1923
3567 2 2 2 1 1844 1923 1845
3568 2 2 2 1 1845 1923 1924
3569 2 2 2 1 1845 1924 1846
3570 2 2 2 1 1846 1924 1925
3571 2 2 2 1 1846 1925 1847
3572 2 2 2 1 1847 1925 1926
3573 2 2 2 1 1847 1926 1848
3574 2 2 2 1 1848 1926 1927
3575 2 2 2 1 1848 1927 1849
3576 2 2 2 1 1849 1927 1928
3577 2 2 2 1 1849 1928 1850
3578 2 2 2 1 1850 1928 1929
3579 2 2 2 1 1850 1929 1851
3580 2 2 2 1 1851 1929 1930
3581 2 2 2 1 1851 1930 1852
3582 2 2 2 1 1852 1930 1931
3583 2 2 2 1 1852 1931 1853
3584 2 2 2 1 1853 1931 1932
3585 2 2 2 1 1853 1932 1854
3586 2 2 2 1 1854 1932 1933
3587 2 2 2 1 1854 1933 1855
3588 2 2 2 1 1855 1933 1934
3589 2 2 2 1 1855 1934 1856
3590 2 2 2 1 1856 1934 1935
3591 2 2 2 1 1856 1935 1857
3592 2 2 2 1 1857 1935 1936
3593 2 2 2 1 1857 1936 1858
3594 2 2 2 1 1858 1936 1937
3595 2 2 2 1 1858 1937 1859
3596 2 2 2 1 1859 1937 1938
3597 2 2 2 1 1859 1938 1860
3598 2 2 2 1 1860 1938 1939
3599 2 2 2 1 1860 1939 1861
3600 2 2 2 1 1861 1939 1940
3601 2 2 2 1 1861 1940 1862
3602 2 2 2 1 1862 1940 1941
3603 2 2 2 1 1862 1941 1863
3604 2 2 2 1 1863 1941 1942
3605 2 2 2 1 1863 1942 1864
3606 2 2 2 1 1864 1942 1943
3607 2 2 2 1 1864 1943 1865
3608 2 2 2 1 1865 1943 1944
3609 2 2 2 1 1865 1944 1866
3610 2 2 2 1 1866 1944 1945
3611 2 2 2 1 1866 1945 1867
3612 2 2 2 1 1867 1945 1946
3613 2 2 2 1 1867 1946 1868
3614 2 2 2 1 1868 1946 1947
3615 2 2 2 1 1868 1947 1869
3616 2 2 2 1 1869 1947 1948
3617 2 2 2 1 1869 1948 1870
3618 2 2 2 1 1870 1948 1949
3619 2 2 2 1 1870 1949 1871
3620 2 2 2 1 1871 1949 1950
3621 2 2 2 1 1871 1950 1872
3622 2 2 2 1 1872 1950 1951
3623 2 2 2 1 1872 1951 1873
3624 2 2 2 1 1873 1951 1952
3625 2 2 2 1 1873 1952 1874
3626 2 2 2 1 1874 1952 1953
3627 2 2 2 1 1874 1953 1875
3628 2 2 2 1 1875 1953 1954
3629 2 2 2 1 1875 1954 1876
3630 2 2 2 1 1876 1954 1955
3631 2 2 2 1 1876 1955 1877
3632 2 2 2 1 1877 1955 1956
3633 2 2 2 1 1877 1956 1878
3634 2 2 2 1 1878 1956 1957
3635 2 2 2 1 1878 1957 1879
3636 2 2 2 1 1879 1957 1958
3637 2 2 2 1 1879 1958 1880
3638 2 2 2 1 1880 1958 1959
3639 2 2 2 1 1880 1959 1881
3640 2 2 2 1 1881 1959 1960
3641 2 2 2 1 1881 1960 1882
3642 2 2 2 1 1882 1960 1961
3643 2 2 2 1 1882 1961 1883
3644 2 2 2 1 1883 1961 1962
3645 2 2 2 1 1883 1962 1884
3646 2 2 2 1 1884 1962 1963
3647 2 2 2 1 1884 1963 1885
3648 2 2 2 1 1885 1963 1964
3649 2 2 2 1 1885 1964 1886
3650 2 2 2 1 1886 1964 1965
3651 2 2 2 1 1886 1965 1887
3652 2 2 2 1 1887 1965 1966
3653 2 2 2 1 1887 1966 1888
3654 2 2 2 1 1888 1966 1967
3655 2 2 2 1 1888 1967 1889
3656 2 2 2 1 1889 1967 1968
3657 2 2 2 1 1889 1968 1890
3658 2 2 2 1 1890 1968 1969
3659 2 2 2 1 1890 1969 1891
3660 2 2 2 1 1891 1969 1970
3661 2 2 2 1 1891 1970 1892
3662 2 2 2 1 1892 1970 1971
3663 2 2 2 1 1892 1971 1893
3664 2 2 2 1 1893 1971 1972
3665 2 2 2 1 1893 1972 1894
3666 2 2 2 1 1894 1972 1973
3667 2 2 2 1 1894 1973 1895
3668 2 2 2 1 1895 1973 1974
3669 2 2 2 1 1895 1974 1896
3670 2 2 2 1 1896 1974 1975
3671 2 2 2 1 1896 1975 1897
3672 2 2 2 1 1897 1975 1976
3673 2 2 2 1 1897 1976 1898
3674 2 2 2 1 1898 1976 1977
3675 2 2 2 1 1898 1977 1899
3676 2 2 2 1 1899 1977 1978
3677 2 2 2 1 1899 1978 1900
3678 2 2 2 1 1900 1978 1979
3679 2 2 2 1 1900 1979 222
3680 2 2 2 1 222 1979 221
3681 2 2 2 1 25 26 1901
3682 2 2 2 1 1901 26 1980
3683 2 2 2 1 1901 1980 1902
3684 2 2 2 1 1902 1980 1981
3685 2 2 2 1 1902 1981 1903
3686 2 2 2 1 1903 1981 1982
3687 2 2 2 1 1903 1982 1904
3688 2 2 2 1 1904 1982 1983
3689 2 2 2 1 1904 1983 1905
3690 2 2 2 1 1905 1983 1984
3691 2 2 2 1 1905 1984 1906
3692 2 2 2 1 1906 1984 1985
3693 2 2 2 1 1906 1985 1907
3694 2 2 2 1 1907 1985 1986
3695 2 2 2 1 1907 1986 1908
3696 2 2 2 1 1908 1986 1987
3697 2 2 2 1 1908 1987 1909
3698 2 2 2 1 1909 1987 1988
3699 2 2 2 1 1909 1988 1910
3700 2 2 2 1 1910 1988 1989
3701 2 2 2 1 1910 1989 1911
3702 2 2 2 1 1911 1989 1990
3703 2 2 2 1 1911 1990 1912
3704 2 2 2 1 1912 1990 1991
3705 2 2 2 1 1912 1991 1913
3706 2 2 2 1 1913 1991 1992
3707 2 2 2 1 1913 1992 1914
3708 2 2 2 1 1914 1992 1993
3709 2 2 2 1 1914 1993 1915
3710 2 2 2 1 1915 1993 1994
3711 2 2 2 1 1915 1994 1916
3712 2 2 2 1 1916 1994 1995
3713 2 2 2 1 1916 1995 1917
3714 2 2 2 1 1917 1995 1996
3715 2 2 2 1 1917 1996 1918
3716 2 2 2 1 1918 1996 1997
3717 2 2 2 1 1918 1997 1919
3718 2 2 2 1 1919 1997 1998
3719 2 2 2 1 1919 1998 1920
3720 2 2 2 1 1920 1998 1999
3721 2 2 2 1 1920 1999 1921
3722 2 2 2 1 1921 1999 2000
3723 2 2 2 1 1921 2000 1922
3724 2 2 2 1 1922 2000 2001
3725 2 2 2 1 1922 2001 1923
3726 2 2 2 1 1923 2001 2002
3727 2 2 2 1 1923 2002 1924
3728 2 2 2 1 1924 2002 2003
3729 2 2 2 1 1924 2003 1925
3730 2 2 2 1 1925 2003 2004
3731 2 2 2 1 1925 2004 1926
3732 2 2 2 1 1926 2004 2005
3733 2 2 2 1 1926 2005 1927
3734 2 2 2 1 1927 2005 2006
3735 2 2 2 1 1927 2006 1928
3736 2 2 2 1 1928 2006 2007
3737 2 2 2 1 1928 2007 1929
3738 2 2 2 1 1929 2007 2008
3739 2 2 2 1 1929 2008 1930
3740 2 2 2 1 1930 2008 2009
3741 2 2 2 1 1930 2009 1931
3742 2 2 2 1 1931 2009 2010
3743 2 2 2 1 1931 2010 1932
3744 2 2 2 1 1932 2010 2011
3745 2 2 2 1 1932 2011 1933
3746 2 2 2 1 1933 2011 2012
3747 2 2 2 1 1933 2012 1934
3748 2 2 2 1 1934 2012 2013
3749 2 2 2 1 1934 2013 1935
3750 2 2 2 1 1935 2013 2014
3751 2 2 2 1 1935 2014 1936
3752 2 2 2 1 1936 2014 2015
3753 2 2 2 1 1936 2015 1937
3754 2 2 2 1 1937 2015 2016
3755 2 2 2 1 1937 2016 1938
3756 2 2 2 1 1938 2016 2017
3757 2 2 2 1 1938 2017 1939
3758 2 2 2 1 1939 2017 2018
3759 2 2 2 1 1939 2018 1940
3760 2 2 2 1 1940 2018 2019
3761 2 2 2 1 1940 2019 1941
3762 2 2 2 1 1941 2019 2020
3763 2 2 2 1 1941 2020 1942
3764 2 2 2 1 1942 2020 2021
3765 2 2 2 1 1942 2021 1943
3766 2 2 2 1 1943 2021 2022
3767 2 2 2 1 1943 2022 1944
3768 2 2 2 1 1944 2022 2023
3769 2 2 2 1 1944 2023 1945
3770 2 2 2 1 1945 2023 2024
3771 2 2 2 1 1945 2024 1946
3772 2 2 2 1 1946 2024 2025
3773 2 2 2 1 1946 2025 1947
3774 2 2 2 1 1947 2025 2026
3775 2 2 2 1 1947 2026 1948
3776 2 2 2 1 1948 2026 2027
3777 2 2 2 1 1948 2027 1949
3778 2 2 2 1 1949 2027 2028
3779 2 2 2 1 1949 2028 1950
3780 2 2 2 1 1950 2028 2029
3781 2 2 2 1 1950 2029 1951
3782 2 2 2 1 1951 2029 2030
3783 2 2 2 1 1951 2030 1952
3784 2 2 2 1 1952 2030 2031
3785 2 2 2 1 1952 2031 1953
3786 2 2 2 1 1953 2031 2032
3787 2 2 2 1 1953 2032 1954
3788 2 2 2 1 1954 2032 2033
3789 2 2 2 1 1954 2033 1955
3790 2 2 2 1 1955 2033 2034
3791 2 2 2 1 1955 2034 1956
3792 2 2 2 1 1956 2034 2035
3793 2 2 2 1 1956 2035 1957
3794 2 2 2 1 1957 2035 2036
3795 2 2 2 1 1957 2036 1958
3796 2 2 2 1 1958 2036 2037
3797 2 2 2 1 1958 2037 1959
3798 2 2 2 1 1959 2037 2038
3799 2 2 2 1 1959 2038 1960
3800 2 2 2 1 1960 2038 2039
3801 2 2 2 1 1960 2039 1961
3802 2 2 2 1 1961 2039 2040
3803 2 2 2 1 1961 2040 1962
3804 2 2 2 1 1962 2040 2041
3805 2 2 2 1 1962 2041 1963
3806 2 2 2 1 1963 2041 2042
3807 2 2 2 1 1963 2042 1964
3808 2 2 2 1 1964 2042 2043
3809 2 2 2 1 1964 2043 1965
3810 2 2 2 1 1965 2043 2044
3811 2 2 2 1 1965 2044 1966
3812 2 2 2 1 1966 2044 2045
3813 2 2 2 1 1966 2045 1967
3814 2 2 2 1 1967 2045 2046
3815 2 2 2 1 1967 2046 1968
3816 2 2 2 1 1968 2046 2047
3817 2 2 2 1 1968 2047 1969
3818 2 2 2 1 1969 2047 2048
3819 2 2 2 1 1969 2048 1970
3820 2 2 2 1 1970 2048 2049
3821 2 2 2 1 1970 2049 1971
3822 2 2 2 1 1971 2049 2050
3823 2 2 2 1 1971 2050 1972
3824 2 2 2 1 1972 2050 2051
3825 2 2 2 1 1972 2051 1973
3826 2 2 2 1 1973 2051 2052
3827 2 2 2 1 1973 2052 1974
3828 2 2 2 1 1974 2052 2053
3829 2 2 2 1 1974 2053 1975
3830 2 2 2 1 1975 2053 2054
3831 2 2 2 1 1975 2054 1976
3832 2 2 2 1 1976 2054 2055
3833 2 2 2 1 1976 2055 1977
3834 2 2 2 1 1977 2055 2056
3835 2 2 2 1 1977 2056 1978
3836 2 2 2 1 1978 2056 2057
3837 2 2 2 1 1978 2057 1979
3838 2 2 2 1 1979 2057 2058
3839 2 2 2 1 1979 2058 221
3840 2 2 2 1 221 2058 220
3841 2 2 2 1 26 27 1980
3842 2 2 2 1 1980 27 2059
3843 2 2 2 1 1980 2059 1981
3844 2 2 2 1 1981 2059 2060
3845 2 2 2 1 1981 2060 1982
3846 2 2 2 1 1982 2060 2061
3847 2 2 2 1 1982 2061 1983
3848 2 2 2 1 1983 2061 2062
3849 2 2 2 1 1983 2062 1984
3850 2 2 2 1 1984 2062 2063
3851 2 2 2 1 1984 2063 1985
3852 2 2 2 1 1985 2063 2064
3853 2 2 2 1 1985 2064 1986
3854 2 2 2 1 1986 2064 2065
3855 2 2 2 1 1986 2065 1987
3856 2 2 2 1 1987 2065 2066
3857 2 2 2 1 1987 2066 1988
3858 2 2 2 1 1988 2066 2067
3859 2 2 2 1 1988 2067 1989
3860 2 2 2 1 1989 2067 2068
3861 2 2 2 1 1989 2068 1990
3862 2 2 2 1 1990 2068 2069
3863 2 2 2 1 1990 2069 1991
3864 2 2 2 1 1991 2069 2070
3865 2 2 2 1 1991 2070 1992
3866 2 2 2 1 1992 2070 2071
3867 2 2 2 1 1992 2071 1993
3868 2 2 2 1 1993 2071 2072
3869 2 2 2 1 1993 2072 1994
3870 2 2 2 1 1994 2072 2073
3871 2 2 2 1 1994 2073 1995
3872 2 2 2 1 1995 2073 2074
3873 2 2 2 1 1995 2074 1996
3874 2 2 2 1 1996 2074 2075
3875 2 2 2 1 1996 2075 1997
3876 2 2 2 1 1997 2075 2076
3877 2 2 2 1 1997 2076 1998
3878 2 2 2 1 1998 2076 2077
3879 2 2 2 1 1998 2077 1999
3880 2 2 2 1 1999 2077 2078
3881 2 2 2 1 1999 2078 2000
3882 2 2 2 1 2000 2078 2079
3883 2 2 2 1 2000 2079 2001
3884 2 2 2 1 2001 2079 2080
3885 2 2 2 1 2001 2080 2002
3886 2 2 2 1 2002 2080 2081
3887 2 2 2 1 2002 2081 2003
3888 2 2 2 1 2003 2081 2082
3889 2 2 2 1 2003 2082 2004
3890 2 2 2 1 2004 2082 2083
3891 2 2 2 1 2004 2083 2005
3892 2 2 2 1 2005 2083 2084
3893 2 2 2 1 2005 2084 2006
3894 2 2 2 1 2006 2084 2085
3895 2 2 2 1 2006 2085 2007
3896 2 2 2 1 2007 2085 2086
3897 2 2 2 1 2007 2086 2008
3898 2 2 2 1 2008 2086 2087
3899 2 2 2 1 2008 2087 2009
3900 2 2 2 1 2009 2087 2088
3901 2 2 2 1 2009 2088 2010
3902 2 2 2 1 2010 2088 2089
3903 2 2 2 1 2010 2089 2011
3904 2 2 2 1 2011 2089 2090
3905 2 2 2 1 2011 2090 2012
3906 2 2 2 1 2012 2090 2091
3907 2 2 2 1 2012 2091 2013
3908 2 2 2 1 2013 2091 2092
3909 2 2 2 1 2013 2092 2014
3910 2 2 2 1 2014 2092 2093
3911 2 2 2 1 2014 2093 2015
3912 2 2 2 1 2015 2093 2094
3913 2 2 2 1 2015 2094 2016
3914 2 2 2 1 2016 2094 2095
3915 2 2 2 1 2016 2095 2017
3916 2 2 2 1 2017 2095 2096
3917 2 2 2 1 2017 2096 2018
3918 2 2 2 1 2018 2096 2097
3919 2 2 2 1 2018 2097 2019
3920 2 2 2 1 2019 2097 2098
3921 2 2 2 1 2019 2098 2020
3922 2 2 2 1 2020 2098 2099
3923 2 2 2 1 2020 2099 2021
3924 2 2 2 1 2021 2099 2100
3925 2 2 2 1 2021 2100 2022
3926 2 2 2 1 2022 2100 2101
3927 2 2 2 1 2022 2101 2023
3928 2 2 2 1 2023 2101 2102
3929 2 2 2 1 2023 2102 2024
3930 2 2 2 1 2024 2102 2103
3931 2 2 2 1 2024 2103 2025
3932 2 2 2 1 2025 2103 2104
3933 2 2 2 1 2025 2104 2026
3934 2 2 2 1 2026 2104 2105
3935 2 2 2 1 2026 2105 2027
3936 2 2 2 1 2027 2105 2106
3937 2 2 2 1 2027 2106 2028
3938 2 2 2 1 2028 2106 2107
3939 2 2 2 1 2028 2107 2029
3940 2 2 2 1 2029 2107 2108
3941 2 2 2 1 2029 2108 2030
3942 2 2 2 1 2030 2108 2109
3943 2 2 2 1 2030 2109 2031
3944 2 2 2 1 2031 2109 2110
3945 2 2 2 1 2031 2110 2032
3946 2 2 2 1 2032 2110 2111
3947 2 2 2 1 2032 2111 2033
3948 2 2 2 1 2033 2111 2112
3949 2 2 2 1 2033 2112 2034
3950 2 2 2 1 2034 2112 2113
3951 2 2 2 1 2034 2113 2035
3952 2 2 2 1 2035 2113 2114
3953 2 2 2 1 2035 2114 2036
3954 2 2 2 1 2036 2114 2115
3955 2 2 2 1 2036 2115 2037
3956 2 2 2 1 2037 2115 2116
3957 2 2 2 1 2037 2116 2038
3958 2 2 2 1 2038 2116 2117
3959 2 2 2 1 2038 2117 2039
3960 2 2 2 1 2039 2117 2118
3961 2 2 2 1 2039 2118 2040
3962 2 2 2 1 2040 2118 2119
3963 2 2 2 1 2040 2119 2041
3964 2 2 2 1 2041 2119 2120
3965 2 2 2 1 2041 2120 2042
3966 2 2 2 1 2042 2120 2121
3967 2 2 2 1 2042 2121 2043
3968 2 2 2 1 2043 2121 2122
3969 2 2 2 1 2043 2122 2044
3970 2 2 2 1 2044 2122 2123
3971 2 2 2 1 2044 2123 2045
3972 2 2 2 1 2045 2123 2124
3973 2 2 2 1 2045 2124 2046
3974 2 2 2 1 2046 2124 2125
3975 2 2 2 1 2046 2125 2047
3976 2 2 2 1 2047 2125 2126
3977 2 2 2 1 2047 2126 2048
3978 2 2 2 1 2048 2126 2127
3979 2 2 2 1 2048 2127 2049
3980 2 2 2 1 2049 2127 2128
3981 2 2 2 1 2049 2128 2050
3982 2 2 2 1 2050 2128 2129
3983 2 2 2 1 2050 2129 2051
3984 2 2 2 1 2051 2129 2130
3985 2 2 2 1 2051 2130 2052
3986 2 2 2 1 2052 2130 2131
3987 2 2 2 1 2052 2131 2053
3988 2 2 2 1 2053 2131 2132
3989 2 2 2 1 2053 2132 2054
3990 2 2 2 1 2054 2132 2133
3991 2 2 2 1 2054 2133 2055
3992 2 2 2 1 2055 2133 2134
3993 2 2 2 1 2055 2134 2056
3994 2 2 2 1 2056 2134 2135
3995 2 2 2 1 2056 2135 2057
3996 2 2 2 1 2057 2135 2136
3997 2 2 2 1 2057 2136 2058
3998 2 2 2 1 2058 2136 2137
3999 2 2 2 1 2058 2137 220
4000 2 2 2 1 220 2137 219
4001 2 2 2 1 27 28 2059
4002 2 2 2 1 2059 28 2138
4003 2 2 2 1 2059 2138 2060
4004 2 2 2 1 2060 2138 2139
4005 2 2 2 1 2060 2139 2061
4006 2 2 2 1 2061 2139 2140
4007 2 2 2 1 2061 2140 2062
4008 2 2 2 1 2062 2140 2141
4009 2 2 2 1 2062 2141 2063
4010 2 2 2 1 2063 2141 2142
4011 2 2 2 1 2063 2142 2064
4012 2 2 2 1 2064 2142 2143
4013 2 2 2 1 2064 2143 2065
4014 2 2 2 1 2065 2143 2144
4015 2 2 2 1 2065 2144 2066
4016 2 2 2 1 2066 2144 2145
4017 2 2 2 1 2066 2145 2067
4018 2 2 2 1 2067 2145 2146
4019 2 2 2 1 2067 2146 2068
4020 2 2 2 1 2068 2146 2147
4021 2 2 2 1 2068 2147 2069
4022 2 2 2 1 2069 2147 2148
4023 2 2 2 1 2069 2148 2070
4024 2 2 2 1 2070 2148 2149
4025 2 2 2 1 2070 2149 2071
4026 2 2 2 1 2071 2149 2150
4027 2 2 2 1 2071 2150 2072
4028 2 2 2 1 2072 2150 2151
4029 2 2 2 1 2072 2151 2073
4030 2 2 2 1 2073 2151 2152
4031 2 2 2 1 2073 2152 2074
4032 2 2 2 1 2074 2152 2153
4033 2 2 2 1 2074 2153 2075
4034 2 2 2 1 2075 2153 2154
4035 2 2 2 1 2075 2154 2076
4036 2 2 2 1 2076 2154 2155
4037 2 2 2 1 2076 2155 2077
4038 2 2 2 1 2077 2155 2156
4039 2 2 2 1 2077 2156 2078
4040 2 2 2 1 2078 2156 2157
4041 2 2 2 1 2078 2157 2079
4042 2 2 2 1 2079 2157 2158
4043 2 2 2 1 2079 2158 2080
4044 2 2 2 1 2080 2158 2159
4045 2 2 2 1 2080 2159 2081
4046 2 2 2 1 2081 2159 2160
4047 2 2 2 1 2081 2160 2082
4048 2 2 2 1 2082 2160 2161
4049 2 2 2 1 2082 2161 2083
4050 2 2 2 1 2083 2161 2162
4051 2 2 2 1 2083 2162 2084
4052 2 2 2 1 2084 2162 2163
4053 2 2 2 1 2084 2163 2085
4054 2 2 2 1 2085 2163 2164
4055 2 2 2 1 2085 2164 2086
4056 2 2 2 1 2086 2164 2165
4057 2 2 2 1 2086 2165 2087
4058 2 2 2 1 2087 2165 2166
4059 2 2 2 1 2087 2166 2088
4060 2 2 2 1 2088 2166 2167
4061 2 2 2 1 2088 2167 2089
4062 2 2 2 1 2089 2167 2168
4063 2 2 2 1 2089 2168 2090
4064 2 2 2 1 2090 2168 2169
4065 2 2 2 1 2090 2169 2091
4066 2 2 2 1 2091 2169 2170
4067 2 2 2 1 2091 2170 2092
4068 2 2 2 1 2092 2170 2171
4069 2 2 2 1 2092 2171 2093
4070 2 2 2 1 2093 2171 2172
4071 2 2 2 1 2093 2172 2094
4072 2 2 2 1 2094 2172 2173
4073 2 2 2 1 2094 2173 2095
4074 2 2 2 1 2095 2173 2174
4075 2 2 2 1 2095 2174 2096
4076 2 2 2 1 2096 2174 2175
4077 2 2 2 1 2096 2175 2097
4078 2 2 2 1 2097 2175 2176
4079 2 2 2 1 2097 2176 2098
4080 2 2 2 1 2098 2176 2177
4081 2 2 2 1 2098 2177 2099
4082 2 2 2 1 2099 2177 2178
4083 2 2 2 1 2099 2178 2100
4084 2 2 2 1 2100 2178 2179
4085 2 2 2 1 2100 2179 2101
4086 2 2 2 1 2101 2179 2180
4087 2 2 2 1 2101 2180 2102
4088 2 2 2 1 2102 2180 2181
4089 2 2 2 1 2102 2181 2103
4090 2 2 2 1 2103 2181 2182
4091 2 2 2 1 2103 2182 2104
4092 2 2 2 1 2104 2182 2183
4093 2 2 2 1 2104 2183 2105
4094 2 2 2 1 2105 2183 2184
4095 2 2 2 1 2105 2184 2106
4096 2 2 2 1 2106 2184 2185
4097 2 2 2 1 2106 2185 2107
4098 2 2 2 1 2107 2185 2186
4099 2 2 2 1 2107 2186 2108
4100 2 2 2 1 2108 2186 2187
4101 2 2 2 1 2108 2187 2109
4102 2 2 2 1 2109 2187 2188
4103 2 2 2 1 2109 2188 2110
4104 2 2 2 1 2110 2188 2189
4105 2 2 2 1 2110 2189 2111
4106 2 2 2 1 2111 2189 2190
4107 2 2 2 1 2111 2190 2112
4108 2 2 2 1 2112 2190 2191
4109 2 2 2 1 2112 2191 2113
4110 2 2 2 1 2113 2191 2192
4111 2 2 2 1 2113 2192 2114
4112 2 2 2 1 2114 2192 2193
4113 2 2 2 1 2114 2193 2115
4114 2 2 2 1 2115 2193 2194
4115 2 2 2 1 2115 2194 2116
4116 2 2 2 1 2116 2194 2195
4117 2 2 2 1 2116 2195 2117
4118 2 2 2 1 2117 2195 2196
4119 2 2 2 1 2117 2196 2118
4120 2 2 2 1 2118 2196 2197
4121 2 2 2 1 2118 2197 2119
4122 2 2 2 1 2119 2197 2198
4123 2 2 2 1 2119 2198 2120
4124 2 2 2 1 2120 2198 2199
4125 2 2 2 1 2120 2199 2121
4126 2 2 2 1 2121 2199 2200
4127 2 2 2 1 2121 2200 2122
4128 2 2 2 1 2122 2200 2201
4129 2 2 2 1 2122 2201 2123
4130 2 2 2 1 2123 2201 2202
4131 2 2 2 1 2123 2202 2124
4132 2 2 2 1 2124 2202 2203
4133 2 2 2 1 2124 2203 2125
4134 2 2 2 1 2125 2203 2204
4135 2 2 2 1 2125 2204 2126
4136 2 2 2 1 2126 2204 2205
4137 2 2 2 1 2126 2205 2127
4138 2 2 2 1 2127 2205 2206
4139 2 2 2 1 2127 2206 2128
4140 2 2 2 1 2128 2206 2207
4141 2 2 2 1 2128 2207 2129
4142 2 2 2 1 2129 2207 2208
4143 2 2 2 1 2129 2208 2130
4144 2 2 2 1 2130 2208 2209
4145 2 2 2 1 2130 2209 2131
4146 2 2 2 1 2131 2209 2210
4147 2 2 2 1 2131 2210 2132
4148 2 2 2 1 2132 2210 2211
4149 2 2 2 1 2132 2211 2133
4150 2 2 2 1 2133 2211 2212
4151 2 2 2 1 2133 2212 2134
4152 2 2 2 1 2134 2212 2213
4153 2 2 2 1 2134 2213 2135
4154 2 2 2 1 2135 2213 2214
4155 2 2 2 1 2135 2214 2136
4156 2 2 2 1 2136 2214 2215
4157 2 2 2 1 2136 2215 2137
4158 2 2 2 1 2137 2215 2216
4159 2 2 2 1 2137 2216 219
4160 2 2 2 1 219 2216 218
4161 2 2 2 1 28 29 2138
4162 2 2 2 1 2138 29 2217
4163 2 2 2 1 2138 2217 2139
4164 2 2 2 1 2139 2217 2218
4165 2 2 2 1 2139 2218 2140
4166 2 2 2 1 2140 2218 2219
4167 2 2 2 1 2140 2219 2141
4168 2 2 2 1 2141 2219 2220
4169 2 2 2 1 2141 2220 2142
4170 2 2 2 1 2142 2220 2221
4171 2 2 2 1 2142 2221 2143
4172 2 2 2 1 2143 2221 2222
4173 2 2 2 1 2143 2222 2144
4174 2 2 2 1 2144 2222 2223
4175 2 2 2 1 2144 2223 2145
4176 2 2 2 1 2145 2223 2224
4177 2 2 2 1 2145 2224 2146
4178 2 2 2 1 2146 2224 2225
4179 2 2 2 1 2146 2225 2147
4180 2 2 2 1 2147 2225 2226
4181 2 2 2 1 2147 2226 2148
4182 2 2 2 1 2148 2226 2227
4183 2 2 2 1 2148 2227 2149
4184 2 2 2 1 2149 2227 2228
4185 2 2 2 1 2149 2228 2150
4186 2 2 2 1 2150 2228 2229
4187 2 2 2 1 2150 2229 2151
4188 2 2 2 1 2151 2229 2230
4189 2 2 2 1 2151 2230 2152
4190 2 2 2 1 2152 2230 2231
4191 2 2 2 1 2152 2231 2153
4192 2 2 2 1 2153 2231 2232
4193 2 2 2 1 2153 2232 2154
4194 2 2 2 1 2154 2232 2233
4195 2 2 2 1 2154 2233 2155
4196 2 2 2 1 2155 2233 2234
4197 2 2 2 1 2155 2234 2156
4198 2 2 2 1 2156 2234 2235
4199 2 2 2 1 2156 2235 2157
4200 2 2 2 1 2157 2235 2236
4201 2 2 2 1 2157 2236 2158
4202 2 2 2 1 2158 2236 2237
4203 2 2 2 1 2158 2237 2159
4204 2 2 2 1 2159 2237 2238
4205 2 2 2 1 2159 2238 2160
4206 2 2 2 1 2160 2238 2239
4207 2 2 2 1 2160 2239 2161
4208 2 2 2 1 2161 2239 2240
4209 2 2 2 1 2161 2240 2162
4210 2 2 2 1 2162 2240 2241
4211 2 2 2 1 2162 2241 2163
4212 2 2 2 1 2163 2241 2242
4213 2 2 2 1 2163 2242 2164
4214 2 2 2 1 2164 2242 2243
4215 2 2 2 1 2164 2243 2165
4216 2 2 2 1 2165 2243 2244
4217 2 2 2 1 2165 2244 2166
4218 2 2 2 1 2166 2244 2245
4219 2 2 2 1 2166 2245 2167
4220 2 2 2 1 2167 2245 2246
4221 2 2 2 1 2167 2246 2168
4222 2 2 2 1 2168 2246 2247
4223 2 2 2 1 2168 2247 2169
4224 2 2 2 1 2169 2247 2248
4225 2 2 2 1 2169 2248 2170
4226 2 2 2 1 2170 2248 2249
4227 2 2 2 1 2170 2249 2171
4228 2 2 2 1 2171 2249 2250
4229 2 2 2 1 2171 2250 2172
4230 2 2 2 1 2172 2250 2251
4231 2 2 2 1 2172 2251 2173
4232 2 2 2 1 2173 2251 2252
4233 2 2 2 1 2173 2252 2174
4234 2 2 2 1 2174 2252 2253
4235 2 2 2 1 2174 2253 2175
4236 2 2 2 1 2175 2253 2254
4237 2 2 2 1 2175 2254 2176
4238 2 2 2 1 2176 2254 2255
4239 2 2 2 1 2176 2255 2177
4240 2 2 2 1 2177 2255 2256
4241 2 2 2 1 2177 2256 2178
4242 2 2 2 1 2178 2256 2257
4243 2 2 2 1 2178 2257 2179
4244 2 2 2 1 2179 2257 2258
4245 2 2 2 1 2179 2258 2180
4246 2 2 2 1 2180 2258 2259
4247 2 2 2 1 2180 2259 2181
4248 2 2 2 1 2181 2259 2260
4249 2 2 2 1 2181 2260 2182
4250 2 2 2 1 2182 2260 2261
4251 2 2 2 1 2182 2261 2183
4252 2 2 2 1 2183 2261 2262
4253 2 2 2 1 2183 2262 2184
4254 2 2 2 1 2184 2262 2263
4255 2 2 2 1 2184 2263 2185
4256 2 2 2 1 2185 2263 2264
4257 2 2 2 1 2185 2264 2186
4258 2 2 2 1 2186 2264 2265
4259 2 2 2 1 2186 2265 2187
4260 2 2 2 1 2187 2265 2266
4261 2 2 2 1 2187 2266 2188
4262 2 2 2 1 2188 2266 2267
4263 2 2 2 1 2188 2267 2189
4264 2 2 2 1 2189 2267 2268
4265 2 2 2 1 2189 2268 2190
4266 2 2 2 1 2190 2268 2269
4267 2 2 2 1 2190 2269 2191
4268 2 2 2 1 2191 2269 2270
4269 2 2 2 1 2191 2270 2192
4270 2 2 2 1 2192 2270 2271
4271 2 2 2 1 2192 2271 2193
4272 2 2 2 1 2193 2271 2272
4273 2 2 2 1 2193 2272 2194
4274 2 2 2 1 2194 2272 2273
4275 2 2 2 1 2194 2273 2195
4276 2 2 2 1 2195 2273 2274
4277 2 2 2 1 2195 2274 2196
4278 2 2 2 1 2196 2274 2275
4279 2 2 2 1 2196 2275 2197
4280 2 2 2 1 2197 2275 2276
4281 2 2 2 1 2197 2276 2198
4282 2 2 2 1 2198 2276 2277
4283 2 2 2 1 2198 2277 2199
4284 2 2 2 1 2199 2277 2278
4285 2 2 2 1 2199 2278 2200
4286 2 2 2 1 2200 2278 2279
4287 2 2 2 1 2200 2279 2201
4288 2 2 2 1 2201 2279 2280
4289 2 2 2 1 2201 2280 2202
4290 2 2 2 1 2202 2280 2281
4291 2 2 2 1 2202 2281 2203
4292 2 2 2 1 2203 2281 2282
4293 2 2 2 1 2203 2282 2204
4294 2 2 2 1 2204 2282 2283
4295 2 2 2 1 2204 2283 2205
4296 2 2 2 1 2205 2283 2284
4297 2 2 2 1 2205 2284 2206
4298 2 2 2 1 2206 2284 2285
4299 2 2 2 1 2206 2285 2207
4300 2 2 2 1 2207 2285 2286
4301 2 2 2 1 2207 2286 2208
4302 2 2 2 1 2208 2286 2287
4303 2 2 2 1 2208 2287 2209
4304 2 2 2 1 2209 2287 2288
4305 2 2 2 1 2209 2288 2210
4306 2 2 2 1 2210 2288 2289
4307 2 2 2 1 2210 2289 2211
4308 2 2 2 1 2211 2289 2290
4309 2 2 2 1 2211 2290 2212
4310 2 2 2 1 2212 2290 2291
4311 2 2 2 1 2212 2291 2213
4312 2 2 2 1 2213 2291 2292
4313 2 2 2 1 2213 2292 2214
4314 2 2 2 1 2214 2292 2293
4315 2 2 2 1 2214 2293 2215
4316 2 2 2 1 2215 2293 2294
4317 2 2 2 1 2215 2294 2216
4318 2 2 2 1 2216 2294 2295
4319 2 2 2 1 2216 2295 218
4320 2 2 2 1 218 2295 217
4321 2 2 2 1 29 30 2217
4322 2 2 2 1 2217 30 2296
4323 2 2 2 1 2217 2296 2218
4324 2 2 2 1 2218 2296 2297
4325 2 2 2 1 2218 2297 2219
4326 2 2 2 1 2219 2297 2298
4327 2 2 2 1 2219 2298 2220
4328 2 2 2 1 2220 2298 2299
4329 2 2 2 1 2220 2299 2221
4330 2 2 2 1 2221 2299 2300
4331 2 2 2 1 2221 2300 2222
4332 2 2 2 1 2222 2300 2301
4333 2 2 2 1 2222 2301 2223
4334 2 2 2 1 2223 2301 2302
4335 2 2 2 1 2223 2302 2224
4336 2 2 2 1 2224 2302 2303
4337 2 2 2 1 2224 2303 2225
4338 2 2 2 1 2225 2303 2304
4339 2 2 2 1 2225 2304 2226
4340 2 2 2 1 2226 2304 2305
4341 2 2 2 1 2226 2305 2227
4342 2 2 2 1 2227 2305 2306
4343 2 2 2 1 2227 2306 2228
4344 2 2 2 1 2228 2306 2307
4345 2 2 2 1 2228 2307 2229
4346 2 2 2 1 2229 2307 2308
4347 2 2 2 1 2229 2308 2230
4348 2 2 2 1 2230 2308 2309
4349 2 2 2 1 2230 2309 2231
4350 2 2 2 1 2231 2309 2310
4351 2 2 2 1 2231 2310 2232
4352 2 2 2 1 2232 2310 2311
4353 2 2 2 1 2232 2311 2233
4354 2 2 2 1 2233 2311 2312
4355 2 2 2 1 2233 2312 2234
4356 2 2 2 1 2234 2312 2313
4357 2 2 2 1 2234 2313 2235
4358 2 2 2 1 2235 2313 2314
4359 2 2 2 1 2235 2314 2236
4360 2 2 2 1 2236 2314 2315
4361 2 2 2 1 2236 2315 2237
4362 2 2 2 1 2237 2315 2316
4363 2 2 2 1 2237 2316 2238
4364 2 2 2 1 2238 2316 2317
4365 2 2 2 1 2238 2317 2239
4366 2 2 2 1 2239 2317 2318
4367 2 2 2 1 2239 2318 2240
4368 2 2 2 1 2240 2318 2319
4369 2 2 2 1 2240 2319 2241
4370 2 2 2 1 2241 2319 2320
4371 2 2 2 1 2241 2320 2242
4372 2 2 2 1 2242 2320 2321
4373 2 2 2 1 2242 2321 2243
4374 2 2 2 1 2243 2321 2322
4375 2 2 2 1 2243 2322 2244
4376 2 2 2 1 2244 2322 2323
4377 2 2 2 1 2244 2323 2245
4378 2 2 2 1 2245 2323 2324
4379 2 2 2 1 2245 2324 2246
4380 2 2 2 1 2246 2324 2325
4381 2 2 2 1 2246 2325 2247
4382 2 2 2 1 2247 2325 2326
4383 2 2 2 1 2247 2326 2248
4384 2 2 2 1 2248 2326 2327
4385 2 2 2 1 2248 2327 2249
4386 2 2 2 1 2249 2327 2328
4387 2 2 2 1 2249 2328 2250
4388 2 2 2 1 2250 2328 2329
4389 2 2 2 1 2250 2329 2251
4390 2 2 2 1 2251 2329 2330
4391 2 2 2 1 2251 2330 2252
4392 2 2 2 1 2252 2330 2331
4393 2 2 2 1 2252 2331 2253
4394 2 2 2 1 2253 2331 2332
4395 2 2 2 1 2253 2332 2254
4396 2 2 2 1 2254 2332 2333
4397 2 2 2 1 2254 2333 2255
4398 2 2 2 1 2255 2333 2334
4399 2 2 2 1 2255 2334 2256
4400 2 2 2 1 2256 2334 2335
4401 2 2 2 1 2256 2335 2257
4402 2 2 2 1 2257 2335 2336
4403 2 2 2 1 2257 2336 2258
4404 2 2 2 1 2258 2336 2337
4405 2 2 2 1 2258 2337 2259
4406 2 2 2 1 2259 2337 2338
4407 2 2 2 1 2259 2338 2260
4408 2 2 2 1 2260 2338 2339
4409 2 2 2 1 2260 2339 2261
4410 2 2 2 1 2261 2339 2340
4411 2 2 2 1 2261 2340 2262
4412 2 2 2 1 2262 2340 2341
4413 2 2 2 1 2262 2341 2263
4414 2 2 2 1 2263 2341 2342
4415 2 2 2 1 2263 2342 2264
4416 2 2 2 1 2264 2342 2343
4417 2 2 2 1 2264 2343 2265
4418 2 2 2 1 2265 2343 2344
4419 2 2 2 1 2265 2344 2266
4420 2 2 2 1 2266 2344 2345
4421 2 2 2 1 2266 2345 2267
4422 2 2 2 1 2267 2345 2346
4423 2 2 2 1 2267 2346 2268
4424 2 2 2 1 2268 2346 2347
4425 2 2 2 1 2268 2347 2269
4426 2 2 2 1 2269 2347 2348
4427 2 2 2 1 2269 2348 2270
4428 2 2 2 1 2270 2348 2349
4429 2 2 2 1 2270 2349 2271
4430 2 2 2 1 2271 2349 2350
4431 2 2 2 1 2271 2350 2272
4432 2 2 2 1 2272 2350 2351
4433 2 2 2 1 2272 2351 2273
4434 2 2 2 1 2273 2351 2352
4435 2 2 2 1 2273 2352 2274
4436 2 2 2 1 2274 2352 2353
4437 2 2 2 1 2274 2353 2275
4438 2 2 2 1 2275 2353 2354
4439 2 2 2 1 2275 2354 2276
4440 2 2 2 1 2276 2354 2355
4441 2 2 2 1 2276 2355 2277
4442 2 2 2 1 2277 2355 2356
4443 2 2 2 1 2277 2356 2278
4444 2 2 2 1 2278 2356 2357
4445 2 2 2 1 2278 2357 2279
4446 2 2 2 1 2279 2357 2358
4447 2 2 2 1 2279 2358 2280
4448 2 2 2 1 2280 2358 2359
4449 2 2 2 1 2280 2359 2281
4450 2 2 2 1 2281 2359 2360
4451 2 2 2 1 2281 2360 2282
4452 2 2 2 1 2282 2360 2361
4453 2 2 2 1 2282 2361 2283
4454 2 2 2 1 2283 2361 2362
4455 2 2 2 1 2283 2362 2284
4456 2 2 2 1 2284 2362 2363
4457 2 2 2 1 2284 2363 2285
4458 2 2 2 1 2285 2363 2364
4459 2 2 2 1 2285 2364 2286
4460 2 2 2 1 2286 2364 2365
4461 2 2 2 1 2286 2365 2287
4462 2 2 2 1 2287 2365 2366
4463 2 2 2 1 2287 2366 2288
4464 2 2 2 1 2288 2366 2367
4465 2 2 2 1 2288 2367 2289
4466 2 2 2 1 2289 2367 2368
4467 2 2 2 1 2289 2368 2290
4468 2 2 2 1 2290 2368 2369
4469 2 2 2 1 2290 2369 2291
4470 2 2 2 1 2291 2369 2370
4471 2 2 2 1 2291 2370 2292
4472 2 2 2 1 2292 2370 2371
4473 2 2 2 1 2292 2371 2293
4474 2 2 2 1 2293 2371 2372
4475 2 2 2 1 2293 2372 2294
4476 2 2 2 1 2294 2372 2373
4477 2 2 2 1 2294 2373 2295
4478 2 2 2 1 2295 2373 2374
4479 2 2 2 1 2295 2374 217
4480 2 2 2 1 217 2374 216
4481 2 2 2 1 30 31 2296
4482 2 2 2 1 2296 31 2375
4483 2 2 2 1 2296 2375 2297
4484 2 2 2 1 2297 2375 2376
4485 2 2 2 1 2297 2376 2298
4486 2 2 2 1 2298 2376 2377
4487 2 2 2 1 2298 2377 2299
4488 2 2 2 1 2299 2377 2378
4489 2 2 2 1 2299 2378 2300
4490 2 2 2 1 2300 2378 2379
4491 2 2 2 1 2300 2379 2301
4492 2 2 2 1 2301 2379 2380
4493 2 2 2 1 2301 2380 2302
4494 2 2 2 1 2302 2380 2381
4495 2 2 2 1 2302 2381 2303
4496 2 2 2 1 2303 2381 2382
4497 2 2 2 1 2303 2382 2304
4498 2 2 2 1 2304 2382 2383
4499 2 2 2 1 2304 2383 2305
4500 2 2 2 1 2305 2383 2384
4501 2 2 2 1 2305 2384 2306
4502 2 2 2 1 2306 2384 2385
4503 2 2 2 1 2306 2385 2307
4504 2 2 2 1 2307 2385 2386
4505 2 2 2 1 2307 2386 2308
4506 2 2 2 1 2308 2386 2387
4507 2 2 2 1 2308 2387 2309
4508 2 2 2 1 2309 2387 2388
4509 2 2 2 1 2309 2388 2310
4510 2 2 2 1 2310 2388 2389
4511 2 2 2 1 2310 2389 2311
4512 2 2 2 1 2311 2389 2390
4513 2 2 2 1 2311 2390 2312
4514 2 2 2 1 2312 2390 2391
4515 2 2 2 1 2312 2391 2313
4516 2 2 2 1 2313 2391 2392
4517 2 2 2 1 2313 2392 2314
4518 2 2 2 1 2314 2392 2393
4519 2 2 2 1 2314 2393 2315
4520 2 2 2 1 2315 2393 2394
4521 2 2 2 1 2315 2394 2316
4522 2 2 2 1 2316 2394 2395
4523 2 2 2 1 2316 2395 2317
4524 2 2 2 1 2317 2395 2396
4525 2 2 2 1 2317 2396 2318
4526 2 2 2 1 2318 2396 2397
4527 2 2 2 1 2318 2397 2319
4528 2 2 2 1 2319 2397 2398
4529 2 2 2 1 2319 2398 2320
4530 2 2 2 1 2320 2398 2399
4531 2 2 2 1 2320 2399 2321
4532 2 2 2 1 2321 2399 2400
4533 2 2 2 1 2321 2400 2322
4534 2 2 2 1 2322 2400 2401
4535 2 2 2 1 2322 2401 2323
4536 2 2 2 1 2323 2401 2402
4537 2 2 2 1 2323 2402 2324
4538 2 2 2 1 2324 2402 2403
4539 2 2 2 1 2324 2403 2325
4540 2 2 2 1 2325 2403 2404
4541 2 2 2 1 2325 2404 2326
4542 2 2 2 1 2326 2404 2405
4543 2 2 2 1 2326 2405 2327
4544 2 2 2 1 2327 2405 2406
4545 2 2 2 1 2327 2406 2328
4546 2 2 2 1 2328 2406 2407
4547 2 2 2 1 2328 2407 2329
4548 2 2 2 1 2329 2407 2408
4549 2 2 2 1 2329 2408 2330
4550 2 2 2 1 2330 2408 2409
4551 2 2 2 1 2330 2409 2331
4552 2 2 2 1 2331 2409 2410
4553 2 2 2 1 2331 2410 2332
4554 2 2 2 1 2332 2410 2411
4555 2 2 2 1 2332 2411 2333
4556 2 2 2 1 2333 2411 2412
4557 2 2 2 1 2333 2412 2334
4558 2 2 2 1 2334 2412 2413
4559 2 2 2 1 2334 2413 2335
4560 2 2 2 1 2335 2413 2414
4561 2 2 2 1 2335 2414 2336
4562 2 2 2 1 2336 2414 2415
4563 2 2 2 1 2336 2415 2337
4564 2 2 2 1 2337 2415 2416
4565 2 2 2 1 2337 2416 2338
4566 2 2 2 1 2338 2416 2417
4567 2 2 2 1 2338 2417 2339
4568 2 2 2 1 2339 2417 2418
4569 2 2 2 1 2339 2418 2340
4570 2 2 2 1 2340 2418 2419
4571 2 2 2 1 2340 2419 2341
4572 2 2 2 1 2341 2419 2420
4573 2 2 2 1 2341 2420 2342
4574 2 2 2 1 2342 2420 2421
4575 2 2 2 1 2342 2421 2343
4576 2 2 2 1 2343 2421 2422
4577 2 2 2 1 2343 2422 2344
4578 2 2 2 1 2344 2422 2423
4579 2 2 2 1 2344 2423 2345
4580 2 2 2 1 2345 2423 2424
4581 2 2 2 1 2345 2424 2346
4582 2 2 2 1 2346 2424 2425
4583 2 2 2 1 2346 2425 2347
4584 2 2 2 1 2347 2425 2426
4585 2 2 2 1 2347 2426 2348
4586 2 2 2 1 2348 2426 2427
4587 2 2 2 1 2348 2427 2349
4588 2 2 2 1 2349 2427 2428
4589 2 2 2 1 2349 2428 2350
4590 2 2 2 1 2350 2428 2429
4591 2 2 2 1 2350 2429 2351
4592 2 2 2 1 2351 2429 2430
4593 2 2 2 1 2351 2430 2352
4594 2 2 2 1 2352 2430 2431
4595 2 2 2 1 2352 2431 2353
4596 2 2 2 1 2353 2431 2432
4597 2 2 2 1 2353 2432 2354
4598 2 2 2 1 2354 2432 2433
4599 2 2 2 1 2354 2433 2355
4600 2 2 2 1 2355 2433 2434
4601 2 2 2 1 2355 2434 2356
4602 2 2 2 1 2356 2434 2435
4603 2 2 2 1 2356 2435 2357
4604 2 2 2 1 2357 2435 2436
4605 2 2 2 1 2357 2436 2358
4606 2 2 2 1 2358 2436 2437
4607 2 2 2 1 2358 2437 2359
4608 2 2 2 1 2359 2437 2438
4609 2 2 2 1 2359 2438 2360
4610 2 2 2 1 2360 2438 2439
4611 2 2 2 1 2360 2439 2361
4612 2 2 2 1 2361 2439 2440
4613 2 2 2 1 2361 2440 2362
4614 2 2 2 1 2362 2440 2441
4615 2 2 2 1 2362 2441 2363
4616 2 2 2 1 2363 2441 2442
4617 2 2 2 1 2363 2442 2364
4618 2 2 2 1 2364 2442 2443
4619 2 2 2 1 2364 2443 2365
4620 2 2 2 1 2365 2443 2444
4621 2 2 2 1 2365 2444 2366
4622 2 2 2 1 2366 2444 2445
4623 2 2 2 1 2366 2445 2367
4624 2 2 2 1 2367 2445 2446
4625 2 2 2 1 2367 2446 2368
4626 2 2 2 1 2368 2446 2447
4627 2 2 2 1 2368 2447 2369
4628 2 2 2 1 2369 2447 2448
4629 2 2 2 1 2369 2448 2370
4630 2 2 2 1 2370 2448 2449
4631 2 2 2 1 2370 2449 2371
4632 2 2 2 1 2371 2449 2450
4633 2 2 2 1 2371 2450 2372
4634 2 2 2 1 2372 2450 2451
4635 2 2 2 1 2372 2451 2373
4636 2 2 2 1 2373 2451 2452
4637 2 2 2 1 2373 2452 2374
4638 2 2 2 1 2374 2452 2453
4639 2 2 2 1 2374 2453 216
4640 2 2 2 1 216 2453 215
4641 2 2 2 1 31 32 2375
4642 2 2 2 1 2375 32 2454
4643 2 2 2 1 2375 2454 2376
4644 2 2 2 1 2376 2454 2455
4645 2 2 2 1 2376 2455 2377
4646 2 2 2 1 2377 2455 2456
4647 2 2 2 1 2377 2456 2378
4648 2 2 2 1 2378 2456 2457
4649 2 2 2 1 2378 2457 2379
4650 2 2 2 1 2379 2457 2458
4651 2 2 2 1 2379 2458 2380
4652 2 2 2 1 2380 2458 2459
4653 2 2 2 1 2380 2459 2381
4654 2 2 2 1 2381 2459 2460
4655 2 2 2 1 2381 2460 2382
4656 2 2 2 1 2382 2460 2461
4657 2 2 2 1 2382 2461 2383
4658 2 2 2 1 2383 2461 2462
4659 2 2 2 1 2383 2462 2384
4660 2 2 2 1 2384 2462 2463
4661 2 2 2 1 2384 2463 2385
4662 2 2 2 1 2385 2463 2464
4663 2 2 2 1 2385 2464 2386
4664 2 2 2 1 2386 2464 2465
4665 2 2 2 1 2386 2465 2387
4666 2 2 2 1 2387 2465 2466
4667 2 2 2 1 2387 2466 2388
4668 2 2 2 1 2388 2466 2467
4669 2 2 2 1 2388 2467 2389
4670 2 2 2 1 2389 2467 2468
4671 2 2 2 1 2389 2468 2390
4672 2 2 2 1 2390 2468 2469
4673 2 2 2 1 2390 2469 2391
4674 2 2 2 1 2391 2469 2470
4675 2 2 2 1 2391 2470 2392
4676 2 2 2 1 2392 2470 2471
4677 2 2 2 1 2392 2471 2393
4678 2 2 2 1 2393 2471 2472
4679 2 2 2 1 2393 2472 2394
4680 2 2 2 1 2394 2472 2473
4681 2 2 2 1 2394 2473 2395
4682 2 2 2 1 2395 2473 2474
4683 2 2 2 1 2395 2474 2396
4684 2 2 2 1 2396 2474 2475
4685 2 2 2 1 2396 2475 2397
4686 2 2 2 1 2397 2475 2476
4687 2 2 2 1 2397 2476 2398
4688 2 2 2 1 2398 2476 2477
4689 2 2 2 1 2398 2477 2399
4690 2 2 2 1 2399 2477 2478
4691 2 2 2 1 2399 2478 2400
4692 2 2 2 1 2400 2478 2479
4693 2 2 2 1 2400 2479 2401
4694 2 2 2 1 2401 2479 2480
4695 2 2 2 1 2401 2480 2402
4696 2 2 2 1 2402 2480 2481
4697 2 2 2 1 2402 2481 2403
4698 2 2 2 1 2403 2481 2482
4699 2 2 2 1 2403 2482 2404
4700 2 2 2 1 2404 2482 2483
4701 2 2 2 1 2404 2483 2405
4702 2 2 2 1 2405 2483 2484
4703 2 2 2 1 2405 2484 2406
4704 2 2 2 1 2406 2484 2485
4705 2 2 2 1 2406 2485 2407
4706 2 2 2 1 2407 2485 2486
4707 2 2 2 1 2407 2486 2408
4708 2 2 2 1 2408 2486 2487
4709 2 2 2 1 2408 2487 2409
4710 2 2 2 1 2409 2487 2488
4711 2 2 2 1 2409 2488 2410
4712 2 2 2 1 2410 2488 2489
4713 2 2 2 1 2410 2489 2411
4714 2 2 2 1 2411 2489 2490
4715 2 2 2 1 2411 2490 2412
4716 2 2 2 1 2412 2490 2491
4717 2 2 2 1 2412 2491 2413
4718 2 2 2 1 2413 2491 2492
4719 2 2 2 1 2413 2492 2414
4720 2 2 2 1 2414 2492 2493
4721 2 2 2 1 2414 2493 2415
4722 2 2 2 1 2415 2493 2494
4723 2 2 2 1 2415 2494 2416
4724 2 2 2 1 2416 2494 2495
4725 2 2 2 1 2416 2495 2417
4726 2 2 2 1 2417 2495 2496
4727 2 2 2 1 2417 2496 2418
4728 2 2 2 1 2418 2496 2497
4729 2 2 2 1 2418 2497 2419
4730 2 2 2 1 2419 2497 2498
4731 2 2 2 1 2419 2498 2420
4732 2 2 2 1 2420 2498 2499
4733 2 2 2 1 2420 2499 2421
4734 2 2 2 1 2421 2499 2500
4735 2 2 2 1 2421 2500 2422
4736 2 2 2 1 2422 2500 2501
4737 2 2 2 1 2422 2501 2423
4738 2 2 2 1 2423 2501 2502
4739 2 2 2 1 2423 2502 2424
4740 2 2 2 1 2424 2502 2503
4741 2 2 2 1 2424 2503 2425
4742 2 2 2 1 2425 2503 2504
4743 2 2 2 1 2425 2504 2426
4744 2 2 2 1 2426 2504 2505
4745 2 2 2 1 2426 2505 2427
4746 2 2 2 1 2427 2505 2506
4747 2 2 2 1 2427 2506 2428
4748 2 2 2 1 2428 2506 2507
4749 2 2 2 1 2428 2507 2429
4750 2 2 2 1 2429 2507 2508
4751 2 2 2 1 2429 2508 2430
4752 2 2 2 1 2430 2508 2509
4753 2 2 2 1 2430 2509 2431
4754 2 2 2 1 2431 2509 2510
4755 2 2 2 1 2431 2510 2432
4756 2 2 2 1 2432 2510 2511
4757 2 2 2 1 2432 2511 2433
4758 2 2 2 1 2433 2511 2512
4759 2 2 2 1 2433 2512 2434
4760 2 2 2 1 2434 2512 2513
4761 2 2 2 1 2434 2513 2435
4762 2 2 2 1 2435 2513 2514
4763 2 2 2 1 2435 2514 2436
4764 2 2 2 1 2436 2514 2515
4765 2 2 2 1 2436 2515 2437
4766 2 2 2 1 2437 2515 2516
4767 2 2 2 1 2437 2516 2438
4768 2 2 2 1 2438 2516 2517
4769 2 2 2 1 2438 2517 2439
4770 2 2 2 1 2439 2517 2518
4771 2 2 2 1 2439 2518 2440
4772 2 2 2 1 2440 2518 2519
4773 2 2 2 1 2440 2519 2441
4774 2 2 2 1 2441 2519 2520
4775 2 2 2 1 2441 2520 2442
4776 2 2 2 1 2442 2520 2521
4777 2 2 2 1 2442 2521 2443
4778 2 2 2 1 2443 2521 2522
4779 2 2 2 1 2443 2522 2444
4780 2 2 2 1 2444 2522 2523
4781 2 2 2 1 2444 2523 2445
4782 2 2 2 1 2445 2523 2524
4783 2 2 2 1 2445 2524 2446
4784 2 2 2 1 2446 2524 2525
4785 2 2 2 1 2446 2525 2447
4786 2 2 2 1 2447 2525 2526
4787 2 2 2 1 2447 2526 2448
4788 2 2 2 1 2448 2526 2527
4789 2 2 2 1 2448 2527 2449
4790 2 2 2 1 2449 2527 2528
4791 2 2 2 1 2449 2528 2450
4792 2 2 2 1 2450 2528 2529
4793 2 2 2 1 2450 2529 2451
4794 2 2 2 1 2451 2529 2530
4795 2 2 2 1 2451 2530 2452
4796 2 2 2 1 2452 2530 2531
4797 2 2 2 1 2452 2531 2453
4798 2 2 2 1 2453 2531 2532
4799 2 2 2 1 2453 2532 215
4800 2 2 2 1 215 2532 214
4801 2 2 2 1 32 33 2454
4802 2 2 2 1 2454 33 2533
4803 2 2 2 1 2454 2533 2455
4804 2 2 2 1 2455 2533 2534
4805 2 2 2 1 2455 2534 2456
4806 2 2 2 1 2456 2534 2535
4807 2 2 2 1 2456 2535 2457
4808 2 2 2 1 2457 2535 2536
4809 2 2 2 1 2457 2536 2458
4810 2 2 2 1 2458 2536 2537
4811 2 2 2 1 2458 2537 2459
4812 2 2 2 1 2459 2537 2538
4813 2 2 2 1 2459 2538 2460
4814 2 2 2 1 2460 2538 2539
4815 2 2 2 1 2460 2539 2461
4816 2 2 2 1 2461 2539 2540
4817 2 2 2 1 2461 2540 2462
4818 2 2 2 1 2462 2540 2541
4819 2 2 2 1 2462 2541 2463
4820 2 2 2 1 2463 2541 2542
4821 2 2 2 1 2463 2542 2464
4822 2 2 2 1 2464 2542 2543
4823 2 2 2 1 2464 2543 2465
4824 2 2 2 1 2465 2543 2544
4825 2 2 2 1 2465 2544 2466
4826 2 2 2 1 2466 2544 2545
4827 2 2 2 1 2466 2545 2467
4828 2 2 2 1 2467 2545 2546
4829 2 2 2 1 2467 2546 2468
4830 2 2 2 1 2468 2546 2547
4831 2 2 2 1 2468 2547 2469
4832 2 2 2 1 2469 2547 2548
4833 2 2 2 1 2469 2548 2470
4834 2 2 2 1 2470 2548 2549
4835 2 2 2 1 2470 2549 2471
4836 2 2 2 1 2471 2549 2550
4837 2 2 2 1 2471 2550 2472
4838 2 2 2 1 2472 2550 2551
4839 2 2 2 1 2472 2551 2473
4840 2 2 2 1 2473 2551 2552
4841 2 2 2 1 2473 2552 2474
4842 2 2 2 1 2474 2552 2553
4843 2 2 2 1 2474 2553 2475
4844 2 2 2 1 2475 2553 2554
4845 2 2 2 1 2475 2554 2476
4846 2 2 2 1 2476 2554 2555
4847 2 2 2 1 2476 2555 2477
4848 2 2 2 1 2477 2555 2556
4849 2 2 2 1 2477 2556 2478
4850 2 2 2 1 2478 2556 2557
4851 2 2 2 1 2478 2557 2479
4852 2 2 2 1 2479 2557 2558
4853 2 2 2 1 2479 2558 2480
4854 2 2 2 1 2480 2558 2559
4855 2 2 2 1 2480 2559 2481
4856 2 2 2 1 2481 2559 2560
4857 2 2 2 1 2481 2560 2482
4858 2 2 2 1 2482 2560 2561
4859 2 2 2 1 2482 2561 2483
4860 2 2 2 1 2483 2561 2562
4861 2 2 2 1 2483 2562 2484
4862 2 2 2 1 2484 2562 2563
4863 2 2 2 1 2484 2563 2485
4864 2 2 2 1 2485 2563 2564
4865 2 2 2 1 2485 2564 2486
4866 2 2 2 1 2486 2564 2565
4867 2 2 2 1 2486 2565 2487
4868 2 2 2 1 2487 2565 2566
4869 2 2 2 1 2487 2566 2488
4870 2 2 2 1 2488 2566 2567
4871 2 2 2 1 2488 2567 2489
4872 2 2 2 1 2489 2567 2568
4873 2 2 2 1 2489 2568 2490
4874 2 2 2 1 2490 2568 2569
4875 2 2 2 1 2490 2569 2491
4876 2 2 2 1 2491 2569 2570
4877 2 2 2 1 2491 2570 2492
4878 2 2 2 1 2492 2570 2571
4879 2 2 2 1 2492 2571 2493
4880 2 2 2 1 2493 2571 2572
4881 2 2 2 1 2493 2572 2494
4882 2 2 2 1 2494 2572 2573
4883 2 2 2 1 2494 2573 2495
4884 2 2 2 1 2495 2573 2574
4885 2 2 2 1 2495 2574 2496
4886 2 2 2 1 2496 2574 2575
4887 2 2 2 1 2496 2575 2497
4888 2 2 2 1 2497 2575 2576
4889 2 2 2 1 2497 2576 2498
4890 2 2 2 1 2498 2576 2577
4891 2 2 2 1 2498 2577 2499
4892 2 2 2 1 2499 2577 2578
4893 2 2 2 1 2499 2578 2500
4894 2 2 2 1 2500 2578 2579
4895 2 2 2 1 2500 2579 2501
4896 2 2 2 1 2501 2579 2580
4897 2 2 2 1 2501 2580 2502
4898 2 2 2 1 2502 2580 2581
4899 2 2 2 1 2502 2581 2503
4900 2 2 2 1 2503 2581 2582
4901 2 2 2 1 2503 2582 2504
4902 2 2 2 1 2504 2582 2583
4903 2 2 2 1 2504 2583 2505
4904 2 2 2 1 2505 2583 2584
4905 2 2 2 1 2505 2584 2506
4906 2 2 2 1 2506 2584 2585
4907 2 2 2 1 2506 2585 2507
4908 2 2 2 1 2507 2585 2586
4909 2 2 2 1 2507 2586 2508
4910 2 2 2 1 2508 2586 2587
4911 2 2 2 1 2508 2587 2509
4912 2 2 2 1 2509 2587 2588
4913 2 2 2 1 2509 2588 2510
4914 2 2 2 1 2510 2588 2589
4915 2 2 2 1 2510 2589 2511
4916 2 2 2 1 2511 2589 2590
4917 2 2 2 1 2511 2590 2512
4918 2 2 2 1 2512 2590 2591
4919 2 2 2 1 2512 2591 2513
4920 2 2 2 1 2513 2591 2592
4921 2 2 2 1 2513 2592 2514
4922 2 2 2 1 2514 2592 2593
4923 2 2 2 1 2514 2593 2515
4924 2 2 2 1 2515 2593 2594
4925 2 2 2 1 2515 2594 2516
4926 2 2 2 1 2516 2594 2595
4927 2 2 2 1 2516 2595 2517
4928 2 2 2 1 2517 2595 2596
4929 2 2 2 1 2517 2596 2518
4930 2 2 2 1 2518 2596 2597
4931 2 2 2 1 2518 2597 2519
4932 2 2 2 1 2519 2597 2598
4933 2 2 2 1 2519 2598 2520
4934 2 2 2 1 2520 2598 2599
4935 2 2 2 1 2520 2599 2521
4936 2 2 2 1 2521 2599 2600
4937 2 2 2 1 2521 2600 2522
4938 2 2 2 1 2522 2600 2601
4939 2 2 2 1 2522 2601 2523
4940 2 2 2 1 2523 2601 2602
4941 2 2 2 1 2523 2602 2524
4942 2 2 2 1 2524 2602 2603
4943 2 2 2 1 2524 2603 2525
4944 2 2 2 1 2525 2603 2604
4945 2 2 2 1 2525 2604 2526
4946 2 2 2 1 2526 2604 2605
4947 2 2 2 1 2526 2605 2527
4948 2 2 2 1 2527 2605 2606
4949 2 2 2 1 2527 2606 2528
4950 2 2 2 1 2528 2606 2607
4951 2 2 2 1 2528 2607 2529
4952 2 2 2 1 2529 2607 2608
4953 2 2 2 1 2529 2608 2530
4954 2 2 2 1 2530 2608 2609
4955 2 2 2 1 2530 2609 2531
4956 2 2 2 1 2531 2609 2610
4957 2 2 2 1 2531 2610 2532
4958 2 2 2 1 2532 2610 2611
4959 2 2 2 1 2532 2611 214
4960 2 2 2 1 214 2611 213
4961 2 2 2 1 33 34 2533
4962 2 2 2 1 2533 34 2612
4963 2 2 2 1 2533 2612 2534
4964 2 2 2 1 2534 2612 2613
4965 2 2 2 1 2534 2613 2535
4966 2 2 2 1 2535 2613 2614
4967 2 2 2 1 2535 2614 2536
4968 2 2 2 1 2536 2614 2615
4969 2 2 2 1 2536 2615 2537
4970 2 2 2 1 2537 2615 2616
4971 2 2 2 1 2537 2616 2538
4972 2 2 2 1 2538 2616 2617
4973 2 2 2 1 2538 2617 2539
4974 2 2 2 1 2539 2617 2618
4975 2 2 2 1 2539 2618 2540
4976 2 2 2 1 2540 2618 2619
4977 2 2 2 1 2540 2619 2541
4978 2 2 2 1 2541 2619 2620
4979 2 2 2 1 2541 2620 2542
4980 2 2 2 1 2542 2620 2621
4981 2 2 2 1 2542 2621 2543
4982 2 2 2 1 2543 2621 2622
4983 2 2 2 1 2543 2622 2544
4984 2 2 2 1 2544 2622 2623
4985 2 2 2 1 2544 2623 2545
4986 2 2 2 1 2545 2623 2624
4987 2 2 2 1 2545 2624 2546
4988 2 2 2 1 2546 2624 2625
4989 2 2 2 1 2546 2625 2547
4990 2 2 2 1 2547 2625 2626
4991 2 2 2 1 2547 2626 2548
4992 2 2 2 1 2548 2626 2627
4993 2 2 2 1 2548 2627 2549
4994 2 2 2 1 2549 2627 2628
4995 2 2 2 1 2549 2628 2550
4996 2 2 2 1 2550 2628 2629
4997 2 2 2 1 2550 2629 2551
4998 2 2 2 1 2551 2629 2630
4999 2 2 2 1 2551 2630 2552
5000 2 2 2 1 2552 2630 2631
5001 2 2 2 1 2552 2631 2553
5002 2 2 2 1 2553 2631 2632
5003 2 2 2 1 2553 2632 2554
5004 2 2 2 1 2554 2632 2633
5005 2 2 2 1 2554 2633 2555
5006 2 2 2 1 2555 2633 2634
5007 2 2 2 1 2555 2634 2556
5008 2 2 2 1 2556 2634 2635
5009 2 2 2 1 2556 2635 2557
5010 2 2 2 1 2557 2635 2636
5011 2 2 2 1 2557 2636 2558
5012 2 2 2 1 2558 2636 2637
5013 2 2 2 1 2558 2637 2559
5014 2 2 2 1 2559 2637 2638
5015 2 2 2 1 2559 2638 2560
5016 2 2 2 1 2560 2638 2639
5017 2 2 2 1 2560 2639 2561
5018 2 2 2 1 2561 2639 2640
5019 2 2 2 1 2561 2640 2562
5020 2 2 2 1 2562 2640 2641
5021 2 2 2 1 2562 2641 2563
5022 2 2 2 1 2563 2641 2642
5023 2 2 2 1 2563 2642 2564
5024 2 2 2 1 2564 2642 2643
5025 2 2 2 1 2564 2643 2565
5026 2 2 2 1 2565 2643 2644
5027 2 2 2 1 2565 2644 2566
5028 2 2 2 1 2566 2644 2645
5029 2 2 2 1 2566 2645 2567
5030 2 2 2 1 2567 2645 2646
5031 2 2 2 1 2567 2646 2568
5032 2 2 2 1 2568 2646 2647
5033 2 2 2 1 2568 2647 2569
5034 2 2 2 1 2569 2647 2648
5035 2 2 2 1 2569 2648 2570
5036 2 2 2 1 2570 2648 2649
5037 2 2 2 1 2570 2649 2571
5038 2 2 2 1 2571 2649 2650
5039 2 2 2 1 2571 2650 2572
5040 2 2 2 1 2572 2650 2651
5041 2 2 2 1 2572 2651 2573
5042 2 2 2 1 2573 2651 2652
5043 2 2 2 1 2573 2652 2574
5044 2 2 2 1 2574 2652 2653
5045 2 2 2 1 2574 2653 2575
5046 2 2 2 1 2575 2653 2654
5047 2 2 2 1 2575 2654 2576
5048 2 2 2 1 2576 2654 2655
5049 2 2 2 1 2576 2655 2577
5050 2 2 2 1 2577 2655 2656
5051 2 2 2 1 2577 2656 2578
5052 2 2 2 1 2578 2656 2657
5053 2 2 2 1 2578 2657 2579
5054 2 2 2 1 2579 2657 2658
5055 2 2 2 1 2579 2658 2580
5056 2 2 2 1 2580 2658 2659
5057 2 2 2 1 2580 2659 2581
5058 2 2 2 1 2581 2659 2660
5059 2 2 2 1 2581 2660 2582
5060 2 2 2 1 2582 2660 2661
5061 2 2 2 1 2582 2661 2583
5062 2 2 2 1 2583 2661 2662
5063 2 2 2 1 2583 2662 2584
5064 2 2 2 1 2584 2662 2663
5065 2 2 2 1 2584 2663 2585
5066 2 2 2 1 2585 2663 2664
5067 2 2 2 1 2585 2664 2586
5068 2 2 2 1 2586 2664 2665
5069 2 2 2 1 2586 2665 2587
5070 2 2 2 1 2587 2665 2666
5071 2 2 2 1 2587 2666 2588
5072 2 2 2 1 2588 2666 2667
5073 2 2 2 1 2588 2667 2589
5074 2 2 2 1 2589 2667 2668
5075 2 2 2 1 2589 2668 2590
5076 2 2 2 1 2590 2668 2669
5077 2 2 2 1 2590 2669 2591
5078 2 2 2 1 2591 2669 2670
5079 2 2 2 1 2591 2670 2592
5080 2 2 2 1 2592 2670 2671
5081 2 2 2 1 2592 2671 2593
5082 2 2 2 1 2593 2671 2672
5083 2 2 2 1 2593 2672 2594
5084 2 2 2 1 2594 2672 2673
5085 2 2 2 1 2594 2673 2595
5086 2 2 2 1 2595 2673 2674
5087 2 2 2 1 2595 2674 2596
5088 2 2 2 1 2596 2674 2675
5089 2 2 2 1 2596 2675 2597
5090 2 2 2 1 2597 2675 2676
5091 2 2 2 1 2597 2676 2598
5092 2 2 2 1 2598 2676 2677
5093 2 2 2 1 2598 2677 2599
5094 2 2 2 1 2599 2677 2678
5095 2 2 2 1 2599 2678 2600
5096 2 2 2 1 2600 2678 2679
5097 2 2 2 1 2600 2679 2601
5098 2 2 2 1 2601 2679 2680
5099 2 2 2 1 2601 2680 2602
5100 2 2 2 1 2602 2680 2681
5101 2 2 2 1 2602 2681 2603
5102 2 2 2 1 2603 2681 2682
5103 2 2 2 1 2603 2682 2604
5104 2 2 2 1 2604 2682 2683
5105 2 2 2 1 2604 2683 2605
5106 2 2 2 1 2605 2683 2684
5107 2 2 2 1 2605 2684 2606
5108 2 2 2 1 2606 2684 2685
5109 2 2 2 1 2606 2685 2607
5110 2 2 2 1 2607 2685 2686
5111 2 2 2 1 2607 2686 2608
5112 2 2 2 1 2608 2686 2687
5113 2 2 2 1 2608 2687 2609
5114 2 2 2 1 2609 2687 2688
5115 2 2 2 1 2609 2688 2610
5116 2 2 2 1 2610 2688 2689
5117 2 2 2 1 2610 2689 2611
5118 2 2 2 1 2611 2689 2690
5119 2 2 2 1 2611 2690 213
5120 2 2 2 1 213 2690 212
5121 2 2 2 1 34 35 2612
5122 2 2 2 1 2612 35 2691
5123 2 2 2 1 2612 2691 2613
5124 2 2 2 1 2613 2691 2692
5125 2 2 2 1 2613 2692 2614
5126 2 2 2 1 2614 2692 2693
5127 2 2 2 1 2614 2693 2615
5128 2 2 2 1 2615 2693 2694
5129 2 2 2 1 2615 2694 2616
5130 2 2 2 1 2616 2694 2695
5131 2 2 2 1 2616 2695 2617
5132 2 2 2 1 2617 2695 2696
5133 2 2 2 1 2617 2696 2618
5134 2 2 2 1 2618 2696 2697
5135 2 2 2 1 2618 2697 2619
5136 2 2 2 1 2619 2697 2698
5137 2 2 2 1 2619 2698 2620
5138 2 2 2 1 2620 2698 2699
5139 2 2 2 1 2620 2699 2621
5140 2 2 2 1 2621 2699 2700
5141 2 2 2 1 2621 2700 2622
5142 2 2 2 1 2622 2700 2701
5143 2 2 2 1 2622 2701 2623
5144 2 2 2 1 2623 2701 2702
5145 2 2 2 1 2623 2702 2624
5146 2 2 2 1 2624 2702 2703
5147 2 2 2 1 2624 2703 2625
5148 2 2 2 1 2625 2703 2704
5149 2 2 2 1 2625 2704 2626
5150 2 2 2 1 2626 2704 2705
5151 2 2 2 1 2626 2705 2627
5152 2 2 2 1 2627 2705 2706
5153 2 2 2 1 2627 2706 2628
5154 2 2 2 1 2628 2706 2707
5155 2 2 2 1 2628 2707 2629
5156 2 2 2 1 2629 2707 2708
5157 2 2 2 1 2629 2708 2630
5158 2 2 2 1 2630 2708 2709
5159 2 2 2 1 2630 2709 2631
5160 2 2 2 1 2631 2709 2710
5161 2 2 2 1 2631 2710 2632
5162 2 2 2 1 2632 2710 2711
5163 2 2 2 1 2632 2711 2633
5164 2 2 2 1 2633 2711 2712
5165 2 2 2 1 2633 2712 2634
5166 2 2 2 1 2634 2712 2713
5167 2 2 2 1 2634 2713 2635
5168 2 2 2 1 2635 2713 2714
5169 2 2 2 1 2635 2714 2636
5170 2 2 2 1 2636 2714 2715
5171 2 2 2 1 2636 2715 2637
5172 2 2 2 1 2637 2715 2716
5173 2 2 2 1 2637 2716 2638
5174 2 2 2 1 2638 2716 2717
5175 2 2 2 1 2638 2717 2639
5176 2 2 2 1 2639 2717 2718
5177 2 2 2 1 2639 2718 2640
5178 2 2 2 1 2640 2718 2719
5179 2 2 2 1 2640 2719 2641
5180 2 2 2 1 2641 2719 2720
5181 2 2 2 1 2641 2720 2642
5182 2 2 2 1 2642 2720 2721
5183 2 2 2 1 2642 2721 2643
5184 2 2 2 1 2643 2721 2722
5185 2 2 2 1 2643 2722 2644
5186 2 2 2 1 2644 2722 2723
5187 2 2 2 1 2644 2723 2645
5188 2 2 2 1 2645 2723 2724
5189 2 2 2 1 2645 2724 2646
5190 2 2 2 1 2646 2724 2725
5191 2 2 2 1 2646 2725 2647
5192 2 2 2 1 2647 2725 2726
5193 2 2 2 1 2647 2726 2648
5194 2 2 2 1 2648 2726 2727
5195 2 2 2 1 2648 2727 2649
5196 2 2 2 1 2649 2727 2728
5197 2 2 2 1 2649 2728 2650
5198 2 2 2 1 2650 2728 2729
5199 2 2 2 1 2650 2729 2651
5200 2 2 2 1 2651 2729 2730
5201 2 2 2 1 2651 2730 2652
5202 2 2 2 1 2652 2730 2731
5203 2 2 2 1 2652 2731 2653
5204 2 2 2 1 2653 2731 2732
5205 2 2 2 1 2653 2732 2654
5206 2 2 2 1 2654 2732 2733
5207 2 2 2 1 2654 2733 2655
5208 2 2 2 1 2655 2733 2734
5209 2 2 2 1 2655 2734 2656
5210 2 2 2 1 2656 2734 2735
5211 2 2 2 1 2656 2735 2657
5212 2 2 2 1 2657 2735 2736
5213 2 2 2 1 2657 2736 2658
5214 2 2 2 1 2658 2736 2737
5215 2 2 2 1 2658 2737 2659
5216 2 2 2 1 2659 2737 2738
5217 2 2 2 1 2659 2738 2660
5218 2 2 2 1 2660 2738 2739
5219 2 2 2 1 2660 2739 2661
5220 2 2 2 1 2661 2739 2740
5221 2 2 2 1 2661 2740 2662
5222 2 2 2 1 2662 2740 2741
5223 2 2 2 1 2662 2741 2663
5224 2 2 2 1 2663 2741 2742
5225 2 2 2 1 2663 2742 2664
5226 2 2 2 1 2664 2742 2743
5227 2 2 2 1 2664 2743 2665
5228 2 2 2 1 2665 2743 2744
5229 2 2 2 1 2665 2744 2666
5230 2 2 2 1 2666 2744 2745
5231 2 2 2 1 2666 2745 2667
5232 2 2 2 1 2667 2745 2746
5233 2 2 2 1 2667 2746 2668
5234 2 2 2 1 2668 2746 2747
5235 2 2 2 1 2668 2747 2669
5236 2 2 2 1 2669 2747 2748
5237 2 2 2 1 2669 2748 2670
5238 2 2 2 1 2670 2748 2749
5239 2 2 2 1 2670 2749 2671
5240 2 2 2 1 2671 2749 2750
5241 2 2 2 1 2671 2750 2672
5242 2 2 2 1 2672 2750 2751
5243 2 2 2 1 2672 2751 2673
5244 2 2 2 1 2673 2751 2752
5245 2 2 2 1 2673 2752 2674
5246 2 2 2 1 2674 2752 2753
5247 2 2 2 1 2674 2753 2675
5248 2 2 2 1 2675 2753 2754
5249 2 2 2 1 2675 2754 2676
5250 2 2 2 1 2676 2754 2755
5251 2 2 2 1 2676 2755 2677
5252 2 2 2 1 2677 2755 2756
5253 2 2 2 1 2677 2756 2678
5254 2 2 2 1 2678 2756 2757
5255 2 2 2 1 2678 2757 2679
5256 2 2 2 1 2679 2757 2758
5257 2 2 2 1 2679 2758 2680
5258 2 2 2 1 2680 2758 2759
5259 2 2 2 1 2680 2759 2681
5260 2 2 2 1 2681 2759 2760
5261 2 2 2 1 2681 2760 2682
5262 2 2 2 1 2682 2760 2761
5263 2 2 2 1 2682 2761 2683
5264 2 2 2 1 2683 2761 2762
5265 2 2 2 1 2683 2762 2684
5266 2 2 2 1 2684 2762 2763
5267 2 2 2 1 2684 2763 2685
5268 2 2 2 1 2685 2763 2764
5269 2 2 2 1 2685 2764 2686
5270 2 2 2 1 2686 2764 2765
5271 2 2 2 1 2686 2765 2687
5272 2 2 2 1 2687 2765 2766
5273 2 2 2 1 2687 2766 2688
5274 2 2 2 1 2688 2766 2767
5275 2 2 2 1 2688 2767 2689
5276 2 2 2 1 2689 2767 2768
5277 2 2 2 1 2689 2768 2690
5278 2 2 2 1 2690 2768 2769
5279 2 2 2 1 2690 2769 212
5280 2 2 2 1 212 2769 211
5281 2 2 2 1 35 36 2691
5282 2 2 2 1 2691 36 2770
5283 2 2 2 1 2691 2770 2692
5284 2 2 2 1 2692 2770 2771
5285 2 2 2 1 2692 2771 2693
5286 2 2 2 1 2693 2771 2772
5287 2 2 2 1 2693 2772 2694
5288 2 2 2 1 2694 2772 2773
5289 2 2 2 1 2694 2773 2695
5290 2 2 2 1 2695 2773 2774
5291 2 2 2 1 2695 2774 2696
5292 2 2 2 1 2696 2774 2775
5293 2 2 2 1 2696 2775 2697
5294 2 2 2 1 2697 2775 2776
5295 2 2 2 1 2697 2776 2698
5296 2 2 2 1 2698 2776 2777
5297 2 2 2 1 2698 2777 2699
5298 2 2 2 1 2699 2777 2778
5299 2 2 2 1 2699 2778 2700
5300 2 2 2 1 2700 2778 2779
5301 2 2 2 1 2700 2779 2701
5302 2 2 2 1 2701 2779 2780
5303 2 2 2 1 2701 2780 2702
5304 2 2 2 1 2702 2780 2781
5305 2 2 2 1 2702 2781 2703
5306 2 2 2 1 2703 2781 2782
5307 2 2 2 1 2703 2782 2704
5308 2 2 2 1 2704 2782 2783
5309 2 2 2 1 2704 2783 2705
5310 2 2 2 1 2705 2783 2784
5311 2 2 2 1 2705 2784 2706
5312 2 2 2 1 2706 2784 2785
5313 2 2 2 1 2706 2785 2707
5314 2 2 2 1 2707 2785 2786
5315 2 2 2 1 2707 2786 2708
5316 2 2 2 1 2708 2786 2787
5317 2 2 2 1 2708 2787 2709
5318 2 2 2 1 2709 2787 2788
5319 2 2 2 1 2709 2788 2710
5320 2 2 2 1 2710 2788 2789
5321 2 2 2 1 2710 2789 2711
5322 2 2 2 1 2711 2789 2790
5323 2 2 2 1 2711 2790 2712
5324 2 2 2 1 2712 2790 2791
5325 2 2 2 1 2712 2791 2713
5326 2 2 2 1 2713 2791 2792
5327 2 2 2 1 2713 2792 2714
5328 2 2 2 1 2714 2792 2793
5329 2 2 2 1 2714 2793 2715
5330 2 2 2 1 2715 2793 2794
5331 2 2 2 1 2715 2794 2716
5332 2 2 2 1 2716 2794 2795
5333 2 2 2 1 2716 2795 2717
5334 2 2 2 1 2717 2795 2796
5335 2 2 2 1 2717 2796 2718
5336 2 2 2 1 2718 2796 2797
5337 2 2 2 1 2718 2797 2719
5338 2 2 2 1 2719 2797 2798
5339 2 2 2 1 2719 2798 2720
5340 2 2 2 1 2720 2798 2799
5341 2 2 2 1 2720 2799 2721
5342 2 2 2 1 2721 2799 2800
5343 2 2 2 1 2721 2800 2722
5344 2 2 2 1 2722 2800 2801
5345 2 2 2 1 2722 2801 2723
5346 2 2 2 1 2723 2801 2802
5347 2 2 2 1 2723 2802 2724
5348 2 2 2 1 2724 2802 2803
5349 2 2 2 1 2724 2803 2725
5350 2 2 2 1 2725 2803 2804
5351 2 2 2 1 2725 2804 2726
5352 2 2 2 1 2726 2804 2805
5353 2 2 2 1 2726 2805 2727
5354 2 2 2 1 2727 2805 2806
5355 2 2 2 1 2727 2806 2728
5356 2 2 2 1 2728 2806 2807
5357 2 2 2 1 2728 2807 2729
5358 2 2 2 1 2729 2807 2808
5359 2 2 2 1 2729 2808 2730
5360 2 2 2 1 2730 2808 2809
5361 2 2 2 1 2730 2809 2731
5362 2 2 2 1 2731 2809 2810
5363 2 2 2 1 2731 2810 2732
5364 2 2 2 1 2732 2810 2811
5365 2 2 2 1 2732 2811 2733
5366 2 2 2 1 2733 2811 2812
5367 2 2 2 1 2733 2812 2734
5368 2 2 2 1 2734 2812 2813
5369 2 2 2 1 2734 2813 2735
5370 2 2 2 1 2735 2813 2814
5371 2 2 2 1 2735 2814 2736
5372 2 2 2 1 2736 2814 2815
5373 2 2 2 1 2736 2815 2737
5374 2 2 2 1 2737 2815 2816
5375 2 2 2 1 2737 2816 2738
5376 2 2 2 1 2738 2816 2817
5377 2 2 2 1 2738 2817 2739
5378 2 2 2 1 2739 2817 2818
5379 2 2 2 1 2739 2818 2740
5380 2 2 2 1 2740 2818 2819
5381 2 2 2 1 2740 2819 2741
5382 2 2 2 1 2741 2819 2820
5383 2 2 2 1 2741 2820 2742
5384 2 2 2 1 2742 2820 2821
5385 2 2 2 1 2742 2821 2743
5386 2 2 2 1 2743 2821 2822
5387 2 2 2 1 2743 2822 2744
5388 2 2 2 1 2744 2822 2823
5389 2 2 2 1 2744 2823 2745
5390 2 2 2 1 2745 2823 2824
5391 2 2 2 1 2745 2824 2746
5392 2 2 2 1 2746 2824 2825
5393 2 2 2 1 2746 2825 2747
5394 2 2 2 1 2747 2825 2826
5395 2 2 2 1 2747 2826 2748
5396 2 2 2 1 2748 2826 2827
5397 2 2 2 1 2748 2827 2749
5398 2 2 2 1 2749 2827 2828
5399 2 2 2 1 2749 2828 2750
5400 2 2 2 1 2750 2828 2829
5401 2 2 2 1 2750 2829 2751
5402 2 2 2 1 2751 2829 2830
5403 2 2 2 1 2751 2830 2752
5404 2 2 2 1 2752 2830 2831
5405 2 2 2 1 2752 2831 2753
5406 2 2 2 1 2753 2831 2832
5407 2 2 2 1 2753 2832 2754
5408 2 2 2 1 2754 2832 2833
5409 2 2 2 1 2754 2833 2755
5410 2 2 2 1 2755 2833 2834
5411 2 2 2 1 2755 2834 2756
5412 2 2 2 1 2756 2834 2835
5413 2 2 2 1 2756 2835 2757
5414 2 2 2 1 2757 2835 2836
5415 2 2 2 1 2757 2836 2758
5416 2 2 2 1 2758 2836 2837
5417 2 2 2 1 2758 2837 2759
5418 2 2 2 1 2759 2837 2838
5419 2 2 2 1 2759 2838 2760
5420 2 2 2 1 2760 2838 2839
5421 2 2 2 1 2760 2839 2761
5422 2 2 2 1 2761 2839 2840
5423 2 2 2 1 2761 2840 2762
5424 2 2 2 1 2762 2840 2841
5425 2 2 2 1 2762 2841 2763
5426 2 2 2 1 2763 2841 2842
5427 2 2 2 1 2763 2842 2764
5428 2 2 2 1 2764 2842 2843
5429 2 2 2 1 2764 2843 2765
5430 2 2 2 1 2765 2843 2844
5431 2 2 2 1 2765 2844 2766
5432 2 2 2 1 2766 2844 2845
5433 2 2 2 1 2766 2845 2767
5434 2 2 2 1 2767 2845 2846
5435 2 2 2 1 2767 2846 2768
5436 2 2 2 1 2768 2846 2847
5437 2 2 2 1 2768 2847 2769
5438 2 2 2 1 2769 2847 2848
5439 2 2 2 1 2769 2848 211
5440 2 2 2 1 211 2848 210
5441 2 2 2 1 36 37 2770
5442 2 2 2 1 2770 37 2849
5443 2 2 2 1 2770 2849 2771
5444 2 2 2 1 2771 2849 2850
5445 2 2 2 1 2771 2850 2772
5446 2 2 2 1 2772 2850 2851
5447 2 2 2 1 2772 2851 2773
5448 2 2 2 1 2773 2851 2852
5449 2 2 2 1 2773 2852 2774
5450 2 2 2 1 2774 2852 2853
5451 2 2 2 1 2774 2853 2775
5452 2 2 2 1 2775 2853 2854
5453 2 2 2 1 2775 2854 2776
5454 2 2 2 1 2776 2854 2855
5455 2 2 2 1 2776 2855 2777
5456 2 2 2 1 2777 2855 2856
5457 2 2 2 1 2777 2856 2778
5458 2 2 2 1 2778 2856 2857
5459 2 2 2 1 2778 2857 2779
5460 2 2 2 1 2779 2857 2858
5461 2 2 2 1 2779 2858 2780
5462 2 2 2 1 2780 2858 2859
5463 2 2 2 1 2780 2859 2781
5464 2 2 2 1 2781 2859 2860
5465 2 2 2 1 2781 2860 2782
5466 2 2 2 1 2782 2860 2861
5467 2 2 2 1 2782 2861 2783
5468 2 2 2 1 2783 2861 2862
5469 2 2 2 1 2783 2862 2784
5470 2 2 2 1 2784 2862 2863
5471 2 2 2 1 2784 2863 2785
5472 2 2 2 1 2785 2863 2864
5473 2 2 2 1 2785 2864 2786
5474 2 2 2 1 2786 2864 2865
5475 2 2 2 1 2786 2865 2787
5476 2 2 2 1 2787 2865 2866
5477 2 2 2 1 2787 2866 2788
5478 2 2 2 1 2788 2866 2867
5479 2 2 2 1 2788 2867 2789
5480 2 2 2 1 2789 2867 2868
5481 2 2 2 1 2789 2868 2790
5482 2 2 2 1 2790 2868 2869
5483 2 2 2 1 2790 2869 2791
5484 2 2 2 1 2791 2869 2870
5485 2 2 2 1 2791 2870 2792
5486 2 2 2 1 2792 2870 2871
5487 2 2 2 1 2792 2871 2793
5488 2 2 2 1 2793 2871 2872
5489 2 2 2 1 2793 2872 2794
5490 2 2 2 1 2794 2872 2873
5491 2 2 2 1 2794 2873 2795
5492 2 2 2 1 2795 2873 2874
5493 2 2 2 1 2795 2874 2796
5494 2 2 2 1 2796 2874 2875
5495 2 2 2 1 2796 2875 2797
5496 2 2 2 1 2797 2875 2876
5497 2 2 2 1 2797 2876 2798
5498 2 2 2 1 2798 2876 2877
5499 2 2 2 1 2798 2877 2799
5500 2 2 2 1 2799 2877 2878
5501 2 2 2 1 2799 2878 2800
5502 2 2 2 1 2800 2878 2879
5503 2 2 2 1 2800 2879 2801
5504 2 2 2 1 2801 2879 2880
5505 2 2 2 1 2801 2880 2802
5506 2 2 2 1 2802 2880 2881
5507 2 2 2 1 2802 2881 2803
5508 2 2 2 1 2803 2881 2882
5509 2 2 2 1 2803 2882 2804
5510 2 2 2 1 2804 2882 2883
5511 2 2 2 1 2804 2883 2805
5512 2 2 2 1 2805 2883 2884
5513 2 2 2 1 2805 2884 2806
5514 2 2 2 1 2806 2884 2885
5515 2 2 2 1 2806 2885 2807
5516 2 2 2 1 2807 2885 2886
5517 2 2 2 1 2807 2886 2808
5518 2 2 2 1 2808 2886 2887
5519 2 2 2 1 2808 2887 2809
5520 2 2 2 1 2809 2887 2888
5521 2 2 2 1 2809 2888 2810
5522 2 2 2 1 2810 2888 2889
5523 2 2 2 1 2810 2889 2811
5524 2 2 2 1 2811 2889 2890
5525 2 2 2 1 2811 2890 2812
5526 2 2 2 1 2812 2890 2891
5527 2 2 2 1 2812 2891 2813
5528 2 2 2 1 2813 2891 2892
5529 2 2 2 1 2813 2892 2814
5530 2 2 2 1 2814 2892 2893
5531 2 2 2 1 2814 2893 2815
5532 2 2 2 1 2815 2893 2894
5533 2 2 2 1 2815 2894 2816
5534 2 2 2 1 2816 2894 2895
5535 2 2 2 1 2816 2895 2817
5536 2 2 2 1 2817 2895 2896
5537 2 2 2 1 2817 2896 2818
5538 2 2 2 1 2818 2896 2897
5539 2 2 2 1 2818 2897 2819
5540 2 2 2 1 2819 2897 2898
5541 2 2 2 1 2819 2898 2820
5542 2 2 2 1 2820 2898 2899
5543 2 2 2 1 2820 2899 2821
5544 2 2 2 1 2821 2899 2900
5545 2 2 2 1 2821 2900 2822
5546 2 2 2 1 2822 2900 2901
5547 2 2 2 1 2822 2901 2823
5548 2 2 2 1 2823 2901 2902
5549 2 2 2 1 2823 2902 2824
5550 2 2 2 1 2824 2902 2903
5551 2 2 2 1 2824 2903 2825
5552 2 2 2 1 2825 2903 2904
5553 2 2 2 1 2825 2904 2826
5554 2 2 2 1 2826 2904 2905
5555 2 2 2 1 2826 2905 2827
5556 2 2 2 1 2827 2905 2906
5557 2 2 2 1 2827 2906 2828
5558 2 2 2 1 2828 2906 2907
5559 2 2 2 1 2828 2907 2829
5560 2 2 2 1 2829 2907 2908
5561 2 2 2 1 2829 2908 2830
5562 2 2 2 1 2830 2908 2909
5563 2 2 2 1 2830 2909 2831
5564 2 2 2 1 2831 2909 2910
5565 2 2 2 1 2831 2910 2832
5566 2 2 2 1 2832 2910 2911
5567 2 2 2 1 2832 2911 2833
5568 2 2 2 1 2833 2911 2912
5569 2 2 2 1 2833 2912 2834
5570 2 2 2 1 2834 2912 2913
5571 2 2 2 1 2834 2913 2835
5572 2 2 2 1 2835 2913 2914
5573 2 2 2 1 2835 2914 2836
5574 2 2 2 1 2836 2914 2915
5575 2 2 2 1 2836 2915 2837
5576 2 2 2 1 2837 2915 2916
5577 2 2 2 1 2837 2916 2838
5578 2 2 2 1 2838 2916 2917
5579 2 2 2 1 2838 2917 2839
5580 2 2 2 1 2839 2917 2918
5581 2 2 2 1 2839 2918 2840
5582 2 2 2 1 2840 2918 2919
5583 2 2 2 1 2840 2919 2841
5584 2 2 2 1 2841 2919 2920
5585 2 2 2 1 2841 2920 2842
5586 2 2 2 1 2842 2920 2921
5587 2 2 2 1 2842 2921 2843
5588 2 2 2 1 2843 2921 2922
5589 2 2 2 1 2843 2922 2844
5590 2 2 2 1 2844 2922 2923
5591 2 2 2 1 2844 2923 2845
5592 2 2 2 1 2845 2923 2924
5593 2 2 2 1 2845 2924 2846
5594 2 2 2 1 2846 2924 2925
5595 2 2 2 1 2846 2925 2847
5596 2 2 2 1 2847 2925 2926
5597 2 2 2 1 2847 2926 2848
5598 2 2 2 1 2848 2926 2927
5599 2 2 2 1 2848 2927 210
5600 2 2 2 1 210 2927 209
5601 2 2 2 1 37 38 2849
5602 2 2 2 1 2849 38 2928
5603 2 2 2 1 2849 2928 2850
5604 2 2 2 1 2850 2928 2929
5605 2 2 2 1 2850 2929 2851
5606 2 2 2 1 2851 2929 2930
5607 2 2 2 1 2851 2930 2852
5608 2 2 2 1 2852 2930 2931
5609 2 2 2 1 2852 2931 2853
5610 2 2 2 1 2853 2931 2932
5611 2 2 2 1 2853 2932 2854
5612 2 2 2 1 2854 2932 2933
5613 2 2 2 1 2854 2933 2855
5614 2 2 2 1 2855 2933 2934
5615 2 2 2 1 2855 2934 2856
5616 2 2 2 1 2856 2934 2935
5617 2 2 2 1 2856 2935 2857
5618 2 2 2 1 2857 2935 2936
5619 2 2 2 1 2857 2936 2858
5620 2 2 2 1 2858 2936 2937
5621 2 2 2 1 2858 2937 2859
5622 2 2 2 1 2859 2937 2938
5623 2 2 2 1 2859 2938 2860
5624 2 2 2 1 2860 2938 2939
5625 2 2 2 1 2860 2939 2861
5626 2 2 2 1 2861 2939 2940
5627 2 2 2 1 2861 2940 2862
5628 2 2 2 1 2862 2940 2941
5629 2 2 2 1 2862 2941 2863
5630 2 2 2 1 2863 2941 2942
5631 2 2 2 1 2863 2942 2864
5632 2 2 2 1 2864 2942 2943
5633 2 2 2 1 2864 2943 2865
5634 2 2 2 1 2865 2943 2944
5635 2 2 2 1 2865 2944 2866
5636 2 2 2 1 2866 2944 2945
5637 2 2 2 1 2866 2945 2867
5638 2 2 2 1 2867 2945 2946
5639 2 2 2 1 2867 2946 2868
5640 2 2 2 1 2868 2946 2947
5641 2 2 2 1 2868 2947 2869
5642 2 2 2 1 2869 2947 2948
5643 2 2 2 1 2869 2948 2870
5644 2 2 2 1 2870 2948 2949
5645 2 2 2 1 2870 2949 2871
5646 2 2 2 1 2871 2949 2950
5647 2 2 2 1 2871 2950 2872
5648 2 2 2 1 2872 2950 2951
5649 2 2 2 1 2872 2951 2873
5650 2 2 2 1 2873 2951 2952
5651 2 2 2 1 2873 2952 2874
5652 2 2 2 1 2874 2952 2953
5653 2 2 2 1 2874 2953 2875
5654 2 2 2 1 2875 2953 2954
5655 2 2 2 1 2875 2954 2876
5656 2 2 2 1 2876 2954 2955
5657 2 2 2 1 2876 2955 2877
5658 2 2 2 1 2877 2955 2956
5659 2 2 2 1 2877 2956 2878
5660 2 2 2 1 2878 2956 2957
5661 2 2 2 1 2878 2957 2879
5662 2 2 2 1 2879 2957 2958
5663 2 2 2 1 2879 2958 2880
5664 2 2 2 1 2880 2958 2959
5665 2 2 2 1 2880 2959 2881
5666 2 2 2 1 2881 2959 2960
5667 2 2 2 1 2881 2960 2882
5668 2 2 2 1 2882 2960 2961
5669 2 2 2 1 2882 2961 2883
5670 2 2 2 1 2883 2961 2962
5671 2 2 2 1 2883 2962 2884
5672 2 2 2 1 2884 2962 2963
5673 2 2 2 1 2884 2963 2885
5674 2 2 2 1 2885 2963 2964
5675 2 2 2 1 2885 2964 2886
5676 2 2 2 1 2886 2964 2965
5677 2 2 2 1 2886 2965 2887
5678 2 2 2 1 2887 2965 2966
5679 2 2 2 1 2887 2966 2888
5680 2 2 2 1 2888 2966 2967
5681 2 2 2 1 2888 2967 2889
5682 2 2 2 1 2889 2967 2968
5683 2 2 2 1 2889 2968 2890
5684 2 2 2 1 2890 2968 2969
5685 2 2 2 1 2890 2969 2891
5686 2 2 2 1 2891 2969 2970
5687 2 2 2 1 2891 2970 2892
5688 2 2 2 1 2892 2970 2971
5689 2 2 2 1 2892 2971 2893
5690 2 2 2 1 2893 2971 2972
5691 2 2 2 1 2893 2972 2894
5692 2 2 2 1 2894 2972 2973
5693 2 2 2 1 2894 2973 2895
5694 2 2 2 1 2895 2973 2974
5695 2 2 2 1 2895 2974 2896
5696 2 2 2 1 2896 2974 2975
5697 2 2 2 1 2896 2975 2897
5698 2 2 2 1 2897 2975 2976
5699 2 2 2 1 2897 2976 2898
5700 2 2 2 1 2898 2976 2977
5701 2 2 2 1 2898 2977 2899
5702 2 2 2 1 2899 2977 2978
5703 2 2 2 1 2899 2978 2900
5704 2 2 2 1 2900 2978 2979
5705 2 2 2 1 2900 2979 2901
5706 2 2 2 1 2901 2979 2980
5707 2 2 2 1 2901 2980 2902
5708 2 2 2 1 2902 2980 2981
5709 2 2 2 1 2902 2981 2903
5710 2 2 2 1 2903 2981 2982
5711 2 2 2 1 2903 2982 2904
5712 2 2 2 1 2904 2982 2983
5713 2 2 2 1 2904 2983 2905
5714 2 2 2 1 2905 2983 2984
5715 2 2 2 1 2905 2984 2906
5716 2 2 2 1 2906 2984 2985
5717 2 2 2 1 2906 2985 2907
5718 2 2 2 1 2907 2985 2986
5719 2 2 2 1 2907 2986 2908
5720 2 2 2 1 2908 2986 2987
5721 2 2 2 1 2908 2987 2909
5722 2 2 2 1 2909 2987 2988
5723 2 2 2 1 2909 2988 2910
5724 2 2 2 1 2910 2988 2989
5725 2 2 2 1 2910 2989 2911
5726 2 2 2 1 2911 2989 2990
5727 2 2 2 1 2911 2990 2912
5728 2 2 2 1 2912 2990 2991
5729 2 2 2 1 2912 2991 2913
5730 2 2 2 1 2913 2991 2992
5731 2 2 2 1 2913 2992 2914
5732 2 2 2 1 2914 2992 2993
5733 2 2 2 1 2914 2993 2915
5734 2 2 2 1 2915 2993 2994
5735 2 2 2 1 2915 2994 2916
5736 2 2 2 1 2916 2994 2995
5737 2 2 2 1 2916 2995 2917
5738 2 2 2 1 2917 2995 2996
5739 2 2 2 1 2917 2996 2918
5740 2 2 2 1 2918 2996 2997
5741 2 2 2 1 2918 2997 2919
5742 2 2 2 1 2919 2997 2998
5743 2 2 2 1 2919 2998 2920
5744 2 2 2 1 2920 2998 2999
5745 2 2 2 1 2920 2999 2921
5746 2 2 2 1 2921 2999 3000
5747 2 2 2 1 2921 3000 2922
5748 2 2 2 1 2922 3000 3001
5749 2 2 2 1 2922 3001 2923
5750 2 2 2 1 2923 3001 3002
5751 2 2 2 1 2923 3002 2924
5752 2 2 2 1 2924 3002 3003
5753 2 2 2 1 2924 3003 2925
5754 2 2 2 1 2925 3003 3004
5755 2 2 2 1 2925 3004 2926
5756 2 2 2 1 2926 3004 3005
5757 2 2 2 1 2926 3005 2927
5758 2 2 2 1 2927 3005 3006
5759 2 2 2 1 2927 3006 209
5760 2 2 2 1 209 3006 208
5761 2 2 2 1 38 39 2928
5762 2 2 2 1 2928 39 3007
5763 2 2 2 1 2928 3007 2929
5764 2 2 2 1 2929 3007 3008
5765 2 2 2 1 2929 3008 2930
5766 2 2 2 1 2930 3008 3009
5767 2 2 2 1 2930 3009 2931
5768 2 2 2 1 2931 3009 3010
5769 2 2 2 1 2931 3010 2932
5770 2 2 2 1 2932 3010 3011
5771 2 2 2 1 2932 3011 2933
5772 2 2 2 1 2933 3011 3012
5773 2 2 2 1 2933 3012 2934
5774 2 2 2 1 2934 3012 3013
5775 2 2 2 1 2934 3013 2935
5776 2 2 2 1 2935 3013 3014
5777 2 2 2 1 2935 3014 2936
5778 2 2 2 1 2936 3014 3015
5779 2 2 2 1 2936 3015 2937
5780 2 2 2 1 2937 3015 3016
5781 2 2 2 1 2937 3016 2938
5782 2 2 2 1 2938 3016 3017
5783 2 2 2 1 2938 3017 2939
5784 2 2 2 1 2939 3017 3018
5785 2 2 2 1 2939 3018 2940
5786 2 2 2 1 2940 3018 3019
5787 2 2 2 1 2940 3019 2941
5788 2 2 2 1 2941 3019 3020
5789 2 2 2 1 2941 3020 2942
5790 2 2 2 1 2942 3020 3021
5791 2 2 2 1 2942 3021 2943
5792 2 2 2 1 2943 3021 3022
5793 2 2 2 1 2943 3022 2944
5794 2 2 2 1 2944 3022 3023
5795 2 2 2 1 2944 3023 2945
5796 2 2 2 1 2945 3023 3024
5797 2 2 2 1 2945 3024 2946
5798 2 2 2 1 2946 3024 3025
5799 2 2 2 1 2946 3025 2947
5800 2 2 2 1 2947 3025 3026
5801 2 2 2 1 2947 3026 2948
5802 2 2 2 1 2948 3026 3027
5803 2 2 2 1 2948 3027 2949
5804 2 2 2 1 2949 3027 3028
5805 2 2 2 1 2949 3028 2950
5806 2 2 2 1 2950 3028 3029
5807 2 2 2 1 2950 3029 2951
5808 2 2 2 1 2951 3029 3030
5809 2 2 2 1 2951 3030 2952
5810 2 2 2 1 2952 3030 3031
5811 2 2 2 1 2952 3031 2953
5812 2 2 2 1 2953 3031 3032
5813 2 2 2 1 2953 3032 2954
5814 2 2 2 1 2954 3032 3033
5815 2 2 2 1 2954 3033 2955
5816 2 2 2 1 2955 3033 3034
5817 2 2 2 1 2955 3034 2956
5818 2 2 2 1 2956 3034 3035
5819 2 2 2 1 2956 3035 2957
5820 2 2 2 1 2957 3035 3036
5821 2 2 2 1 2957 3036 2958
5822 2 2 2 1 2958 3036 3037
5823 2 2 2 1 2958 3037 2959
5824 2 2 2 1 2959 3037 3038
5825 2 2 2 1 2959 3038 2960
5826 2 2 2 1 2960 3038 3039
5827 2 2 2 1 2960 3039 2961
5828 2 2 2 1 2961 3039 3040
5829 2 2 2 1 2961 3040 2962
5830 2 2 2 1 2962 3040 3041
5831 2 2 2 1 2962 3041 2963
5832 2 2 2 1 2963 3041 3042
5833 2 2 2 1 2963 3042 2964
5834 2 2 2 1 2964 3042 3043
5835 2 2 2 1 2964 3043 2965
5836 2 2 2 1 2965 3043 3044
5837 2 2 2 1 2965 3044 2966
5838 2 2 2 1 2966 3044 3045
5839 2 2 2 1 2966 3045 2967
5840 2 2 2 1 2967 3045 3046
5841 2 2 2 1 2967 3046 2968
5842 2 2 2 1 2968 3046 3047
5843 2 2 2 1 2968 3047 2969
5844 2 2 2 1 2969 3047 3048
5845 2 2 2 1 2969 3048 2970
5846 2 2 2 1 2970 3048 3049
5847 2 2 2 1 2970 3049 2971
5848 2 2 2 1 2971 3049 3050
5849 2 2 2 1 2971 3050 2972
5850 2 2 2 1 2972 3050 3051
5851 2 2 2 1 2972 3051 2973
5852 2 2 2 1 2973 3051 3052
5853 2 2 2 1 2973 3052 2974
5854 2 2 2 1 2974 3052 3053
5855 2 2 2 1 2974 3053 2975
5856 2 2 2 1 2975 3053 3054
5857 2 2 2 1 2975 3054 2976
5858 2 2 2 1 2976 3054 3055
5859 2 2 2 1 2976 3055 2977
5860 2 2 2 1 2977 3055 3056
5861 2 2 2 1 2977 3056 2978
5862 2 2 2 1 2978 3056 3057
5863 2 2 2 1 2978 3057 2979
5864 2 2 2 1 2979 3057 3058
5865 2 2 2 1 2979 3058 2980
5866 2 2 2 1 2980 3058 3059
5867 2 2 2 1 2980 3059 2981
5868 2 2 2 1 2981 3059 3060
5869 2 2 2 1 2981 3060 2982
5870 2 2 2 1 2982 3060 3061
5871 2 2 2 1 2982 3061 2983
5872 2 2 2 1 2983 3061 3062
5873 2 2 2 1 2983 3062 2984
5874 2 2 2 1 2984 3062 3063
5875 2 2 2 1 2984 3063 2985
5876 2 2 2 1 2985 3063 3064
5877 2 2 2 1 2985 3064 2986
5878 2 2 2 1 2986 3064 3065
5879 2 2 2 1 2986 3065 2987
5880 2 2 2 1 2987 3065 3066
5881 2 2 2 1 2987 3066 2988
5882 2 2 2 1 2988 3066 3067
5883 2 2 2 1 2988 3067 2989
5884 2 2 2 1 2989 3067 3068
5885 2 2 2 1 2989 3068 2990
5886 2 2 2 1 2990 3068 3069
5887 2 2 2 1 2990 3069 2991
5888 2 2 2 1 2991 3069 3070
5889 2 2 2 1 2991 3070 2992
5890 2 2 2 1 2992 3070 3071
5891 2 2 2 1 2992 3071 2993
5892 2 2 2 1 2993 3071 3072
5893 2 2 2 1 2993 3072 2994
5894 2 2 2 1 2994 3072 3073
5895 2 2 2 1 2994 3073 2995
5896 2 2 2 1 2995 3073 3074
5897 2 2 2 1 2995 3074 2996
5898 2 2 2 1 2996 3074 3075
5899 2 2 2 1 2996 3075 2997
5900 2 2 2 1 2997 3075 3076
5901 2 2 2 1 2997 3076 2998
5902 2 2 2 1 2998 3076 3077
5903 2 2 2 1 2998 3077 2999
5904 2 2 2 1 2999 3077 3078
5905 2 2 2 1 2999 3078 3000
5906 2 2 2 1 3000 3078 3079
5907 2 2 2 1 3000 3079 3001
5908 2 2 2 1 3001 3079 3080
5909 2 2 2 1 3001 3080 3002
5910 2 2 2 1 3002 3080 3081
5911 2 2 2 1 3002 3081 3003
5912 2 2 2 1 3003 3081 3082
5913 2 2 2 1 3003 3082 3004
5914 2 2 2 1 3004 3082 3083
5915 2 2 2 1 3004 3083 3005
5916 2 2 2 1 3005 3083 3084
5917 2 2 2 1 3005 3084 3006
5918 2 2 2 1 3006 3084 3085
5919 2 2 2 1 3006 3085 208
5920 2 2 2 1 208 3085 207
5921 2 2 2 1 39 40 3007
5922 2 2 2 1 3007 40 3086
5923 2 2 2 1 3007 3086 3008
5924 2 2 2 1 3008 3086 3087
5925 2 2 2 1 3008 3087 3009
5926 2 2 2 1 3009 3087 3088
5927 2 2 2 1 3009 3088 3010
5928 2 2 2 1 3010 3088 3089
5929 2 2 2 1 3010 3089 3011
5930 2 2 2 1 3011 3089 3090
5931 2 2 2 1 3011 3090 3012
5932 2 2 2 1 3012 3090 3091
5933 2 2 2 1 3012 3091 3013
5934 2 2 2 1 3013 3091 3092
5935 2 2 2 1 3013 3092 3014
5936 2 2 2 1 3014 3092 3093
5937 2 2 2 1 3014 3093 3015
5938 2 2 2 1 3015 3093 3094
5939 2 2 2 1 3015 3094 3016
5940 2 2 2 1 3016 3094 3095
5941 2 2 2 1 3016 3095 3017
5942 2 2 2 1 3017 3095 3096
5943 2 2 2 1 3017 3096 3018
5944 2 2 2 1 3018 3096 3097
5945 2 2 2 1 3018 3097 3019
5946 2 2 2 1 3019 3097 3098
5947 2 2 2 1 3019 3098 3020
5948 2 2 2 1 3020 3098 3099
5949 2 2 2 1 3020 3099 3021
5950 2 2 2 1 3021 3099 3100
5951 2 2 2 1 3021 3100 3022
5952 2 2 2 1 3022 3100 3101
5953 2 2 2 1 3022 3101 3023
5954 2 2 2 1 3023 3101 3102
5955 2 2 2 1 3023 3102 3024
5956 2 2 2 1 3024 3102 3103
5957 2 2 2 1 3024 3103 3025
5958 2 2 2 1 3025 3103 3104
5959 2 2 2 1 3025 3104 3026
5960 2 2 2 1 3026 3104 3105
5961 2 2 2 1 3026 3105 3027
5962 2 2 2 1 3027 3105 3106
5963 2 2 2 1 3027 3106 3028
5964 2 2 2 1 3028 3106 3107
5965 2 2 2 1 3028 3107 3029
5966 2 2 2 1 3029 3107 3108
5967 2 2 2 1 3029 3108 3030
5968 2 2 2 1 3030 3108 3109
5969 2 2 2 1 3030 3109 3031
5970 2 2 2 1 3031 3109 3110
5971 2 2 2 1 3031 3110 3032
5972 2 2 2 1 3032 3110 3111
5973 2 2 2 1 3032 3111 3033
5974 2 2 2 1 3033 3111 3112
5975 2 2 2 1 3033 3112 3034
5976 2 2 2 1 3034 3112 3113
5977 2 2 2 1 3034 3113 3035
5978 2 2 2 1 3035 3113 3114
5979 2 2 2 1 3035 3114 3036
5980 2 2 2 1 3036 3114 3115
5981 2 2 2 1 3036 3115 3037
5982 2 2 2 1 3037 3115 3116
5983 2 2 2 1 3037 3116 3038
5984 2 2 2 1 3038 3116 3117
5985 2 2 2 1 3038 3117 3039
5986 2 2 2 1 3039 3117 3118
5987 2 2 2 1 3039 3118 3040
5988 2 2 2 1 3040 3118 3119
5989 2 2 2 1 3040 3119 3041
5990 2 2 2 1 3041 3119 3120
5991 2 2 2 1 3041 3120 3042
5992 2 2 2 1 3042 3120 3121
5993 2 2 2 1 3042 3121 3043
5994 2 2 2 1 3043 3121 3122
5995 2 2 2 1 3043 3122 3044
5996 2 2 2 1 3044 3122 3123
5997 2 2 2 1 3044 3123 3045
5998 2 2 2 1 3045 3123 3124
5999 2 2 2 1 3045 3124 3046
6000 2 2 2 1 3046 3124 3125
6001 2 2 2 1 3046 3125 3047
6002 2 2 2 1 3047 3125 3126
6003 2 2 2 1 3047 3126 3048
6004 2 2 2 1 3048 3126 3127
6005 2 2 2 1 3048 3127 3049
6006 2 2 2 1 3049 3127 3128
6007 2 2 2 1 3049 3128 3050
6008 2 2 2 1 3050 3128 3129
6009 2 2 2 1 3050 3129 3051
6010 2 2 2 1 3051 3129 3130
6011 2 2 2 1 3051 3130 3052
6012 2 2 2 1 3052 3130 3131
6013 2 2 2 1 3052 3131 3053
6014 2 2 2 1 3053 3131 3132
6015 2 2 2 1 3053 3132 3054
6016 2 2 2 1 3054 3132 3133
6017 2 2 2 1 3054 3133 3055
6018 2 2 2 1 3055 3133 3134
6019 2 2 2 1 3055 3134 3056
6020 2 2 2 1 3056 3134 3135
6021 2 2 2 1 3056 3135 3057
6022 2 2 2 1 3057 3135 3136
6023 2 2 2 1 3057 3136 3058
6024 2 2 2 1 3058 3136 3137
6025 2 2 2 1 3058 3137 3059
6026 2 2 2 1 3059 3137 3138
6027 2 2 2 1 3059 3138 3060
6028 2 2 2 1 3060 3138 3139
6029 2 2 2 1 3060 3139 3061
6030 2 2 2 1 3061 3139 3140
6031 2 2 2 1 3061 3140 3062
6032 2 2 2 1 3062 3140 3141
6033 2 2 2 1 3062 3141 3063
6034 2 2 2 1 3063 3141 3142
6035 2 2 2 1 3063 3142 3064
6036 2 2 2 1 3064 3142 3143
6037 2 2 2 1 3064 3143 3065
6038 2 2 2 1 3065 3143 3144
6039 2 2 2 1 3065 3144 3066
6040 2 2 2 1 3066 3144 3145
6041 2 2 2 1 3066 3145 3067
6042 2 2 2 1 3067 3145 3146
6043 2 2 2 1 3067 3146 3068
6044 2 2 2 1 3068 3146 3147
6045 2 2 2 1 3068 3147 3069
6046 2 2 2 1 3069 3147 3148
6047 2 2 2 1 3069 3148 3070
6048 2 2 2 1 3070 3148 3149
6049 2 2 2 1 3070 3149 3071
6050 2 2 2 1 3071 3149 3150
6051 2 2 2 1 3071 3150 3072
6052 2 2 2 1 3072 3150 3151
6053 2 2 2 1 3072 3151 3073
6054 2 2 2 1 3073 3151 3152
6055 2 2 2 1 3073 3152 3074
6056 2 2 2 1 3074 3152 3153
6057 2 2 2 1 3074 3153 3075
6058 2 2 2 1 3075 3153 3154
6059 2 2 2 1 3075 3154 3076
6060 2 2 2 1 3076 3154 3155
6061 2 2 2 1 3076 3155 3077
6062 2 2 2 1 3077 3155 3156
6063 2 2 2 1 3077 3156 3078
6064 2 2 2 1 3078 3156 3157
6065 2 2 2 1 3078 3157 3079
6066 2 2 2 1 3079 3157 3158
6067 2 2 2 1 3079 3158 3080
6068 2 2 2 1 3080 3158 3159
6069 2 2 2 1 3080 3159 3081
6070 2 2 2 1 3081 3159 3160
6071 2 2 2 1 3081 3160 3082
6072 2 2 2 1 3082 3160 3161
6073 2 2 2 1 3082 3161 3083
6074 2 2 2 1 3083 3161 3162
6075 2 2 2 1 3083 3162 3084
6076 2 2 2 1 3084 3162 3163
6077 2 2 2 1 3084 3163 3085
6078 2 2 2 1 3085 3163 3164
6079 2 2 2 1 3085 3164 207
6080 2 2 2 1 207 3164 206
6081 2 2 2 1 40 41 3086
6082 2 2 2 1 3086 41 3165
6083 2 2 2 1 3086 3165 3087
6084 2 2 2 1 3087 3165 3166
6085 2 2 2 1 3087 3166 3088
6086 2 2 2 1 3088 3166 3167
6087 2 2 2 1 3088 3167 3089
6088 2 2 2 1 3089 3167 3168
6089 2 2 2 1 3089 3168 3090
6090 2 2 2 1 3090 3168 3169
6091 2 2 2 1 3090 3169 3091
6092 2 2 2 1 3091 3169 3170
6093 2 2 2 1 3091 3170 3092
6094 2 2 2 1 3092 3170 3171
6095 2 2 2 1 3092 3171 3093
6096 2 2 2 1 3093 3171 3172
6097 2 2 2 1 3093 3172 3094
6098 2 2 2 1 3094 3172 3173
6099 2 2 2 1 3094 3173 3095
6100 2 2 2 1 3095 3173 3174
6101 2 2 2 1 3095 3174 3096
6102 2 2 2 1 3096 3174 3175
6103 2 2 2 1 3096 3175 3097
6104 2 2 2 1 3097 3175 3176
6105 2 2 2 1 3097 3176 3098
6106 2 2 2 1 3098 3176 3177
6107 2 2 2 1 3098 3177 3099
6108 2 2 2 1 3099 3177 3178
6109 2 2 2 1 3099 3178 3100
6110 2 2 2 1 3100 3178 3179
6111 2 2 2 1 3100 3179 3101
6112 2 2 2 1 3101 3179 3180
6113 2 2 2 1 3101 3180 3102
6114 2 2 2 1 3102 3180 3181
6115 2 2 2 1 3102 3181 3103
6116 2 2 2 1 3103 3181 3182
6117 2 2 2 1 3103 3182 3104
6118 2 2 2 1 3104 3182 3183
6119 2 2 2 1 3104 3183 3105
6120 2 2 2 1 3105 3183 3184
6121 2 2 2 1 3105 3184 3106
6122 2 2 2 1 3106 3184 3185
6123 2 2 2 1 3106 3185 3107
6124 2 2 2 1 3107 3185 3186
6125 2 2 2 1 3107 3186 3108
6126 2 2 2 1 3108 3186 3187
6127 2 2 2 1 3108 3187 3109
6128 2 2 2 1 3109 3187 3188
6129 2 2 2 1 3109 3188 3110
6130 2 2 2 1 3110 3188 3189
6131 2 2 2 1 3110 3189 3111
6132 2 2 2 1 3111 3189 3190
6133 2 2 2 1 3111 3190 3112
6134 2 2 2 1 3112 3190 3191
6135 2 2 2 1 3112 3191 3113
6136 2 2 2 1 3113 3191 3192
6137 2 2 2 1 3113 3192 3114
6138 2 2 2 1 3114 3192 3193
6139 2 2 2 1 3114 3193 3115
6140 2 2 2 1 3115 3193 3194
6141 2 2 2 1 3115 3194 3116
6142 2 2 2 1 3116 3194 3195
6143 2 2 2 1 3116 3195 3117
6144 2 2 2 1 3117 3195 3196
6145 2 2 2 1 3117 3196 3118
6146 2 2 2 1 3118 3196 3197
6147 2 2 2 1 3118 3197 3119
6148 2 2 2 1 3119 3197 3198
6149 2 2 2 1 3119 3198 3120
6150 2 2 2 1 3120 3198 3199
6151 2 2 2 1 3120 3199 3121
6152 2 2 2 1 3121 3199 3200
6153 2 2 2 1 3121 3200 3122
6154 2 2 2 1 3122 3200 3201
6155 2 2 2 1 3122 3201 3123
6156 2 2 2 1 3123 3201 3202
6157 2 2 2 1 3123 3202 3124
6158 2 2 2 1 3124 3202 3203
6159 2 2 2 1 3124 3203 3125
6160 2 2 2 1 3125 3203 3204
6161 2 2 2 1 3125 3204 3126
6162 2 2 2 1 3126 3204 3205
6163 2 2 2 1 3126 3205 3127
6164 2 2 2 1 3127 3205 3206
6165 2 2 2 1 3127 3206 3128
6166 2 2 2 1 3128 3206 3207
6167 2 2 2 1 3128 3207 3129
6168 2 2 2 1 3129 3207 3208
6169 2 2 2 1 3129 3208 3130
6170 2 2 2 1 3130 3208 3209
6171 2 2 2 1 3130 3209 3131
6172 2 2 2 1 3131 3209 3210
6173 2 2 2 1 3131 3210 3132
6174 2 2 2 1 3132 3210 3211
6175 2 2 2 1 3132 3211 3133
6176 2 2 2 1 3133 3211 3212
6177 2 2 2 1 3133 3212 3134
6178 2 2 2 1 3134 3212 3213
6179 2 2 2 1 3134 3213 3135
6180 2 2 2 1 3135 3213 3214
6181 2 2 2 1 3135 3214 3136
6182 2 2 2 1 3136 3214 3215
6183 2 2 2 1 3136 3215 3137
6184 2 2 2 1 3137 3215 3216
6185 2 2 2 1 3137 3216 3138
6186 2 2 2 1 3138 3216 3217
6187 2 2 2 1 3138 3217 3139
6188 2 2 2 1 3139 3217 3218
6189 2 2 2 1 3139 3218 3140
6190 2 2 2 1 3140 3218 3219
6191 2 2 2 1 3140 3219 3141
6192 2 2 2 1 3141 3219 3220
6193 2 2 2 1 3141 3220 3142
6194 2 2 2 1 3142 3220 3221
6195 2 2 2 1 3142 3221 3143
6196 2 2 2 1 3143 3221 3222
6197 2 2 2 1 3143 3222 3144
6198 2 2 2 1 3144 3222 3223
6199 2 2 2 1 3144 3223 3145
6200 2 2 2 1 3145 3223 3224
6201 2 2 2 1 3145 3224 3146
6202 2 2 2 1 3146 3224 3225
6203 2 2 2 1 3146 3225 3147
6204 2 2 2 1 3147 3225 3226
6205 2 2 2 1 3147 3226 3148
6206 2 2 2 1 3148 3226 3227
6207 2 2 2 1 3148 3227 3149
6208 2 2 2 1 3149 3227 3228
6209 2 2 2 1 3149 3228 3150
6210 2 2 2 1 3150 3228 3229
6211 2 2 2 1 3150 3229 3151
6212 2 2 2 1 3151 3229 3230
6213 2 2 2 1 3151 3230 3152
6214 2 2 2 1 3152 3230 3231
6215 2 2 2 1 3152 3231 3153
6216 2 2 2 1 3153 3231 3232
6217 2 2 2 1 3153 3232 3154
6218 2 2 2 1 3154 3232 3233
6219 2 2 2 1 3154 3233 3155
6220 2 2 2 1 3155 3233 3234
6221 2 2 2 1 3155 3234 3156
6222 2 2 2 1 3156 3234 3235
6223 2 2 2 1 3156 3235 3157
6224 2 2 2 1 3157 3235 3236
6225 2 2 2 1 3157 3236 3158
6226 2 2 2 1 3158 3236 3237
6227 2 2 2 1 3158 3237 3159
6228 2 2 2 1 3159 3237 3238
6229 2 2 2 1 3159 3238 3160
6230 2 2 2 1 3160 3238 3239
6231 2 2 2 1 3160 3239 3161
6232 2 2 2 1 3161 3239 3240
6233 2 2 2 1 3161 3240 3162
6234 2 2 2 1 3162 3240 3241
6235 2 2 2 1 3162 3241 3163
6236 2 2 2 1 3163 3241 3242
6237 2 2 2 1 3163 3242 3164
6238 2 2 2 1 3164 3242 3243
6239 2 2 2 1 3164 3243 206
6240 2 2 2 1 206 3243 205
6241 2 2 2 1 41 42 3165
6242 2 2 2 1 3165 42 3244
6243 2 2 2 1 3165 3244 3166
6244 2 2 2 1 3166 3244 3245
6245 2 2 2 1 3166 3245 3167
6246 2 2 2 1 3167 3245 3246
6247 2 2 2 1 3167 3246 3168
6248 2 2 2 1 3168 3246 3247
6249 2 2 2 1 3168 3247 3169
6250 2 2 2 1 3169 3247 3248
6251 2 2 2 1 3169 3248 3170
6252 2 2 2 1 3170 3248 3249
6253 2 2 2 1 3170 3249 3171
6254 2 2 2 1 3171 3249 3250
6255 2 2 2 1 3171 3250 3172
6256 2 2 2 1 3172 3250 3251
6257 2 2 2 1 3172 3251 3173
6258 2 2 2 1 3173 3251 3252
6259 2 2 2 1 3173 3252 3174
6260 2 2 2 1 3174 3252 3253
6261 2 2 2 1 3174 3253 3175
6262 2 2 2 1 3175 3253 3254
6263 2 2 2 1 3175 3254 3176
6264 2 2 2 1 3176 3254 3255
6265 2 2 2 1 3176 3255 3177
6266 2 2 2 1 3177 3255 3256
6267 2 2 2 1 3177 3256 3178
6268 2 2 2 1 3178 3256 3257
6269 2 2 2 1 3178 3257 3179
6270 2 2 2 1 3179 3257 3258
6271 2 2 2 1 3179 3258 3180
6272 2 2 2 1 3180 3258 3259
6273 2 2 2 1 3180 3259 3181
6274 2 2 2 1 3181 3259 3260
6275 2 2 2 1 3181 3260 3182
6276 2 2 2 1 3182 3260 3261
6277 2 2 2 1 3182 3261 3183
6278 2 2 2 1 3183 3261 3262
6279 2 2 2 1 3183 3262 3184
6280 2 2 2 1 3184 3262 3263
6281 2 2 2 1 3184 3263 3185
6282 2 2 2 1 3185 3263 3264
6283 2 2 2 1 3185 3264 3186
6284 2 2 2 1 3186 3264 3265
6285 2 2 2 1 3186 3265 3187
6286 2 2 2 1 3187 3265 3266
6287 2 2 2 1 3187 3266 3188
6288 2 2 2 1 3188 3266 3267
6289 2 2 2 1 3188 3267 3189
6290 2 2 2 1 3189 3267 3268
6291 2 2 2 1 3189 3268 3190
6292 2 2 2 1 3190 3268 3269
6293 2 2 2 1 3190 3269 3191
6294 2 2 2 1 3191 3269 3270
6295 2 2 2 1 3191 3270 3192
6296 2 2 2 1 3192 3270 3271
6297 2 2 2 1 3192 3271 3193
6298 2 2 2 1 3193 3271 3272
6299 2 2 2 1 3193 3272 3194
6300 2 2 2 1 3194 3272 3273
6301 2 2 2 1 3194 3273 3195
6302 2 2 2 1 3195 3273 3274
6303 2 2 2 1 3195 3274 3196
6304 2 2 2 1 3196 3274 3275
6305 2 2 2 1 3196 3275 3197
6306 2 2 2 1 3197 3275 3276
6307 2 2 2 1 3197 3276 3198
6308 2 2 2 1 3198 3276 3277
6309 2 2 2 1 3198 3277 3199
6310 2 2 2 1 3199 3277 3278
6311 2 2 2 1 3199 3278 3200
6312 2 2 2 1 3200 3278 3279
6313 2 2 2 1 3200 3279 3201
6314 2 2 2 1 3201 3279 3280
6315 2 2 2 1 3201 3280 3202
6316 2 2 2 1 3202 3280 3281
6317 2 2 2 1 3202 3281 3203
6318 2 2 2 1 3203 3281 3282
6319 2 2 2 1 3203 3282 3204
6320 2 2 2 1 3204 3282 3283
6321 2 2 2 1 3204 3283 3205
6322 2 2 2 1 3205 3283 3284
6323 2 2 2 1 3205 3284 3206
6324 2 2 2 1 3206 3284 3285
6325 2 2 2 1 3206 3285 3207
6326 2 2 2 1 3207 3285 3286
6327 2 2 2 1 3207 3286 3208
6328 2 2 2 1 3208 3286 3287
6329 2 2 2 1 3208 3287 3209
6330 2 2 2 1 3209 3287 3288
6331 2 2 2 1 3209 3288 3210
6332 2 2 2 1 3210 3288 3289
6333 2 2 2 1 3210 3289 3211
6334 2 2 2 1 3211 3289 3290
6335 2 2 2 1 3211 3290 3212
6336 2 2 2 1 3212 3290 3291
6337 2 2 2 1 3212 3291 3213
6338 2 2 2 1 3213 3291 3292
6339 2 2 2 1 3213 3292 3214
6340 2 2 2 1 3214 3292 3293
6341 2 2 2 1 3214 3293 3215
6342 2 2 2 1 3215 3293 3294
6343 2 2 2 1 3215 3294 3216
6344 2 2 2 1 3216 3294 3295
6345 2 2 2 1 3216 3295 3217
6346 2 2 2 1 3217 3295 3296
6347 2 2 2 1 3217 3296 3218
6348 2 2 2 1 3218 3296 3297
6349 2 2 2 1 3218 3297 3219
6350 2 2 2 1 3219 3297 3298
6351 2 2 2 1 3219 3298 3220
6352 2 2 2 1 3220 3298 3299
6353 2 2 2 1 3220 3299 3221
6354 2 2 2 1 3221 3299 3300
6355 2 2 2 1 3221 3300 3222
6356 2 2 2 1 3222 3300 3301
6357 2 2 2 1 3222 3301 3223
6358 2 2 2 1 3223 3301 3302
6359 2 2 2 1 3223 3302 3224
6360 2 2 2 1 3224 3302 3303
6361 2 2 2 1 3224 3303 3225
6362 2 2 2 1 3225 3303 3304
6363 2 2 2 1 3225 3304 3226
6364 2 2 2 1 3226 3304 3305
6365 2 2 2 1 3226 3305 3227
6366 2 2 2 1 3227 3305 3306
6367 2 2 2 1 3227 3306 3228
6368 2 2 2 1 3228 3306 3307
6369 2 2 2 1 3228 3307 3229
6370 2 2 2 1 3229 3307 3308
6371 2 2 2 1 3229 3308 3230
6372 2 2 2 1 3230 3308 3309
6373 2 2 2 1 3230 3309 3231
6374 2 2 2 1 3231 3309 3310
6375 2 2 2 1 3231 3310 3232
6376 2 2 2 1 3232 3310 3311
6377 2 2 2 1 3232 3311 3233
6378 2 2 2 1 3233 3311 3312
6379 2 2 2 1 3233 3312 3234
6380 2 2 2 1 3234 3312 3313
6381 2 2 2 1 3234 3313 3235
6382 2 2 2 1 3235 3313 3314
6383 2 2 2 1 3235 3314 3236
6384 2 2 2 1 3236 3314 3315
6385 2 2 2 1 3236 3315 3237
6386 2 2 2 1 3237 3315 3316
6387 2 2 2 1 3237 3316 3238
6388 2 2 2 1 3238 3316 3317
6389 2 2 2 1 3238 3317 3239
6390 2 2 2 1 3239 3317 3318
6391 2 2 2 1 3239 3318 3240
6392 2 2 2 1 3240 3318 3319
6393 2 2 2 1 3240 3319 3241
6394 2 2 2 1 3241 3319 3320
6395 2 2 2 1 3241 3320 3242
6396 2 2 2 1 3242 3320 3321
6397 2 2 2 1 3242 3321 3243
6398 2 2 2 1 3243 3321 3322
6399 2 2 2 1 3243 3322 205
6400 2 2 2 1 205 3322 204
6401 2 2 2 1 42 43 3244
6402 2 2 2 1 3244 43 3323
6403 2 2 2 1 3244 3323 3245
6404 2 2 2 1 3245 3323 3324
6405 2 2 2 1 3245 3324 3246
6406 2 2 2 1 3246 3324 3325
6407 2 2 2 1 3246 3325 3247
6408 2 2 2 1 3247 3325 3326
6409 2 2 2 1 3247 3326 3248
6410 2 2 2 1 3248 3326 3327
6411 2 2 2 1 3248 3327 3249
6412 2 2 2 1 3249 3327 3328
6413 2 2 2 1 3249 3328 3250
6414 2 2 2 1 3250 3328 3329
6415 2 2 2 1 3250 3329 3251
6416 2 2 2 1 3251 3329 3330
6417 2 2 2 1 3251 3330 3252
6418 2 2 2 1 3252 3330 3331
6419 2 2 2 1 3252 3331 3253
6420 2 2 2 1 3253 3331 3332
6421 2 2 2 1 3253 3332 3254
6422 2 2 2 1 3254 3332 3333
6423 2 2 2 1 3254 3333 3255
6424 2 2 2 1 3255 3333 3334
6425 2 2 2 1 3255 3334 3256
6426 2 2 2 1 3256 3334 3335
6427 2 2 2 1 3256 3335 3257
6428 2 2 2 1 3257 3335 3336
6429 2 2 2 1 3257 3336 3258
6430 2 2 2 1 3258 3336 3337
6431 2 2 2 1 3258 3337 3259
6432 2 2 2 1 3259 3337 3338
6433 2 2 2 1 3259 3338 3260
6434 2 2 2 1 3260 3338 3339
6435 2 2 2 1 3260 3339 3261
6436 2 2 2 1 3261 3339 3340
6437 2 2 2 1 3261 3340 3262
6438 2 2 2 1 3262 3340 3341
6439 2 2 2 1 3262 3341 3263
6440 2 2 2 1 3263 3341 3342
6441 2 2 2 1 3263 3342 3264
6442 2 2 2 1 3264 3342 3343
6443 2 2 2 1 3264 3343 3265
6444 2 2 2 1 3265 3343 3344
6445 2 2 2 1 3265 3344 3266
6446 2 2 2 1 3266 3344 3345
6447 2 2 2 1 3266 3345 3267
6448 2 2 2 1 3267 3345 3346
6449 2 2 2 1 3267 3346 3268
6450 2 2 2 1 3268 3346 3347
6451 2 2 2 1 3268 3347 3269
6452 2 2 2 1 3269 3347 3348
6453 2 2 2 1 3269 3348 3270
6454 2 2 2 1 3270 3348 3349
6455 2 2 2 1 3270 3349 3271
6456 2 2 2 1 3271 3349 3350
6457 2 2 2 1 3271 3350 3272
6458 2 2 2 1 3272 3350 3351
6459 2 2 2 1 3272 3351 3273
6460 2 2 2 1 3273 3351 3352
6461 2 2 2 1 3273 3352 3274
6462 2 2 2 1 3274 3352 3353
6463 2 2 2 1 3274 3353 3275
6464 2 2 2 1 3275 3353 3354
6465 2 2 2 1 3275 3354 3276
6466 2 2 2 1 3276 3354 3355
6467 2 2 2 1 3276 3355 3277
6468 2 2 2 1 3277 3355 3356
6469 2 2 2 1 3277 3356 3278
6470 2 2 2 1 3278 3356 3357
6471 2 2 2 1 3278 3357 3279
6472 2 2 2 1 3279 3357 3358
6473 2 2 2 1 3279 3358 3280
6474 2 2 2 1 3280 3358 3359
6475 2 2 2 1 3280 3359 3281
6476 2 2 2 1 3281 3359 3360
6477 2 2 2 1 3281 3360 3282
6478 2 2 2 1 3282 3360 3361
6479 2 2 2 1 3282 3361 3283
6480 2 2 2 1 3283 3361 3362
6481 2 2 2 1 3283 3362 3284
6482 2 2 2 1 3284 3362 3363
6483 2 2 2 1 3284 3363 3285
6484 2 2 2 1 3285 3363 3364
6485 2 2 2 1 3285 3364 3286
6486 2 2 2 1 3286 3364 3365
6487 2 2 2 1 3286 3365 3287
6488 2 2 2 1 3287 3365 3366
6489 2 2 2 1 3287 3366 3288
6490 2 2 2 1 3288 3366 3367
6491 2 2 2 1 3288 3367 3289
6492 2 2 2 1 3289 3367 3368
6493 2 2 2 1 3289 3368 3290
6494 2 2 2 1 3290 3368 3369
6495 2 2 2 1 3290 3369 3291
6496 2 2 2 1 3291 3369 3370
6497 2 2 2 1 3291 3370 3292
6498 2 2 2 1 3292 3370 3371
6499 2 2 2 1 3292 3371 3293
6500 2 2 2 1 3293 3371 3372
6501 2 2 2 1 3293 3372 3294
6502 2 2 2 1 3294 3372 3373
6503 2 2 2 1 3294 3373 3295
6504 2 2 2 1 3295 3373 3374
6505 2 2 2 1 3295 3374 3296
6506 2 2 2 1 3296 3374 3375
6507 2 2 2 1 3296 3375 3297
6508 2 2 2 1 3297 3375 3376
6509 2 2 2 1 3297 3376 3298
6510 2 2 2 1 3298 3376 3377
6511 2 2 2 1 3298 3377 3299
6512 2 2 2 1 3299 3377 3378
6513 2 2 2 1 3299 3378 3300
6514 2 2 2 1 3300 3378 3379
6515 2 2 2 1 3300 3379 3301
6516 2 2 2 1 3301 3379 3380
6517 2 2 2 1 3301 3380 3302
6518 2 2 2 1 3302 3380 3381
6519 2 2 2 1 3302 3381 3303
6520 2 2 2 1 3303 3381 3382
6521 2 2 2 1 3303 3382 3304
6522 2 2 2 1 3304 3382 3383
6523 2 2 2 1 3304 3383 3305
6524 2 2 2 1 3305 3383 3384
6525 2 2 2 1 3305 3384 3306
6526 2 2 2 1 3306 3384 3385
6527 2 2 2 1 3306 3385 3307
6528 2 2 2 1 3307 3385 3386
6529 2 2 2 1 3307 3386 3308
6530 2 2 2 1 3308 3386 3387
6531 2 2 2 1 3308 3387 3309
6532 2 2 2 1 3309 3387 3388
6533 2 2 2 1 3309 3388 3310
6534 2 2 2 1 3310 3388 3389
6535 2 2 2 1 3310 3389 3311
6536 2 2 2 1 3311 3389 3390
6537 2 2 2 1 3311 3390 3312
6538 2 2 2 1 3312 3390 3391
6539 2 2 2 1 3312 3391 3313
6540 2 2 2 1 3313 3391 3392
6541 2 2 2 1 3313 3392 3314
6542 2 2 2 1 3314 3392 3393
6543 2 2 2 1 3314 3393 3315
6544 2 2 2 1 3315 3393 3394
6545 2 2 2 1 3315 3394 3316
6546 2 2 2 1 3316 3394 3395
6547 2 2 2 1 3316 3395 3317
6548 2 2 2 1 3317 3395 3396
6549 2 2 2 1 3317 3396 3318
6550 2 2 2 1 3318 3396 3397
6551 2 2 2 1 3318 3397 3319
6552 2 2 2 1 3319 3397 3398
6553 2 2 2 1 3319 3398 3320
6554 2 2 2 1 3320 3398 3399
6555 2 2 2 1 3320 3399 3321
6556 2 2 2 1 3321 3399 3400
6557 2 2 2 1 3321 3400 3322
6558 2 2 2 1 3322 3400 3401
6559 2 2 2 1 3322 3401 204
6560 2 2 2 1 204 3401 203
6561 2 2 2 1 43 44 3323
6562 2 2 2 1 3323 44 3402
6563 2 2 2 1 3323 3402 3324
6564 2 2 2 1 3324 3402 3403
6565 2 2 2 1 3324 3403 3325
6566 2 2 2 1 3325 3403 3404
6567 2 2 2 1 3325 3404 3326
6568 2 2 2 1 3326 3404 3405
6569 2 2 2 1 3326 3405 3327
6570 2 2 2 1 3327 3405 3406
6571 2 2 2 1 3327 3406 3328
6572 2 2 2 1 3328 3406 3407
6573 2 2 2 1 3328 3407 3329
6574 2 2 2 1 3329 3407 3408
6575 2 2 2 1 3329 3408 3330
6576 2 2 2 1 3330 3408 3409
6577 2 2 2 1 3330 3409 3331
6578 2 2 2 1 3331 3409 3410
6579 2 2 2 1 3331 3410 3332
6580 2 2 2 1 3332 3410 3411
6581 2 2 2 1 3332 3411 3333
6582 2 2 2 1 3333 3411 3412
6583 2 2 2 1 3333 3412 3334
6584 2 2 2 1 3334 3412 3413
6585 2 2 2 1 3334 3413 3335
6586 2 2 2 1 3335 3413 3414
6587 2 2 2 1 3335 3414 3336
6588 2 2 2 1 3336 3414 3415
6589 2 2 2 1 3336 3415 3337
6590 2 2 2 1 3337 3415 3416
6591 2 2 2 1 3337 3416 3338
6592 2 2 2 1 3338 3416 3417
6593 2 2 2 1 3338 3417 3339
6594 2 2 2 1 3339 3417 3418
6595 2 2 2 1 3339 3418 3340
6596 2 2 2 1 3340 3418 3419
6597 2 2 2 1 3340 3419 3341
6598 2 2 2 1 3341 3419 3420
6599 2 2 2 1 3341 3420 3342
6600 2 2 2 1 3342 3420 3421
6601 2 2 2 1 3342 3421 3343
6602 2 2 2 1 3343 3421 3422
6603 2 2 2 1 3343 3422 3344
6604 2 2 2 1 3344 3422 3423
6605 2 2 2 1 3344 3423 3345
6606 2 2 2 1 3345 3423 3424
6607 2 2 2 1 3345 3424 3346
6608 2 2 2 1 3346 3424 3425
6609 2 2 2 1 3346 3425 3347
6610 2 2 2 1 3347 3425 3426
6611 2 2 2 1 3347 3426 3348
6612 2 2 2 1 3348 3426 3427
6613 2 2 2 1 3348 3427 3349
6614 2 2 2 1 3349 3427 3428
6615 2 2 2 1 3349 3428 3350
6616 2 2 2 1 3350 3428 3429
6617 2 2 2 1 3350 3429 3351
6618 2 2 2 1 3351 3429 3430
6619 2 2 2 1 3351 3430 3352
6620 2 2 2 1 3352 3430 3431
6621 2 2 2 1 3352 3431 3353
6622 2 2 2 1 3353 3431 3432
6623 2 2 2 1 3353 3432 3354
6624 2 2 2 1 3354 3432 3433
6625 2 2 2 1 3354 3433 3355
6626 2 2 2 1 3355 3433 3434
6627 2 2 2 1 3355 3434 3356
6628 2 2 2 1 3356 3434 3435
6629 2 2 2 1 3356 3435 3357
6630 2 2 2 1 3357 3435 3436
6631 2 2 2 1 3357 3436 3358
6632 2 2 2 1 3358 3436 3437
6633 2 2 2 1 3358 3437 3359
6634 2 2 2 1 3359 3437 3438
6635 2 2 2 1 3359 3438 3360
6636 2 2 2 1 3360 3438 3439
6637 2 2 2 1 3360 3439 3361
6638 2 2 2 1 3361 3439 3440
6639 2 2 2 1 3361 3440 3362
6640 2 2 2 1 3362 3440 3441
6641 2 2 2 1 3362 3441 3363
6642 2 2 2 1 3363 3441 3442
6643 2 2 2 1 3363 3442 3364
6644 2 2 2 1 3364 3442 3443
6645 2 2 2 1 3364 3443 3365
6646 2 2 2 1 3365 3443 3444
6647 2 2 2 1 3365 3444 3366
6648 2 2 2 1 3366 3444 3445
6649 2 2 2 1 3366 3445 3367
6650 2 2 2 1 3367 3445 3446
6651 2 2 2 1 3367 3446 3368
6652 2 2 2 1 3368 3446 3447
6653 2 2 2 1 3368 3447 3369
6654 2 2 2 1 3369 3447 3448
6655 2 2 2 1 3369 3448 3370
6656 2 2 2 1 3370 3448 3449
6657 2 2 2 1 3370 3449 3371
6658 2 2 2 1 3371 3449 3450
6659 2 2 2 1 3371 3450 3372
6660 2 2 2 1 3372 3450 3451
6661 2 2 2 1 3372 3451 3373
6662 2 2 2 1 3373 3451 3452
6663 2 2 2 1 3373 3452 3374
6664 2 2 2 1 3374 3452 3453
6665 2 2 2 1 3374 3453 3375
6666 2 2 2 1 3375 3453 3454
6667 2 2 2 1 3375 3454 3376
6668 2 2 2 1 3376 3454 3455
6669 2 2 2 1 3376 3455 3377
6670 2 2 2 1 3377 3455 3456
6671 2 2 2 1 3377 3456 3378
6672 2 2 2 1 3378 3456 3457
6673 2 2 2 1 3378 3457 3379
6674 2 2 2 1 3379 3457 3458
6675 2 2 2 1 3379 3458 3380
6676 2 2 2 1 3380 3458 3459
6677 2 2 2 1 3380 3459 3381
6678 2 2 2 1 3381 3459 3460
6679 2 2 2 1 3381 3460 3382
6680 2 2 2 1 3382 3460 3461
6681 2 2 2 1 3382 3461 3383
6682 2 2 2 1 3383 3461 3462
6683 2 2 2 1 3383 3462 3384
6684 2 2 2 1 3384 3462 3463
6685 2 2 2 1 3384 3463 3385
6686 2 2 2 1 3385 3463 3464
6687 2 2 2 1 3385 3464 3386
6688 2 2 2 1 3386 3464 3465
6689 2 2 2 1 3386 3465 3387
6690 2 2 2 1 3387 3465 3466
6691 2 2 2 1 3387 3466 3388
6692 2 2 2 1 3388 3466 3467
6693 2 2 2 1 3388 3467 3389
6694 2 2 2 1 3389 3467 3468
6695 2 2 2 1 3389 3468 3390
6696 2 2 2 1 3390 3468 3469
6697 2 2 2 1 3390 3469 3391
6698 2 2 2 1 3391 3469 3470
6699 2 2 2 1 3391 3470 3392
6700 2 2 2 1 3392 3470 3471
6701 2 2 2 1 3392 3471 3393
6702 2 2 2 1 3393 3471 3472
6703 2 2 2 1 3393 3472 3394
6704 2 2 2 1 3394 3472 3473
6705 2 2 2 1 3394 3473 3395
6706 2 2 2 1 3395 3473 3474
6707 2 2 2 1 3395 3474 3396
6708 2 2 2 1 3396 3474 3475
6709 2 2 2 1 3396 3475 3397
6710 2 2 2 1 3397 3475 3476
6711 2 2 2 1 3397 3476 3398
6712 2 2 2 1 3398 3476 3477
6713 2 2 2 1 3398 3477 3399
6714 2 2 2 1 3399 3477 3478
6715 2 2 2 1 3399 3478 3400
6716 2 2 2 1 3400 3478 3479
6717 2 2 2 1 3400 3479 3401
6718 2 2 2 1 3401 3479 3480
6719 2 2 2 1 3401 3480 203
6720 2 2 2 1 203 3480 202
6721 2 2 2 1 44 45 3402
6722 2 2 2 1 3402 45 3481
6723 2 2 2 1 3402 3481 3403
6724 2 2 2 1 3403 3481 3482
6725 2 2 2 1 3403 3482 3404
6726 2 2 2 1 3404 3482 3483
6727 2 2 2 1 3404 3483 3405
6728 2 2 2 1 3405 3483 3484
6729 2 2 2 1 3405 3484 3406
6730 2 2 2 1 3406 3484 3485
6731 2 2 2 1 3406 3485 3407
6732 2 2 2 1 3407 3485 3486
6733 2 2 2 1 3407 3486 3408
6734 2 2 2 1 3408 3486 3487
6735 2 2 2 1 3408 3487 3409
6736 2 2 2 1 3409 3487 3488
6737 2 2 2 1 3409 3488 3410
6738 2 2 2 1 3410 3488 3489
6739 2 2 2 1 3410 3489 3411
6740 2 2 2 1 3411 3489 3490
6741 2 2 2 1 3411 3490 3412
6742 2 2 2 1 3412 3490 3491
6743 2 2 2 1 3412 3491 3413
6744 2 2 2 1 3413 3491 3492
6745 2 2 2 1 3413 3492 3414
6746 2 2 2 1 3414 3492 3493
6747 2 2 2 1 3414 3493 3415
6748 2 2 2 1 3415 3493 3494
6749 2 2 2 1 3415 3494 3416
6750 2 2 2 1 3416 3494 3495
6751 2 2 2 1 3416 3495 3417
6752 2 2 2 1 3417 3495 3496
6753 2 2 2 1 3417 3496 3418
6754 2 2 2 1 3418 3496 3497
6755 2 2 2 1 3418 3497 3419
6756 2 2 2 1 3419 3497 3498
6757 2 2 2 1 3419 3498 3420
6758 2 2 2 1 3420 3498 3499
6759 2 2 2 1 3420 3499 3421
6760 2 2 2 1 3421 3499 3500
6761 2 2 2 1 3421 3500 3422
6762 2 2 2 1 3422 3500 3501
6763 2 2 2 1 3422 3501 3423
6764 2 2 2 1 3423 3501 3502
6765 2 2 2 1 3423 3502 3424
6766 2 2 2 1 3424 3502 3503
6767 2 2 2 1 3424 3503 3425
6768 2 2 2 1 3425 3503 3504
6769 2 2 2 1 3425 3504 3426
6770 2 2 2 1 3426 3504 3505
6771 2 2 2 1 3426 3505 3427
6772 2 2 2 1 3427 3505 3506
6773 2 2 2 1 3427 3506 3428
6774 2 2 2 1 3428 3506 3507
6775 2 2 2 1 3428 3507 3429
6776 2 2 2 1 3429 3507 3508
6777 2 2 2 1 3429 3508 3430
6778 2 2 2 1 3430 3508 3509
6779 2 2 2 1 3430 3509 3431
6780 2 2 2 1 3431 3509 3510
6781 2 2 2 1 3431 3510 3432
6782 2 2 2 1 3432 3510 3511
6783 2 2 2 1 3432 3511 3433
6784 2 2 2 1 3433 3511 3512
6785 2 2 2 1 3433 3512 3434
6786 2 2 2 1 3434 3512 3513
6787 2 2 2 1 3434 3513 3435
6788 2 2 2 1 3435 3513 3514
6789 2 2 2 1 3435 3514 3436
6790 2 2 2 1 3436 3514 3515
6791 2 2 2 1 3436 3515 3437
6792 2 2 2 1 3437 3515 3516
6793 2 2 2 1 3437 3516 3438
6794 2 2 2 1 3438 3516 3517
6795 2 2 2 1 3438 3517 3439
6796 2 2 2 1 3439 3517 3518
6797 2 2 2 1 3439 3518 3440
6798 2 2 2 1 3440 3518 3519
6799 2 2 2 1 3440 3519 3441
6800 2 2 2 1 3441 3519 3520
6801 2 2 2 1 3441 3520 3442
6802 2 2 2 1 3442 3520 3521
6803 2 2 2 1 3442 3521 3443
6804 2 2 2 1 3443 3521 3522
6805 2 2 2 1 3443 3522 3444
6806 2 2 2 1 3444 3522 3523
6807 2 2 2 1 3444 3523 3445
6808 2 2 2 1 3445 3523 3524
6809 2 2 2 1 3445 3524 3446
6810 2 2 2 1 3446 3524 3525
6811 2 2 2 1 3446 3525 3447
6812 2 2 2 1 3447 3525 3526
6813 2 2 2 1 3447 3526 3448
6814 2 2 2 1 3448 3526 3527
6815 2 2 2 1 3448 3527 3449
6816 2 2 2 1 3449 3527 3528
6817 2 2 2 1 3449 3528 3450
6818 2 2 2 1 3450 3528 3529
6819 2 2 2 1 3450 3529 3451
6820 2 2 2 1 3451 3529 3530
6821 2 2 2 1 3451 3530 3452
6822 2 2 2 1 3452 3530 3531
6823 2 2 2 1 3452 3531 3453
6824 2 2 2 1 3453 3531 3532
6825 2 2 2 1 3453 3532 3454
6826 2 2 2 1 3454 3532 3533
6827 2 2 2 1 3454 3533 3455
6828 2 2 2 1 3455 3533 3534
6829 2 2 2 1 3455 3534 3456
6830 2 2 2 1 3456 3534 3535
6831 2 2 2 1 3456 3535 3457
6832 2 2 2 1 3457 3535 3536
6833 2 2 2 1 3457 3536 3458
6834 2 2 2 1 3458 3536 3537
6835 2 2 2 1 3458 3537 3459
6836 2 2 2 1 3459 3537 3538
6837 2 2 2 1 3459 3538 3460
6838 2 2 2 1 3460 3538 3539
6839 2 2 2 1 3460 3539 3461
6840 2 2 2 1 3461 3539 3540
6841 2 2 2 1 3461 3540 3462
6842 2 2 2 1 3462 3540 3541
6843 2 2 2 1 3462 3541 3463
6844 2 2 2 1 3463 3541 3542
6845 2 2 2 1 3463 3542 3464
6846 2 2 2 1 3464 3542 3543
6847 2 2 2 1 3464 3543 3465
6848 2 2 2 1 3465 3543 3544
6849 2 2 2 1 3465 3544 3466
6850 2 2 2 1 3466 3544 3545
6851 2 2 2 1 3466 3545 3467
6852 2 2 2 1 3467 3545 3546
6853 2 2 2 1 3467 3546 3468
6854 2 2 2 1 3468 3546 3547
6855 2 2 2 1 3468 3547 3469
6856 2 2 2 1 3469 3547 3548
6857 2 2 2 1 3469 3548 3470
6858 2 2 2 1 3470 3548 3549
6859 2 2 2 1 3470 3549 3471
6860 2 2 2 1 3471 3549 3550
6861 2 2 2 1 3471 3550 3472
6862 2 2 2 1 3472 3550 3551
6863 2 2 2 1 3472 3551 3473
6864 2 2 2 1 3473 3551 3552
6865 2 2 2 1 3473 3552 3474
6866 2 2 2 1 3474 3552 3553
6867 2 2 2 1 3474 3553 3475
6868 2 2 2 1 3475 3553 3554
6869 2 2 2 1 3475 3554 3476
6870 2 2 2 1 3476 3554 3555
6871 2 2 2 1 3476 3555 3477
6872 2 2 2 1 3477 3555 3556
6873 2 2 2 1 3477 3556 3478
6874 2 2 2 1 3478 3556 3557
6875 2 2 2 1 3478 3557 3479
6876 2 2 2 1 3479 3557 3558
6877 2 2 2 1 3479 3558 3480
6878 2 2 2 1 3480 3558 3559
6879 2 2 2 1 3480 3559 202
6880 2 2 2 1 202 3559 201
6881 2 2 2 1 45 46 3481
6882 2 2 2 1 3481 46 3560
6883 2 2 2 1 3481 3560 3482
6884 2 2 2 1 3482 3560 3561
6885 2 2 2 1 3482 3561 3483
6886 2 2 2 1 3483 3561 3562
6887 2 2 2 1 3483 3562 3484
6888 2 2 2 1 3484 3562 3563
6889 2 2 2 1 3484 3563 3485
6890 2 2 2 1 3485 3563 3564
6891 2 2 2 1 3485 3564 3486
6892 2 2 2 1 3486 3564 3565
6893 2 2 2 1 3486 3565 3487
6894 2 2 2 1 3487 3565 3566
6895 2 2 2 1 3487 3566 3488
6896 2 2 2 1 3488 3566 3567
6897 2 2 2 1 3488 3567 3489
6898 2 2 2 1 3489 3567 3568
6899 2 2 2 1 3489 3568 3490
6900 2 2 2 1 3490 3568 3569
6901 2 2 2 1 3490 3569 3491
6902 2 2 2 1 3491 3569 3570
6903 2 2 2 1 3491 3570 3492
6904 2 2 2 1 3492 3570 3571
6905 2 2 2 1 3492 3571 3493
6906 2 2 2 1 3493 3571 3572
6907 2 2 2 1 3493 3572 3494
6908 2 2 2 1 3494 3572 3573
6909 2 2 2 1 3494 3573 3495
6910 2 2 2 1 3495 3573 3574
6911 2 2 2 1 3495 3574 3496
6912 2 2 2 1 3496 3574 3575
6913 2 2 2 1 3496 3575 3497
6914 2 2 2 1 3497 3575 3576
6915 2 2 2 1 3497 3576 3498
6916 2 2 2 1 3498 3576 3577
6917 2 2 2 1 3498 3577 3499
6918 2 2 2 1 3499 3577 3578
6919 2 2 2 1 3499 3578 3500
6920 2 2 2 1 3500 3578 3579
6921 2 2 2 1 3500 3579 3501
6922 2 2 2 1 3501 3579 3580
6923 2 2 2 1 3501 3580 3502
6924 2 2 2 1 3502 3580 3581
6925 2 2 2 1 3502 3581 3503
6926 2 2 2 1 3503 3581 3582
6927 2 2 2 1 3503 3582 3504
6928 2 2 2 1 3504 3582 3583
6929 2 2 2 1 3504 3583 3505
6930 2 2 2 1 3505 3583 3584
6931 2 2 2 1 3505 3584 3506
6932 2 2 2 1 3506 3584 3585
6933 2 2 2 1 3506 3585 3507
6934 2 2 2 1 3507 3585 3586
6935 2 2 2 1 3507 3586 3508
6936 2 2 2 1 3508 3586 3587
6937 2 2 2 1 3508 3587 3509
6938 2 2 2 1 3509 3587 3588
6939 2 2 2 1 3509 3588 3510
6940 2 2 2 1 3510 3588 3589
6941 2 2 2 1 3510 3589 3511
6942 2 2 2 1 3511 3589 3590
6943 2 2 2 1 3511 3590 3512
6944 2 2 2 1 3512 3590 3591
6945 2 2 2 1 3512 3591 3513
6946 2 2 2 1 3513 3591 3592
6947 2 2 2 1 3513 3592 3514
6948 2 2 2 1 3514 3592 3593
6949 2 2 2 1 3514 3593 3515
6950 2 2 2 1 3515 3593 3594
6951 2 2 2 1 3515 3594 3516
6952 2 2 2 1 3516 3594 3595
6953 2 2 2 1 3516 3595 3517
6954 2 2 2 1 3517 3595 3596
6955 2 2 2 1 3517 3596 3518
6956 2 2 2 1 3518 3596 3597
6957 2 2 2 1 3518 3597 3519
6958 2 2 2 1 3519 3597 3598
6959 2 2 2 1 3519 3598 3520
6960 2 2 2 1 3520 3598 3599
6961 2 2 2 1 3520 3599 3521
6962 2 2 2 1 3521 3599 3600
6963 2 2 2 1 3521 3600 3522
6964 2 2 2 1 3522 3600 3601
6965 2 2 2 1 3522 3601 3523
6966 2 2 2 1 3523 3601 3602
6967 2 2 2 1 3523 3602 3524
6968 2 2 2 1 3524 3602 3603
6969 2 2 2 1 3524 3603 3525
6970 2 2 2 1 3525 3603 3604
6971 2 2 2 1 3525 3604 3526
6972 2 2 2 1 3526 3604 3605
6973 2 2 2 1 3526 3605 3527
6974 2 2 2 1 3527 3605 3606
6975 2 2 2 1 3527 3606 3528
6976 2 2 2 1 3528 3606 3607
6977 2 2 2 1 3528 3607 3529
6978 2 2 2 1 3529 3607 3608
6979 2 2 2 1 3529 3608 3530
6980 2 2 2 1 3530 3608 3609
6981 2 2 2 1 3530 3609 3531
6982 2 2 2 1 3531 3609 3610
6983 2 2 2 1 3531 3610 3532
6984 2 2 2 1 3532 3610 3611
6985 2 2 2 1 3532 3611 3533
6986 2 2 2 1 3533 3611 3612
6987 2 2 2 1 3533 3612 3534
6988 2 2 2 1 3534 3612 3613
6989 2 2 2 1 3534 3613 3535
6990 2 2 2 1 3535 3613 3614
6991 2 2 2 1 3535 3614 3536
6992 2 2 2 1 3536 3614 3615
6993 2 2 2 1 3536 3615 3537
6994 2 2 2 1 3537 3615 3616
6995 2 2 2 1 3537 3616 3538
6996 2 2 2 1 3538 3616 3617
6997 2 2 2 1 3538 3617 3539
6998 2 2 2 1 3539 3617 3618
6999 2 2 2 1 3539 3618 3540
7000 2 2 2 1 3540 3618 3619
7001 2 2 2 1 3540 3619 3541
7002 2 2 2 1 3541 3619 3620
7003 2 2 2 1 3541 3620 3542
7004 2 2 2 1 3542 3620 3621
7005 2 2 2 1 3542 3621 3543
7006 2 2 2 1 3543 3621 3622
7007 2 2 2 1 3543 3622 3544
7008 2 2 2 1 3544 3622 3623
7009 2 2 2 1 3544 3623 3545
7010 2 2 2 1 3545 3623 3624
7011 2 2 2 1 3545 3624 3546
7012 2 2 2 1 3546 3624 3625
7013 2 2 2 1 3546 3625 3547
7014 2 2 2 1 3547 3625 3626
7015 2 2 2 1 3547 3626 3548
7016 2 2 2 1 3548 3626 3627
7017 2 2 2 1 3548 3627 3549
7018 2 2 2 1 3549 3627 3628
7019 2 2 2 1 3549 3628 3550
7020 2 2 2 1 3550 3628 3629
7021 2 2 2 1 3550 3629 3551
7022 2 2 2 1 3551 3629 3630
7023 2 2 2 1 3551 3630 3552
7024 2 2 2 1 3552 3630 3631
7025 2 2 2 1 3552 3631 3553
7026 2 2 2 1 3553 3631 3632
7027 2 2 2 1 3553 3632 3554
7028 2 2 2 1 3554 3632 3633
7029 2 2 2 1 3554 3633 3555
7030 2 2 2 1 3555 3633 3634
7031 2 2 2 1 3555 3634 3556
7032 2 2 2 1 3556 3634 3635
7033 2 2 2 1 3556 3635 3557
7034 2 2 2 1 3557 3635 3636
7035 2 2 2 1 3557 3636 3558
7036 2 2 2 1 3558 3636 3637
7037 2 2 2 1 3558 3637 3559
7038 2 2 2 1 3559 3637 3638
7039 2 2 2 1 3559 3638 201
7040 2 2 2 1 201 3638 200
7041 2 2 2 1 46 47 3560
7042 2 2 2 1 3560 47 3639
7043 2 2 2 1 3560 3639 3561
7044 2 2 2 1 3561 3639 3640
7045 2 2 2 1 3561 3640 3562
7046 2 2 2 1 3562 3640 3641
7047 2 2 2 1 3562 3641 3563
7048 2 2 2 1 3563 3641 3642
7049 2 2 2 1 3563 3642 3564
7050 2 2 2 1 3564 3642 3643
7051 2 2 2 1 3564 3643 3565
7052 2 2 2 1 3565 3643 3644
7053 2 2 2 1 3565 3644 3566
7054 2 2 2 1 3566 3644 3645
7055 2 2 2 1 3566 3645 3567
7056 2 2 2 1 3567 3645 3646
7057 2 2 2 1 3567 3646 3568
7058 2 2 2 1 3568 3646 3647
7059 2 2 2 1 3568 3647 3569
7060 2 2 2 1 3569 3647 3648
7061 2 2 2 1 3569 3648 3570
7062 2 2 2 1 3570 3648 3649
7063 2 2 2 1 3570 3649 3571
7064 2 2 2 1 3571 3649 3650
7065 2 2 2 1 3571 3650 3572
7066 2 2 2 1 3572 3650 3651
7067 2 2 2 1 3572 3651 3573
7068 2 2 2 1 3573 3651 3652
7069 2 2 2 1 3573 3652 3574
7070 2 2 2 1 3574 3652 3653
7071 2 2 2 1 3574 3653 3575
7072 2 2 2 1 3575 3653 3654
7073 2 2 2 1 3575 3654 3576
7074 2 2 2 1 3576 3654 3655
7075 2 2 2 1 3576 3655 3577
7076 2 2 2 1 3577 3655 3656
7077 2 2 2 1 3577 3656 3578
7078 2 2 2 1 3578 3656 3657
7079 2 2 2 1 3578 3657 3579
7080 2 2 2 1 3579 3657 3658
7081 2 2 2 1 3579 3658 3580
7082 2 2 2 1 3580 3658 3659
7083 2 2 2 1 3580 3659 3581
7084 2 2 2 1 3581 3659 3660
7085 2 2 2 1 3581 3660 3582
7086 2 2 2 1 3582 3660 3661
7087 2 2 2 1 3582 3661 3583
7088 2 2 2 1 3583 3661 3662
7089 2 2 2 1 3583 3662 3584
7090 2 2 2 1 3584 3662 3663
7091 2 2 2 1 3584 3663 3585
7092 2 2 2 1 3585 3663 3664
7093 2 2 2 1 3585 3664 3586
7094 2 2 2 1 3586 3664 3665
7095 2 2 2 1 3586 3665 3587
7096 2 2 2 1 3587 3665 3666
7097 2 2 2 1 3587 3666 3588
7098 2 2 2 1 3588 3666 3667
7099 2 2 2 1 3588 3667 3589
7100 2 2 2 1 3589 3667 3668
7101 2 2 2 1 3589 3668 3590
7102 2 2 2 1 3590 3668 3669
7103 2 2 2 1 3590 3669 3591
7104 2 2 2 1 3591 3669 3670
7105 2 2 2 1 3591 3670 3592
7106 2 2 2 1 3592 3670 3671
7107 2 2 2 1 3592 3671 3593
7108 2 2 2 1 3593 3671 3672
7109 2 2 2 1 3593 3672 3594
7110 2 2 2 1 3594 3672 3673
7111 2 2 2 1 3594 3673 3595
7112 2 2 2 1 3595 3673 3674
7113 2 2 2 1 3595 3674 3596
7114 2 2 2 1 3596 3674 3675
7115 2 2 2 1 3596 3675 3597
7116 2 2 2 1 3597 3675 3676
7117 2 2 2 1 3597 3676 3598
7118 2 2 2 1 3598 3676 3677
7119 2 2 2 1 3598 3677 3599
7120 2 2 2 1 3599 3677 3678
7121 2 2 2 1 3599 3678 3600
7122 2 2 2 1 3600 3678 3679
7123 2 2 2 1 3600 3679 3601
7124 2 2 2 1 3601 3679 3680
7125 2 2 2 1 3601 3680 3602
7126 2 2 2 1 3602 3680 3681
7127 2 2 2 1 3602 3681 3603
7128 2 2 2 1 3603 3681 3682
7129 2 2 2 1 3603 3682 3604
7130 2 2 2 1 3604 3682 3683
7131 2 2 2 1 3604 3683 3605
7132 2 2 2 1 3605 3683 3684
7133 2 2 2 1 3605 3684 3606
7134 2 2 2 1 3606 3684 3685
7135 2 2 2 1 3606 3685 3607
7136 2 2 2 1 3607 3685 3686
7137 2 2 2 1 3607 3686 3608
7138 2 2 2 1 3608 3686 3687
7139 2 2 2 1 3608 3687 3609
7140 2 2 2 1 3609 3687 3688
7141 2 2 2 1 3609 3688 3610
7142 2 2 2 1 3610 3688 3689
7143 2 2 2 1 3610 3689 3611
7144 2 2 2 1 3611 3689 3690
7145 2 2 2 1 3611 3690 3612
7146 2 2 2 1 3612 3690 3691
7147 2 2 2 1 3612 3691 3613
7148 2 2 2 1 3613 3691 3692
7149 2 2 2 1 3613 3692 3614
7150 2 2 2 1 3614 3692 3693
7151 2 2 2 1 3614 3693 3615
7152 2 2 2 1 3615 3693 3694
7153 2 2 2 1 3615 3694 3616
7154 2 2 2 1 3616 3694 3695
7155 2 2 2 1 3616 3695 3617
7156 2 2 2 1 3617 3695 3696
7157 2 2 2 1 3617 3696 3618
7158 2 2 2 1 3618 3696 3697
7159 2 2 2 1 3618 3697 3619
7160 2 2 2 1 3619 3697 3698
7161 2 2 2 1 3619 3698 3620
7162 2 2 2 1 3620 3698 3699
7163 2 2 2 1 3620 3699 3621
7164 2 2 2 1 3621 3699 3700
7165 2 2 2 1 3621 3700 3622
7166 2 2 2 1 3622 3700 3701
7167 2 2 2 1 3622 3701 3623
7168 2 2 2 1 3623 3701 3702
7169 2 2 2 1 3623 3702 3624
7170 2 2 2 1 3624 3702 3703
7171 2 2 2 1 3624 3703 3625
7172 2 2 2 1 3625 3703 3704
7173 2 2 2 1 3625 3704 3626
7174 2 2 2 1 3626 3704 3705
7175 2 2 2 1 3626 3705 3627
7176 2 2 2 1 3627 3705 3706
7177 2 2 2 1 3627 3706 3628
7178 2 2 2 1 3628 3706 3707
7179 2 2 2 1 3628 3707 3629
7180 2 2 2 1 3629 3707 3708
7181 2 2 2 1 3629 3708 3630
7182 2 2 2 1 3630 3708 3709
7183 2 2 2 1 3630 3709 3631
7184 2 2 2 1 3631 3709 3710
7185 2 2 2 1 3631 3710 3632
7186 2 2 2 1 3632 3710 3711
7187 2 2 2 1 3632 3711 3633
7188 2 2 2 1 3633 3711 3712
7189 2 2 2 1 3633 3712 3634
7190 2 2 2 1 3634 3712 3713
7191 2 2 2 1 3634 3713 3635
7192 2 2 2 1 3635 3713 3714
7193 2 2 2 1 3635 3714 3636
7194 2 2 2 1 3636 3714 3715
7195 2 2 2 1 3636 3715 3637
7196 2 2 2 1 3637 3715 3716
7197 2 2 2 1 3637 3716 3638
7198 2 2 2 1 3638 3716 3717
7199 2 2 2 1 3638 3717 200
7200 2 2 2 1 200 3717 199
7201 2 2 2 1 47 48 3639
7202 2 2 2 1 3639 48 3718
7203 2 2 2 1 3639 3718 3640
7204 2 2 2 1 3640 3718 3719
7205 2 2 2 1 3640 3719 3641
7206 2 2 2 1 3641 3719 3720
7207 2 2 2 1 3641 3720 3642
7208 2 2 2 1 3642 3720 3721
7209 2 2 2 1 3642 3721 3643
7210 2 2 2 1 3643 3721 3722
7211 2 2 2 1 3643 3722 3644
7212 2 2 2 1 3644 3722 3723
7213 2 2 2 1 3644 3723 3645
7214 2 2 2 1 3645 3723 3724
7215 2 2 2 1 3645 3724 3646
7216 2 2 2 1 3646 3724 3725
7217 2 2 2 1 3646 3725 3647
7218 2 2 2 1 3647 3725 3726
7219 2 2 2 1 3647 3726 3648
7220 2 2 2 1 3648 3726 3727
7221 2 2 2 1 3648 3727 3649
7222 2 2 2 1 3649 3727 3728
7223 2 2 2 1 3649 3728 3650
7224 2 2 2 1 3650 3728 3729
7225 2 2 2 1 3650 3729 3651
7226 2 2 2 1 3651 3729 3730
7227 2 2 2 1 3651 3730 3652
7228 2 2 2 1 3652 3730 3731
7229 2 2 2 1 3652 3731 3653
7230 2 2 2 1 3653 3731 3732
7231 2 2 2 1 3653 3732 3654
7232 2 2 2 1 3654 3732 3733
7233 2 2 2 1 3654 3733 3655
7234 2 2 2 1 3655 3733 3734
7235 2 2 2 1 3655 3734 3656
7236 2 2 2 1 3656 3734 3735
7237 2 2 2 1 3656 3735 3657
7238 2 2 2 1 3657 3735 3736
7239 2 2 2 1 3657 3736 3658
7240 2 2 2 1 3658 3736 3737
7241 2 2 2 1 3658 3737 3659
7242 2 2 2 1 3659 3737 3738
7243 2 2 2 1 3659 3738 3660
7244 2 2 2 1 3660 3738 3739
7245 2 2 2 1 3660 3739 3661
7246 2 2 2 1 3661 3739 3740
7247 2 2 2 1 3661 3740 3662
7248 2 2 2 1 3662 3740 3741
7249 2 2 2 1 3662 3741 3663
7250 2 2 2 1 3663 3741 3742
7251 2 2 2 1 3663 3742 3664
7252 2 2 2 1 3664 3742 3743
7253 2 2 2 1 3664 3743 3665
7254 2 2 2 1 3665 3743 3744
7255 2 2 2 1 3665 3744 3666
7256 2 2 2 1 3666 3744 3745
7257 2 2 2 1 3666 3745 3667
7258 2 2 2 1 3667 3745 3746
7259 2 2 2 1 3667 3746 3668
7260 2 2 2 1 3668 3746 3747
7261 2 2 2 1 3668 3747 3669
7262 2 2 2 1 3669 3747 3748
7263 2 2 2 1 3669 3748 3670
7264 2 2 2 1 3670 3748 3749
7265 2 2 2 1 3670 3749 3671
7266 2 2 2 1 3671 3749 3750
7267 2 2 2 1 3671 3750 3672
7268 2 2 2 1 3672 3750 3751
7269 2 2 2 1 3672 3751 3673
7270 2 2 2 1 3673 3751 3752
7271 2 2 2 1 3673 3752 3674
7272 2 2 2 1 3674 3752 3753
7273 2 2 2 1 3674 3753 3675
7274 2 2 2 1 3675 3753 3754
7275 2 2 2 1 3675 3754 3676
7276 2 2 2 1 3676 3754 3755
7277 2 2 2 1 3676 3755 3677
7278 2 2 2 1 3677 3755 3756
7279 2 2 2 1 3677 3756 3678
7280 2 2 2 1 3678 3756 3757
7281 2 2 2 1 3678 3757 3679
7282 2 2 2 1 3679 3757 3758
7283 2 2 2 1 3679 3758 3680
7284 2 2 2 1 3680 3758 3759
7285 2 2 2 1 3680 3759 3681
7286 2 2 2 1 3681 3759 3760
7287 2 2 2 1 3681 3760 3682
7288 2 2 2 1 3682 3760 3761
7289 2 2 2 1 3682 3761 3683
7290 2 2 2 1 3683 3761 3762
7291 2 2 2 1 3683 3762 3684
7292 2 2 2 1 3684 3762 3763
7293 2 2 2 1 3684 3763 3685
7294 2 2 2 1 3685 3763 3764
7295 2 2 2 1 3685 3764 3686
7296 2 2 2 1 3686 3764 3765
7297 2 2 2 1 3686 3765 3687
7298 2 2 2 1 3687 3765 3766
7299 2 2 2 1 3687 3766 3688
7300 2 2 2 1 3688 3766 3767
7301 2 2 2 1 3688 3767 3689
7302 2 2 2 1 3689 3767 3768
7303 2 2 2 1 3689 3768 3690
7304 2 2 2 1 3690 3768 3769
7305 2 2 2 1 3690 3769 3691
7306 2 2 2 1 3691 3769 3770
7307 2 2 2 1 3691 3770 3692
7308 2 2 2 1 3692 3770 3771
7309 2 2 2 1 3692 3771 3693
7310 2 2 2 1 3693 3771 3772
7311 2 2 2 1 3693 3772 3694
7312 2 2 2 1 3694 3772 3773
7313 2 2 2 1 3694 3773 3695
7314 2 2 2 1 3695 3773 3774
7315 2 2 2 1 3695 3774 3696
7316 2 2 2 1 3696 3774 3775
7317 2 2 2 1 3696 3775 3697
7318 2 2 2 1 3697 3775 3776
7319 2 2 2 1 3697 3776 3698
7320 2 2 2 1 3698 3776 3777
7321 2 2 2 1 3698 3777 3699
7322 2 2 2 1 3699 3777 3778
7323 2 2 2 1 3699 3778 3700
7324 2 2 2 1 3700 3778 3779
7325 2 2 2 1 3700 3779 3701
7326 2 2 2 1 3701 3779 3780
7327 2 2 2 1 3701 3780 3702
7328 2 2 2 1 3702 3780 3781
7329 2 2 2 1 3702 3781 3703
7330 2 2 2 1 3703 3781 3782
7331 2 2 2 1 3703 3782 3704
7332 2 2 2 1 3704 3782 3783
7333 2 2 2 1 3704 3783 3705
7334 2 2 2 1 3705 3783 3784
7335 2 2 2 1 3705 3784 3706
7336 2 2 2 1 3706 3784 3785
7337 2 2 2 1 3706 3785 3707
7338 2 2 2 1 3707 3785 3786
7339 2 2 2 1 3707 3786 3708
7340 2 2 2 1 3708 3786 3787
7341 2 2 2 1 3708 3787 3709
7342 2 2 2 1 3709 3787 3788
7343 2 2 2 1 3709 3788 3710
7344 2 2 2 1 3710 3788 3789
7345 2 2 2 1 3710 3789 3711
7346 2 2 2 1 3711 3789 3790
7347 2 2 2 1 3711 3790 3712
7348 2 2 2 1 3712 3790 3791
7349 2 2 2 1 3712 3791 3713
7350 2 2 2 1 3713 3791 3792
7351 2 2 2 1 3713 3792 3714
7352 2 2 2 1 3714 3792 3793
7353 2 2 2 1 3714 3793 3715
7354 2 2 2 1 3715 3793 3794
7355 2 2 2 1 3715 3794 3716
7356 2 2 2 1 3716 3794 3795
7357 2 2 2 1 3716 3795 3717
7358 2 2 2 1 3717 3795 3796
7359 2 2 2 1 3717 3796 199
7360 2 2 2 1 199 3796 198
7361 2 2 2 1 48 49 3718
7362 2 2 2 1 3718 49 3797
7363 2 2 2 1 3718 3797 3719
7364 2 2 2 1 3719 3797 3798
7365 2 2 2 1 3719 3798 3720
7366 2 2 2 1 3720 3798 3799
7367 2 2 2 1 3720 3799 3721
7368 2 2 2 1 3721 3799 3800
7369 2 2 2 1 3721 3800 3722
7370 2 2 2 1 3722 3800 3801
7371 2 2 2 1 3722 3801 3723
7372 2 2 2 1 3723 3801 3802
7373 2 2 2 1 3723 3802 3724
7374 2 2 2 1 3724 3802 3803
7375 2 2 2 1 3724 3803 3725
7376 2 2 2 1 3725 3803 3804
7377 2 2 2 1 3725 3804 3726
7378 2 2 2 1 3726 3804 3805
7379 2 2 2 1 3726 3805 3727
7380 2 2 2 1 3727 3805 3806
7381 2 2 2 1 3727 3806 3728
7382 2 2 2 1 3728 3806 3807
7383 2 2 2 1 3728 3807 3729
7384 2 2 2 1 3729 3807 3808
7385 2 2 2 1 3729 3808 3730
7386 2 2 2 1 3730 3808 3809
7387 2 2 2 1 3730 3809 3731
7388 2 2 2 1 3731 3809 3810
7389 2 2 2 1 3731 3810 3732
7390 2 2 2 1 3732 3810 3811
7391 2 2 2 1 3732 3811 3733
7392 2 2 2 1 3733 3811 3812
7393 2 2 2 1 3733 3812 3734
7394 2 2 2 1 3734 3812 3813
7395 2 2 2 1 3734 3813 3735
7396 2 2 2 1 3735 3813 3814
7397 2 2 2 1 3735 3814 3736
7398 2 2 2 1 3736 3814 3815
7399 2 2 2 1 3736 3815 3737
7400 2 2 2 1 3737 3815 3816
7401 2 2 2 1 3737 3816 3738
7402 2 2 2 1 3738 3816 3817
7403 2 2 2 1 3738 3817 3739
7404 2 2 2 1 3739 3817 3818
7405 2 2 2 1 3739 3818 3740
7406 2 2 2 1 3740 3818 3819
7407 2 2 2 1 3740 3819 3741
7408 2 2 2 1 3741 3819 3820
7409 2 2 2 1 3741 3820 3742
7410 2 2 2 1 3742 3820 3821
7411 2 2 2 1 3742 3821 3743
7412 2 2 2 1 3743 3821 3822
7413 2 2 2 1 3743 3822 3744
7414 2 2 2 1 3744 3822 3823
7415 2 2 2 1 3744 3823 3745
7416 2 2 2 1 3745 3823 3824
7417 2 2 2 1 3745 3824 3746
7418 2 2 2 1 3746 3824 3825
7419 2 2 2 1 3746 3825 3747
7420 2 2 2 1 3747 3825 3826
7421 2 2 2 1 3747 3826 3748
7422 2 2 2 1 3748 3826 3827
7423 2 2 2 1 3748 3827 3749
7424 2 2 2 1 3749 3827 3828
7425 2 2 2 1 3749 3828 3750
7426 2 2 2 1 3750 3828 3829
7427 2 2 2 1 3750 3829 3751
7428 2 2 2 1 3751 3829 3830
7429 2 2 2 1 3751 3830 3752
7430 2 2 2 1 3752 3830 3831
7431 2 2 2 1 3752 3831 3753
7432 2 2 2 1 3753 3831 3832
7433 2 2 2 1 3753 3832 3754
7434 2 2 2 1 3754 3832 3833
7435 2 2 2 1 3754 3833 3755
7436 2 2 2 1 3755 3833 3834
7437 2 2 2 1 3755 3834 3756
7438 2 2 2 1 3756 3834 3835
7439 2 2 2 1 3756 3835 3757
7440 2 2 2 1 3757 3835 3836
7441 2 2 2 1 3757 3836 3758
7442 2 2 2 1 3758 3836 3837
7443 2 2 2 1 3758 3837 3759
7444 2 2 2 1 3759 3837 3838
7445 2 2 2 1 3759 3838 3760
7446 2 2 2 1 3760 3838 3839
7447 2 2 2 1 3760 3839 3761
7448 2 2 2 1 3761 3839 3840
7449 2 2 2 1 3761 3840 3762
7450 2 2 2 1 3762 3840 3841
7451 2 2 2 1 3762 3841 3763
7452 2 2 2 1 3763 3841 3842
7453 2 2 2 1 3763 3842 3764
7454 2 2 2 1 3764 3842 3843
7455 2 2 2 1 3764 3843 3765
7456 2 2 2 1 3765 3843 3844
7457 2 2 2 1 3765 3844 3766
7458 2 2 2 1 3766 3844 3845
7459 2 2 2 1 3766 3845 3767
7460 2 2 2 1 3767 3845 3846
7461 2 2 2 1 3767 3846 3768
7462 2 2 2 1 3768 3846 3847
7463 2 2 2 1 3768 3847 3769
7464 2 2 2 1 3769 3847 3848
7465 2 2 2 1 3769 3848 3770
7466 2 2 2 1 3770 3848 3849
7467 2 2 2 1 3770 3849 3771
7468 2 2 2 1 3771 3849 3850
7469 2 2 2 1 3771 3850 3772
7470 2 2 2 1 3772 3850 3851
7471 2 2 2 1 3772 3851 3773
7472 2 2 2 1 3773 3851 3852
7473 2 2 2 1 3773 3852 3774
7474 2 2 2 1 3774 3852 3853
7475 2 2 2 1 3774 3853 3775
7476 2 2 2 1 3775 3853 3854
7477 2 2 2 1 3775 3854 3776
7478 2 2 2 1 3776 3854 3855
7479 2 2 2 1 3776 3855 3777
7480 2 2 2 1 3777 3855 3856
7481 2 2 2 1 3777 3856 3778
7482 2 2 2 1 3778 3856 3857
7483 2 2 2 1 3778 3857 3779
7484 2 2 2 1 3779 3857 3858
7485 2 2 2 1 3779 3858 3780
7486 2 2 2 1 3780 3858 3859
7487 2 2 2 1 3780 3859 3781
7488 2 2 2 1 3781 3859 3860
7489 2 2 2 1 3781 3860 3782
7490 2 2 2 1 3782 3860 3861
7491 2 2 2 1 3782 3861 3783
7492 2 2 2 1 3783 3861 3862
7493 2 2 2 1 3783 3862 3784
7494 2 2 2 1 3784 3862 3863
7495 2 2 2 1 3784 3863 3785
7496 2 2 2 1 3785 3863 3864
7497 2 2 2 1 3785 3864 3786
7498 2 2 2 1 3786 3864 3865
7499 2 2 2 1 3786 3865 3787
7500 2 2 2 1 3787 3865 3866
7501 2 2 2 1 3787 3866 3788
7502 2 2 2 1 3788 3866 3867
7503 2 2 2 1 3788 3867 3789
7504 2 2 2 1 3789 3867 3868
7505 2 2 2 1 3789 3868 3790
7506 2 2 2 1 3790 3868 3869
7507 2 2 2 1 3790 3869 3791
7508 2 2 2 1 3791 3869 3870
7509 2 2 2 1 3791 3870 3792
7510 2 2 2 1 3792 3870 3871
7511 2 2 2 1 3792 3871 3793
7512 2 2 2 1 3793 3871 3872
7513 2 2 2 1 3793 3872 3794
7514 2 2 2 1 3794 3872 3873
7515 2 2 2 1 3794 3873 3795
7516 2 2 2 1 3795 3873 3874
7517 2 2 2 1 3795 3874 3796
7518 2 2 2 1 3796 3874 3875
7519 2 2 2 1 3796 3875 198
7520 2 2 2 1 198 3875 197
7521 2 2 2 1 49 50 3797
7522 2 2 2 1 3797 50 3876
7523 2 2 2 1 3797 3876 3798
7524 2 2 2 1 3798 3876 3877
7525 2 2 2 1 3798 3877 3799
7526 2 2 2 1 3799 3877 3878
7527 2 2 2 1 3799 3878 3800
7528 2 2 2 1 3800 3878 3879
7529 2 2 2 1 3800 3879 3801
7530 2 2 2 1 3801 3879 3880
7531 2 2 2 1 3801 3880 3802
7532 2 2 2 1 3802 3880 3881
7533 2 2 2 1 3802 3881 3803
7534 2 2 2 1 3803 3881 3882
7535 2 2 2 1 3803 3882 3804
7536 2 2 2 1 3804 3882 3883
7537 2 2 2 1 3804 3883 3805
7538 2 2 2 1 3805 3883 3884
7539 2 2 2 1 3805 3884 3806
7540 2 2 2 1 3806 3884 3885
7541 2 2 2 1 3806 3885 3807
7542 2 2 2 1 3807 3885 3886
7543 2 2 2 1 3807 3886 3808
7544 2 2 2 1 3808 3886 3887
7545 2 2 2 1 3808 3887 3809
7546 2 2 2 1 3809 3887 3888
7547 2 2 2 1 3809 3888 3810
7548 2 2 2 1 3810 3888 3889
7549 2 2 2 1 3810 3889 3811
7550 2 2 2 1 3811 3889 3890
7551 2 2 2 1 3811 3890 3812
7552 2 2 2 1 3812 3890 3891
7553 2 2 2 1 3812 3891 3813
7554 2 2 2 1 3813 3891 3892
7555 2 2 2 1 3813 3892 3814
7556 2 2 2 1 3814 3892 3893
7557 2 2 2 1 3814 3893 3815
7558 2 2 2 1 3815 3893 3894
7559 2 2 2 1 3815 3894 3816
7560 2 2 2 1 3816 3894 3895
7561 2 2 2 1 3816 3895 3817
7562 2 2 2 1 3817 3895 3896
7563 2 2 2 1 3817 3896 3818
7564 2 2 2 1 3818 3896 3897
7565 2 2 2 1 3818 3897 3819
7566 2 2 2 1 3819 3897 3898
7567 2 2 2 1 3819 3898 3820
7568 2 2 2 1 3820 3898 3899
7569 2 2 2 1 3820 3899 3821
7570 2 2 2 1 3821 3899 3900
7571 2 2 2 1 3821 3900 3822
7572 2 2 2 1 3822 3900 3901
7573 2 2 2 1 3822 3901 3823
7574 2 2 2 1 3823 3901 3902
7575 2 2 2 1 3823 3902 3824
7576 2 2 2 1 3824 3902 3903
7577 2 2 2 1 3824 3903 3825
7578 2 2 2 1 3825 3903 3904
7579 2 2 2 1 3825 3904 3826
7580 2 2 2 1 3826 3904 3905
7581 2 2 2 1 3826 3905 3827
7582 2 2 2 1 3827 3905 3906
7583 2 2 2 1 3827 3906 3828
7584 2 2 2 1 3828 3906 3907
7585 2 2 2 1 3828 3907 3829
7586 2 2 2 1 3829 3907 3908
7587 2 2 2 1 3829 3908 3830
7588 2 2 2 1 3830 3908 3909
7589 2 2 2 1 3830 3909 3831
7590 2 2 2 1 3831 3909 3910
7591 2 2 2 1 3831 3910 3832
7592 2 2 2 1 3832 3910 3911
7593 2 2 2 1 3832 3911 3833
7594 2 2 2 1 3833 3911 3912
7595 2 2 2 1 3833 3912 3834
7596 2 2 2 1 3834 3912 3913
7597 2 2 2 1 3834 3913 3835
7598 2 2 2 1 3835 3913 3914
7599 2 2 2 1 3835 3914 3836
7600 2 2 2 1 3836 3914 3915
7601 2 2 2 1 3836 3915 3837
7602 2 2 2 1 3837 3915 3916
7603 2 2 2 1 3837 3916 3838
7604 2 2 2 1 3838 3916 3917
7605 2 2 2 1 3838 3917 3839
7606 2 2 2 1 3839 3917 3918
7607 2 2 2 1 3839 3918 3840
7608 2 2 2 1 3840 3918 3919
7609 2 2 2 1 3840 3919 3841
7610 2 2 2 1 3841 3919 3920
7611 2 2 2 1 3841 3920 3842
7612 2 2 2 1 3842 3920 3921
7613 2 2 2 1 3842 3921 3843
7614 2 2 2 1 3843 3921 3922
7615 2 2 2 1 3843 3922 3844
7616 2 2 2 1 3844 3922 3923
7617 2 2 2 1 3844 3923 3845
7618 2 2 2 1 3845 3923 3924
7619 2 2 2 1 3845 3924 3846
7620 2 2 2 1 3846 3924 3925
7621 2 2 2 1 3846 3925 3847
7622 2 2 2 1 3847 3925 3926
7623 2 2 2 1 3847 3926 3848
7624 2 2 2 1 3848 3926 3927
7625 2 2 2 1 3848 3927 3849
7626 2 2 2 1 3849 3927 3928
7627 2 2 2 1 3849 3928 3850
7628 2 2 2 1 3850 3928 3929
7629 2 2 2 1 3850 3929 3851
7630 2 2 2 1 3851 3929 3930
7631 2 2 2 1 3851 3930 3852
7632 2 2 2 1 3852 3930 3931
7633 2 2 2 1 3852 3931 3853
7634 2 2 2 1 3853 3931 3932
7635 2 2 2 1 3853 3932 3854
7636 2 2 2 1 3854 3932 3933
7637 2 2 2 1 3854 3933 3855
7638 2 2 2 1 3855 3933 3934
7639 2 2 2 1 3855 3934 3856
7640 2 2 2 1 3856 3934 3935
7641 2 2 2 1 3856 3935 3857
7642 2 2 2 1 3857 3935 3936
7643 2 2 2 1 3857 3936 3858
7644 2 2 2 1 3858 3936 3937
7645 2 2 2 1 3858 3937 3859
7646 2 2 2 1 3859 3937 3938
7647 2 2 2 1 3859 3938 3860
7648 2 2 2 1 3860 3938 3939
7649 2 2 2 1 3860 3939 3861
7650 2 2 2 1 3861 3939 3940
7651 2 2 2 1 3861 3940 3862
7652 2 2 2 1 3862 3940 3941
7653 2 2 2 1 3862 3941 3863
7654 2 2 2 1 3863 3941 3942
7655 2 2 2 1 3863 3942 3864
7656 2 2 2 1 3864 3942 3943
7657 2 2 2 1 3864 3943 3865
7658 2 2 2 1 3865 3943 3944
7659 2 2 2 1 3865 3944 3866
7660 2 2 2 1 3866 3944 3945
7661 2 2 2 1 3866 3945 3867
7662 2 2 2 1 3867 3945 3946
7663 2 2 2 1 3867 3946 3868
7664 2 2 2 1 3868 3946 3947
7665 2 2 2 1 3868 3947 3869
7666 2 2 2 1 3869 3947 3948
7667 2 2 2 1 3869 3948 3870
7668 2 2 2 1 3870 3948 3949
7669 2 2 2 1 3870 3949 3871
7670 2 2 2 1 3871 3949 3950
7671 2 2 2 1 3871 3950 3872
7672 2 2 2 1 3872 3950 3951
7673 2 2 2 1 3872 3951 3873
7674 2 2 2 1 3873 3951 3952
7675 2 2 2 1 3873 3952 3874
7676 2 2 2 1 3874 3952 3953
7677 2 2 2 1 3874 3953 3875
7678 2 2 2 1 3875 3953 3954
7679 2 2 2 1 3875 3954 197
7680 2 2 2 1 197 3954 196
7681 2 2 2 1 50 51 3876
7682 2 2 2 1 3876 51 3955
7683 2 2 2 1 3876 3955 3877
7684 2 2 2 1 3877 3955 3956
7685 2 2 2 1 3877 3956 3878
7686 2 2 2 1 3878 3956 3957
7687 2 2 2 1 3878 3957 3879
7688 2 2 2 1 3879 3957 3958
7689 2 2 2 1 3879 3958 3880
7690 2 2 2 1 3880 3958 3959
7691 2 2 2 1 3880 3959 3881
7692 2 2 2 1 3881 3959 3960
7693 2 2 2 1 3881 3960 3882
7694 2 2 2 1 3882 3960 3961
7695 2 2 2 1 3882 3961 3883
7696 2 2 2 1 3883 3961 3962
7697 2 2 2 1 3883 3962 3884
7698 2 2 2 1 3884 3962 3963
7699 2 2 2 1 3884 3963 3885
7700 2 2 2 1 3885 3963 3964
7701 2 2 2 1 3885 3964 3886
7702 2 2 2 1 3886 3964 3965
7703 2 2 2 1 3886 3965 3887
7704 2 2 2 1 3887 3965 3966
7705 2 2 2 1 3887 3966 3888
7706 2 2 2 1 3888 3966 3967
7707 2 2 2 1 3888 3967 3889
7708 2 2 2 1 3889 3967 3968
7709 2 2 2 1 3889 3968 3890
7710 2 2 2 1 3890 3968 3969
7711 2 2 2 1 3890 3969 3891
7712 2 2 2 1 3891 3969 3970
7713 2 2 2 1 3891 3970 3892
7714 2 2 2 1 3892 3970 3971
7715 2 2 2 1 3892 3971 3893
7716 2 2 2 1 3893 3971 3972
7717 2 2 2 1 3893 3972 3894
7718 2 2 2 1 3894 3972 3973
7719 2 2 2 1 3894 3973 3895
7720 2 2 2 1 3895 3973 3974
7721 2 2 2 1 3895 3974 3896
7722 2 2 2 1 3896 3974 3975
7723 2 2 2 1 3896 3975 3897
7724 2 2 2 1 3897 3975 3976
7725 2 2 2 1 3897 3976 3898
7726 2 2 2 1 3898 3976 3977
7727 2 2 2 1 3898 3977 3899
7728 2 2 2 1 3899 3977 3978
7729 2 2 2 1 3899 3978 3900
7730 2 2 2 1 3900 3978 3979
7731 2 2 2 1 3900 3979 3901
7732 2 2 2 1 3901 3979 3980
7733 2 2 2 1 3901 3980 3902
7734 2 2 2 1 3902 3980 3981
7735 2 2 2 1 3902 3981 3903
7736 2 2 2 1 3903 3981 3982
7737 2 2 2 1 3903 3982 3904
7738 2 2 2 1 3904 3982 3983
7739 2 2 2 1 3904 3983 3905
7740 2 2 2 1 3905 3983 3984
7741 2 2 2 1 3905 3984 3906
7742 2 2 2 1 3906 3984 3985
7743 2 2 2 1 3906 3985 3907
7744 2 2 2 1 3907 3985 3986
7745 2 2 2 1 3907 3986 3908
7746 2 2 2 1 3908 3986 3987
7747 2 2 2 1 3908 3987 3909
7748 2 2 2 1 3909 3987 3988
7749 2 2 2 1 3909 3988 3910
7750 2 2 2 1 3910 3988 3989
7751 2 2 2 1 3910 3989 3911
7752 2 2 2 1 3911 3989 3990
7753 2 2 2 1 3911 3990 3912
7754 2 2 2 1 3912 3990 3991
7755 2 2 2 1 3912 3991 3913
7756 2 2 2 1 3913 3991 3992
7757 2 2 2 1 3913 3992 3914
7758 2 2 2 1 3914 3992 3993
7759 2 2 2 1 3914 3993 3915
7760 2 2 2 1 3915 3993 3994
7761 2 2 2 1 3915 3994 3916
7762 2 2 2 1 3916 3994 3995
7763 2 2 2 1 3916 3995 3917
7764 2 2 2 1 3917 3995 3996
7765 2 2 2 1 3917 3996 3918
7766 2 2 2 1 3918 3996 3997
7767 2 2 2 1 3918 3997 3919
7768 2 2 2 1 3919 3997 3998
7769 2 2 2 1 3919 3998 3920
7770 2 2 2 1 3920 3998 3999
7771 2 2 2 1 3920 3999 3921
7772 2 2 2 1 3921 3999 4000
7773 2 2 2 1 3921 4000 3922
7774 2 2 2 1 3922 4000 4001
7775 2 2 2 1 3922 4001 3923
7776 2 2 2 1 3923 4001 4002
7777 2 2 2 1 3923 4002 3924
7778 2 2 2 1 3924 4002 4003
7779 2 2 2 1 3924 4003 3925
7780 2 2 2 1 3925 4003 4004
7781 2 2 2 1 3925 4004 3926
7782 2 2 2 1 3926 4004 4005
7783 2 2 2 1 3926 4005 3927
7784 2 2 2 1 3927 4005 4006
7785 2 2 2 1 3927 4006 3928
7786 2 2 2 1 3928 4006 4007
7787 2 2 2 1 3928 4007 3929
7788 2 2 2 1 3929 4007 4008
7789 2 2 2 1 3929 4008 3930
7790 2 2 2 1 3930 4008 4009
7791 2 2 2 1 3930 4009 3931
7792 2 2 2 1 3931 4009 4010
7793 2 2 2 1 3931 4010 3932
7794 2 2 2 1 3932 4010 4011
7795 2 2 2 1 3932 4011 3933
7796 2 2 2 1 3933 4011 4012
7797 2 2 2 1 3933 4012 3934
7798 2 2 2 1 3934 4012 4013
7799 2 2 2 1 3934 4013 3935
7800 2 2 2 1 3935 4013 4014
7801 2 2 2 1 3935 4014 3936
7802 2 2 2 1 3936 4014 4015
7803 2 2 2 1 3936 4015 3937
7804 2 2 2 1 3937 4015 4016
7805 2 2 2 1 3937 4016 3938
7806 2 2 2 1 3938 4016 4017
7807 2 2 2 1 3938 4017 3939
7808 2 2 2 1 3939 4017 4018
7809 2 2 2 1 3939 4018 3940
7810 2 2 2 1 3940 4018 4019
7811 2 2 2 1 3940 4019 3941
7812 2 2 2 1 3941 4019 4020
7813 2 2 2 1 3941 4020 3942
7814 2 2 2 1 3942 4020 4021
7815 2 2 2 1 3942 4021 3943
7816 2 2 2 1 3943 4021 4022
7817 2 2 2 1 3943 4022 3944
7818 2 2 2 1 3944 4022 4023
7819 2 2 2 1 3944 4023 3945
7820 2 2 2 1 3945 4023 4024
7821 2 2 2 1 3945 4024 3946
7822 2 2 2 1 3946 4024 4025
7823 2 2 2 1 3946 4025 3947
7824 2 2 2 1 3947 4025 4026
7825 2 2 2 1 3947 4026 3948
7826 2 2 2 1 3948 4026 4027
7827 2 2 2 1 3948 4027 3949
7828 2 2 2 1 3949 4027 4028
7829 2 2 2 1 3949 4028 3950
7830 2 2 2 1 3950 4028 4029
7831 2 2 2 1 3950 4029 3951
7832 2 2 2 1 3951 4029 4030
7833 2 2 2 1 3951 4030 3952
7834 2 2 2 1 3952 4030 4031
7835 2 2 2 1 3952 4031 3953
7836 2 2 2 1 3953 4031 4032
7837 2 2 2 1 3953 4032 3954
7838 2 2 2 1 3954 4032 4033
7839 2 2 2 1 3954 4033 196
7840 2 2 2 1 196 4033 195
7841 2 2 2 1 51 52 3955
7842 2 2 2 1 3955 52 4034
7843 2 2 2 1 3955 4034 3956
7844 2 2 2 1 3956 4034 4035
7845 2 2 2 1 3956 4035 3957
7846 2 2 2 1 3957 4035 4036
7847 2 2 2 1 3957 4036 3958
7848 2 2 2 1 3958 4036 4037
7849 2 2 2 1 3958 4037 3959
7850 2 2 2 1 3959 4037 4038
7851 2 2 2 1 3959 4038 3960
7852 2 2 2 1 3960 4038 4039
7853 2 2 2 1 3960 4039 3961
7854 2 2 2 1 3961 4039 4040
7855 2 2 2 1 3961 4040 3962
7856 2 2 2 1 3962 4040 4041
7857 2 2 2 1 3962 4041 3963
7858 2 2 2 1 3963 4041 4042
7859 2 2 2 1 3963 4042 3964
7860 2 2 2 1 3964 4042 4043
7861 2 2 2 1 3964 4043 3965
7862 2 2 2 1 3965 4043 4044
7863 2 2 2 1 3965 4044 3966
7864 2 2 2 1 3966 4044 4045
7865 2 2 2 1 3966 4045 3967
7866 2 2 2 1 3967 4045 4046
7867 2 2 2 1 3967 4046 3968
7868 2 2 2 1 3968 4046 4047
7869 2 2 2 1 3968 4047 3969
7870 2 2 2 1 3969 4047 4048
7871 2 2 2 1 3969 4048 3970
7872 2 2 2 1 3970 4048 4049
7873 2 2 2 1 3970 4049 3971
7874 2 2 2 1 3971 4049 4050
7875 2 2 2 1 3971 4050 3972
7876 2 2 2 1 3972 4050 4051
7877 2 2 2 1 3972 4051 3973
7878 2 2 2 1 3973 4051 4052
7879 2 2 2 1 3973 4052 3974
7880 2 2 2 1 3974 4052 4053
7881 2 2 2 1 3974 4053 3975
7882 2 2 2 1 3975 4053 4054
7883 2 2 2 1 3975 4054 3976
7884 2 2 2 1 3976 4054 4055
7885 2 2 2 1 3976 4055 3977
7886 2 2 2 1 3977 4055 4056
7887 2 2 2 1 3977 4056 3978
7888 2 2 2 1 3978 4056 4057
7889 2 2 2 1 3978 4057 3979
7890 2 2 2 1 3979 4057 4058
7891 2 2 2 1 3979 4058 3980
7892 2 2 2 1 3980 4058 4059
7893 2 2 2 1 3980 4059 3981
7894 2 2 2 1 3981 4059 4060
7895 2 2 2 1 3981 4060 3982
7896 2 2 2 1 3982 4060 4061
7897 2 2 2 1 3982 4061 3983
7898 2 2 2 1 3983 4061 4062
7899 2 2 2 1 3983 4062 3984
7900 2 2 2 1 3984 4062 4063
7901 2 2 2 1 3984 4063 3985
7902 2 2 2 1 3985 4063 4064
7903 2 2 2 1 3985 4064 3986
7904 2 2 2 1 3986 4064 4065
7905 2 2 2 1 3986 4065 3987
7906 2 2 2 1 3987 4065 4066
7907 2 2 2 1 3987 4066 3988
7908 2 2 2 1 3988 4066 4067
7909 2 2 2 1 3988 4067 3989
7910 2 2 2 1 3989 4067 4068
7911 2 2 2 1 3989 4068 3990
7912 2 2 2 1 3990 4068 4069
7913 2 2 2 1 3990 4069 3991
7914 2 2 2 1 3991 4069 4070
7915 2 2 2 1 3991 4070 3992
7916 2 2 2 1 3992 4070 4071
7917 2 2 2 1 3992 4071 3993
7918 2 2 2 1 3993 4071 4072
7919 2 2 2 1 3993 4072 3994
7920 2 2 2 1 3994 4072 4073
7921 2 2 2 1 3994 4073 3995
7922 2 2 2 1 3995 4073 4074
7923 2 2 2 1 3995 4074 3996
7924 2 2 2 1 3996 4074 4075
7925 2 2 2 1 3996 4075 3997
7926 2 2 2 1 3997 4075 4076
7927 2 2 2 1 3997 4076 3998
7928 2 2 2 1 3998 4076 4077
7929 2 2 2 1 3998 4077 3999
7930 2 2 2 1 3999 4077 4078
7931 2 2 2 1 3999 4078 4000
7932 2 2 2 1 4000 4078 4079
7933 2 2 2 1 4000 4079 4001
7934 2 2 2 1 4001 4079 4080
7935 2 2 2 1 4001 4080 4002
7936 2 2 2 1 4002 4080 4081
7937 2 2 2 1 4002 4081 4003
7938 2 2 2 1 4003 4081 4082
7939 2 2 2 1 4003 4082 4004
7940 2 2 2 1 4004 4082 4083
7941 2 2 2 1 4004 4083 4005
7942 2 2 2 1 4005 4083 4084
7943 2 2 2 1 4005 4084 4006
7944 2 2 2 1 4006 4084 4085
7945 2 2 2 1 4006 4085 4007
7946 2 2 2 1 4007 4085 4086
7947 2 2 2 1 4007 4086 4008
7948 2 2 2 1 4008 4086 4087
7949 2 2 2 1 4008 4087 4009
7950 2 2 2 1 4009 4087 4088
7951 2 2 2 1 4009 4088 4010
7952 2 2 2 1 4010 4088 4089
7953 2 2 2 1 4010 4089 4011
7954 2 2 2 1 4011 4089 4090
7955 2 2 2 1 4011 4090 4012
7956 2 2 2 1 4012 4090 4091
7957 2 2 2 1 4012 4091 4013
7958 2 2 2 1 4013 4091 4092
7959 2 2 2 1 4013 4092 4014
7960 2 2 2 1 4014 4092 4093
7961 2 2 2 1 4014 4093 4015
7962 2 2 2 1 4015 4093 4094
7963 2 2 2 1 4015 4094 4016
7964 2 2 2 1 4016 4094 4095
7965 2 2 2 1 4016 4095 4017
7966 2 2 2 1 4017 4095 4096
7967 2 2 2 1 4017 4096 4018
7968 2 2 2 1 4018 4096 4097
7969 2 2 2 1 4018 4097 4019
7970 2 2 2 1 4019 4097 4098
7971 2 2 2 1 4019 4098 4020
7972 2 2 2 1 4020 4098 4099
7973 2 2 2 1 4020 4099 4021
7974 2 2 2 1 4021 4099 4100
7975 2 2 2 1 4021 4100 4022
7976 2 2 2 1 4022 4100 4101
7977 2 2 2 1 4022 4101 4023
7978 2 2 2 1 4023 4101 4102
7979 2 2 2 1 4023 4102 4024
7980 2 2 2 1 4024 4102 4103
7981 2 2 2 1 4024 4103 4025
7982 2 2 2 1 4025 4103 4104
7983 2 2 2 1 4025 4104 4026
7984 2 2 2 1 4026 4104 4105
7985 2 2 2 1 4026 4105 4027
7986 2 2 2 1 4027 4105 4106
7987 2 2 2 1 4027 4106 4028
7988 2 2 2 1 4028 4106 4107
7989 2 2 2 1 4028 4107 4029
7990 2 2 2 1 4029 4107 4108
7991 2 2 2 1 4029 4108 4030
7992 2 2 2 1 4030 4108 4109
7993 2 2 2 1 4030 4109 4031
7994 2 2 2 1 4031 4109 4110
7995 2 2 2 1 4031 4110 4032
7996 2 2 2 1 4032 4110 4111
7997 2 2 2 1 4032 4111 4033
7998 2 2 2 1 4033 4111 4112
7999 2 2 2 1 4033 4112 195
8000 2 2 2 1 195 4112 194
8001 2 2 2 1 52 53 4034
8002 2 2 2 1 4034 53 4113
8003 2 2 2 1 4034 4113 4035
8004 2 2 2 1 4035 4113 4114
8005 2 2 2 1 4035 4114 4036
8006 2 2 2 1 4036 4114 4115
8007 2 2 2 1 4036 4115 4037
8008 2 2 2 1 4037 4115 4116
8009 2 2 2 1 4037 4116 4038
8010 2 2 2 1 4038 4116 4117
8011 2 2 2 1 4038 4117 4039
8012 2 2 2 1 4039 4117 4118
8013 2 2 2 1 4039 4118 4040
8014 2 2 2 1 4040 4118 4119
8015 2 2 2 1 4040 4119 4041
8016 2 2 2 1 4041 4119 4120
8017 2 2 2 1 4041 4120 4042
8018 2 2 2 1 4042 4120 4121
8019 2 2 2 1 4042 4121 4043
8020 2 2 2 1 4043 4121 4122
8021 2 2 2 1 4043 4122 4044
8022 2 2 2 1 4044 4122 4123
8023 2 2 2 1 4044 4123 4045
8024 2 2 2 1 4045 4123 4124
8025 2 2 2 1 4045 4124 4046
8026 2 2 2 1 4046 4124 4125
8027 2 2 2 1 4046 4125 4047
8028 2 2 2 1 4047 4125 4126
8029 2 2 2 1 4047 4126 4048
8030 2 2 2 1 4048 4126 4127
8031 2 2 2 1 4048 4127 4049
8032 2 2 2 1 4049 4127 4128
8033 2 2 2 1 4049 4128 4050
8034 2 2 2 1 4050 4128 4129
8035 2 2 2 1 4050 4129 4051
8036 2 2 2 1 4051 4129 4130
8037 2 2 2 1 4051 4130 4052
8038 2 2 2 1 4052 4130 4131
8039 2 2 2 1 4052 4131 4053
8040 2 2 2 1 4053 4131 4132
8041 2 2 2 1 4053 4132 4054
8042 2 2 2 1 4054 4132 4133
8043 2 2 2 1 4054 4133 4055
8044 2 2 2 1 4055 4133 4134
8045 2 2 2 1 4055 4134 4056
8046 2 2 2 1 4056 4134 4135
8047 2 2 2 1 4056 4135 4057
8048 2 2 2 1 4057 4135 4136
8049 2 2 2 1 4057 4136 4058
8050 2 2 2 1 4058 4136 4137
8051 2 2 2 1 4058 4137 4059
8052 2 2 2 1 4059 4137 4138
8053 2 2 2 1 4059 4138 4060
8054 2 2 2 1 4060 4138 4139
8055 2 2 2 1 4060 4139 4061
8056 2 2 2 1 4061 4139 4140
8057 2 2 2 1 4061 4140 4062
8058 2 2 2 1 4062 4140 4141
8059 2 2 2 1 4062 4141 4063
8060 2 2 2 1 4063 4141 4142
8061 2 2 2 1 4063 4142 4064
8062 2 2 2 1 4064 4142 4143
8063 2 2 2 1 4064 4143 4065
8064 2 2 2 1 4065 4143 4144
8065 2 2 2 1 4065 4144 4066
8066 2 2 2 1 4066 4144 4145
8067 2 2 2 1 4066 4145 4067
8068 2 2 2 1 4067 4145 4146
8069 2 2 2 1 4067 4146 4068
8070 2 2 2 1 4068 4146 4147
8071 2 2 2 1 4068 4147 4069
8072 2 2 2 1 4069 4147 4148
8073 2 2 2 1 4069 4148 4070
8074 2 2 2 1 4070 4148 4149
8075 2 2 2 1 4070 4149 4071
8076 2 2 2 1 4071 4149 4150
8077 2 2 2 1 4071 4150 4072
8078 2 2 2 1 4072 4150 4151
8079 2 2 2 1 4072 4151 4073
8080 2 2 2 1 4073 4151 4152
8081 2 2 2 1 4073 4152 4074
8082 2 2 2 1 4074 4152 4153
8083 2 2 2 1 4074 4153 4075
8084 2 2 2 1 4075 4153 4154
8085 2 2 2 1 4075 4154 4076
8086 2 2 2 1 4076 4154 4155
8087 2 2 2 1 4076 4155 4077
8088 2 2 2 1 4077 4155 4156
8089 2 2 2 1 4077 4156 4078
8090 2 2 2 1 4078 4156 4157
8091 2 2 2 1 4078 4157 4079
8092 2 2 2 1 4079 4157 4158
8093 2 2 2 1 4079 4158 4080
8094 2 2 2 1 4080 4158 4159
8095 2 2 2 1 4080 4159 4081
8096 2 2 2 1 4081 4159 4160
8097 2 2 2 1 4081 4160 4082
8098 2 2 2 1 4082 4160 4161
8099 2 2 2 1 4082 4161 4083
8100 2 2 2 1 4083 4161 4162
8101 2 2 2 1 4083 4162 4084
8102 2 2 2 1 4084 4162 4163
8103 2 2 2 1 4084 4163 4085
8104 2 2 2 1 4085 4163 4164
8105 2 2 2 1 4085 4164 4086
8106 2 2 2 1 4086 4164 4165
8107 2 2 2 1 4086 4165 4087
8108 2 2 2 1 4087 4165 4166
8109 2 2 2 1 4087 4166 4088
8110 2 2 2 1 4088 4166 4167
8111 2 2 2 1 4088 4167 4089
8112 2 2 2 1 4089 4167 4168
8113 2 2 2 1 4089 4168 4090
8114 2 2 2 1 4090 4168 4169
8115 2 2 2 1 4090 4169 4091
8116 2 2 2 1 4091 4169 4170
8117 2 2 2 1 4091 4170 4092
8118 2 2 2 1 4092 4170 4171
8119 2 2 2 1 4092 4171 4093
8120 2 2 2 1 4093 4171 4172
8121 2 2 2 1 4093 4172 4094
8122 2 2 2 1 4094 4172 4173
8123 2 2 2 1 4094 4173 4095
8124 2 2 2 1 4095 4173 4174
8125 2 2 2 1 4095 4174 4096
8126 2 2 2 1 4096 4174 4175
8127 2 2 2 1 4096 4175 4097
8128 2 2 2 1 4097 4175 4176
8129 2 2 2 1 4097 4176 4098
8130 2 2 2 1 4098 4176 4177
8131 2 2 2 1 4098 4177 4099
8132 2 2 2 1 4099 4177 4178
8133 2 2 2 1 4099 4178 4100
8134 2 2 2 1 4100 4178 4179
8135 2 2 2 1 4100 4179 4101
8136 2 2 2 1 4101 4179 4180
8137 2 2 2 1 4101 4180 4102
8138 2 2 2 1 4102 4180 4181
8139 2 2 2 1 4102 4181 4103
8140 2 2 2 1 4103 4181 4182
8141 2 2 2 1 4103 4182 4104
8142 2 2 2 1 4104 4182 4183
8143 2 2 2 1 4104 4183 4105
8144 2 2 2 1 4105 4183 4184
8145 2 2 2 1 4105 4184 4106
8146 2 2 2 1 4106 4184 4185
8147 2 2 2 1 4106 4185 4107
8148 2 2 2 1 4107 4185 4186
8149 2 2 2 1 4107 4186 4108
8150 2 2 2 1 4108 4186 4187
8151 2 2 2 1 4108 4187 4109
8152 2 2 2 1 4109 4187 4188
8153 2 2 2 1 4109 4188 4110
8154 2 2 2 1 4110 4188 4189
8155 2 2 2 1 4110 4189 4111
8156 2 2 2 1 4111 4189 4190
8157 2 2 2 1 4111 4190 4112
8158 2 2 2 1 4112 4190 4191
8159 2 2 2 1 4112 4191 194
8160 2 2 2 1 194 4191 193
8161 2 2 2 1 53 54 4113
8162 2 2 2 1 4113 54 4192
8163 2 2 2 1 4113 4192 4114
8164 2 2 2 1 4114 4192 4193
8165 2 2 2 1 4114 4193 4115
8166 2 2 2 1 4115 4193 4194
8167 2 2 2 1 4115 4194 4116
8168 2 2 2 1 4116 4194 4195
8169 2 2 2 1 4116 4195 4117
8170 2 2 2 1 4117 4195 4196
8171 2 2 2 1 4117 4196 4118
8172 2 2 2 1 4118 4196 4197
8173 2 2 2 1 4118 4197 4119
8174 2 2 2 1 4119 4197 4198
8175 2 2 2 1 4119 4198 4120
8176 2 2 2 1 4120 4198 4199
8177 2 2 2 1 4120 4199 4121
8178 2 2 2 1 4121 4199 4200
8179 2 2 2 1 4121 4200 4122
8180 2 2 2 1 4122 4200 4201
8181 2 2 2 1 4122 4201 4123
8182 2 2 2 1 4123 4201 4202
8183 2 2 2 1 4123 4202 4124
8184 2 2 2 1 4124 4202 4203
8185 2 2 2 1 4124 4203 4125
8186 2 2 2 1 4125 4203 4204
8187 2 2 2 1 4125 4204 4126
8188 2 2 2 1 4126 4204 4205
8189 2 2 2 1 4126 4205 4127
8190 2 2 2 1 4127 4205 4206
8191 2 2 2 1 4127 4206 4128
8192 2 2 2 1 4128 4206 4207
8193 2 2 2 1 4128 4207 4129
8194 2 2 2 1 4129 4207 4208
8195 2 2 2 1 4129 4208 4130
8196 2 2 2 1 4130 4208 4209
8197 2 2 2 1 4130 4209 4131
8198 2 2 2 1 4131 4209 4210
8199 2 2 2 1 4131 4210 4132
8200 2 2 2 1 4132 4210 4211
8201 2 2 2 1 4132 4211 4133
8202 2 2 2 1 4133 4211 4212
8203 2 2 2 1 4133 4212 4134
8204 2 2 2 1 4134 4212 4213
8205 2 2 2 1 4134 4213 4135
8206 2 2 2 1 4135 4213 4214
8207 2 2 2 1 4135 4214 4136
8208 2 2 2 1 4136 4214 4215
8209 2 2 2 1 4136 4215 4137
8210 2 2 2 1 4137 4215 4216
8211 2 2 2 1 4137 4216 4138
8212 2 2 2 1 4138 4216 4217
8213 2 2 2 1 4138 4217 4139
8214 2 2 2 1 4139 4217 4218
8215 2 2 2 1 4139 4218 4140
8216 2 2 2 1 4140 4218 4219
8217 2 2 2 1 4140 4219 4141
8218 2 2 2 1 4141 4219 4220
8219 2 2 2 1 4141 4220 4142
8220 2 2 2 1 4142 4220 4221
8221 2 2 2 1 4142 4221 4143
8222 2 2 2 1 4143 4221 4222
8223 2 2 2 1 4143 4222 4144
8224 2 2 2 1 4144 4222 4223
8225 2 2 2 1 4144 4223 4145
8226 2 2 2 1 4145 4223 4224
8227 2 2 2 1 4145 4224 4146
8228 2 2 2 1 4146 4224 4225
8229 2 2 2 1 4146 4225 4147
8230 2 2 2 1 4147 4225 4226
8231 2 2 2 1 4147 4226 4148
8232 2 2 2 1 4148 4226 4227
8233 2 2 2 1 4148 4227 4149
8234 2 2 2 1 4149 4227 4228
8235 2 2 2 1 4149 4228 4150
8236 2 2 2 1 4150 4228 4229
8237 2 2 2 1 4150 4229 4151
8238 2 2 2 1 4151 4229 4230
8239 2 2 2 1 4151 4230 4152
8240 2 2 2 1 4152 4230 4231
8241 2 2 2 1 4152 4231 4153
8242 2 2 2 1 4153 4231 4232
8243 2 2 2 1 4153 4232 4154
8244 2 2 2 1 4154 4232 4233
8245 2 2 2 1 4154 4233 4155
8246 2 2 2 1 4155 4233 4234
8247 2 2 2 1 4155 4234 4156
8248 2 2 2 1 4156 4234 4235
8249 2 2 2 1 4156 4235 4157
8250 2 2 2 1 4157 4235 4236
8251 2 2 2 1 4157 4236 4158
8252 2 2 2 1 4158 4236 4237
8253 2 2 2 1 4158 4237 4159
8254 2 2 2 1 4159 4237 4238
8255 2 2 2 1 4159 4238 4160
8256 2 2 2 1 4160 4238 4239
8257 2 2 2 1 4160 4239 4161
8258 2 2 2 1 4161 4239 4240
8259 2 2 2 1 4161 4240 4162
8260 2 2 2 1 4162 4240 4241
8261 2 2 2 1 4162 4241 4163
8262 2 2 2 1 4163 4241 4242
8263 2 2 2 1 4163 4242 4164
8264 2 2 2 1 4164 4242 4243
8265 2 2 2 1 4164 4243 4165
8266 2 2 2 1 4165 4243 4244
8267 2 2 2 1 4165 4244 4166
8268 2 2 2 1 4166 4244 4245
8269 2 2 2 1 4166 4245 4167
8270 2 2 2 1 4167 4245 4246
8271 2 2 2 1 4167 4246 4168
8272 2 2 2 1 4168 4246 4247
8273 2 2 2 1 4168 4247 4169
8274 2 2 2 1 4169 4247 4248
8275 2 2 2 1 4169 4248 4170
8276 2 2 2 1 4170 4248 4249
8277 2 2 2 1 4170 4249 4171
8278 2 2 2 1 4171 4249 4250
8279 2 2 2 1 4171 4250 4172
8280 2 2 2 1 4172 4250 4251
8281 2 2 2 1 4172 4251 4173
8282 2 2 2 1 4173 4251 4252
8283 2 2 2 1 4173 4252 4174
8284 2 2 2 1 4174 4252 4253
8285 2 2 2 1 4174 4253 4175
8286 2 2 2 1 4175 4253 4254
8287 2 2 2 1 4175 4254 4176
8288 2 2 2 1 4176 4254 4255
8289 2 2 2 1 4176 4255 4177
8290 2 2 2 1 4177 4255 4256
8291 2 2 2 1 4177 4256 4178
8292 2 2 2 1 4178 4256 4257
8293 2 2 2 1 4178 4257 4179
8294 2 2 2 1 4179 4257 4258
8295 2 2 2 1 4179 4258 4180
8296 2 2 2 1 4180 4258 4259
8297 2 2 2 1 4180 4259 4181
8298 2 2 2 1 4181 4259 4260
8299 2 2 2 1 4181 4260 4182
8300 2 2 2 1 4182 4260 4261
8301 2 2 2 1 4182 4261 4183
8302 2 2 2 1 4183 4261 4262
8303 2 2 2 1 4183 4262 4184
8304 2 2 2 1 4184 4262 4263
8305 2 2 2 1 4184 4263 4185
8306 2 2 2 1 4185 4263 4264
8307 2 2 2 1 4185 4264 4186
8308 2 2 2 1 4186 4264 4265
8309 2 2 2 1 4186 4265 4187
8310 2 2 2 1 4187 4265 4266
8311 2 2 2 1 4187 4266 4188
8312 2 2 2 1 4188 4266 4267
8313 2 2 2 1 4188 4267 4189
8314 2 2 2 1 4189 4267 4268
8315 2 2 2 1 4189 4268 4190
8316 2 2 2 1 4190 4268 4269
8317 2 2 2 1 4190 4269 4191
8318 2 2 2 1 4191 4269 4270
8319 2 2 2 1 4191 4270 193
8320 2 2 2 1 193 4270 192
8321 2 2 2 1 54 55 4192
8322 2 2 2 1 4192 55 4271
8323 2 2 2 1 4192 4271 4193
8324 2 2 2 1 4193 4271 4272
8325 2 2 2 1 4193 4272 4194
8326 2 2 2 1 4194 4272 4273
8327 2 2 2 1 4194 4273 4195
8328 2 2 2 1 4195 4273 4274
8329 2 2 2 1 4195 4274 4196
8330 2 2 2 1 4196 4274 4275
8331 2 2 2 1 4196 4275 4197
8332 2 2 2 1 4197 4275 4276
8333 2 2 2 1 4197 4276 4198
8334 2 2 2 1 4198 4276 4277
8335 2 2 2 1 4198 4277 4199
8336 2 2 2 1 4199 4277 4278
8337 2 2 2 1 4199 4278 4200
8338 2 2 2 1 4200 4278 4279
8339 2 2 2 1 4200 4279 4201
8340 2 2 2 1 4201 4279 4280
8341 2 2 2 1 4201 4280 4202
8342 2 2 2 1 4202 4280 4281
8343 2 2 2 1 4202 4281 4203
8344 2 2 2 1 4203 4281 4282
8345 2 2 2 1 4203 4282 4204
8346 2 2 2 1 4204 4282 4283
8347 2 2 2 1 4204 4283 4205
8348 2 2 2 1 4205 4283 4284
8349 2 2 2 1 4205 4284 4206
8350 2 2 2 1 4206 4284 4285
8351 2 2 2 1 4206 4285 4207
8352 2 2 2 1 4207 4285 4286
8353 2 2 2 1 4207 4286 4208
8354 2 2 2 1 4208 4286 4287
8355 2 2 2 1 4208 4287 4209
8356 2 2 2 1 4209 4287 4288
8357 2 2 2 1 4209 4288 4210
8358 2 2 2 1 4210 4288 4289
8359 2 2 2 1 4210 4289 4211
8360 2 2 2 1 4211 4289 4290
8361 2 2 2 1 4211 4290 4212
8362 2 2 2 1 4212 4290 4291
8363 2 2 2 1 4212 4291 4213
8364 2 2 2 1 4213 4291 4292
8365 2 2 2 1 4213 4292 4214
8366 2 2 2 1 4214 4292 4293
8367 2 2 2 1 4214 4293 4215
8368 2 2 2 1 4215 4293 4294
8369 2 2 2 1 4215 4294 4216
8370 2 2 2 1 4216 4294 4295
8371 2 2 2 1 4216 4295 4217
8372 2 2 2 1 4217 4295 4296
8373 2 2 2 1 4217 4296 4218
8374 2 2 2 1 4218 4296 4297
8375 2 2 2 1 4218 4297 4219
8376 2 2 2 1 4219 4297 4298
8377 2 2 2 1 4219 4298 4220
8378 2 2 2 1 4220 4298 4299
8379 2 2 2 1 4220 4299 4221
8380 2 2 2 1 4221 4299 4300
8381 2 2 2 1 4221 4300 4222
8382 2 2 2 1 4222 4300 4301
8383 2 2 2 1 4222 4301 4223
8384 2 2 2 1 4223 4301 4302
8385 2 2 2 1 4223 4302 4224
8386 2 2 2 1 4224 4302 4303
8387 2 2 2 1 4224 4303 4225
8388 2 2 2 1 4225 4303 4304
8389 2 2 2 1 4225 4304 4226
8390 2 2 2 1 4226 4304 4305
8391 2 2 2 1 4226 4305 4227
8392 2 2 2 1 4227 4305 4306
8393 2 2 2 1 4227 4306 4228
8394 2 2 2 1 4228 4306 4307
8395 2 2 2 1 4228 4307 4229
8396 2 2 2 1 4229 4307 4308
8397 2 2 2 1 4229 4308 4230
8398 2 2 2 1 4230 4308 4309
8399 2 2 2 1 4230 4309 4231
8400 2 2 2 1 4231 4309 4310
8401 2 2 2 1 4231 4310 4232
8402 2 2 2 1 4232 4310 4311
8403 2 2 2 1 4232 4311 4233
8404 2 2 2 1 4233 4311 4312
8405 2 2 2 1 4233 4312 4234
8406 2 2 2 1 4234 4312 4313
8407 2 2 2 1 4234 4313 4235
8408 2 2 2 1 4235 4313 4314
8409 2 2 2 1 4235 4314 4236
8410 2 2 2 1 4236 4314 4315
8411 2 2 2 1 4236 4315 4237
8412 2 2 2 1 4237 4315 4316
8413 2 2 2 1 4237 4316 4238
8414 2 2 2 1 4238 4316 4317
8415 2 2 2 1 4238 4317 4239
8416 2 2 2 1 4239 4317 4318
8417 2 2 2 1 4239 4318 4240
8418 2 2 2 1 4240 4318 4319
8419 2 2 2 1 4240 4319 4241
8420 2 2 2 1 4241 4319 4320
8421 2 2 2 1 4241 4320 4242
8422 2 2 2 1 4242 4320 4321
8423 2 2 2 1 4242 4321 4243
8424 2 2 2 1 4243 4321 4322
8425 2 2 2 1 4243 4322 4244
8426 2 2 2 1 4244 4322 4323
8427 2 2 2 1 4244 4323 4245
8428 2 2 2 1 4245 4323 4324
8429 2 2 2 1 4245 4324 4246
8430 2 2 2 1 4246 4324 4325
8431 2 2 2 1 4246 4325 4247
8432 2 2 2 1 4247 4325 4326
8433 2 2 2 1 4247 4326 4248
8434 2 2 2 1 4248 4326 4327
8435 2 2 2 1 4248 4327 4249
8436 2 2 2 1 4249 4327 4328
8437 2 2 2 1 4249 4328 4250
8438 2 2 2 1 4250 4328 4329
8439 2 2 2 1 4250 4329 4251
8440 2 2 2 1 4251 4329 4330
8441 2 2 2 1 4251 4330 4252
8442 2 2 2 1 4252 4330 4331
8443 2 2 2 1 4252 4331 4253
8444 2 2 2 1 4253 4331 4332
8445 2 2 2 1 4253 4332 4254
8446 2 2 2 1 4254 4332 4333
8447 2 2 2 1 4254 4333 4255
8448 2 2 2 1 4255 4333 4334
8449 2 2 2 1 4255 4334 4256
8450 2 2 2 1 4256 4334 4335
8451 2 2 2 1 4256 4335 4257
8452 2 2 2 1 4257 4335 4336
8453 2 2 2 1 4257 4336 4258
8454 2 2 2 1 4258 4336 4337
8455 2 2 2 1 4258 4337 4259
8456 2 2 2 1 4259 4337 4338
8457 2 2 2 1 4259 4338 4260
8458 2 2 2 1 4260 4338 4339
8459 2 2 2 1 4260 4339 4261
8460 2 2 2 1 4261 4339 4340
8461 2 2 2 1 4261 4340 4262
8462 2 2 2 1 4262 4340 4341
8463 2 2 2 1 4262 4341 4263
8464 2 2 2 1 4263 4341 4342
8465 2 2 2 1 4263 4342 4264
8466 2 2 2 1 4264 4342 4343
8467 2 2 2 1 4264 4343 4265
8468 2 2 2 1 4265 4343 4344
8469 2 2 2 1 4265 4344 4266
8470 2 2 2 1 4266 4344 4345
8471 2 2 2 1 4266 4345 4267
8472 2 2 2 1 4267 4345 4346
8473 2 2 2 1 4267 4346 4268
8474 2 2 2 1 4268 4346 4347
8475 2 2 2 1 4268 4347 4269
8476 2 2 2 1 4269 4347 4348
8477 2 2 2 1 4269 4348 4270
8478 2 2 2 1 4270 4348 4349
8479 2 2 2 1 4270 4349 192
8480 2 2 2 1 192 4349 191
8481 2 2 2 1 55 56 4271
8482 2 2 2 1 4271 56 4350
8483 2 2 2 1 4271 4350 4272
8484 2 2 2 1 4272 4350 4351
8485 2 2 2 1 4272 4351 4273
8486 2 2 2 1 4273 4351 4352
8487 2 2 2 1 4273 4352 4274
8488 2 2 2 1 4274 4352 4353
8489 2 2 2 1 4274 4353 4275
8490 2 2 2 1 4275 4353 4354
8491 2 2 2 1 4275 4354 4276
8492 2 2 2 1 4276 4354 4355
8493 2 2 2 1 4276 4355 4277
8494 2 2 2 1 4277 4355 4356
8495 2 2 2 1 4277 4356 4278
8496 2 2 2 1 4278 4356 4357
8497 2 2 2 1 4278 4357 4279
8498 2 2 2 1 4279 4357 4358
8499 2 2 2 1 4279 4358 4280
8500 2 2 2 1 4280 4358 4359
8501 2 2 2 1 4280 4359 4281
8502 2 2 2 1 4281 4359 4360
8503 2 2 2 1 4281 4360 4282
8504 2 2 2 1 4282 4360 4361
8505 2 2 2 1 4282 4361 4283
8506 2 2 2 1 4283 4361 4362
8507 2 2 2 1 4283 4362 4284
8508 2 2 2 1 4284 4362 4363
8509 2 2 2 1 4284 4363 4285
8510 2 2 2 1 4285 4363 4364
8511 2 2 2 1 4285 4364 4286
8512 2 2 2 1 4286 4364 4365
8513 2 2 2 1 4286 4365 4287
8514 2 2 2 1 4287 4365 4366
8515 2 2 2 1 4287 4366 4288
8516 2 2 2 1 4288 4366 4367
8517 2 2 2 1 4288 4367 4289
8518 2 2 2 1 4289 4367 4368
8519 2 2 2 1 4289 4368 4290
8520 2 2 2 1 4290 4368 4369
8521 2 2 2 1 4290 4369 4291
8522 2 2 2 1 4291 4369 4370
8523 2 2 2 1 4291 4370 4292
8524 2 2 2 1 4292 4370 4371
8525 2 2 2 1 4292 4371 4293
8526 2 2 2 1 4293 4371 4372
8527 2 2 2 1 4293 4372 4294
8528 2 2 2 1 4294 4372 4373
8529 2 2 2 1 4294 4373 4295
8530 2 2 2 1 4295 4373 4374
8531 2 2 2 1 4295 4374 4296
8532 2 2 2 1 4296 4374 4375
8533 2 2 2 1 4296 4375 4297
8534 2 2 2 1 4297 4375 4376
8535 2 2 2 1 4297 4376 4298
8536 2 2 2 1 4298 4376 4377
8537 2 2 2 1 4298 4377 4299
8538 2 2 2 1 4299 4377 4378
8539 2 2 2 1 4299 4378 4300
8540 2 2 2 1 4300 4378 4379
8541 2 2 2 1 4300 4379 4301
8542 2 2 2 1 4301 4379 4380
8543 2 2 2 1 4301 4380 4302
8544 2 2 2 1 4302 4380 4381
8545 2 2 2 1 4302 4381 4303
8546 2 2 2 1 4303 4381 4382
8547 2 2 2 1 4303 4382 4304
8548 2 2 2 1 4304 4382 4383
8549 2 2 2 1 4304 4383 4305
8550 2 2 2 1 4305 4383 4384
8551 2 2 2 1 4305 4384 4306
8552 2 2 2 1 4306 4384 4385
8553 2 2 2 1 4306 4385 4307
8554 2 2 2 1 4307 4385 4386
8555 2 2 2 1 4307 4386 4308
8556 2 2 2 1 4308 4386 4387
8557 2 2 2 1 4308 4387 4309
8558 2 2 2 1 4309 4387 4388
8559 2 2 2 1 4309 4388 4310
8560 2 2 2 1 4310 4388 4389
8561 2 2 2 1 4310 4389 4311
8562 2 2 2 1 4311 4389 4390
8563 2 2 2 1 4311 4390 4312
8564 2 2 2 1 4312 4390 4391
8565 2 2 2 1 4312 4391 4313
8566 2 2 2 1 4313 4391 4392
8567 2 2 2 1 4313 4392 4314
8568 2 2 2 1 4314 4392 4393
8569 2 2 2 1 4314 4393 4315
8570 2 2 2 1 4315 4393 4394
8571 2 2 2 1 4315 4394 4316
8572 2 2 2 1 4316 4394 4395
8573 2 2 2 1 4316 4395 4317
8574 2 2 2 1 4317 4395 4396
8575 2 2 2 1 4317 4396 4318
8576 2 2 2 1 4318 4396 4397
8577 2 2 2 1 4318 4397 4319
8578 2 2 2 1 4319 4397 4398
8579 2 2 2 1 4319 4398 4320
8580 2 2 2 1 4320 4398 4399
8581 2 2 2 1 4320 4399 4321
8582 2 2 2 1 4321 4399 4400
8583 2 2 2 1 4321 4400 4322
8584 2 2 2 1 4322 4400 4401
8585 2 2 2 1 4322 4401 4323
8586 2 2 2 1 4323 4401 4402
8587 2 2 2 1 4323 4402 4324
8588 2 2 2 1 4324 4402 4403
8589 2 2 2 1 4324 4403 4325
8590 2 2 2 1 4325 4403 4404
8591 2 2 2 1 4325 4404 4326
8592 2 2 2 1 4326 4404 4405
8593 2 2 2 1 4326 4405 4327
8594 2 2 2 1 4327 4405 4406
8595 2 2 2 1 4327 4406 4328
8596 2 2 2 1 4328 4406 4407
8597 2 2 2 1 4328 4407 4329
8598 2 2 2 1 4329 4407 4408
8599 2 2 2 1 4329 4408 4330
8600 2 2 2 1 4330 4408 4409
8601 2 2 2 1 4330 4409 4331
8602 2 2 2 1 4331 4409 4410
8603 2 2 2 1 4331 4410 4332
8604 2 2 2 1 4332 4410 4411
8605 2 2 2 1 4332 4411 4333
8606 2 2 2 1 4333 4411 4412
8607 2 2 2 1 4333 4412 4334
8608 2 2 2 1 4334 4412 4413
8609 2 2 2 1 4334 4413 4335
8610 2 2 2 1 4335 4413 4414
8611 2 2 2 1 4335 4414 4336
8612 2 2 2 1 4336 4414 4415
8613 2 2 2 1 4336 4415 4337
8614 2 2 2 1 4337 4415 4416
8615 2 2 2 1 4337 4416 4338
8616 2 2 2 1 4338 4416 4417
8617 2 2 2 1 4338 4417 4339
8618 2 2 2 1 4339 4417 4418
8619 2 2 2 1 4339 4418 4340
8620 2 2 2 1 4340 4418 4419
8621 2 2 2 1 4340 4419 4341
8622 2 2 2 1 4341 4419 4420
8623 2 2 2 1 4341 4420 4342
8624 2 2 2 1 4342 4420 4421
8625 2 2 2 1 4342 4421 4343
8626 2 2 2 1 4343 4421 4422
8627 2 2 2 1 4343 4422 4344
8628 2 2 2 1 4344 4422 4423
8629 2 2 2 1 4344 4423 4345
8630 2 2 2 1 4345 4423 4424
8631 2 2 2 1 4345 4424 4346
8632 2 2 2 1 4346 4424 4425
8633 2 2 2 1 4346 4425 4347
8634 2 2 2 1 4347 4425 4426
8635 2 2 2 1 4347 4426 4348
8636 2 2 2 1 4348 4426 4427
8637 2 2 2 1 4348 4427 4349
8638 2 2 2 1 4349 4427 4428
8639 2 2 2 1 4349 4428 191
8640 2 2 2 1 191 4428 190
8641 2 2 2 1 56 57 4350
8642 2 2 2 1 4350 57 4429
8643 2 2 2 1 4350 4429 4351
8644 2 2 2 1 4351 4429 4430
8645 2 2 2 1 4351 4430 4352
8646 2 2 2 1 4352 4430 4431
8647 2 2 2 1 4352 4431 4353
8648 2 2 2 1 4353 4431 4432
8649 2 2 2 1 4353 4432 4354
8650 2 2 2 1 4354 4432 4433
8651 2 2 2 1 4354 4433 4355
8652 2 2 2 1 4355 4433 4434
8653 2 2 2 1 4355 4434 4356
8654 2 2 2 1 4356 4434 4435
8655 2 2 2 1 4356 4435 4357
8656 2 2 2 1 4357 4435 4436
8657 2 2 2 1 4357 4436 4358
8658 2 2 2 1 4358 4436 4437
8659 2 2 2 1 4358 4437 4359
8660 2 2 2 1 4359 4437 4438
8661 2 2 2 1 4359 4438 4360
8662 2 2 2 1 4360 4438 4439
8663 2 2 2 1 4360 4439 4361
8664 2 2 2 1 4361 4439 4440
8665 2 2 2 1 4361 4440 4362
8666 2 2 2 1 4362 4440 4441
8667 2 2 2 1 4362 4441 4363
8668 2 2 2 1 4363 4441 4442
8669 2 2 2 1 4363 4442 4364
8670 2 2 2 1 4364 4442 4443
8671 2 2 2 1 4364 4443 4365
8672 2 2 2 1 4365 4443 4444
8673 2 2 2 1 4365 4444 4366
8674 2 2 2 1 4366 4444 4445
8675 2 2 2 1 4366 4445 4367
8676 2 2 2 1 4367 4445 4446
8677 2 2 2 1 4367 4446 4368
8678 2 2 2 1 4368 4446 4447
8679 2 2 2 1 4368 4447 4369
8680 2 2 2 1 4369 4447 4448
8681 2 2 2 1 4369 4448 4370
8682 2 2 2 1 4370 4448 4449
8683 2 2 2 1 4370 4449 4371
8684 2 2 2 1 4371 4449 4450
8685 2 2 2 1 4371 4450 4372
8686 2 2 2 1 4372 4450 4451
8687 2 2 2 1 4372 4451 4373
8688 2 2 2 1 4373 4451 4452
8689 2 2 2 1 4373 4452 4374
8690 2 2 2 1 4374 4452 4453
8691 2 2 2 1 4374 4453 4375
8692 2 2 2 1 4375 4453 4454
8693 2 2 2 1 4375 4454 4376
8694 2 2 2 1 4376 4454 4455
8695 2 2 2 1 4376 4455 4377
8696 2 2 2 1 4377 4455 4456
8697 2 2 2 1 4377 4456 4378
8698 2 2 2 1 4378 4456 4457
8699 2 2 2 1 4378 4457 4379
8700 2 2 2 1 4379 4457 4458
8701 2 2 2 1 4379 4458 4380
8702 2 2 2 1 4380 4458 4459
8703 2 2 2 1 4380 4459 4381
8704 2 2 2 1 4381 4459 4460
8705 2 2 2 1 4381 4460 4382
8706 2 2 2 1 4382 4460 4461
8707 2 2 2 1 4382 4461 4383
8708 2 2 2 1 4383 4461 4462
8709 2 2 2 1 4383 4462 4384
8710 2 2 2 1 4384 4462 4463
8711 2 2 2 1 4384 4463 4385
8712 2 2 2 1 4385 4463 4464
8713 2 2 2 1 4385 4464 4386
8714 2 2 2 1 4386 4464 4465
8715 2 2 2 1 4386 4465 4387
8716 2 2 2 1 4387 4465 4466
8717 2 2 2 1 4387 4466 4388
8718 2 2 2 1 4388 4466 4467
8719 2 2 2 1 4388 4467 4389
8720 2 2 2 1 4389 4467 4468
8721 2 2 2 1 4389 4468 4390
8722 2 2 2 1 4390 4468 4469
8723 2 2 2 1 4390 4469 4391
8724 2 2 2 1 4391 4469 4470
8725 2 2 2 1 4391 4470 4392
8726 2 2 2 1 4392 4470 4471
8727 2 2 2 1 4392 4471 4393
8728 2 2 2 1 4393 4471 4472
8729 2 2 2 1 4393 4472 4394
8730 2 2 2 1 4394 4472 4473
8731 2 2 2 1 4394 4473 4395
8732 2 2 2 1 4395 4473 4474
8733 2 2 2 1 4395 4474 4396
8734 2 2 2 1 4396 4474 4475
8735 2 2 2 1 4396 4475 4397
8736 2 2 2 1 4397 4475 4476
8737 2 2 2 1 4397 4476 4398
8738 2 2 2 1 4398 4476 4477
8739 2 2 2 1 4398 4477 4399
8740 2 2 2 1 4399 4477 4478
8741 2 2 2 1 4399 4478 4400
8742 2 2 2 1 4400 4478 4479
8743 2 2 2 1 4400 4479 4401
8744 2 2 2 1 4401 4479 4480
8745 2 2 2 1 4401 4480 4402
8746 2 2 2 1 4402 4480 4481
8747 2 2 2 1 4402 4481 4403
8748 2 2 2 1 4403 4481 4482
8749 2 2 2 1 4403 4482 4404
8750 2 2 2 1 4404 4482 4483
8751 2 2 2 1 4404 4483 4405
8752 2 2 2 1 4405 4483 4484
8753 2 2 2 1 4405 4484 4406
8754 2 2 2 1 4406 4484 4485
8755 2 2 2 1 4406 4485 4407
8756 2 2 2 1 4407 4485 4486
8757 2 2 2 1 4407 4486 4408
8758 2 2 2 1 4408 4486 4487
8759 2 2 2 1 4408 4487 4409
8760 2 2 2 1 4409 4487 4488
8761 2 2 2 1 4409 4488 4410
8762 2 2 2 1 4410 4488 4489
8763 2 2 2 1 4410 4489 4411
8764 2 2 2 1 4411 4489 4490
8765 2 2 2 1 4411 4490 4412
8766 2 2 2 1 4412 4490 4491
8767 2 2 2 1 4412 4491 4413
8768 2 2 2 1 4413 4491 4492
8769 2 2 2 1 4413 4492 4414
8770 2 2 2 1 4414 4492 4493
8771 2 2 2 1 4414 4493 4415
8772 2 2 2 1 4415 4493 4494
8773 2 2 2 1 4415 4494 4416
8774 2 2 2 1 4416 4494 4495
8775 2 2 2 1 4416 4495 4417
8776 2 2 2 1 4417 4495 4496
8777 2 2 2 1 4417 4496 4418
8778 2 2 2 1 4418 4496 4497
8779 2 2 2 1 4418 4497 4419
8780 2 2 2 1 4419 4497 4498
8781 2 2 2 1 4419 4498 4420
8782 2 2 2 1 4420 4498 4499
8783 2 2 2 1 4420 4499 4421
8784 2 2 2 1 4421 4499 4500
8785 2 2 2 1 4421 4500 4422
8786 2 2 2 1 4422 4500 4501
8787 2 2 2 1 4422 4501 4423
8788 2 2 2 1 4423 4501 4502
8789 2 2 2 1 4423 4502 4424
8790 2 2 2 1 4424 4502 4503
8791 2 2 2 1 4424 4503 4425
8792 2 2 2 1 4425 4503 4504
8793 2 2 2 1 4425 4504 4426
8794 2 2 2 1 4426 4504 4505
8795 2 2 2 1 4426 4505 4427
8796 2 2 2 1 4427 4505 4506
8797 2 2 2 1 4427 4506 4428
8798 2 2 2 1 4428 4506 4507
8799 2 2 2 1 4428 4507 190
8800 2 2 2 1 190 4507 189
8801 2 2 2 1 57 58 4429
8802 2 2 2 1 4429 58 4508
8803 2 2 2 1 4429 4508 4430
8804 2 2 2 1 4430 4508 4509
8805 2 2 2 1 4430 4509 4431
8806 2 2 2 1 4431 4509 4510
8807 2 2 2 1 4431 4510 4432
8808 2 2 2 1 4432 4510 4511
8809 2 2 2 1 4432 4511 4433
8810 2 2 2 1 4433 4511 4512
8811 2 2 2 1 4433 4512 4434
8812 2 2 2 1 4434 4512 4513
8813 2 2 2 1 4434 4513 4435
8814 2 2 2 1 4435 4513 4514
8815 2 2 2 1 4435 4514 4436
8816 2 2 2 1 4436 4514 4515
8817 2 2 2 1 4436 4515 4437
8818 2 2 2 1 4437 4515 4516
8819 2 2 2 1 4437 4516 4438
8820 2 2 2 1 4438 4516 4517
8821 2 2 2 1 4438 4517 4439
8822 2 2 2 1 4439 4517 4518
8823 2 2 2 1 4439 4518 4440
8824 2 2 2 1 4440 4518 4519
8825 2 2 2 1 4440 4519 4441
8826 2 2 2 1 4441 4519 4520
8827 2 2 2 1 4441 4520 4442
8828 2 2 2 1 4442 4520 4521
8829 2 2 2 1 4442 4521 4443
8830 2 2 2 1 4443 4521 4522
8831 2 2 2 1 4443 4522 4444
8832 2 2 2 1 4444 4522 4523
8833 2 2 2 1 4444 4523 4445
8834 2 2 2 1 4445 4523 4524
8835 2 2 2 1 4445 4524 4446
8836 2 2 2 1 4446 4524 4525
8837 2 2 2 1 4446 4525 4447
8838 2 2 2 1 4447 4525 4526
8839 2 2 2 1 4447 4526 4448
8840 2 2 2 1 4448 4526 4527
8841 2 2 2 1 4448 4527 4449
8842 2 2 2 1 4449 4527 4528
8843 2 2 2 1 4449 4528 4450
8844 2 2 2 1 4450 4528 4529
8845 2 2 2 1 4450 4529 4451
8846 2 2 2 1 4451 4529 4530
8847 2 2 2 1 4451 4530 4452
8848 2 2 2 1 4452 4530 4531
8849 2 2 2 1 4452 4531 4453
8850 2 2 2 1 4453 4531 4532
8851 2 2 2 1 4453 4532 4454
8852 2 2 2 1 4454 4532 4533
8853 2 2 2 1 4454 4533 4455
8854 2 2 2 1 4455 4533 4534
8855 2 2 2 1 4455 4534 4456
8856 2 2 2 1 4456 4534 4535
8857 2 2 2 1 4456 4535 4457
8858 2 2 2 1 4457 4535 4536
8859 2 2 2 1 4457 4536 4458
8860 2 2 2 1 4458 4536 4537
8861 2 2 2 1 4458 4537 4459
8862 2 2 2 1 4459 4537 4538
8863 2 2 2 1 4459 4538 4460
8864 2 2 2 1 4460 4538 4539
8865 2 2 2 1 4460 4539 4461
8866 2 2 2 1 4461 4539 4540
8867 2 2 2 1 4461 4540 4462
8868 2 2 2 1 4462 4540 4541
8869 2 2 2 1 4462 4541 4463
8870 2 2 2 1 4463 4541 4542
8871 2 2 2 1 4463 4542 4464
8872 2 2 2 1 4464 4542 4543
8873 2 2 2 1 4464 4543 4465
8874 2 2 2 1 4465 4543 4544
8875 2 2 2 1 4465 4544 4466
8876 2 2 2 1 4466 4544 4545
8877 2 2 2 1 4466 4545 4467
8878 2 2 2 1 4467 4545 4546
8879 2 2 2 1 4467 4546 4468
8880 2 2 2 1 4468 4546 4547
8881 2 2 2 1 4468 4547 4469
8882 2 2 2 1 4469 4547 4548
8883 2 2 2 1 4469 4548 4470
8884 2 2 2 1 4470 4548 4549
8885 2 2 2 1 4470 4549 4471
8886 2 2 2 1 4471 4549 4550
8887 2 2 2 1 4471 4550 4472
8888 2 2 2 1 4472 4550 4551
8889 2 2 2 1 4472 4551 4473
8890 2 2 2 1 4473 4551 4552
8891 2 2 2 1 4473 4552 4474
8892 2 2 2 1 4474 4552 4553
8893 2 2 2 1 4474 4553 4475
8894 2 2 2 1 4475 4553 4554
8895 2 2 2 1 4475 4554 4476
8896 2 2 2 1 4476 4554 4555
8897 2 2 2 1 4476 4555 4477
8898 2 2 2 1 4477 4555 4556
8899 2 2 2 1 4477 4556 4478
8900 2 2 2 1 4478 4556 4557
8901 2 2 2 1 4478 4557 4479
8902 2 2 2 1 4479 4557 4558
8903 2 2 2 1 4479 4558 4480
8904 2 2 2 1 4480 4558 4559
8905 2 2 2 1 4480 4559 4481
8906 2 2 2 1 4481 4559 4560
8907 2 2 2 1 4481 4560 4482
8908 2 2 2 1 4482 4560 4561
8909 2 2 2 1 4482 4561 4483
8910 2 2 2 1 4483 4561 4562
8911 2 2 2 1 4483 4562 4484
8912 2 2 2 1 4484 4562 4563
8913 2 2 2 1 4484 4563 4485
8914 2 2 2 1 4485 4563 4564
8915 2 2 2 1 4485 4564 4486
8916 2 2 2 1 4486 4564 4565
8917 2 2 2 1 4486 4565 4487
8918 2 2 2 1 4487 4565 4566
8919 2 2 2 1 4487 4566 4488
8920 2 2 2 1 4488 4566 4567
8921 2 2 2 1 4488 4567 4489
8922 2 2 2 1 4489 4567 4568
8923 2 2 2 1 4489 4568 4490
8924 2 2 2 1 4490 4568 4569
8925 2 2 2 1 4490 4569 4491
8926 2 2 2 1 4491 4569 4570
8927 2 2 2 1 4491 4570 4492
8928 2 2 2 1 4492 4570 4571
8929 2 2 2 1 4492 4571 4493
8930 2 2 2 1 4493 4571 4572
8931 2 2 2 1 4493 4572 4494
8932 2 2 2 1 4494 4572 4573
8933 2 2 2 1 4494 4573 4495
8934 2 2 2 1 4495 4573 4574
8935 2 2 2 1 4495 4574 4496
8936 2 2 2 1 4496 4574 4575
8937 2 2 2 1 4496 4575 4497
8938 2 2 2 1 4497 4575 4576
8939 2 2 2 1 4497 4576 4498
8940 2 2 2 1 4498 4576 4577
8941 2 2 2 1 4498 4577 4499
8942 2 2 2 1 4499 4577 4578
8943 2 2 2 1 4499 4578 4500
8944 2 2 2 1 4500 4578 4579
8945 2 2 2 1 4500 4579 4501
8946 2 2 2 1 4501 4579 4580
8947 2 2 2 1 4501 4580 4502
8948 2 2 2 1 4502 4580 4581
8949 2 2 2 1 4502 4581 4503
8950 2 2 2 1 4503 4581 4582
8951 2 2 2 1 4503 4582 4504
8952 2 2 2 1 4504 4582 4583
8953 2 2 2 1 4504 4583 4505
8954 2 2 2 1 4505 4583 4584
8955 2 2 2 1 4505 4584 4506
8956 2 2 2 1 4506 4584 4585
8957 2 2 2 1 4506 4585 4507
8958 2 2 2 1 4507 4585 4586
8959 2 2 2 1 4507 4586 189
8960 2 2 2 1 189 4586 188
8961 2 2 2 1 58 59 4508
8962 2 2 2 1 4508 59 4587
8963 2 2 2 1 4508 4587 4509
8964 2 2 2 1 4509 4587 4588
8965 2 2 2 1 4509 4588 4510
8966 2 2 2 1 4510 4588 4589
8967 2 2 2 1 4510 4589 4511
8968 2 2 2 1 4511 4589 4590
8969 2 2 2 1 4511 4590 4512
8970 2 2 2 1 4512 4590 4591
8971 2 2 2 1 4512 4591 4513
8972 2 2 2 1 4513 4591 4592
8973 2 2 2 1 4513 4592 4514
8974 2 2 2 1 4514 4592 4593
8975 2 2 2 1 4514 4593 4515
8976 2 2 2 1 4515 4593 4594
8977 2 2 2 1 4515 4594 4516
8978 2 2 2 1 4516 4594 4595
8979 2 2 2 1 4516 4595 4517
8980 2 2 2 1 4517 4595 4596
8981 2 2 2 1 4517 4596 4518
8982 2 2 2 1 4518 4596 4597
8983 2 2 2 1 4518 4597 4519
8984 2 2 2 1 4519 4597 4598
8985 2 2 2 1 4519 4598 4520
8986 2 2 2 1 4520 4598 4599
8987 2 2 2 1 4520 4599 4521
8988 2 2 2 1 4521 4599 4600
8989 2 2 2 1 4521 4600 4522
8990 2 2 2 1 4522 4600 4601
8991 2 2 2 1 4522 4601 4523
8992 2 2 2 1 4523 4601 4602
8993 2 2 2 1 4523 4602 4524
8994 2 2 2 1 4524 4602 4603
8995 2 2 2 1 4524 4603 4525
8996 2 2 2 1 4525 4603 4604
8997 2 2 2 1 4525 4604 4526
8998 2 2 2 1 4526 4604 4605
8999 2 2 2 1 4526 4605 4527
9000 2 2 2 1 4527 4605 4606
9001 2 2 2 1 4527 4606 4528
9002 2 2 2 1 4528 4606 4607
9003 2 2 2 1 4528 4607 4529
9004 2 2 2 1 4529 4607 4608
9005 2 2 2 1 4529 4608 4530
9006 2 2 2 1 4530 4608 4609
9007 2 2 2 1 4530 4609 4531
9008 2 2 2 1 4531 4609 4610
9009 2 2 2 1 4531 4610 4532
9010 2 2 2 1 4532 4610 4611
9011 2 2 2 1 4532 4611 4533
9012 2 2 2 1 4533 4611 4612
9013 2 2 2 1 4533 4612 4534
9014 2 2 2 1 4534 4612 4613
9015 2 2 2 1 4534 4613 4535
9016 2 2 2 1 4535 4613 4614
9017 2 2 2 1 4535 4614 4536
9018 2 2 2 1 4536 4614 4615
9019 2 2 2 1 4536 4615 4537
9020 2 2 2 1 4537 4615 4616
9021 2 2 2 1 4537 4616 4538
9022 2 2 2 1 4538 4616 4617
9023 2 2 2 1 4538 4617 4539
9024 2 2 2 1 4539 4617 4618
9025 2 2 2 1 4539 4618 4540
9026 2 2 2 1 4540 4618 4619
9027 2 2 2 1 4540 4619 4541
9028 2 2 2 1 4541 4619 4620
9029 2 2 2 1 4541 4620 4542
9030 2 2 2 1 4542 4620 4621
9031 2 2 2 1 4542 4621 4543
9032 2 2 2 1 4543 4621 4622
9033 2 2 2 1 4543 4622 4544
9034 2 2 2 1 4544 4622 4623
9035 2 2 2 1 4544 4623 4545
9036 2 2 2 1 4545 4623 4624
9037 2 2 2 1 4545 4624 4546
9038 2 2 2 1 4546 4624 4625
9039 2 2 2 1 4546 4625 4547
9040 2 2 2 1 4547 4625 4626
9041 2 2 2 1 4547 4626 4548
9042 2 2 2 1 4548 4626 4627
9043 2 2 2 1 4548 4627 4549
9044 2 2 2 1 4549 4627 4628
9045 2 2 2 1 4549 4628 4550
9046 2 2 2 1 4550 4628 4629
9047 2 2 2 1 4550 4629 4551
9048 2 2 2 1 4551 4629 4630
9049 2 2 2 1 4551 4630 4552
9050 2 2 2 1 4552 4630 4631
9051 2 2 2 1 4552 4631 4553
9052 2 2 2 1 4553 4631 4632
9053 2 2 2 1 4553 4632 4554
9054 2 2 2 1 4554 4632 4633
9055 2 2 2 1 4554 4633 4555
9056 2 2 2 1 4555 4633 4634
9057 2 2 2 1 4555 4634 4556
9058 2 2 2 1 4556 4634 4635
9059 2 2 2 1 4556 4635 4557
9060 2 2 2 1 4557 4635 4636
9061 2 2 2 1 4557 4636 4558
9062 2 2 2 1 4558 4636 4637
9063 2 2 2 1 4558 4637 4559
9064 2 2 2 1 4559 4637 4638
9065 2 2 2 1 4559 4638 4560
9066 2 2 2 1 4560 4638 4639
9067 2 2 2 1 4560 4639 4561
9068 2 2 2 1 4561 4639 4640
9069 2 2 2 1 4561 4640 4562
9070 2 2 2 1 4562 4640 4641
9071 2 2 2 1 4562 4641 4563
9072 2 2 2 1 4563 4641 4642
9073 2 2 2 1 4563 4642 4564
9074 2 2 2 1 4564 4642 4643
9075 2 2 2 1 4564 4643 4565
9076 2 2 2 1 4565 4643 4644
9077 2 2 2 1 4565 4644 4566
9078 2 2 2 1 4566 4644 4645
9079 2 2 2 1 4566 4645 4567
9080 2 2 2 1 4567 4645 4646
9081 2 2 2 1 4567 4646 4568
9082 2 2 2 1 4568 4646 4647
9083 2 2 2 1 4568 4647 4569
9084 2 2 2 1 4569 4647 4648
9085 2 2 2 1 4569 4648 4570
9086 2 2 2 1 4570 4648 4649
9087 2 2 2 1 4570 4649 4571
9088 2 2 2 1 4571 4649 4650
9089 2 2 2 1 4571 4650 4572
9090 2 2 2 1 4572 4650 4651
9091 2 2 2 1 4572 4651 4573
9092 2 2 2 1 4573 4651 4652
9093 2 2 2 1 4573 4652 4574
9094 2 2 2 1 4574 4652 4653
9095 2 2 2 1 4574 4653 4575
9096 2 2 2 1 4575 4653 4654
9097 2 2 2 1 4575 4654 4576
9098 2 2 2 1 4576 4654 4655
9099 2 2 2 1 4576 4655 4577
9100 2 2 2 1 4577 4655 4656
9101 2 2 2 1 4577 4656 4578
9102 2 2 2 1 4578 4656 4657
9103 2 2 2 1 4578 4657 4579
9104 2 2 2 1 4579 4657 4658
9105 2 2 2 1 4579 4658 4580
9106 2 2 2 1 4580 4658 4659
9107 2 2 2 1 4580 4659 4581
9108 2 2 2 1 4581 4659 4660
9109 2 2 2 1 4581 4660 4582
9110 2 2 2 1 4582 4660 4661
9111 2 2 2 1 4582 4661 4583
9112 2 2 2 1 4583 4661 4662
9113 2 2 2 1 4583 4662 4584
9114 2 2 2 1 4584 4662 4663
9115 2 2 2 1 4584 4663 4585
9116 2 2 2 1 4585 4663 4664
9117 2 2 2 1 4585 4664 4586
9118 2 2 2 1 4586 4664 4665
9119 2 2 2 1 4586 4665 188
9120 2 2 2 1 188 4665 187
9121 2 2 2 1 59 60 4587
9122 2 2 2 1 4587 60 4666
9123 2 2 2 1 4587 4666 4588
9124 2 2 2 1 4588 4666 4667
9125 2 2 2 1 4588 4667 4589
9126 2 2 2 1 4589 4667 4668
9127 2 2 2 1 4589 4668 4590
9128 2 2 2 1 4590 4668 4669
9129 2 2 2 1 4590 4669 4591
9130 2 2 2 1 4591 4669 4670
9131 2 2 2 1 4591 4670 4592
9132 2 2 2 1 4592 4670 4671
9133 2 2 2 1 4592 4671 4593
9134 2 2 2 1 4593 4671 4672
9135 2 2 2 1 4593 4672 4594
9136 2 2 2 1 4594 4672 4673
9137 2 2 2 1 4594 4673 4595
9138 2 2 2 1 4595 4673 4674
9139 2 2 2 1 4595 4674 4596
9140 2 2 2 1 4596 4674 4675
9141 2 2 2 1 4596 4675 4597
9142 2 2 2 1 4597 4675 4676
9143 2 2 2 1 4597 4676 4598
9144 2 2 2 1 4598 4676 4677
9145 2 2 2 1 4598 4677 4599
9146 2 2 2 1 4599 4677 4678
9147 2 2 2 1 4599 4678 4600
9148 2 2 2 1 4600 4678 4679
9149 2 2 2 1 4600 4679 4601
9150 2 2 2 1 4601 4679 4680
9151 2 2 2 1 4601 4680 4602
9152 2 2 2 1 4602 4680 4681
9153 2 2 2 1 4602 4681 4603
9154 2 2 2 1 4603 4681 4682
9155 2 2 2 1 4603 4682 4604
9156 2 2 2 1 4604 4682 4683
9157 2 2 2 1 4604 4683 4605
9158 2 2 2 1 4605 4683 4684
9159 2 2 2 1 4605 4684 4606
9160 2 2 2 1 4606 4684 4685
9161 2 2 2 1 4606 4685 4607
9162 2 2 2 1 4607 4685 4686
9163 2 2 2 1 4607 4686 4608
9164 2 2 2 1 4608 4686 4687
9165 2 2 2 1 4608 4687 4609
9166 2 2 2 1 4609 4687 4688
9167 2 2 2 1 4609 4688 4610
9168 2 2 2 1 4610 4688 4689
9169 2 2 2 1 4610 4689 4611
9170 2 2 2 1 4611 4689 4690
9171 2 2 2 1 4611 4690 4612
9172 2 2 2 1 4612 4690 4691
9173 2 2 2 1 4612 4691 4613
9174 2 2 2 1 4613 4691 4692
9175 2 2 2 1 4613 4692 4614
9176 2 2 2 1 4614 4692 4693
9177 2 2 2 1 4614 4693 4615
9178 2 2 2 1 4615 4693 4694
9179 2 2 2 1 4615 4694 4616
9180 2 2 2 1 4616 4694 4695
9181 2 2 2 1 4616 4695 4617
9182 2 2 2 1 4617 4695 4696
9183 2 2 2 1 4617 4696 4618
9184 2 2 2 1 4618 4696 4697
9185 2 2 2 1 4618 4697 4619
9186 2 2 2 1 4619 4697 4698
9187 2 2 2 1 4619 4698 4620
9188 2 2 2 1 4620 4698 4699
9189 2 2 2 1 4620 4699 4621
9190 2 2 2 1 4621 4699 4700
9191 2 2 2 1 4621 4700 4622
9192 2 2 2 1 4622 4700 4701
9193 2 2 2 1 4622 4701 4623
9194 2 2 2 1 4623 4701 4702
9195 2 2 2 1 4623 4702 4624
9196 2 2 2 1 4624 4702 4703
9197 2 2 2 1 4624 4703 4625
9198 2 2 2 1 4625 4703 4704
9199 2 2 2 1 4625 4704 4626
9200 2 2 2 1 4626 4704 4705
9201 2 2 2 1 4626 4705 4627
9202 2 2 2 1 4627 4705 4706
9203 2 2 2 1 4627 4706 4628
9204 2 2 2 1 4628 4706 4707
9205 2 2 2 1 4628 4707 4629
9206 2 2 2 1 4629 4707 4708
9207 2 2 2 1 4629 4708 4630
9208 2 2 2 1 4630 4708 4709
9209 2 2 2 1 4630 4709 4631
9210 2 2 2 1 4631 4709 4710
9211 2 2 2 1 4631 4710 4632
9212 2 2 2 1 4632 4710 4711
9213 2 2 2 1 4632 4711 4633
9214 2 2 2 1 4633 4711 4712
9215 2 2 2 1 4633 4712 4634
9216 2 2 2 1 4634 4712 4713
9217 2 2 2 1 4634 4713 4635
9218 2 2 2 1 4635 4713 4714
9219 2 2 2 1 4635 4714 4636
9220 2 2 2 1 4636 4714 4715
9221 2 2 2 1 4636 4715 4637
9222 2 2 2 1 4637 4715 4716
9223 2 2 2 1 4637 4716 4638
9224 2 2 2 1 4638 4716 4717
9225 2 2 2 1 4638 4717 4639
9226 2 2 2 1 4639 4717 4718
9227 2 2 2 1 4639 4718 4640
9228 2 2 2 1 4640 4718 4719
9229 2 2 2 1 4640 4719 4641
9230 2 2 2 1 4641 4719 4720
9231 2 2 2 1 4641 4720 4642
9232 2 2 2 1 4642 4720 4721
9233 2 2 2 1 4642 4721 4643
9234 2 2 2 1 4643 4721 4722
9235 2 2 2 1 4643 4722 4644
9236 2 2 2 1 4644 4722 4723
9237 2 2 2 1 4644 4723 4645
9238 2 2 2 1 4645 4723 4724
9239 2 2 2 1 4645 4724 4646
9240 2 2 2 1 4646 4724 4725
9241 2 2 2 1 4646 4725 4647
9242 2 2 2 1 4647 4725 4726
9243 2 2 2 1 4647 4726 4648
9244 2 2 2 1 4648 4726 4727
9245 2 2 2 1 4648 4727 4649
9246 2 2 2 1 4649 4727 4728
9247 2 2 2 1 4649 4728 4650
9248 2 2 2 1 4650 4728 4729
9249 2 2 2 1 4650 4729 4651
9250 2 2 2 1 4651 4729 4730
9251 2 2 2 1 4651 4730 4652
9252 2 2 2 1 4652 4730 4731
9253 2 2 2 1 4652 4731 4653
9254 2 2 2 1 4653 4731 4732
9255 2 2 2 1 4653 4732 4654
9256 2 2 2 1 4654 4732 4733
9257 2 2 2 1 4654 4733 4655
9258 2 2 2 1 4655 4733 4734
9259 2 2 2 1 4655 4734 4656
9260 2 2 2 1 4656 4734 4735
9261 2 2 2 1 4656 4735 4657
9262 2 2 2 1 4657 4735 4736
9263 2 2 2 1 4657 4736 4658
9264 2 2 2 1 4658 4736 4737
9265 2 2 2 1 4658 4737 4659
9266 2 2 2 1 4659 4737 4738
9267 2 2 2 1 4659 4738 4660
9268 2 2 2 1 4660 4738 4739
9269 2 2 2 1 4660 4739 4661
9270 2 2 2 1 4661 4739 4740
9271 2 2 2 1 4661 4740 4662
9272 2 2 2 1 4662 4740 4741
9273 2 2 2 1 4662 4741 4663
9274 2 2 2 1 4663 4741 4742
9275 2 2 2 1 4663 4742 4664
9276 2 2 2 1 4664 4742 4743
9277 2 2 2 1 4664 4743 4665
9278 2 2 2 1 4665 4743 4744
9279 2 2 2 1 4665 4744 187
9280 2 2 2 1 187 4744 186
9281 2 2 2 1 60 61 4666
9282 2 2 2 1 4666 61 4745
9283 2 2 2 1 4666 4745 4667
9284 2 2 2 1 4667 4745 4746
9285 2 2 2 1 4667 4746 4668
9286 2 2 2 1 4668 4746 4747
9287 2 2 2 1 4668 4747 4669
9288 2 2 2 1 4669 4747 4748
9289 2 2 2 1 4669 4748 4670
9290 2 2 2 1 4670 4748 4749
9291 2 2 2 1 4670 4749 4671
9292 2 2 2 1 4671 4749 4750
9293 2 2 2 1 4671 4750 4672
9294 2 2 2 1 4672 4750 4751
9295 2 2 2 1 4672 4751 4673
9296 2 2 2 1 4673 4751 4752
9297 2 2 2 1 4673 4752 4674
9298 2 2 2 1 4674 4752 4753
9299 2 2 2 1 4674 4753 4675
9300 2 2 2 1 4675 4753 4754
9301 2 2 2 1 4675 4754 4676
9302 2 2 2 1 4676 4754 4755
9303 2 2 2 1 4676 4755 4677
9304 2 2 2 1 4677 4755 4756
9305 2 2 2 1 4677 4756 4678
9306 2 2 2 1 4678 4756 4757
9307 2 2 2 1 4678 4757 4679
9308 2 2 2 1 4679 4757 4758
9309 2 2 2 1 4679 4758 4680
9310 2 2 2 1 4680 4758 4759
9311 2 2 2 1 4680 4759 4681
9312 2 2 2 1 4681 4759 4760
9313 2 2 2 1 4681 4760 4682
9314 2 2 2 1 4682 4760 4761
9315 2 2 2 1 4682 4761 4683
9316 2 2 2 1 4683 4761 4762
9317 2 2 2 1 4683 4762 4684
9318 2 2 2 1 4684 4762 4763
9319 2 2 2 1 4684 4763 4685
9320 2 2 2 1 4685 4763 4764
9321 2 2 2 1 4685 4764 4686
9322 2 2 2 1 4686 4764 4765
9323 2 2 2 1 4686 4765 4687
9324 2 2 2 1 4687 4765 4766
9325 2 2 2 1 4687 4766 4688
9326 2 2 2 1 4688 4766 4767
9327 2 2 2 1 4688 4767 4689
9328 2 2 2 1 4689 4767 4768
9329 2 2 2 1 4689 4768 4690
9330 2 2 2 1 4690 4768 4769
9331 2 2 2 1 4690 4769 4691
9332 2 2 2 1 4691 4769 4770
9333 2 2 2 1 4691 4770 4692
9334 2 2 2 1 4692 4770 4771
9335 2 2 2 1 4692 4771 4693
9336 2 2 2 1 4693 4771 4772
9337 2 2 2 1 4693 4772 4694
9338 2 2 2 1 4694 4772 4773
9339 2 2 2 1 4694 4773 4695
9340 2 2 2 1 4695 4773 4774
9341 2 2 2 1 4695 4774 4696
9342 2 2 2 1 4696 4774 4775
9343 2 2 2 1 4696 4775 4697
9344 2 2 2 1 4697 4775 4776
9345 2 2 2 1 4697 4776 4698
9346 2 2 2 1 4698 4776 4777
9347 2 2 2 1 4698 4777 4699
9348 2 2 2 1 4699 4777 4778
9349 2 2 2 1 4699 4778 4700
9350 2 2 2 1 4700 4778 4779
9351 2 2 2 1 4700 4779 4701
9352 2 2 2 1 4701 4779 4780
9353 2 2 2 1 4701 4780 4702
9354 2 2 2 1 4702 4780 4781
9355 2 2 2 1 4702 4781 4703
9356 2 2 2 1 4703 4781 4782
9357 2 2 2 1 4703 4782 4704
9358 2 2 2 1 4704 4782 4783
9359 2 2 2 1 4704 4783 4705
9360 2 2 2 1 4705 4783 4784
9361 2 2 2 1 4705 4784 4706
9362 2 2 2 1 4706 4784 4785
9363 2 2 2 1 4706 4785 4707
9364 2 2 2 1 4707 4785 4786
9365 2 2 2 1 4707 4786 4708
9366 2 2 2 1 4708 4786 4787
9367 2 2 2 1 4708 4787 4709
9368 2 2 2 1 4709 4787 4788
9369 2 2 2 1 4709 4788 4710
9370 2 2 2 1 4710 4788 4789
9371 2 2 2 1 4710 4789 4711
9372 2 2 2 1 4711 4789 4790
9373 2 2 2 1 4711 4790 4712
9374 2 2 2 1 4712 4790 4791
9375 2 2 2 1 4712 4791 4713
9376 2 2 2 1 4713 4791 4792
9377 2 2 2 1 4713 4792 4714
9378 2 2 2 1 4714 4792 4793
9379 2 2 2 1 4714 4793 4715
9380 2 2 2 1 4715 4793 4794
9381 2 2 2 1 4715 4794 4716
9382 2 2 2 1 4716 4794 4795
9383 2 2 2 1 4716 4795 4717
9384 2 2 2 1 4717 4795 4796
9385 2 2 2 1 4717 4796 4718
9386 2 2 2 1 4718 4796 4797
9387 2 2 2 1 4718 4797 4719
9388 2 2 2 1 4719 4797 4798
9389 2 2 2 1 4719 4798 4720
9390 2 2 2 1 4720 4798 4799
9391 2 2 2 1 4720 4799 4721
9392 2 2 2 1 4721 4799 4800
9393 2 2 2 1 4721 4800 4722
9394 2 2 2 1 4722 4800 4801
9395 2 2 2 1 4722 4801 4723
9396 2 2 2 1 4723 4801 4802
9397 2 2 2 1 4723 4802 4724
9398 2 2 2 1 4724 4802 4803
9399 2 2 2 1 4724 4803 4725
9400 2 2 2 1 4725 4803 4804
9401 2 2 2 1 4725 4804 4726
9402 2 2 2 1 4726 4804 4805
9403 2 2 2 1 4726 4805 4727
9404 2 2 2 1 4727 4805 4806
9405 2 2 2 1 4727 4806 4728
9406 2 2 2 1 4728 4806 4807
9407 2 2 2 1 4728 4807 4729
9408 2 2 2 1 4729 4807 4808
9409 2 2 2 1 4729 4808 4730
9410 2 2 2 1 4730 4808 4809
9411 2 2 2 1 4730 4809 4731
9412 2 2 2 1 4731 4809 4810
9413 2 2 2 1 4731 4810 4732
9414 2 2 2 1 4732 4810 4811
9415 2 2 2 1 4732 4811 4733
9416 2 2 2 1 4733 4811 4812
9417 2 2 2 1 4733 4812 4734
9418 2 2 2 1 4734 4812 4813
9419 2 2 2 1 4734 4813 4735
9420 2 2 2 1 4735 4813 4814
9421 2 2 2 1 4735 4814 4736
9422 2 2 2 1 4736 4814 4815
9423 2 2 2 1 4736 4815 4737
9424 2 2 2 1 4737 4815 4816
9425 2 2 2 1 4737 4816 4738
9426 2 2 2 1 4738 4816 4817
9427 2 2 2 1 4738 4817 4739
9428 2 2 2 1 4739 4817 4818
9429 2 2 2 1 4739 4818 4740
9430 2 2 2 1 4740 4818 4819
9431 2 2 2 1 4740 4819 4741
9432 2 2 2 1 4741 4819 4820
9433 2 2 2 1 4741 4820 4742
9434 2 2 2 1 4742 4820 4821
9435 2 2 2 1 4742 4821 4743
9436 2 2 2 1 4743 4821 4822
9437 2 2 2 1 4743 4822 4744
9438 2 2 2 1 4744 4822 4823
9439 2 2 2 1 4744 4823 186
9440 2 2 2 1 186 4823 185
9441 2 2 2 1 61 62 4745
9442 2 2 2 1 4745 62 4824
9443 2 2 2 1 4745 4824 4746
9444 2 2 2 1 4746 4824 4825
9445 2 2 2 1 4746 4825 4747
9446 2 2 2 1 4747 4825 4826
9447 2 2 2 1 4747 4826 4748
9448 2 2 2 1 4748 4826 4827
9449 2 2 2 1 4748 4827 4749
9450 2 2 2 1 4749 4827 4828
9451 2 2 2 1 4749 4828 4750
9452 2 2 2 1 4750 4828 4829
9453 2 2 2 1 4750 4829 4751
9454 2 2 2 1 4751 4829 4830
9455 2 2 2 1 4751 4830 4752
9456 2 2 2 1 4752 4830 4831
9457 2 2 2 1 4752 4831 4753
9458 2 2 2 1 4753 4831 4832
9459 2 2 2 1 4753 4832 4754
9460 2 2 2 1 4754 4832 4833
9461 2 2 2 1 4754 4833 4755
9462 2 2 2 1 4755 4833 4834
9463 2 2 2 1 4755 4834 4756
9464 2 2 2 1 4756 4834 4835
9465 2 2 2 1 4756 4835 4757
9466 2 2 2 1 4757 4835 4836
9467 2 2 2 1 4757 4836 4758
9468 2 2 2 1 4758 4836 4837
9469 2 2 2 1 4758 4837 4759
9470 2 2 2 1 4759 4837 4838
9471 2 2 2 1 4759 4838 4760
9472 2 2 2 1 4760 4838 4839
9473 2 2 2 1 4760 4839 4761
9474 2 2 2 1 4761 4839 4840
9475 2 2 2 1 4761 4840 4762
9476 2 2 2 1 4762 4840 4841
9477 2 2 2 1 4762 4841 4763
9478 2 2 2 1 4763 4841 4842
9479 2 2 2 1 4763 4842 4764
9480 2 2 2 1 4764 4842 4843
9481 2 2 2 1 4764 4843 4765
9482 2 2 2 1 4765 4843 4844
9483 2 2 2 1 4765 4844 4766
9484 2 2 2 1 4766 4844 4845
9485 2 2 2 1 4766 4845 4767
9486 2 2 2 1 4767 4845 4846
9487 2 2 2 1 4767 4846 4768
9488 2 2 2 1 4768 4846 4847
9489 2 2 2 1 4768 4847 4769
9490 2 2 2 1 4769 4847 4848
9491 2 2 2 1 4769 4848 4770
9492 2 2 2 1 4770 4848 4849
9493 2 2 2 1 4770 4849 4771
9494 2 2 2 1 4771 4849 4850
9495 2 2 2 1 4771 4850 4772
9496 2 2 2 1 4772 4850 4851
9497 2 2 2 1 4772 4851 4773
9498 2 2 2 1 4773 4851 4852
9499 2 2 2 1 4773 4852 4774
9500 2 2 2 1 4774 4852 4853
9501 2 2 2 1 4774 4853 4775
9502 2 2 2 1 4775 4853 4854
9503 2 2 2 1 4775 4854 4776
9504 2 2 2 1 4776 4854 4855
9505 2 2 2 1 4776 4855 4777
9506 2 2 2 1 4777 4855 4856
9507 2 2 2 1 4777 4856 4778
9508 2 2 2 1 4778 4856 4857
9509 2 2 2 1 4778 4857 4779
9510 2 2 2 1 4779 4857 4858
9511 2 2 2 1 4779 4858 4780
9512 2 2 2 1 4780 4858 4859
9513 2 2 2 1 4780 4859 4781
9514 2 2 2 1 4781 4859 4860
9515 2 2 2 1 4781 4860 4782
9516 2 2 2 1 4782 4860 4861
9517 2 2 2 1 4782 4861 4783
9518 2 2 2 1 4783 4861 4862
9519 2 2 2 1 4783 4862 4784
9520 2 2 2 1 4784 4862 4863
9521 2 2 2 1 4784 4863 4785
9522 2 2 2 1 4785 4863 4864
9523 2 2 2 1 4785 4864 4786
9524 2 2 2 1 4786 4864 4865
9525 2 2 2 1 4786 4865 4787
9526 2 2 2 1 4787 4865 4866
9527 2 2 2 1 4787 4866 4788
9528 2 2 2 1 4788 4866 4867
9529 2 2 2 1 4788 4867 4789
9530 2 2 2 1 4789 4867 4868
9531 2 2 2 1 4789 4868 4790
9532 2 2 2 1 4790 4868 4869
9533 2 2 2 1 4790 4869 4791
9534 2 2 2 1 4791 4869 4870
9535 2 2 2 1 4791 4870 4792
9536 2 2 2 1 4792 4870 4871
9537 2 2 2 1 4792 4871 4793
9538 2 2 2 1 4793 4871 4872
9539 2 2 2 1 4793 4872 4794
9540 2 2 2 1 4794 4872 4873
9541 2 2 2 1 4794 4873 4795
9542 2 2 2 1 4795 4873 4874
9543 2 2 2 1 4795 4874 4796
9544 2 2 2 1 4796 4874 4875
9545 2 2 2 1 4796 4875 4797
9546 2 2 2 1 4797 4875 4876
9547 2 2 2 1 4797 4876 4798
9548 2 2 2 1 4798 4876 4877
9549 2 2 2 1 4798 4877 4799
9550 2 2 2 1 4799 4877 4878
9551 2 2 2 1 4799 4878 4800
9552 2 2 2 1 4800 4878 4879
9553 2 2 2 1 4800 4879 4801
9554 2 2 2 1 4801 4879 4880
9555 2 2 2 1 4801 4880 4802
9556 2 2 2 1 4802 4880 4881
9557 2 2 2 1 4802 4881 4803
9558 2 2 2 1 4803 4881 4882
9559 2 2 2 1 4803 4882 4804
9560 2 2 2 1 4804 4882 4883
9561 2 2 2 1 4804 4883 4805
9562 2 2 2 1 4805 4883 4884
9563 2 2 2 1 4805 4884 4806
9564 2 2 2 1 4806 4884 4885
9565 2 2 2 1 4806 4885 4807
9566 2 2 2 1 4807 4885 4886
9567 2 2 2 1 4807 4886 4808
9568 2 2 2 1 4808 4886 4887
9569 2 2 2 1 4808 4887 4809
9570 2 2 2 1 4809 4887 4888
9571 2 2 2 1 4809 4888 4810
9572 2 2 2 1 4810 4888 4889
9573 2 2 2 1 4810 4889 4811
9574 2 2 2 1 4811 4889 4890
9575 2 2 2 1 4811 4890 4812
9576 2 2 2 1 4812 4890 4891
9577 2 2 2 1 4812 4891 4813
9578 2 2 2 1 4813 4891 4892
9579 2 2 2 1 4813 4892 4814
9580 2 2 2 1 4814 4892 4893
9581 2 2 2 1 4814 4893 4815
9582 2 2 2 1 4815 4893 4894
9583 2 2 2 1 4815 4894 4816
9584 2 2 2 1 4816 4894 4895
9585 2 2 2 1 4816 4895 4817
9586 2 2 2 1 4817 4895 4896
9587 2 2 2 1 4817 4896 4818
9588 2 2 2 1 4818 4896 4897
9589 2 2 2 1 4818 4897 4819
9590 2 2 2 1 4819 4897 4898
9591 2 2 2 1 4819 4898 4820
9592 2 2 2 1 4820 4898 4899
9593 2 2 2 1 4820 4899 4821
9594 2 2 2 1 4821 4899 4900
9595 2 2 2 1 4821 4900 4822
9596 2 2 2 1 4822 4900 4901
9597 2 2 2 1 4822 4901 4823
9598 2 2 2 1 4823 4901 4902
9599 2 2 2 1 4823 4902 185
9600 2 2 2 1 185 4902 184
9601 2 2 2 1 62 63 4824
9602 2 2 2 1 4824 63 4903
9603 2 2 2 1 4824 4903 4825
9604 2 2 2 1 4825 4903 4904
9605 2 2 2 1 4825 4904 4826
9606 2 2 2 1 4826 4904 4905
9607 2 2 2 1 4826 4905 4827
9608 2 2 2 1 4827 4905 4906
9609 2 2 2 1 4827 4906 4828
9610 2 2 2 1 4828 4906 4907
9611 2 2 2 1 4828 4907 4829
9612 2 2 2 1 4829 4907 4908
9613 2 2 2 1 4829 4908 4830
9614 2 2 2 1 4830 4908 4909
9615 2 2 2 1 4830 4909 4831
9616 2 2 2 1 4831 4909 4910
9617 2 2 2 1 4831 4910 4832
9618 2 2 2 1 4832 4910 4911
9619 2 2 2 1 4832 4911 4833
9620 2 2 2 1 4833 4911 4912
9621 2 2 2 1 4833 4912 4834
9622 2 2 2 1 4834 4912 4913
9623 2 2 2 1 4834 4913 4835
9624 2 2 2 1 4835 4913 4914
9625 2 2 2 1 4835 4914 4836
9626 2 2 2 1 4836 4914 4915
9627 2 2 2 1 4836 4915 4837
9628 2 2 2 1 4837 4915 4916
9629 2 2 2 1 4837 4916 4838
9630 2 2 2 1 4838 4916 4917
9631 2 2 2 1 4838 4917 4839
9632 2 2 2 1 4839 4917 4918
9633 2 2 2 1 4839 4918 4840
9634 2 2 2 1 4840 4918 4919
9635 2 2 2 1 4840 4919 4841
9636 2 2 2 1 4841 4919 4920
9637 2 2 2 1 4841 4920 4842
9638 2 2 2 1 4842 4920 4921
9639 2 2 2 1 4842 4921 4843
9640 2 2 2 1 4843 4921 4922
9641 2 2 2 1 4843 4922 4844
9642 2 2 2 1 4844 4922 4923
9643 2 2 2 1 4844 4923 4845
9644 2 2 2 1 4845 4923 4924
9645 2 2 2 1 4845 4924 4846
9646 2 2 2 1 4846 4924 4925
9647 2 2 2 1 4846 4925 4847
9648 2 2 2 1 4847 4925 4926
9649 2 2 2 1 4847 4926 4848
9650 2 2 2 1 4848 4926 4927
9651 2 2 2 1 4848 4927 4849
9652 2 2 2 1 4849 4927 4928
9653 2 2 2 1 4849 4928 4850
9654 2 2 2 1 4850 4928 4929
9655 2 2 2 1 4850 4929 4851
9656 2 2 2 1 4851 4929 4930
9657 2 2 2 1 4851 4930 4852
9658 2 2 2 1 4852 4930 4931
9659 2 2 2 1 4852 4931 4853
9660 2 2 2 1 4853 4931 4932
9661 2 2 2 1 4853 4932 4854
9662 2 2 2 1 4854 4932 4933
9663 2 2 2 1 4854 4933 4855
9664 2 2 2 1 4855 4933 4934
9665 2 2 2 1 4855 4934 4856
9666 2 2 2 1 4856 4934 4935
9667 2 2 2 1 4856 4935 4857
9668 2 2 2 1 4857 4935 4936
9669 2 2 2 1 4857 4936 4858
9670 2 2 2 1 4858 4936 4937
9671 2 2 2 1 4858 4937 4859
9672 2 2 2 1 4859 4937 4938
9673 2 2 2 1 4859 4938 4860
9674 2 2 2 1 4860 4938 4939
9675 2 2 2 1 4860 4939 4861
9676 2 2 2 1 4861 4939 4940
9677 2 2 2 1 4861 4940 4862
9678 2 2 2 1 4862 4940 4941
9679 2 2 2 1 4862 4941 4863
9680 2 2 2 1 4863 4941 4942
9681 2 2 2 1 4863 4942 4864
9682 2 2 2 1 4864 4942 4943
9683 2 2 2 1 4864 4943 4865
9684 2 2 2 1 4865 4943 4944
9685 2 2 2 1 4865 4944 4866
9686 2 2 2 1 4866 4944 4945
9687 2 2 2 1 4866 4945 4867
9688 2 2 2 1 4867 4945 4946
9689 2 2 2 1 4867 4946 4868
9690 2 2 2 1 4868 4946 4947
9691 2 2 2 1 4868 4947 4869
9692 2 2 2 1 4869 4947 4948
9693 2 2 2 1 4869 4948 4870
9694 2 2 2 1 4870 4948 4949
9695 2 2 2 1 4870 4949 4871
9696 2 2 2 1 4871 4949 4950
9697 2 2 2 1 4871 4950 4872
9698 2 2 2 1 4872 4950 4951
9699 2 2 2 1 4872 4951 4873
9700 2 2 2 1 4873 4951 4952
9701 2 2 2 1 4873 4952 4874
9702 2 2 2 1 4874 4952 4953
9703 2 2 2 1 4874 4953 4875
9704 2 2 2 1 4875 4953 4954
9705 2 2 2 1 4875 4954 4876
9706 2 2 2 1 4876 4954 4955
9707 2 2 2 1 4876 4955 4877
9708 2 2 2 1 4877 4955 4956
9709 2 2 2 1 4877 4956 4878
9710 2 2 2 1 4878 4956 4957
9711 2 2 2 1 4878 4957 4879
9712 2 2 2 1 4879 4957 4958
9713 2 2 2 1 4879 4958 4880
9714 2 2 2 1 4880 4958 4959
9715 2 2 2 1 4880 4959 4881
9716 2 2 2 1 4881 4959 4960
9717 2 2 2 1 4881 4960 4882
9718 2 2 2 1 4882 4960 4961
9719 2 2 2 1 4882 4961 4883
9720 2 2 2 1 4883 4961 4962
9721 2 2 2 1 4883 4962 4884
9722 2 2 2 1 4884 4962 4963
9723 2 2 2 1 4884 4963 4885
9724 2 2 2 1 4885 4963 4964
9725 2 2 2 1 4885 4964 4886
9726 2 2 2 1 4886 4964 4965
9727 2 2 2 1 4886 4965 4887
9728 2 2 2 1 4887 4965 4966
9729 2 2 2 1 4887 4966 4888
9730 2 2 2 1 4888 4966 4967
9731 2 2 2 1 4888 4967 4889
9732 2 2 2 1 4889 4967 4968
9733 2 2 2 1 4889 4968 4890
9734 2 2 2 1 4890 4968 4969
9735 2 2 2 1 4890 4969 4891
9736 2 2 2 1 4891 4969 4970
9737 2 2 2 1 4891 4970 4892
9738 2 2 2 1 4892 4970 4971
9739 2 2 2 1 4892 4971 4893
9740 2 2 2 1 4893 4971 4972
9741 2 2 2 1 4893 4972 4894
9742 2 2 2 1 4894 4972 4973
9743 2 2 2 1 4894 4973 4895
9744 2 2 2 1 4895 4973 4974
9745 2 2 2 1 4895 4974 4896
9746 2 2 2 1 4896 4974 4975
9747 2 2 2 1 4896 4975 4897
9748 2 2 2 1 4897 4975 4976
9749 2 2 2 1 4897 4976 4898
9750 2 2 2 1 4898 4976 4977
9751 2 2 2 1 4898 4977 4899
9752 2 2 2 1 4899 4977 4978
9753 2 2 2 1 4899 4978 4900
9754 2 2 2 1 4900 4978 4979
9755 2 2 2 1 4900 4979 4901
9756 2 2 2 1 4901 4979 4980
9757 2 2 2 1 4901 4980 4902
9758 2 2 2 1 4902 4980 4981
9759 2 2 2 1 4902 4981 184
9760 2 2 2 1 184 4981 183
9761 2 2 2 1 63 64 4903
9762 2 2 2 1 4903 64 4982
9763 2 2 2 1 4903 4982 4904
9764 2 2 2 1 4904 4982 4983
9765 2 2 2 1 4904 4983 4905
9766 2 2 2 1 4905 4983 4984
9767 2 2 2 1 4905 4984 4906
9768 2 2 2 1 4906 4984 4985
9769 2 2 2 1 4906 4985 4907
9770 2 2 2 1 4907 4985 4986
9771 2 2 2 1 4907 4986 4908
9772 2 2 2 1 4908 4986 4987
9773 2 2 2 1 4908 4987 4909
9774 2 2 2 1 4909 4987 4988
9775 2 2 2 1 4909 4988 4910
9776 2 2 2 1 4910 4988 4989
9777 2 2 2 1 4910 4989 4911
9778 2 2 2 1 4911 4989 4990
9779 2 2 2 1 4911 4990 4912
9780 2 2 2 1 4912 4990 4991
9781 2 2 2 1 4912 4991 4913
9782 2 2 2 1 4913 4991 4992
9783 2 2 2 1 4913 4992 4914
9784 2 2 2 1 4914 4992 4993
9785 2 2 2 1 4914 4993 4915
9786 2 2 2 1 4915 4993 4994
9787 2 2 2 1 4915 4994 4916
9788 2 2 2 1 4916 4994 4995
9789 2 2 2 1 4916 4995 4917
9790 2 2 2 1 4917 4995 4996
9791 2 2 2 1 4917 4996 4918
9792 2 2 2 1 4918 4996 4997
9793 2 2 2 1 4918 4997 4919
9794 2 2 2 1 4919 4997 4998
9795 2 2 2 1 4919 4998 4920
9796 2 2 2 1 4920 4998 4999
9797 2 2 2 1 4920 4999 4921
9798 2 2 2 1 4921 4999 5000
9799 2 2 2 1 4921 5000 4922
9800 2 2 2 1 4922 5000 5001
9801 2 2 2 1 4922 5001 4923
9802 2 2 2 1 4923 5001 5002
9803 2 2 2 1 4923 5002 4924
9804 2 2 2 1 4924 5002 5003
9805 2 2 2 1 4924 5003 4925
9806 2 2 2 1 4925 5003 5004
9807 2 2 2 1 4925 5004 4926
9808 2 2 2 1 4926 5004 5005
9809 2 2 2 1 4926 5005 4927
9810 2 2 2 1 4927 5005 5006
9811 2 2 2 1 4927 5006 4928
9812 2 2 2 1 4928 5006 5007
9813 2 2 2 1 4928 5007 4929
9814 2 2 2 1 4929 5007 5008
9815 2 2 2 1 4929 5008 4930
9816 2 2 2 1 4930 5008 5009
9817 2 2 2 1 4930 5009 4931
9818 2 2 2 1 4931 5009 5010
9819 2 2 2 1 4931 5010 4932
9820 2 2 2 1 4932 5010 5011
9821 2 2 2 1 4932 5011 4933
9822 2 2 2 1 4933 5011 5012
9823 2 2 2 1 4933 5012 4934
9824 2 2 2 1 4934 5012 5013
9825 2 2 2 1 4934 5013 4935
9826 2 2 2 1 4935 5013 5014
9827 2 2 2 1 4935 5014 4936
9828 2 2 2 1 4936 5014 5015
9829 2 2 2 1 4936 5015 4937
9830 2 2 2 1 4937 5015 5016
9831 2 2 2 1 4937 5016 4938
9832 2 2 2 1 4938 5016 5017
9833 2 2 2 1 4938 5017 4939
9834 2 2 2 1 4939 5017 5018
9835 2 2 2 1 4939 5018 4940
9836 2 2 2 1 4940 5018 5019
9837 2 2 2 1 4940 5019 4941
9838 2 2 2 1 4941 5019 5020
9839 2 2 2 1 4941 5020 4942
9840 2 2 2 1 4942 5020 5021
9841 2 2 2 1 4942 5021 4943
9842 2 2 2 1 4943 5021 5022
9843 2 2 2 1 4943 5022 4944
9844 2 2 2 1 4944 5022 5023
9845 2 2 2 1 4944 5023 4945
9846 2 2 2 1 4945 5023 5024
9847 2 2 2 1 4945 5024 4946
9848 2 2 2 1 4946 5024 5025
9849 2 2 2 1 4946 5025 4947
9850 2 2 2 1 4947 5025 5026
9851 2 2 2 1 4947 5026 4948
9852 2 2 2 1 4948 5026 5027
9853 2 2 2 1 4948 5027 4949
9854 2 2 2 1 4949 5027 5028
9855 2 2 2 1 4949 5028 4950
9856 2 2 2 1 4950 5028 5029
9857 2 2 2 1 4950 5029 4951
9858 2 2 2 1 4951 5029 5030
9859 2 2 2 1 4951 5030 4952
9860 2 2 2 1 4952 5030 5031
9861 2 2 2 1 4952 5031 4953
9862 2 2 2 1 4953 5031 5032
9863 2 2 2 1 4953 5032 4954
9864 2 2 2 1 4954 5032 5033
9865 2 2 2 1 4954 5033 4955
9866 2 2 2 1 4955 5033 5034
9867 2 2 2 1 4955 5034 4956
9868 2 2 2 1 4956 5034 5035
9869 2 2 2 1 4956 5035 4957
9870 2 2 2 1 4957 5035 5036
9871 2 2 2 1 4957 5036 4958
9872 2 2 2 1 4958 5036 5037
9873 2 2 2 1 4958 5037 4959
9874 2 2 2 1 4959 5037 5038
9875 2 2 2 1 4959 5038 4960
9876 2 2 2 1 4960 5038 5039
9877 2 2 2 1 4960 5039 4961
9878 2 2 2 1 4961 5039 5040
9879 2 2 2 1 4961 5040 4962
9880 2 2 2 1 4962 5040 5041
9881 2 2 2 1 4962 5041 4963
9882 2 2 2 1 4963 5041 5042
9883 2 2 2 1 4963 5042 4964
9884 2 2 2 1 4964 5042 5043
9885 2 2 2 1 4964 5043 4965
9886 2 2 2 1 4965 5043 5044
9887 2 2 2 1 4965 5044 4966
9888 2 2 2 1 4966 5044 5045
9889 2 2 2 1 4966 5045 4967
9890 2 2 2 1 4967 5045 5046
9891 2 2 2 1 4967 5046 4968
9892 2 2 2 1 4968 5046 5047
9893 2 2 2 1 4968 5047 4969
9894 2 2 2 1 4969 5047 5048
9895 2 2 2 1 4969 5048 4970
9896 2 2 2 1 4970 5048 5049
9897 2 2 2 1 4970 5049 4971
9898 2 2 2 1 4971 5049 5050
9899 2 2 2 1 4971 5050 4972
9900 2 2 2 1 4972 5050 5051
9901 2 2 2 1 4972 5051 4973
9902 2 2 2 1 4973 5051 5052
9903 2 2 2 1 4973 5052 4974
9904 2 2 2 1 4974 5052 5053
9905 2 2 2 1 4974 5053 4975
9906 2 2 2 1 4975 5053 5054
9907 2 2 2 1 4975 5054 4976
9908 2 2 2 1 4976 5054 5055
9909 2 2 2 1 4976 5055 4977
9910 2 2 2 1 4977 5055 5056
9911 2 2 2 1 4977 5056 4978
9912 2 2 2 1 4978 5056 5057
9913 2 2 2 1 4978 5057 4979
9914 2 2 2 1 4979 5057 5058
9915 2 2 2 1 4979 5058 4980
9916 2 2 2 1 4980 5058 5059
9917 2 2 2 1 4980 5059 4981
9918 2 2 2 1 4981 5059 5060
9919 2 2 2 1 4981 5060 183
9920 2 2 2 1 183 5060 182
9921 2 2 2 1 64 65 4982
9922 2 2 2 1 4982 65 5061
9923 2 2 2 1 4982 5061 4983
9924 2 2 2 1 4983 5061 5062
9925 2 2 2 1 4983 5062 4984
9926 2 2 2 1 4984 5062 5063
9927 2 2 2 1 4984 5063 4985
9928 2 2 2 1 4985 5063 5064
9929 2 2 2 1 4985 5064 4986
9930 2 2 2 1 4986 5064 5065
9931 2 2 2 1 4986 5065 4987
9932 2 2 2 1 4987 5065 5066
9933 2 2 2 1 4987 5066 4988
9934 2 2 2 1 4988 5066 5067
9935 2 2 2 1 4988 5067 4989
9936 2 2 2 1 4989 5067 5068
9937 2 2 2 1 4989 5068 4990
9938 2 2 2 1 4990 5068 5069
9939 2 2 2 1 4990 5069 4991
9940 2 2 2 1 4991 5069 5070
9941 2 2 2 1 4991 5070 4992
9942 2 2 2 1 4992 5070 5071
9943 2 2 2 1 4992 5071 4993
9944 2 2 2 1 4993 5071 5072
9945 2 2 2 1 4993 5072 4994
9946 2 2 2 1 4994 5072 5073
9947 2 2 2 1 4994 5073 4995
9948 2 2 2 1 4995 5073 5074
9949 2 2 2 1 4995 5074 4996
9950 2 2 2 1 4996 5074 5075
9951 2 2 2 1 4996 5075 4997
9952 2 2 2 1 4997 5075 5076
9953 2 2 2 1 4997 5076 4998
9954 2 2 2 1 4998 5076 5077
9955 2 2 2 1 4998 5077 4999
9956 2 2 2 1 4999 5077 5078
9957 2 2 2 1 4999 5078 5000
9958 2 2 2 1 5000 5078 5079
9959 2 2 2 1 5000 5079 5001
9960 2 2 2 1 5001 5079 5080
9961 2 2 2 1 5001 5080 5002
9962 2 2 2 1 5002 5080 5081
9963 2 2 2 1 5002 5081 5003
9964 2 2 2 1 5003 5081 5082
9965 2 2 2 1 5003 5082 5004
9966 2 2 2 1 5004 5082 5083
9967 2 2 2 1 5004 5083 5005
9968 2 2 2 1 5005 5083 5084
9969 2 2 2 1 5005 5084 5006
9970 2 2 2 1 5006 5084 5085
9971 2 2 2 1 5006 5085 5007
9972 2 2 2 1 5007 5085 5086
9973 2 2 2 1 5007 5086 5008
9974 2 2 2 1 5008 5086 5087
9975 2 2 2 1 5008 5087 5009
9976 2 2 2 1 5009 5087 5088
9977 2 2 2 1 5009 5088 5010
9978 2 2 2 1 5010 5088 5089
9979 2 2 2 1 5010 5089 5011
9980 2 2 2 1 5011 5089 5090
9981 2 2 2 1 5011 5090 5012
9982 2 2 2 1 5012 5090 5091
9983 2 2 2 1 5012 5091 5013
9984 2 2 2 1 5013 5091 5092
9985 2 2 2 1 5013 5092 5014
9986 2 2 2 1 5014 5092 5093
9987 2 2 2 1 5014 5093 5015
9988 2 2 2 1 5015 5093 5094
9989 2 2 2 1 5015 5094 5016
9990 2 2 2 1 5016 5094 5095
9991 2 2 2 1 5016 5095 5017
9992 2 2 2 1 5017 5095 5096
9993 2 2 2 1 5017 5096 5018
9994 2 2 2 1 5018 5096 5097
9995 2 2 2 1 5018 5097 5019
9996 2 2 2 1 5019 5097 5098
9997 2 2 2 1 5019 5098 5020
9998 2 2 2 1 5020 5098 5099
9999 2 2 2 1 5020 5099 5021
10000 2 2 2 1 5021 5099 5100
10001 2 2 2 1 5021 5100 5022
10002 2 2 2 1 5022 5100 5101
10003 2 2 2 1 5022 5101 5023
10004 2 2 2 1 5023 5101 5102
10005 2 2 2 1 5023 5102 5024
10006 2 2 2 1 5024 5102 5103
10007 2 2 2 1 5024 5103 5025
10008 2 2 2 1 5025 5103 5104
10009 2 2 2 1 5025 5104 5026
10010 2 2 2 1 5026 5104 5105
10011 2 2 2 1 5026 5105 5027
10012 2 2 2 1 5027 5105 5106
10013 2 2 2 1 5027 5106 5028
10014 2 2 2 1 5028 5106 5107
10015 2 2 2 1 5028 5107 5029
10016 2 2 2 1 5029 5107 5108
10017 2 2 2 1 5029 5108 5030
10018 2 2 2 1 5030 5108 5109
10019 2 2 2 1 5030 5109 5031
10020 2 2 2 1 5031 5109 5110
10021 2 2 2 1 5031 5110 5032
10022 2 2 2 1 5032 5110 5111
10023 2 2 2 1 5032 5111 5033
10024 2 2 2 1 5033 5111 5112
10025 2 2 2 1 5033 5112 5034
10026 2 2 2 1 5034 5112 5113
10027 2 2 2 1 5034 5113 5035
10028 2 2 2 1 5035 5113 5114
10029 2 2 2 1 5035 5114 5036
10030 2 2 2 1 5036 5114 5115
10031 2 2 2 1 5036 5115 5037
10032 2 2 2 1 5037 5115 5116
10033 2 2 2 1 5037 5116 5038
10034 2 2 2 1 5038 5116 5117
10035 2 2 2 1 5038 5117 5039
10036 2 2 2 1 5039 5117 5118
10037 2 2 2 1 5039 5118 5040
10038 2 2 2 1 5040 5118 5119
10039 2 2 2 1 5040 5119 5041
10040 2 2 2 1 5041 5119 5120
10041 2 2 2 1 5041 5120 5042
10042 2 2 2 1 5042 5120 5121
10043 2 2 2 1 5042 5121 5043
10044 2 2 2 1 5043 5121 5122
10045 2 2 2 1 5043 5122 5044
10046 2 2 2 1 5044 5122 5123
10047 2 2 2 1 5044 5123 5045
10048 2 2 2 1 5045 5123 5124
10049 2 2 2 1 5045 5124 5046
10050 2 2 2 1 5046 5124 5125
10051 2 2 2 1 5046 5125 5047
10052 2 2 2 1 5047 5125 5126
10053 2 2 2 1 5047 5126 5048
10054 2 2 2 1 5048 5126 5127
10055 2 2 2 1 5048 5127 5049
10056 2 2 2 1 5049 5127 5128
10057 2 2 2 1 5049 5128 5050
10058 2 2 2 1 5050 5128 5129
10059 2 2 2 1 5050 5129 5051
10060 2 2 2 1 5051 5129 5130
10061 2 2 2 1 5051 5130 5052
10062 2 2 2 1 5052 5130 5131
10063 2 2 2 1 5052 5131 5053
10064 2 2 2 1 5053 5131 5132
10065 2 2 2 1 5053 5132 5054
10066 2 2 2 1 5054 5132 5133
10067 2 2 2 1 5054 5133 5055
10068 2 2 2 1 5055 5133 5134
10069 2 2 2 1 5055 5134 5056
10070 2 2 2 1 5056 5134 5135
10071 2 2 2 1 5056 5135 5057
10072 2 2 2 1 5057 5135 5136
10073 2 2 2 1 5057 5136 5058
10074 2 2 2 1 5058 5136 5137
10075 2 2 2 1 5058 5137 5059
10076 2 2 2 1 5059 5137 5138
10077 2 2 2 1 5059 5138 5060
10078 2 2 2 1 5060 5138 5139
10079 2 2 2 1 5060 5139 182
10080 2 2 2 1 182 5139 181
10081 2 2 2 1 65 66 5061
10082 2 2 2 1 5061 66 5140
10083 2 2 2 1 5061 5140 5062
10084 2 2 2 1 5062 5140 5141
10085 2 2 2 1 5062 5141 5063
10086 2 2 2 1 5063 5141 5142
10087 2 2 2 1 5063 5142 5064
10088 2 2 2 1 5064 5142 5143
10089 2 2 2 1 5064 5143 5065
10090 2 2 2 1 5065 5143 5144
10091 2 2 2 1 5065 5144 5066
10092 2 2 2 1 5066 5144 5145
10093 2 2 2 1 5066 5145 5067
10094 2 2 2 1 5067 5145 5146
10095 2 2 2 1 5067 5146 5068
10096 2 2 2 1 5068 5146 5147
10097 2 2 2 1 5068 5147 5069
10098 2 2 2 1 5069 5147 5148
10099 2 2 2 1 5069 5148 5070
10100 2 2 2 1 5070 5148 5149
10101 2 2 2 1 5070 5149 5071
10102 2 2 2 1 5071 5149 5150
10103 2 2 2 1 5071 5150 5072
10104 2 2 2 1 5072 5150 5151
10105 2 2 2 1 5072 5151 5073
10106 2 2 2 1 5073 5151 5152
10107 2 2 2 1 5073 5152 5074
10108 2 2 2 1 5074 5152 5153
10109 2 2 2 1 5074 5153 5075
10110 2 2 2 1 5075 5153 5154
10111 2 2 2 1 5075 5154 5076
10112 2 2 2 1 5076 5154 5155
10113 2 2 2 1 5076 5155 5077
10114 2 2 2 1 5077 5155 5156
10115 2 2 2 1 5077 5156 5078
10116 2 2 2 1 5078 5156 5157
10117 2 2 2 1 5078 5157 5079
10118 2 2 2 1 5079 5157 5158
10119 2 2 2 1 5079 5158 5080
10120 2 2 2 1 5080 5158 5159
10121 2 2 2 1 5080 5159 5081
10122 2 2 2 1 5081 5159 5160
10123 2 2 2 1 5081 5160 5082
10124 2 2 2 1 5082 5160 5161
10125 2 2 2 1 5082 5161 5083
10126 2 2 2 1 5083 5161 5162
10127 2 2 2 1 5083 5162 5084
10128 2 2 2 1 5084 5162 5163
10129 2 2 2 1 5084 5163 5085
10130 2 2 2 1 5085 5163 5164
10131 2 2 2 1 5085 5164 5086
10132 2 2 2 1 5086 5164 5165
10133 2 2 2 1 5086 5165 5087
10134 2 2 2 1 5087 5165 5166
10135 2 2 2 1 5087 5166 5088
10136 2 2 2 1 5088 5166 5167
10137 2 2 2 1 5088 5167 5089
10138 2 2 2 1 5089 5167 5168
10139 2 2 2 1 5089 5168 5090
10140 2 2 2 1 5090 5168 5169
10141 2 2 2 1 5090 5169 5091
10142 2 2 2 1 5091 5169 5170
10143 2 2 2 1 5091 5170 5092
10144 2 2 2 1 5092 5170 5171
10145 2 2 2 1 5092 5171 5093
10146 2 2 2 1 5093 5171 5172
10147 2 2 2 1 5093 5172 5094
10148 2 2 2 1 5094 5172 5173
10149 2 2 2 1 5094 5173 5095
10150 2 2 2 1 5095 5173 5174
10151 2 2 2 1 5095 5174 5096
10152 2 2 2 1 5096 5174 5175
10153 2 2 2 1 5096 5175 5097
10154 2 2 2 1 5097 5175 5176
10155 2 2 2 1 5097 5176 5098
10156 2 2 2 1 5098 5176 5177
10157 2 2 2 1 5098 5177 5099
10158 2 2 2 1 5099 5177 5178
10159 2 2 2 1 5099 5178 5100
10160 2 2 2 1 5100 5178 5179
10161 2 2 2 1 5100 5179 5101
10162 2 2 2 1 5101 5179 5180
10163 2 2 2 1 5101 5180 5102
10164 2 2 2 1 5102 5180 5181
10165 2 2 2 1 5102 5181 5103
10166 2 2 2 1 5103 5181 5182
10167 2 2 2 1 5103 5182 5104
10168 2 2 2 1 5104 5182 5183
10169 2 2 2 1 5104 5183 5105
10170 2 2 2 1 5105 5183 5184
10171 2 2 2 1 5105 5184 5106
10172 2 2 2 1 5106 5184 5185
10173 2 2 2 1 5106 5185 5107
10174 2 2 2 1 5107 5185 5186
10175 2 2 2 1 5107 5186 5108
10176 2 2 2 1 5108 5186 5187
10177 2 2 2 1 5108 5187 5109
10178 2 2 2 1 5109 5187 5188
10179 2 2 2 1 5109 5188 5110
10180 2 2 2 1 5110 5188 5189
10181 2 2 2 1 5110 5189 5111
10182 2 2 2 1 5111 5189 5190
10183 2 2 2 1 5111 5190 5112
10184 2 2 2 1 5112 5190 5191
10185 2 2 2 1 5112 5191 5113
10186 2 2 2 1 5113 5191 5192
10187 2 2 2 1 5113 5192 5114
10188 2 2 2 1 5114 5192 5193
10189 2 2 2 1 5114 5193 5115
10190 2 2 2 1 5115 5193 5194
10191 2 2 2 1 5115 5194 5116
10192 2 2 2 1 5116 5194 5195
10193 2 2 2 1 5116 5195 5117
10194 2 2 2 1 5117 5195 5196
10195 2 2 2 1 5117 5196 5118
10196 2 2 2 1 5118 5196 5197
10197 2 2 2 1 5118 5197 5119
10198 2 2 2 1 5119 5197 5198
10199 2 2 2 1 5119 5198 5120
10200 2 2 2 1 5120 5198 5199
10201 2 2 2 1 5120 5199 5121
10202 2 2 2 1 5121 5199 5200
10203 2 2 2 1 5121 5200 5122
10204 2 2 2 1 5122 5200 5201
10205 2 2 2 1 5122 5201 5123
10206 2 2 2 1 5123 5201 5202
10207 2 2 2 1 5123 5202 5124
10208 2 2 2 1 5124 5202 5203
10209 2 2 2 1 5124 5203 5125
10210 2 2 2 1 5125 5203 5204
10211 2 2 2 1 5125 5204 5126
10212 2 2 2 1 5126 5204 5205
10213 2 2 2 1 5126 5205 5127
10214 2 2 2 1 5127 5205 5206
10215 2 2 2 1 5127 5206 5128
10216 2 2 2 1 5128 5206 5207
10217 2 2 2 1 5128 5207 5129
10218 2 2 2 1 5129 5207 5208
10219 2 2 2 1 5129 5208 5130
10220 2 2 2 1 5130 5208 5209
10221 2 2 2 1 5130 5209 5131
10222 2 2 2 1 5131 5209 5210
10223 2 2 2 1 5131 5210 5132
10224 2 2 2 1 5132 5210 5211
10225 2 2 2 1 5132 5211 5133
10226 2 2 2 1 5133 5211 5212
10227 2 2 2 1 5133 5212 5134
10228 2 2 2 1 5134 5212 5213
10229 2 2 2 1 5134 5213 5135
10230 2 2 2 1 5135 5213 5214
10231 2 2 2 1 5135 5214 5136
10232 2 2 2 1 5136 5214 5215
10233 2 2 2 1 5136 5215 5137
10234 2 2 2 1 5137 5215 5216
10235 2 2 2 1 5137 5216 5138
10236 2 2 2 1 5138 5216 5217
10237 2 2 2 1 5138 5217 5139
10238 2 2 2 1 5139 5217 5218
10239 2 2 2 1 5139 5218 181
10240 2 2 2 1 181 5218 180
10241 2 2 2 1 66 67 5140
10242 2 2 2 1 5140 67 5219
10243 2 2 2 1 5140 5219 5141
10244 2 2 2 1 5141 5219 5220
10245 2 2 2 1 5141 5220 5142
10246 2 2 2 1 5142 5220 5221
10247 2 2 2 1 5142 5221 5143
10248 2 2 2 1 5143 5221 5222
10249 2 2 2 1 5143 5222 5144
10250 2 2 2 1 5144 5222 5223
10251 2 2 2 1 5144 5223 5145
10252 2 2 2 1 5145 5223 5224
10253 2 2 2 1 5145 5224 5146
10254 2 2 2 1 5146 5224 5225
10255 2 2 2 1 5146 5225 5147
10256 2 2 2 1 5147 5225 5226
10257 2 2 2 1 5147 5226 5148
10258 2 2 2 1 5148 5226 5227
10259 2 2 2 1 5148 5227 5149
10260 2 2 2 1 5149 5227 5228
10261 2 2 2 1 5149 5228 5150
10262 2 2 2 1 5150 5228 5229
10263 2 2 2 1 5150 5229 5151
10264 2 2 2 1 5151 5229 5230
10265 2 2 2 1 5151 5230 5152
10266 2 2 2 1 5152 5230 5231
10267 2 2 2 1 5152 5231 5153
10268 2 2 2 1 5153 5231 5232
10269 2 2 2 1 5153 5232 5154
10270 2 2 2 1 5154 5232 5233
10271 2 2 2 1 5154 5233 5155
10272 2 2 2 1 5155 5233 5234
10273 2 2 2 1 5155 5234 5156
10274 2 2 2 1 5156 5234 5235
10275 2 2 2 1 5156 5235 5157
10276 2 2 2 1 5157 5235 5236
10277 2 2 2 1 5157 5236 5158
10278 2 2 2 1 5158 5236 5237
10279 2 2 2 1 5158 5237 5159
10280 2 2 2 1 5159 5237 5238
10281 2 2 2 1 5159 5238 5160
10282 2 2 2 1 5160 5238 5239
10283 2 2 2 1 5160 5239 5161
10284 2 2 2 1 5161 5239 5240
10285 2 2 2 1 5161 5240 5162
10286 2 2 2 1 5162 5240 5241
10287 2 2 2 1 5162 5241 5163
10288 2 2 2 1 5163 5241 5242
10289 2 2 2 1 5163 5242 5164
10290 2 2 2 1 5164 5242 5243
10291 2 2 2 1 5164 5243 5165
10292 2 2 2 1 5165 5243 5244
10293 2 2 2 1 5165 5244 5166
10294 2 2 2 1 5166 5244 5245
10295 2 2 2 1 5166 5245 5167
10296 2 2 2 1 5167 5245 5246
10297 2 2 2 1 5167 5246 5168
10298 2 2 2 1 5168 5246 5247
10299 2 2 2 1 5168 5247 5169
10300 2 2 2 1 5169 5247 5248
10301 2 2 2 1 5169 5248 5170
10302 2 2 2 1 5170 5248 5249
10303 2 2 2 1 5170 5249 5171
10304 2 2 2 1 5171 5249 5250
10305 2 2 2 1 5171 5250 5172
10306 2 2 2 1 5172 5250 5251
10307 2 2 2 1 5172 5251 5173
10308 2 2 2 1 5173 5251 5252
10309 2 2 2 1 5173 5252 5174
10310 2 2 2 1 5174 5252 5253
10311 2 2 2 1 5174 5253 5175
10312 2 2 2 1 5175 5253 5254
10313 2 2 2 1 5175 5254 5176
10314 2 2 2 1 5176 5254 5255
10315 2 2 2 1 5176 5255 5177
10316 2 2 2 1 5177 5255 5256
10317 2 2 2 1 5177 5256 5178
10318 2 2 2 1 5178 5256 5257
10319 2 2 2 1 5178 5257 5179
10320 2 2 2 1 5179 5257 5258
10321 2 2 2 1 5179 5258 5180
10322 2 2 2 1 5180 5258 5259
10323 2 2 2 1 5180 5259 5181
10324 2 2 2 1 5181 5259 5260
10325 2 2 2 1 5181 5260 5182
10326 2 2 2 1 5182 5260 5261
10327 2 2 2 1 5182 5261 5183
10328 2 2 2 1 5183 5261 5262
10329 2 2 2 1 5183 5262 5184
10330 2 2 2 1 5184 5262 5263
10331 2 2 2 1 5184 5263 5185
10332 2 2 2 1 5185 5263 5264
10333 2 2 2 1 5185 5264 5186
10334 2 2 2 1 5186 5264 5265
10335 2 2 2 1 5186 5265 5187
10336 2 2 2 1 5187 5265 5266
10337 2 2 2 1 5187 5266 5188
10338 2 2 2 1 5188 5266 5267
10339 2 2 2 1 5188 5267 5189
10340 2 2 2 1 5189 5267 5268
10341 2 2 2 1 5189 5268 5190
10342 2 2 2 1 5190 5268 5269
10343 2 2 2 1 5190 5269 5191
10344 2 2 2 1 5191 5269 5270
10345 2 2 2 1 5191 5270 5192
10346 2 2 2 1 5192 5270 5271
10347 2 2 2 1 5192 5271 5193
10348 2 2 2 1 5193 5271 5272
10349 2 2 2 1 5193 5272 5194
10350 2 2 2 1 5194 5272 5273
10351 2 2 2 1 5194 5273 5195
10352 2 2 2 1 5195 5273 5274
10353 2 2 2 1 5195 5274 5196
10354 2 2 2 1 5196 5274 5275
10355 2 2 2 1 5196 5275 5197
10356 2 2 2 1 5197 5275 5276
10357 2 2 2 1 5197 5276 5198
10358 2 2 2 1 5198 5276 5277
10359 2 2 2 1 5198 5277 5199
10360 2 2 2 1 5199 5277 5278
10361 2 2 2 1 5199 5278 5200
10362 2 2 2 1 5200 5278 5279
10363 2 2 2 1 5200 5279 5201
10364 2 2 2 1 5201 5279 5280
10365 2 2 2 1 5201 5280 5202
10366 2 2 2 1 5202 5280 5281
10367 2 2 2 1 5202 5281 5203
10368 2 2 2 1 5203 5281 5282
10369 2 2 2 1 5203 5282 5204
10370 2 2 2 1 5204 5282 5283
10371 2 2 2 1 5204 5283 5205
10372 2 2 2 1 5205 5283 5284
10373 2 2 2 1 5205 5284 5206
10374 2 2 2 1 5206 5284 5285
10375 2 2 2 1 5206 5285 5207
10376 2 2 2 1 5207 5285 5286
10377 2 2 2 1 5207 5286 5208
10378 2 2 2 1 5208 5286 5287
10379 2 2 2 1 5208 5287 5209
10380 2 2 2 1 5209 5287 5288
10381 2 2 2 1 5209 5288 5210
10382 2 2 2 1 5210 5288 5289
10383 2 2 2 1 5210 5289 5211
10384 2 2 2 1 5211 5289 5290
10385 2 2 2 1 5211 5290 5212
10386 2 2 2 1 5212 5290 5291
10387 2 2 2 1 5212 5291 5213
10388 2 2 2 1 5213 5291 5292
10389 2 2 2 1 5213 5292 5214
10390 2 2 2 1 5214 5292 5293
10391 2 2 2 1 5214 5293 5215
10392 2 2 2 1 5215 5293 5294
10393 2 2 2 1 5215 5294 5216
10394 2 2 2 1 5216 5294 5295
10395 2 2 2 1 5216 5295 5217
10396 2 2 2 1 5217 5295 5296
10397 2 2 2 1 5217 5296 5218
10398 2 2 2 1 5218 5296 5297
10399 2 2 2 1 5218 5297 180
10400 2 2 2 1 180 5297 179
10401 2 2 2 1 67 68 5219
10402 2 2 2 1 5219 68 5298
10403 2 2 2 1 5219 5298 5220
10404 2 2 2 1 5220 5298 5299
10405 2 2 2 1 5220 5299 5221
10406 2 2 2 1 5221 5299 5300
10407 2 2 2 1 5221 5300 5222
10408 2 2 2 1 5222 5300 5301
10409 2 2 2 1 5222 5301 5223
10410 2 2 2 1 5223 5301 5302
10411 2 2 2 1 5223 5302 5224
10412 2 2 2 1 5224 5302 5303
10413 2 2 2 1 5224 5303 5225
10414 2 2 2 1 5225 5303 5304
10415 2 2 2 1 5225 5304 5226
10416 2 2 2 1 5226 5304 5305
10417 2 2 2 1 5226 5305 5227
10418 2 2 2 1 5227 5305 5306
10419 2 2 2 1 5227 5306 5228
10420 2 2 2 1 5228 5306 5307
10421 2 2 2 1 5228 5307 5229
10422 2 2 2 1 5229 5307 5308
10423 2 2 2 1 5229 5308 5230
10424 2 2 2 1 5230 5308 5309
10425 2 2 2 1 5230 5309 5231
10426 2 2 2 1 5231 5309 5310
10427 2 2 2 1 5231 5310 5232
10428 2 2 2 1 5232 5310 5311
10429 2 2 2 1 5232 5311 5233
10430 2 2 2 1 5233 5311 5312
10431 2 2 2 1 5233 5312 5234
10432 2 2 2 1 5234 5312 5313
10433 2 2 2 1 5234 5313 5235
10434 2 2 2 1 5235 5313 5314
10435 2 2 2 1 5235 5314 5236
10436 2 2 2 1 5236 5314 5315
10437 2 2 2 1 5236 5315 5237
10438 2 2 2 1 5237 5315 5316
10439 2 2 2 1 5237 5316 5238
10440 2 2 2 1 5238 5316 5317
10441 2 2 2 1 5238 5317 5239
10442 2 2 2 1 5239 5317 5318
10443 2 2 2 1 5239 5318 5240
10444 2 2 2 1 5240 5318 5319
10445 2 2 2 1 5240 5319 5241
10446 2 2 2 1 5241 5319 5320
10447 2 2 2 1 5241 5320 5242
10448 2 2 2 1 5242 5320 5321
10449 2 2 2 1 5242 5321 5243
10450 2 2 2 1 5243 5321 5322
10451 2 2 2 1 5243 5322 5244
10452 2 2 2 1 5244 5322 5323
10453 2 2 2 1 5244 5323 5245
10454 2 2 2 1 5245 5323 5324
10455 2 2 2 1 5245 5324 5246
10456 2 2 2 1 5246 5324 5325
10457 2 2 2 1 5246 5325 5247
10458 2 2 2 1 5247 5325 5326
10459 2 2 2 1 5247 5326 5248
10460 2 2 2 1 5248 5326 5327
10461 2 2 2 1 5248 5327 5249
10462 2 2 2 1 5249 5327 5328
10463 2 2 2 1 5249 5328 5250
10464 2 2 2 1 5250 5328 5329
10465 2 2 2 1 5250 5329 5251
10466 2 2 2 1 5251 5329 5330
10467 2 2 2 1 5251 5330 5252
10468 2 2 2 1 5252 5330 5331
10469 2 2 2 1 5252 5331 5253
10470 2 2 2 1 5253 5331 5332
10471 2 2 2 1 5253 5332 5254
10472 2 2 2 1 5254 5332 5333
10473 2 2 2 1 5254 5333 5255
10474 2 2 2 1 5255 5333 5334
10475 2 2 2 1 5255 5334 5256
10476 2 2 2 1 5256 5334 5335
10477 2 2 2 1 5256 5335 5257
10478 2 2 2 1 5257 5335 5336
10479 2 2 2 1 5257 5336 5258
10480 2 2 2 1 5258 5336 5337
10481 2 2 2 1 5258 5337 5259
10482 2 2 2 1 5259 5337 5338
10483 2 2 2 1 5259 5338 5260
10484 2 2 2 1 5260 5338 5339
10485 2 2 2 1 5260 5339 5261
10486 2 2 2 1 5261 5339 5340
10487 2 2 2 1 5261 5340 5262
10488 2 2 2 1 5262 5340 5341
10489 2 2 2 1 5262 5341 5263
10490 2 2 2 1 5263 5341 5342
10491 2 2 2 1 5263 5342 5264
10492 2 2 2 1 5264 5342 5343
10493 2 2 2 1 5264 5343 5265
10494 2 2 2 1 5265 5343 5344
10495 2 2 2 1 5265 5344 5266
10496 2 2 2 1 5266 5344 5345
10497 2 2 2 1 5266 5345 5267
10498 2 2 2 1 5267 5345 5346
10499 2 2 2 1 5267 5346 5268
10500 2 2 2 1 5268 5346 5347
10501 2 2 2 1 5268 5347 5269
10502 2 2 2 1 5269 5347 5348
10503 2 2 2 1 5269 5348 5270
10504 2 2 2 1 5270 5348 5349
10505 2 2 2 1 5270 5349 5271
10506 2 2 2 1 5271 5349 5350
10507 2 2 2 1 5271 5350 5272
10508 2 2 2 1 5272 5350 5351
10509 2 2 2 1 5272 5351 5273
10510 2 2 2 1 5273 5351 5352
10511 2 2 2 1 5273 5352 5274
10512 2 2 2 1 5274 5352 5353
10513 2 2 2 1 5274 5353 5275
10514 2 2 2 1 5275 5353 5354
10515 2 2 2 1 5275 5354 5276
10516 2 2 2 1 5276 5354 5355
10517 2 2 2 1 5276 5355 5277
10518 2 2 2 1 5277 5355 5356
10519 2 2 2 1 5277 5356 5278
10520 2 2 2 1 5278 5356 5357
10521 2 2 2 1 5278 5357 5279
10522 2 2 2 1 5279 5357 5358
10523 2 2 2 1 5279 5358 5280
10524 2 2 2 1 5280 5358 5359
10525 2 2 2 1 5280 5359 5281
10526 2 2 2 1 5281 5359 5360
10527 2 2 2 1 5281 5360 5282
10528 2 2 2 1 5282 5360 5361
10529 2 2 2 1 5282 5361 5283
10530 2 2 2 1 5283 5361 5362
10531 2 2 2 1 5283 5362 5284
10532 2 2 2 1 5284 5362 5363
10533 2 2 2 1 5284 5363 5285
10534 2 2 2 1 5285 5363 5364
10535 2 2 2 1 5285 5364 5286
10536 2 2 2 1 5286 5364 5365
10537 2 2 2 1 5286 5365 5287
10538 2 2 2 1 5287 5365 5366
10539 2 2 2 1 5287 5366 5288
10540 2 2 2 1 5288 5366 5367
10541 2 2 2 1 5288 5367 5289
10542 2 2 2 1 5289 5367 5368
10543 2 2 2 1 5289 5368 5290
10544 2 2 2 1 5290 5368 5369
10545 2 2 2 1 5290 5369 5291
10546 2 2 2 1 5291 5369 5370
10547 2 2 2 1 5291 5370 5292
10548 2 2 2 1 5292 5370 5371
10549 2 2 2 1 5292 5371 5293
10550 2 2 2 1 5293 5371 5372
10551 2 2 2 1 5293 5372 5294
10552 2 2 2 1 5294 5372 5373
10553 2 2 2 1 5294 5373 5295
10554 2 2 2 1 5295 5373 5374
10555 2 2 2 1 5295 5374 5296
10556 2 2 2 1 5296 5374 5375
10557 2 2 2 1 5296 5375 5297
10558 2 2 2 1 5297 5375 5376
10559 2 2 2 1 5297 5376 179
10560 2 2 2 1 179 5376 178
10561 2 2 2 1 68 69 5298
10562 2 2 2 1 5298 69 5377
10563 2 2 2 1 5298 5377 5299
10564 2 2 2 1 5299 5377 5378
10565 2 2 2 1 5299 5378 5300
10566 2 2 2 1 5300 5378 5379
10567 2 2 2 1 5300 5379 5301
10568 2 2 2 1 5301 5379 5380
10569 2 2 2 1 5301 5380 5302
10570 2 2 2 1 5302 5380 5381
10571 2 2 2 1 5302 5381 5303
10572 2 2 2 1 5303 5381 5382
10573 2 2 2 1 5303 5382 5304
10574 2 2 2 1 5304 5382 5383
10575 2 2 2 1 5304 5383 5305
10576 2 2 2 1 5305 5383 5384
10577 2 2 2 1 5305 5384 5306
10578 2 2 2 1 5306 5384 5385
10579 2 2 2 1 5306 5385 5307
10580 2 2 2 1 5307 5385 5386
10581 2 2 2 1 5307 5386 5308
10582 2 2 2 1 5308 5386 5387
10583 2 2 2 1 5308 5387 5309
10584 2 2 2 1 5309 5387 5388
10585 2 2 2 1 5309 5388 5310
10586 2 2 2 1 5310 5388 5389
10587 2 2 2 1 5310 5389 5311
10588 2 2 2 1 5311 5389 5390
10589 2 2 2 1 5311 5390 5312
10590 2 2 2 1 5312 5390 5391
10591 2 2 2 1 5312 5391 5313
10592 2 2 2 1 5313 5391 5392
10593 2 2 2 1 5313 5392 5314
10594 2 2 2 1 5314 5392 5393
10595 2 2 2 1 5314 5393 5315
10596 2 2 2 1 5315 5393 5394
10597 2 2 2 1 5315 5394 5316
10598 2 2 2 1 5316 5394 5395
10599 2 2 2 1 5316 5395 5317
10600 2 2 2 1 5317 5395 5396
10601 2 2 2 1 5317 5396 5318
10602 2 2 2 1 5318 5396 5397
10603 2 2 2 1 5318 5397 5319
10604 2 2 2 1 5319 5397 5398
10605 2 2 2 1 5319 5398 5320
10606 2 2 2 1 5320 5398 5399
10607 2 2 2 1 5320 5399 5321
10608 2 2 2 1 5321 5399 5400
10609 2 2 2 1 5321 5400 5322
10610 2 2 2 1 5322 5400 5401
10611 2 2 2 1 5322 5401 5323
10612 2 2 2 1 5323 5401 5402
10613 2 2 2 1 5323 5402 5324
10614 2 2 2 1 5324 5402 5403
10615 2 2 2 1 5324 5403 5325
10616 2 2 2 1 5325 5403 5404
10617 2 2 2 1 5325 5404 5326
10618 2 2 2 1 5326 5404 5405
10619 2 2 2 1 5326 5405 5327
10620 2 2 2 1 5327 5405 5406
10621 2 2 2 1 5327 5406 5328
10622 2 2 2 1 5328 5406 5407
10623 2 2 2 1 5328 5407 5329
10624 2 2 2 1 5329 5407 5408
10625 2 2 2 1 5329 5408 5330
10626 2 2 2 1 5330 5408 5409
10627 2 2 2 1 5330 5409 5331
10628 2 2 2 1 5331 5409 5410
10629 2 2 2 1 5331 5410 5332
10630 2 2 2 1 5332 5410 5411
10631 2 2 2 1 5332 5411 5333
10632 2 2 2 1 5333 5411 5412
10633 2 2 2 1 5333 5412 5334
10634 2 2 2 1 5334 5412 5413
10635 2 2 2 1 5334 5413 5335
10636 2 2 2 1 5335 5413 5414
10637 2 2 2 1 5335 5414 5336
10638 2 2 2 1 5336 5414 5415
10639 2 2 2 1 5336 5415 5337
10640 2 2 2 1 5337 5415 5416
10641 2 2 2 1 5337 5416 5338
10642 2 2 2 1 5338 5416 5417
10643 2 2 2 1 5338 5417 5339
10644 2 2 2 1 5339 5417 5418
10645 2 2 2 1 5339 5418 5340
10646 2 2 2 1 5340 5418 5419
10647 2 2 2 1 5340 5419 5341
10648 2 2 2 1 5341 5419 5420
10649 2 2 2 1 5341 5420 5342
10650 2 2 2 1 5342 5420 5421
10651 2 2 2 1 5342 5421 5343
10652 2 2 2 1 5343 5421 5422
10653 2 2 2 1 5343 5422 5344
10654 2 2 2 1 5344 5422 5423
10655 2 2 2 1 5344 5423 5345
10656 2 2 2 1 5345 5423 5424
10657 2 2 2 1 5345 5424 5346
10658 2 2 2 1 5346 5424 5425
10659 2 2 2 1 5346 5425 5347
10660 2 2 2 1 5347 5425 5426
10661 2 2 2 1 5347 5426 5348
10662 2 2 2 1 5348 5426 5427
10663 2 2 2 1 5348 5427 5349
10664 2 2 2 1 5349 5427 5428
10665 2 2 2 1 5349 5428 5350
10666 2 2 2 1 5350 5428 5429
10667 2 2 2 1 5350 5429 5351
10668 2 2 2 1 5351 5429 5430
10669 2 2 2 1 5351 5430 5352
10670 2 2 2 1 5352 5430 5431
10671 2 2 2 1 5352 5431 5353
10672 2 2 2 1 5353 5431 5432
10673 2 2 2 1 5353 5432 5354
10674 2 2 2 1 5354 5432 5433
10675 2 2 2 1 5354 5433 5355
10676 2 2 2 1 5355 5433 5434
10677 2 2 2 1 5355 5434 5356
10678 2 2 2 1 5356 5434 5435
10679 2 2 2 1 5356 5435 5357
10680 2 2 2 1 5357 5435 5436
10681 2 2 2 1 5357 5436 5358
10682 2 2 2 1 5358 5436 5437
10683 2 2 2 1 5358 5437 5359
10684 2 2 2 1 5359 5437 5438
10685 2 2 2 1 5359 5438 5360
10686 2 2 2 1 5360 5438 5439
10687 2 2 2 1 5360 5439 5361
10688 2 2 2 1 5361 5439 5440
10689 2 2 2 1 5361 5440 5362
10690 2 2 2 1 5362 5440 5441
10691 2 2 2 1 5362 5441 5363
10692 2 2 2 1 5363 5441 5442
10693 2 2 2 1 5363 5442 5364
10694 2 2 2 1 5364 5442 5443
10695 2 2 2 1 5364 5443 5365
10696 2 2 2 1 5365 5443 5444
10697 2 2 2 1 5365 5444 5366
10698 2 2 2 1 5366 5444 5445
10699 2 2 2 1 5366 5445 5367
10700 2 2 2 1 5367 5445 5446
10701 2 2 2 1 5367 5446 5368
10702 2 2 2 1 5368 5446 5447
10703 2 2 2 1 5368 5447 5369
10704 2 2 2 1 5369 5447 5448
10705 2 2 2 1 5369 5448 5370
10706 2 2 2 1 5370 5448 5449
10707 2 2 2 1 5370 5449 5371
10708 2 2 2 1 5371 5449 5450
10709 2 2 2 1 5371 5450 5372
10710 2 2 2 1 5372 5450 5451
10711 2 2 2 1 5372 5451 5373
10712 2 2 2 1 5373 5451 5452
10713 2 2 2 1 5373 5452 5374
10714 2 2 2 1 5374 5452 5453
10715 2 2 2 1 5374 5453 5375
10716 2 2 2 1 5375 5453 5454
10717 2 2 2 1 5375 5454 5376
10718 2 2 2 1 5376 5454 5455
10719 2 2 2 1 5376 5455 178
10720 2 2 2 1 178 5455 177
10721 2 2 2 1 69 70 5377
10722 2 2 2 1 5377 70 5456
10723 2 2 2 1 5377 5456 5378
10724 2 2 2 1 5378 5456 5457
10725 2 2 2 1 5378 5457 5379
10726 2 2 2 1 5379 5457 5458
10727 2 2 2 1 5379 5458 5380
10728 2 2 2 1 5380 5458 5459
10729 2 2 2 1 5380 5459 5381
10730 2 2 2 1 5381 5459 5460
10731 2 2 2 1 5381 5460 5382
10732 2 2 2 1 5382 5460 5461
10733 2 2 2 1 5382 5461 5383
10734 2 2 2 1 5383 5461 5462
10735 2 2 2 1 5383 5462 5384
10736 2 2 2 1 5384 5462 5463
10737 2 2 2 1 5384 5463 5385
10738 2 2 2 1 5385 5463 5464
10739 2 2 2 1 5385 5464 5386
10740 2 2 2 1 5386 5464 5465
10741 2 2 2 1 5386 5465 5387
10742 2 2 2 1 5387 5465 5466
10743 2 2 2 1 5387 5466 5388
10744 2 2 2 1 5388 5466 5467
10745 2 2 2 1 5388 5467 5389
10746 2 2 2 1 5389 5467 5468
10747 2 2 2 1 5389 5468 5390
10748 2 2 2 1 5390 5468 5469
10749 2 2 2 1 5390 5469 5391
10750 2 2 2 1 5391 5469 5470
10751 2 2 2 1 5391 5470 5392
10752 2 2 2 1 5392 5470 5471
10753 2 2 2 1 5392 5471 5393
10754 2 2 2 1 5393 5471 5472
10755 2 2 2 1 5393 5472 5394
10756 2 2 2 1 5394 5472 5473
10757 2 2 2 1 5394 5473 5395
10758 2 2 2 1 5395 5473 5474
10759 2 2 2 1 5395 5474 5396
10760 2 2 2 1 5396 5474 5475
10761 2 2 2 1 5396 5475 5397
10762 2 2 2 1 5397 5475 5476
10763 2 2 2 1 5397 5476 5398
10764 2 2 2 1 5398 5476 5477
10765 2 2 2 1 5398 5477 5399
10766 2 2 2 1 5399 5477 5478
10767 2 2 2 1 5399 5478 5400
10768 2 2 2 1 5400 5478 5479
10769 2 2 2 1 5400 5479 5401
10770 2 2 2 1 5401 5479 5480
10771 2 2 2 1 5401 5480 5402
10772 2 2 2 1 5402 5480 5481
10773 2 2 2 1 5402 5481 5403
10774 2 2 2 1 5403 5481 5482
10775 2 2 2 1 5403 5482 5404
10776 2 2 2 1 5404 5482 5483
10777 2 2 2 1 5404 5483 5405
10778 2 2 2 1 5405 5483 5484
10779 2 2 2 1 5405 5484 5406
10780 2 2 2 1 5406 5484 5485
10781 2 2 2 1 5406 5485 5407
10782 2 2 2 1 5407 5485 5486
10783 2 2 2 1 5407 5486 5408
10784 2 2 2 1 5408 5486 5487
10785 2 2 2 1 5408 5487 5409
10786 2 2 2 1 5409 5487 5488
10787 2 2 2 1 5409 5488 5410
10788 2 2 2 1 5410 5488 5489
10789 2 2 2 1 5410 5489 5411
10790 2 2 2 1 5411 5489 5490
10791 2 2 2 1 5411 5490 5412
10792 2 2 2 1 5412 5490 5491
10793 2 2 2 1 5412 5491 5413
10794 2 2 2 1 5413 5491 5492
10795 2 2 2 1 5413 5492 5414
10796 2 2 2 1 5414 5492 5493
10797 2 2 2 1 5414 5493 5415
10798 2 2 2 1 5415 5493 5494
10799 2 2 2 1 5415 5494 5416
10800 2 2 2 1 5416 5494 5495
10801 2 2 2 1 5416 5495 5417
10802 2 2 2 1 5417 5495 5496
10803 2 2 2 1 5417 5496 5418
10804 2 2 2 1 5418 5496 5497
10805 2 2 2 1 5418 5497 5419
10806 2 2 2 1 5419 5497 5498
10807 2 2 2 1 5419 5498 5420
10808 2 2 2 1 5420 5498 5499
10809 2 2 2 1 5420 5499 5421
10810 2 2 2 1 5421 5499 5500
10811 2 2 2 1 5421 5500 5422
10812 2 2 2 1 5422 5500 5501
10813 2 2 2 1 5422 5501 5423
10814 2 2 2 1 5423 5501 5502
10815 2 2 2 1 5423 5502 5424
10816 2 2 2 1 5424 5502 5503
10817 2 2 2 1 5424 5503 5425
10818 2 2 2 1 5425 5503 5504
10819 2 2 2 1 5425 5504 5426
10820 2 2 2 1 5426 5504 5505
10821 2 2 2 1 5426 5505 5427
10822 2 2 2 1 5427 5505 5506
10823 2 2 2 1 5427 5506 5428
10824 2 2 2 1 5428 5506 5507
10825 2 2 2 1 5428 5507 5429
10826 2 2 2 1 5429 5507 5508
10827 2 2 2 1 5429 5508 5430
10828 2 2 2 1 5430 5508 5509
10829 2 2 2 1 5430 5509 5431
10830 2 2 2 1 5431 5509 5510
10831 2 2 2 1 5431 5510 5432
10832 2 2 2 1 5432 5510 5511
10833 2 2 2 1 5432 5511 5433
10834 2 2 2 1 5433 5511 5512
10835 2 2 2 1 5433 5512 5434
10836 2 2 2 1 5434 5512 5513
10837 2 2 2 1 5434 5513 5435
10838 2 2 2 1 5435 5513 5514
10839 2 2 2 1 5435 5514 5436
10840 2 2 2 1 5436 5514 5515
10841 2 2 2 1 5436 5515 5437
10842 2 2 2 1 5437 5515 5516
10843 2 2 2 1 5437 5516 5438
10844 2 2 2 1 5438 5516 5517
10845 2 2 2 1 5438 5517 5439
10846 2 2 2 1 5439 5517 5518
10847 2 2 2 1 5439 5518 5440
10848 2 2 2 1 5440 5518 5519
10849 2 2 2 1 5440 5519 5441
10850 2 2 2 1 5441 5519 5520
10851 2 2 2 1 5441 5520 5442
10852 2 2 2 1 5442 5520 5521
10853 2 2 2 1 5442 5521 5443
10854 2 2 2 1 5443 5521 5522
10855 2 2 2 1 5443 5522 5444
10856 2 2 2 1 5444 5522 5523
10857 2 2 2 1 5444 5523 5445
10858 2 2 2 1 5445 5523 5524
10859 2 2 2 1 5445 5524 5446
10860 2 2 2 1 5446 5524 5525
10861 2 2 2 1 5446 5525 5447
10862 2 2 2 1 5447 5525 5526
10863 2 2 2 1 5447 5526 5448
10864 2 2 2 1 5448 5526 5527
10865 2 2 2 1 5448 5527 5449
10866 2 2 2 1 5449 5527 5528
10867 2 2 2 1 5449 5528 5450
10868 2 2 2 1 5450 5528 5529
10869 2 2 2 1 5450 5529 5451
10870 2 2 2 1 5451 5529 5530
10871 2 2 2 1 5451 5530 5452
10872 2 2 2 1 5452 5530 5531
10873 2 2 2 1 5452 5531 5453
10874 2 2 2 1 5453 5531 5532
10875 2 2 2 1 5453 5532 5454
10876 2 2 2 1 5454 5532 5533
10877 2 2 2 1 5454 5533 5455
10878 2 2 2 1 5455 5533 5534
10879 2 2 2 1 5455 5534 177
10880 2 2 2 1 177 5534 176
10881 2 2 2 1 70 71 5456
10882 2 2 2 1 5456 71 5535
10883 2 2 2 1 5456 5535 5457
10884 2 2 2 1 5457 5535 5536
10885 2 2 2 1 5457 5536 5458
10886 2 2 2 1 5458 5536 5537
10887 2 2 2 1 5458 5537 5459
10888 2 2 2 1 5459 5537 5538
10889 2 2 2 1 5459 5538 5460
10890 2 2 2 1 5460 5538 5539
10891 2 2 2 1 5460 5539 5461
10892 2 2 2 1 5461 5539 5540
10893 2 2 2 1 5461 5540 5462
10894 2 2 2 1 5462 5540 5541
10895 2 2 2 1 5462 5541 5463
10896 2 2 2 1 5463 5541 5542
10897 2 2 2 1 5463 5542 5464
10898 2 2 2 1 5464 5542 5543
10899 2 2 2 1 5464 5543 5465
10900 2 2 2 1 5465 5543 5544
10901 2 2 2 1 5465 5544 5466
10902 2 2 2 1 5466 5544 5545
10903 2 2 2 1 5466 5545 5467
10904 2 2 2 1 5467 5545 5546
10905 2 2 2 1 5467 5546 5468
10906 2 2 2 1 5468 5546 5547
10907 2 2 2 1 5468 5547 5469
10908 2 2 2 1 5469 5547 5548
10909 2 2 2 1 5469 5548 5470
10910 2 2 2 1 5470 5548 5549
10911 2 2 2 1 5470 5549 5471
10912 2 2 2 1 5471 5549 5550
10913 2 2 2 1 5471 5550 5472
10914 2 2 2 1 5472 5550 5551
10915 2 2 2 1 5472 5551 5473
10916 2 2 2 1 5473 5551 5552
10917 2 2 2 1 5473 5552 5474
10918 2 2 2 1 5474 5552 5553
10919 2 2 2 1 5474 5553 5475
10920 2 2 2 1 5475 5553 5554
10921 2 2 2 1 5475 5554 5476
10922 2 2 2 1 5476 5554 5555
10923 2 2 2 1 5476 5555 5477
10924 2 2 2 1 5477 5555 5556
10925 2 2 2 1 5477 5556 5478
10926 2 2 2 1 5478 5556 5557
10927 2 2 2 1 5478 5557 5479
10928 2 2 2 1 5479 5557 5558
10929 2 2 2 1 5479 5558 5480
10930 2 2 2 1 5480 5558 5559
10931 2 2 2 1 5480 5559 5481
10932 2 2 2 1 5481 5559 5560
10933 2 2 2 1 5481 5560 5482
10934 2 2 2 1 5482 5560 5561
10935 2 2 2 1 5482 5561 5483
10936 2 2 2 1 5483 5561 5562
10937 2 2 2 1 5483 5562 5484
10938 2 2 2 1 5484 5562 5563
10939 2 2 2 1 5484 5563 5485
10940 2 2 2 1 5485 5563 5564
10941 2 2 2 1 5485 5564 5486
10942 2 2 2 1 5486 5564 5565
10943 2 2 2 1 5486 5565 5487
10944 2 2 2 1 5487 5565 5566
10945 2 2 2 1 5487 5566 5488
10946 2 2 2 1 5488 5566 5567
10947 2 2 2 1 5488 5567 5489
10948 2 2 2 1 5489 5567 5568
10949 2 2 2 1 5489 5568 5490
10950 2 2 2 1 5490 5568 5569
10951 2 2 2 1 5490 5569 5491
10952 2 2 2 1 5491 5569 5570
10953 2 2 2 1 5491 5570 5492
10954 2 2 2 1 5492 5570 5571
10955 2 2 2 1 5492 5571 5493
10956 2 2 2 1 5493 5571 5572
10957 2 2 2 1 5493 5572 5494
10958 2 2 2 1 5494 5572 5573
10959 2 2 2 1 5494 5573 5495
10960 2 2 2 1 5495 5573 5574
10961 2 2 2 1 5495 5574 5496
10962 2 2 2 1 5496 5574 5575
10963 2 2 2 1 5496 5575 5497
10964 2 2 2 1 5497 5575 5576
10965 2 2 2 1 5497 5576 5498
10966 2 2 2 1 5498 5576 5577
10967 2 2 2 1 5498 5577 5499
10968 2 2 2 1 5499 5577 5578
10969 2 2 2 1 5499 5578 5500
10970 2 2 2 1 5500 5578 5579
10971 2 2 2 1 5500 5579 5501
10972 2 2 2 1 5501 5579 5580
10973 2 2 2 1 5501 5580 5502
10974 2 2 2 1 5502 5580 5581
10975 2 2 2 1 5502 5581 5503
10976 2 2 2 1 5503 5581 5582
10977 2 2 2 1 5503 5582 5504
10978 2 2 2 1 5504 5582 5583
10979 2 2 2 1 5504 5583 5505
10980 2 2 2 1 5505 5583 5584
10981 2 2 2 1 5505 5584 5506
10982 2 2 2 1 5506 5584 5585
10983 2 2 2 1 5506 5585 5507
10984 2 2 2 1 5507 5585 5586
10985 2 2 2 1 5507 5586 5508
10986 2 2 2 1 5508 5586 5587
10987 2 2 2 1 5508 5587 5509
10988 2 2 2 1 5509 5587 5588
10989 2 2 2 1 5509 5588 5510
10990 2 2 2 1 5510 5588 5589
10991 2 2 2 1 5510 5589 5511
10992 2 2 2 1 5511 5589 5590
10993 2 2 2 1 5511 5590 5512
10994 2 2 2 1 5512 5590 5591
10995 2 2 2 1 5512 5591 5513
10996 2 2 2 1 5513 5591 5592
10997 2 2 2 1 5513 5592 5514
10998 2 2 2 1 5514 5592 5593
10999 2 2 2 1 5514 5593 5515
11000 2 2 2 1 5515 5593 5594
11001 2 2 2 1 5515 5594 5516
11002 2 2 2 1 5516 5594 5595
11003 2 2 2 1 5516 5595 5517
11004 2 2 2 1 5517 5595 5596
11005 2 2 2 1 5517 5596 5518
11006 2 2 2 1 5518 5596 5597
11007 2 2 2 1 5518 5597 5519
11008 2 2 2 1 5519 5597 5598
11009 2 2 2 1 5519 5598 5520
11010 2 2 2 1 5520 5598 5599
11011 2 2 2 1 5520 5599 5521
11012 2 2 2 1 5521 5599 5600
11013 2 2 2 1 5521 5600 5522
11014 2 2 2 1 5522 5600 5601
11015 2 2 2 1 5522 5601 5523
11016 2 2 2 1 5523 5601 5602
11017 2 2 2 1 5523 5602 5524
11018 2 2 2 1 5524 5602 5603
11019 2 2 2 1 5524 5603 5525
11020 2 2 2 1 5525 5603 5604
11021 2 2 2 1 5525 5604 5526
11022 2 2 2 1 5526 5604 5605
11023 2 2 2 1 5526 5605 5527
11024 2 2 2 1 5527 5605 5606
11025 2 2 2 1 5527 5606 5528
11026 2 2 2 1 5528 5606 5607
11027 2 2 2 1 5528 5607 5529
11028 2 2 2 1 5529 5607 5608
11029 2 2 2 1 5529 5608 5530
11030 2 2 2 1 5530 5608 5609
11031 2 2 2 1 5530 5609 5531
11032 2 2 2 1 5531 5609 5610
11033 2 2 2 1 5531 5610 5532
11034 2 2 2 1 5532 5610 5611
11035 2 2 2 1 5532 5611 5533
11036 2 2 2 1 5533 5611 5612
11037 2 2 2 1 5533 5612 5534
11038 2 2 2 1 5534 5612 5613
11039 2 2 2 1 5534 5613 176
11040 2 2 2 1 176 5613 175
11041 2 2 2 1 71 72 5535
11042 2 2 2 1 5535 72 5614
11043 2 2 2 1 5535 5614 5536
11044 2 2 2 1 5536 5614 5615
11045 2 2 2 1 5536 5615 5537
11046 2 2 2 1 5537 5615 5616
11047 2 2 2 1 5537 5616 5538
11048 2 2 2 1 5538 5616 5617
11049 2 2 2 1 5538 5617 5539
11050 2 2 2 1 5539 5617 5618
11051 2 2 2 1 5539 5618 5540
11052 2 2 2 1 5540 5618 5619
11053 2 2 2 1 5540 5619 5541
11054 2 2 2 1 5541 5619 5620
11055 2 2 2 1 5541 5620 5542
11056 2 2 2 1 5542 5620 5621
11057 2 2 2 1 5542 5621 5543
11058 2 2 2 1 5543 5621 5622
11059 2 2 2 1 5543 5622 5544
11060 2 2 2 1 5544 5622 5623
11061 2 2 2 1 5544 5623 5545
11062 2 2 2 1 5545 5623 5624
11063 2 2 2 1 5545 5624 5546
11064 2 2 2 1 5546 5624 5625
11065 2 2 2 1 5546 5625 5547
11066 2 2 2 1 5547 5625 5626
11067 2 2 2 1 5547 5626 5548
11068 2 2 2 1 5548 5626 5627
11069 2 2 2 1 5548 5627 5549
11070 2 2 2 1 5549 5627 5628
11071 2 2 2 1 5549 5628 5550
11072 2 2 2 1 5550 5628 5629
11073 2 2 2 1 5550 5629 5551
11074 2 2 2 1 5551 5629 5630
11075 2 2 2 1 5551 5630 5552
11076 2 2 2 1 5552 5630 5631
11077 2 2 2 1 5552 5631 5553
11078 2 2 2 1 5553 5631 5632
11079 2 2 2 1 5553 5632 5554
11080 2 2 2 1 5554 5632 5633
11081 2 2 2 1 5554 5633 5555
11082 2 2 2 1 5555 5633 5634
11083 2 2 2 1 5555 5634 5556
11084 2 2 2 1 5556 5634 5635
11085 2 2 2 1 5556 5635 5557
11086 2 2 2 1 5557 5635 5636
11087 2 2 2 1 5557 5636 5558
11088 2 2 2 1 5558 5636 5637
11089 2 2 2 1 5558 5637 5559
11090 2 2 2 1 5559 5637 5638
11091 2 2 2 1 5559 5638 5560
11092 2 2 2 1 5560 5638 5639
11093 2 2 2 1 5560 5639 5561
11094 2 2 2 1 5561 5639 5640
11095 2 2 2 1 5561 5640 5562
11096 2 2 2 1 5562 5640 5641
11097 2 2 2 1 5562 5641 5563
11098 2 2 2 1 5563 5641 5642
11099 2 2 2 1 5563 5642 5564
11100 2 2 2 1 5564 5642 5643
11101 2 2 2 1 5564 5643 5565
11102 2 2 2 1 5565 5643 5644
11103 2 2 2 1 5565 5644 5566
11104 2 2 2 1 5566 5644 5645
11105 2 2 2 1 5566 5645 5567
11106 2 2 2 1 5567 5645 5646
11107 2 2 2 1 5567 5646 5568
11108 2 2 2 1 5568 5646 5647
11109 2 2 2 1 5568 5647 5569
11110 2 2 2 1 5569 5647 5648
11111 2 2 2 1 5569 5648 5570
11112 2 2 2 1 5570 5648 5649
11113 2 2 2 1 5570 5649 5571
11114 2 2 2 1 5571 5649 5650
11115 2 2 2 1 5571 5650 5572
11116 2 2 2 1 5572 5650 5651
11117 2 2 2 1 5572 5651 5573
11118 2 2 2 1 5573 5651 5652
11119 2 2 2 1 5573 5652 5574
11120 2 2 2 1 5574 5652 5653
11121 2 2 2 1 5574 5653 5575
11122 2 2 2 1 5575 5653 5654
11123 2 2 2 1 5575 5654 5576
11124 2 2 2 1 5576 5654 5655
11125 2 2 2 1 5576 5655 5577
11126 2 2 2 1 5577 5655 5656
11127 2 2 2 1 5577 5656 5578
11128 2 2 2 1 5578 5656 5657
11129 2 2 2 1 5578 5657 5579
11130 2 2 2 1 5579 5657 5658
11131 2 2 2 1 5579 5658 5580
11132 2 2 2 1 5580 5658 5659
11133 2 2 2 1 5580 5659 5581
11134 2 2 2 1 5581 5659 5660
11135 2 2 2 1 5581 5660 5582
11136 2 2 2 1 5582 5660 5661
11137 2 2 2 1 5582 5661 5583
11138 2 2 2 1 5583 5661 5662
11139 2 2 2 1 5583 5662 5584
11140 2 2 2 1 5584 5662 5663
11141 2 2 2 1 5584 5663 5585
11142 2 2 2 1 5585 5663 5664
11143 2 2 2 1 5585 5664 5586
11144 2 2 2 1 5586 5664 5665
11145 2 2 2 1 5586 5665 5587
11146 2 2 2 1 5587 5665 5666
11147 2 2 2 1 5587 5666 5588
11148 2 2 2 1 5588 5666 5667
11149 2 2 2 1 5588 5667 5589
11150 2 2 2 1 5589 5667 5668
11151 2 2 2 1 5589 5668 5590
11152 2 2 2 1 5590 5668 5669
11153 2 2 2 1 5590 5669 5591
11154 2 2 2 1 5591 5669 5670
11155 2 2 2 1 5591 5670 5592
11156 2 2 2 1 5592 5670 5671
11157 2 2 2 1 5592 5671 5593
11158 2 2 2 1 5593 5671 5672
11159 2 2 2 1 5593 5672 5594
11160 2 2 2 1 5594 5672 5673
11161 2 2 2 1 5594 5673 5595
11162 2 2 2 1 5595 5673 5674
11163 2 2 2 1 5595 5674 5596
11164 2 2 2 1 5596 5674 5675
11165 2 2 2 1 5596 5675 5597
11166 2 2 2 1 5597 5675 5676
11167 2 2 2 1 5597 5676 5598
11168 2 2 2 1 5598 5676 5677
11169 2 2 2 1 5598 5677 5599
11170 2 2 2 1 5599 5677 5678
11171 2 2 2 1 5599 5678 5600
11172 2 2 2 1 5600 5678 5679
11173 2 2 2 1 5600 5679 5601
11174 2 2 2 1 5601 5679 5680
11175 2 2 2 1 5601 5680 5602
11176 2 2 2 1 5602 5680 5681
11177 2 2 2 1 5602 5681 5603
11178 2 2 2 1 5603 5681 5682
11179 2 2 2 1 5603 5682 5604
11180 2 2 2 1 5604 5682 5683
11181 2 2 2 1 5604 5683 5605
11182 2 2 2 1 5605 5683 5684
11183 2 2 2 1 5605 5684 5606
11184 2 2 2 1 5606 5684 5685
11185 2 2 2 1 5606 5685 5607
11186 2 2 2 1 5607 5685 5686
11187 2 2 2 1 5607 5686 5608
11188 2 2 2 1 5608 5686 5687
11189 2 2 2 1 5608 5687 5609
11190 2 2 2 1 5609 5687 5688
11191 2 2 2 1 5609 5688 5610
11192 2 2 2 1 5610 5688 5689
11193 2 2 2 1 5610 5689 5611
11194 2 2 2 1 5611 5689 5690
11195 2 2 2 1 5611 5690 5612
11196 2 2 2 1 5612 5690 5691
11197 2 2 2 1 5612 5691 5613
11198 2 2 2 1 5613 5691 5692
11199 2 2 2 1 5613 5692 175
11200 2 2 2 1 175 5692 174
11201 2 2 2 1 72 73 5614
11202 2 2 2 1 5614 73 5693
11203 2 2 2 1 5614 5693 5615
11204 2 2 2 1 5615 5693 5694
11205 2 2 2 1 5615 5694 5616
11206 2 2 2 1 5616 5694 5695
11207 2 2 2 1 5616 5695 5617
11208 2 2 2 1 5617 5695 5696
11209 2 2 2 1 5617 5696 5618
11210 2 2 2 1 5618 5696 5697
11211 2 2 2 1 5618 5697 5619
11212 2 2 2 1 5619 5697 5698
11213 2 2 2 1 5619 5698 5620
11214 2 2 2 1 5620 5698 5699
11215 2 2 2 1 5620 5699 5621
11216 2 2 2 1 5621 5699 5700
11217 2 2 2 1 5621 5700 5622
11218 2 2 2 1 5622 5700 5701
11219 2 2 2 1 5622 5701 5623
11220 2 2 2 1 5623 5701 5702
11221 2 2 2 1 5623 5702 5624
11222 2 2 2 1 5624 5702 5703
11223 2 2 2 1 5624 5703 5625
11224 2 2 2 1 5625 5703 5704
11225 2 2 2 1 5625 5704 5626
11226 2 2 2 1 5626 5704 5705
11227 2 2 2 1 5626 5705 5627
11228 2 2 2 1 5627 5705 5706
11229 2 2 2 1 5627 5706 5628
11230 2 2 2 1 5628 5706 5707
11231 2 2 2 1 5628 5707 5629
11232 2 2 2 1 5629 5707 5708
11233 2 2 2 1 5629 5708 5630
11234 2 2 2 1 5630 5708 5709
11235 2 2 2 1 5630 5709 5631
11236 2 2 2 1 5631 5709 5710
11237 2 2 2 1 5631 5710 5632
11238 2 2 2 1 5632 5710 5711
11239 2 2 2 1 5632 5711 5633
11240 2 2 2 1 5633 5711 5712
11241 2 2 2 1 5633 5712 5634
11242 2 2 2 1 5634 5712 5713
11243 2 2 2 1 5634 5713 5635
11244 2 2 2 1 5635 5713 5714
11245 2 2 2 1 5635 5714 5636
11246 2 2 2 1 5636 5714 5715
11247 2 2 2 1 5636 5715 5637
11248 2 2 2 1 5637 5715 5716
11249 2 2 2 1 5637 5716 5638
11250 2 2 2 1 5638 5716 5717
11251 2 2 2 1 5638 5717 5639
11252 2 2 2 1 5639 5717 5718
11253 2 2 2 1 5639 5718 5640
11254 2 2 2 1 5640 5718 5719
11255 2 2 2 1 5640 5719 5641
11256 2 2 2 1 5641 5719 5720
11257 2 2 2 1 5641 5720 5642
11258 2 2 2 1 5642 5720 5721
11259 2 2 2 1 5642 5721 5643
11260 2 2 2 1 5643 5721 5722
11261 2 2 2 1 5643 5722 5644
11262 2 2 2 1 5644 5722 5723
11263 2 2 2 1 5644 5723 5645
11264 2 2 2 1 5645 5723 5724
11265 2 2 2 1 5645 5724 5646
11266 2 2 2 1 5646 5724 5725
11267 2 2 2 1 5646 5725 5647
11268 2 2 2 1 5647 5725 5726
11269 2 2 2 1 5647 5726 5648
11270 2 2 2 1 5648 5726 5727
11271 2 2 2 1 5648 5727 5649
11272 2 2 2 1 5649 5727 5728
11273 2 2 2 1 5649 5728 5650
11274 2 2 2 1 5650 5728 5729
11275 2 2 2 1 5650 5729 5651
11276 2 2 2 1 5651 5729 5730
11277 2 2 2 1 5651 5730 5652
11278 2 2 2 1 5652 5730 5731
11279 2 2 2 1 5652 5731 5653
11280 2 2 2 1 5653 5731 5732
11281 2 2 2 1 5653 5732 5654
11282 2 2 2 1 5654 5732 5733
11283 2 2 2 1 5654 5733 5655
11284 2 2 2 1 5655 5733 5734
11285 2 2 2 1 5655 5734 5656
11286 2 2 2 1 5656 5734 5735
11287 2 2 2 1 5656 5735 5657
11288 2 2 2 1 5657 5735 5736
11289 2 2 2 1 5657 5736 5658
11290 2 2 2 1 5658 5736 5737
11291 2 2 2 1 5658 5737 5659
11292 2 2 2 1 5659 5737 5738
11293 2 2 2 1 5659 5738 5660
11294 2 2 2 1 5660 5738 5739
11295 2 2 2 1 5660 5739 5661
11296 2 2 2 1 5661 5739 5740
11297 2 2 2 1 5661 5740 5662
11298 2 2 2 1 5662 5740 5741
11299 2 2 2 1 5662 5741 5663
11300 2 2 2 1 5663 5741 5742
11301 2 2 2 1 5663 5742 5664
11302 2 2 2 1 5664 5742 5743
11303 2 2 2 1 5664 5743 5665
11304 2 2 2 1 5665 5743 5744
11305 2 2 2 1 5665 5744 5666
11306 2 2 2 1 5666 5744 5745
11307 2 2 2 1 5666 5745 5667
11308 2 2 2 1 5667 5745 5746
11309 2 2 2 1 5667 5746 5668
11310 2 2 2 1 5668 5746 5747
11311 2 2 2 1 5668 5747 5669
11312 2 2 2 1 5669 5747 5748
11313 2 2 2 1 5669 5748 5670
11314 2 2 2 1 5670 5748 5749
11315 2 2 2 1 5670 5749 5671
11316 2 2 2 1 5671 5749 5750
11317 2 2 2 1 5671 5750 5672
11318 2 2 2 1 5672 5750 5751
11319 2 2 2 1 5672 5751 5673
11320 2 2 2 1 5673 5751 5752
11321 2 2 2 1 5673 5752 5674
11322 2 2 2 1 5674 5752 5753
11323 2 2 2 1 5674 5753 5675
11324 2 2 2 1 5675 5753 5754
11325 2 2 2 1 5675 5754 5676
11326 2 2 2 1 5676 5754 5755
11327 2 2 2 1 5676 5755 5677
11328 2 2 2 1 5677 5755 5756
11329 2 2 2 1 5677 5756 5678
11330 2 2 2 1 5678 5756 5757
11331 2 2 2 1 5678 5757 5679
11332 2 2 2 1 5679 5757 5758
11333 2 2 2 1 5679 5758 5680
11334 2 2 2 1 5680 5758 5759
11335 2 2 2 1 5680 5759 5681
11336 2 2 2 1 5681 5759 5760
11337 2 2 2 1 5681 5760 5682
11338 2 2 2 1 5682 5760 5761
11339 2 2 2 1 5682 5761 5683
11340 2 2 2 1 5683 5761 5762
11341 2 2 2 1 5683 5762 5684
11342 2 2 2 1 5684 5762 5763
11343 2 2 2 1 5684 5763 5685
11344 2 2 2 1 5685 5763 5764
11345 2 2 2 1 5685 5764 5686
11346 2 2 2 1 5686 5764 5765
11347 2 2 2 1 5686 5765 5687
11348 2 2 2 1 5687 5765 5766
11349 2 2 2 1 5687 5766 5688
11350 2 2 2 1 5688 5766 5767
11351 2 2 2 1 5688 5767 5689
11352 2 2 2 1 5689 5767 5768
11353 2 2 2 1 5689 5768 5690
11354 2 2 2 1 5690 5768 5769
11355 2 2 2 1 5690 5769 5691
11356 2 2 2 1 5691 5769 5770
11357 2 2 2 1 5691 5770 5692
11358 2 2 2 1 5692 5770 5771
11359 2 2 2 1 5692 5771 174
11360 2 2 2 1 174 5771 173
11361 2 2 2 1 73 74 5693
11362 2 2 2 1 5693 74 5772
11363 2 2 2 1 5693 5772 5694
11364 2 2 2 1 5694 5772 5773
11365 2 2 2 1 5694 5773 5695
11366 2 2 2 1 5695 5773 5774
11367 2 2 2 1 5695 5774 5696
11368 2 2 2 1 5696 5774 5775
11369 2 2 2 1 5696 5775 5697
11370 2 2 2 1 5697 5775 5776
11371 2 2 2 1 5697 5776 5698
11372 2 2 2 1 5698 5776 5777
11373 2 2 2 1 5698 5777 5699
11374 2 2 2 1 5699 5777 5778
11375 2 2 2 1 5699 5778 5700
11376 2 2 2 1 5700 5778 5779
11377 2 2 2 1 5700 5779 5701
11378 2 2 2 1 5701 5779 5780
11379 2 2 2 1 5701 5780 5702
11380 2 2 2 1 5702 5780 5781
11381 2 2 2 1 5702 5781 5703
11382 2 2 2 1 5703 5781 5782
11383 2 2 2 1 5703 5782 5704
11384 2 2 2 1 5704 5782 5783
11385 2 2 2 1 5704 5783 5705
11386 2 2 2 1 5705 5783 5784
11387 2 2 2 1 5705 5784 5706
11388 2 2 2 1 5706 5784 5785
11389 2 2 2 1 5706 5785 5707
11390 2 2 2 1 5707 5785 5786
11391 2 2 2 1 5707 5786 5708
11392 2 2 2 1 5708 5786 5787
11393 2 2 2 1 5708 5787 5709
11394 2 2 2 1 5709 5787 5788
11395 2 2 2 1 5709 5788 5710
11396 2 2 2 1 5710 5788 5789
11397 2 2 2 1 5710 5789 5711
11398 2 2 2 1 5711 5789 5790
11399 2 2 2 1 5711 5790 5712
11400 2 2 2 1 5712 5790 5791
11401 2 2 2 1 5712 5791 5713
11402 2 2 2 1 5713 5791 5792
11403 2 2 2 1 5713 5792 5714
11404 2 2 2 1 5714 5792 5793
11405 2 2 2 1 5714 5793 5715
11406 2 2 2 1 5715 5793 5794
11407 2 2 2 1 5715 5794 5716
11408 2 2 2 1 5716 5794 5795
11409 2 2 2 1 5716 5795 5717
11410 2 2 2 1 5717 5795 5796
11411 2 2 2 1 5717 5796 5718
11412 2 2 2 1 5718 5796 5797
11413 2 2 2 1 5718 5797 5719
11414 2 2 2 1 5719 5797 5798
11415 2 2 2 1 5719 5798 5720
11416 2 2 2 1 5720 5798 5799
11417 2 2 2 1 5720 5799 5721
11418 2 2 2 1 5721 5799 5800
11419 2 2 2 1 5721 5800 5722
11420 2 2 2 1 5722 5800 5801
11421 2 2 2 1 5722 5801 5723
11422 2 2 2 1 5723 5801 5802
11423 2 2 2 1 5723 5802 5724
11424 2 2 2 1 5724 5802 5803
11425 2 2 2 1 5724 5803 5725
11426 2 2 2 1 5725 5803 5804
11427 2 2 2 1 5725 5804 5726
11428 2 2 2 1 5726 5804 5805
11429 2 2 2 1 5726 5805 5727
11430 2 2 2 1 5727 5805 5806
11431 2 2 2 1 5727 5806 5728
11432 2 2 2 1 5728 5806 5807
11433 2 2 2 1 5728 5807 5729
11434 2 2 2 1 5729 5807 5808
11435 2 2 2 1 5729 5808 5730
11436 2 2 2 1 5730 5808 5809
11437 2 2 2 1 5730 5809 5731
11438 2 2 2 1 5731 5809 5810
11439 2 2 2 1 5731 5810 5732
11440 2 2 2 1 5732 5810 5811
11441 2 2 2 1 5732 5811 5733
11442 2 2 2 1 5733 5811 5812
11443 2 2 2 1 5733 5812 5734
11444 2 2 2 1 5734 5812 5813
11445 2 2 2 1 5734 5813 5735
11446 2 2 2 1 5735 5813 5814
11447 2 2 2 1 5735 5814 5736
11448 2 2 2 1 5736 5814 5815
11449 2 2 2 1 5736 5815 5737
11450 2 2 2 1 5737 5815 5816
11451 2 2 2 1 5737 5816 5738
11452 2 2 2 1 5738 5816 5817
11453 2 2 2 1 5738 5817 5739
11454 2 2 2 1 5739 5817 5818
11455 2 2 2 1 5739 5818 5740
11456 2 2 2 1 5740 5818 5819
11457 2 2 2 1 5740 5819 5741
11458 2 2 2 1 5741 5819 5820
11459 2 2 2 1 5741 5820 5742
11460 2 2 2 1 5742 5820 5821
11461 2 2 2 1 5742 5821 5743
11462 2 2 2 1 5743 5821 5822
11463 2 2 2 1 5743 5822 5744
11464 2 2 2 1 5744 5822 5823
11465 2 2 2 1 5744 5823 5745
11466 2 2 2 1 5745 5823 5824
11467 2 2 2 1 5745 5824 5746
11468 2 2 2 1 5746 5824 5825
11469 2 2 2 1 5746 5825 5747
11470 2 2 2 1 5747 5825 5826
11471 2 2 2 1 5747 5826 5748
11472 2 2 2 1 5748 5826 5827
11473 2 2 2 1 5748 5827 5749
11474 2 2 2 1 5749 5827 5828
11475 2 2 2 1 5749 5828 5750
11476 2 2 2 1 5750 5828 5829
11477 2 2 2 1 5750 5829 5751
11478 2 2 2 1 5751 5829 5830
11479 2 2 2 1 5751 5830 5752
11480 2 2 2 1 5752 5830 5831
11481 2 2 2 1 5752 5831 5753
11482 2 2 2 1 5753 5831 5832
11483 2 2 2 1 5753 5832 5754
11484 2 2 2 1 5754 5832 5833
11485 2 2 2 1 5754 5833 5755
11486 2 2 2 1 5755 5833 5834
11487 2 2 2 1 5755 5834 5756
11488 2 2 2 1 5756 5834 5835
11489 2 2 2 1 5756 5835 5757
11490 2 2 2 1 5757 5835 5836
11491 2 2 2 1 5757 5836 5758
11492 2 2 2 1 5758 5836 5837
11493 2 2 2 1 5758 5837 5759
11494 2 2 2 1 5759 5837 5838
11495 2 2 2 1 5759 5838 5760
11496 2 2 2 1 5760 5838 5839
11497 2 2 2 1 5760 5839 5761
11498 2 2 2 1 5761 5839 5840
11499 2 2 2 1 5761 5840 5762
11500 2 2 2 1 5762 5840 5841
11501 2 2 2 1 5762 5841 5763
11502 2 2 2 1 5763 5841 5842
11503 2 2 2 1 5763 5842 5764
11504 2 2 2 1 5764 5842 5843
11505 2 2 2 1 5764 5843 5765
11506 2 2 2 1 5765 5843 5844
11507 2 2 2 1 5765 5844 5766
11508 2 2 2 1 5766 5844 5845
11509 2 2 2 1 5766 5845 5767
11510 2 2 2 1 5767 5845 5846
11511 2 2 2 1 5767 5846 5768
11512 2 2 2 1 5768 5846 5847
11513 2 2 2 1 5768 5847 5769
11514 2 2 2 1 5769 5847 5848
11515 2 2 2 1 5769 5848 5770
11516 2 2 2 1 5770 5848 5849
11517 2 2 2 1 5770 5849 5771
11518 2 2 2 1 5771 5849 5850
11519 2 2 2 1 5771 5850 173
11520 2 2 2 1 173 5850 172
11521 2 2 2 1 74 75 5772
11522 2 2 2 1 5772 75 5851
11523 2 2 2 1 5772 5851 5773
11524 2 2 2 1 5773 5851 5852
11525 2 2 2 1 5773 5852 5774
11526 2 2 2 1 5774 5852 5853
11527 2 2 2 1 5774 5853 5775
11528 2 2 2 1 5775 5853 5854
11529 2 2 2 1 5775 5854 5776
11530 2 2 2 1 5776 5854 5855
11531 2 2 2 1 5776 5855 5777
11532 2 2 2 1 5777 5855 5856
11533 2 2 2 1 5777 5856 5778
11534 2 2 2 1 5778 5856 5857
11535 2 2 2 1 5778 5857 5779
11536 2 2 2 1 5779 5857 5858
11537 2 2 2 1 5779 5858 5780
11538 2 2 2 1 5780 5858 5859
11539 2 2 2 1 5780 5859 5781
11540 2 2 2 1 5781 5859 5860
11541 2 2 2 1 5781 5860 5782
11542 2 2 2 1 5782 5860 5861
11543 2 2 2 1 5782 5861 5783
11544 2 2 2 1 5783 5861 5862
11545 2 2 2 1 5783 5862 5784
11546 2 2 2 1 5784 5862 5863
11547 2 2 2 1 5784 5863 5785
11548 2 2 2 1 5785 5863 5864
11549 2 2 2 1 5785 5864 5786
11550 2 2 2 1 5786 5864 5865
11551 2 2 2 1 5786 5865 5787
11552 2 2 2 1 5787 5865 5866
11553 2 2 2 1 5787 5866 5788
11554 2 2 2 1 5788 5866 5867
11555 2 2 2 1 5788 5867 5789
11556 2 2 2 1 5789 5867 5868
11557 2 2 2 1 5789 5868 5790
11558 2 2 2 1 5790 5868 5869
11559 2 2 2 1 5790 5869 5791
11560 2 2 2 1 5791 5869 5870
11561 2 2 2 1 5791 5870 5792
11562 2 2 2 1 5792 5870 5871
11563 2 2 2 1 5792 5871 5793
11564 2 2 2 1 5793 5871 5872
11565 2 2 2 1 5793 5872 5794
11566 2 2 2 1 5794 5872 5873
11567 2 2 2 1 5794 5873 5795
11568 2 2 2 1 5795 5873 5874
11569 2 2 2 1 5795 5874 5796
11570 2 2 2 1 5796 5874 5875
11571 2 2 2 1 5796 5875 5797
11572 2 2 2 1 5797 5875 5876
11573 2 2 2 1 5797 5876 5798
11574 2 2 2 1 5798 5876 5877
11575 2 2 2 1 5798 5877 5799
11576 2 2 2 1 5799 5877 5878
11577 2 2 2 1 5799 5878 5800
11578 2 2 2 1 5800 5878 5879
11579 2 2 2 1 5800 5879 5801
11580 2 2 2 1 5801 5879 5880
11581 2 2 2 1 5801 5880 5802
11582 2 2 2 1 5802 5880 5881
11583 2 2 2 1 5802 5881 5803
11584 2 2 2 1 5803 5881 5882
11585 2 2 2 1 5803 5882 5804
11586 2 2 2 1 5804 5882 5883
11587 2 2 2 1 5804 5883 5805
11588 2 2 2 1 5805 5883 5884
11589 2 2 2 1 5805 5884 5806
11590 2 2 2 1 5806 5884 5885
11591 2 2 2 1 5806 5885 5807
11592 2 2 2 1 5807 5885 5886
11593 2 2 2 1 5807 5886 5808
11594 2 2 2 1 5808 5886 5887
11595 2 2 2 1 5808 5887 5809
11596 2 2 2 1 5809 5887 5888
11597 2 2 2 1 5809 5888 5810
11598 2 2 2 1 5810 5888 5889
11599 2 2 2 1 5810 5889 5811
11600 2 2 2 1 5811 5889 5890
11601 2 2 2 1 5811 5890 5812
11602 2 2 2 1 5812 5890 5891
11603 2 2 2 1 5812 5891 5813
11604 2 2 2 1 5813 5891 5892
11605 2 2 2 1 5813 5892 5814
11606 2 2 2 1 5814 5892 5893
11607 2 2 2 1 5814 5893 5815
11608 2 2 2 1 5815 5893 5894
11609 2 2 2 1 5815 5894 5816
11610 2 2 2 1 5816 5894 5895
11611 2 2 2 1 5816 5895 5817
11612 2 2 2 1 5817 5895 5896
11613 2 2 2 1 5817 5896 5818
11614 2 2 2 1 5818 5896 5897
11615 2 2 2 1 5818 5897 5819
11616 2 2 2 1 5819 5897 5898
11617 2 2 2 1 5819 5898 5820
11618 2 2 2 1 5820 5898 5899
11619 2 2 2 1 5820 5899 5821
11620 2 2 2 1 5821 5899 5900
11621 2 2 2 1 5821 5900 5822
11622 2 2 2 1 5822 5900 5901
11623 2 2 2 1 5822 5901 5823
11624 2 2 2 1 5823 5901 5902
11625 2 2 2 1 5823 5902 5824
11626 2 2 2 1 5824 5902 5903
11627 2 2 2 1 5824 5903 5825
11628 2 2 2 1 5825 5903 5904
11629 2 2 2 1 5825 5904 5826
11630 2 2 2 1 5826 5904 5905
11631 2 2 2 1 5826 5905 5827
11632 2 2 2 1 5827 5905 5906
11633 2 2 2 1 5827 5906 5828
11634 2 2 2 1 5828 5906 5907
11635 2 2 2 1 5828 5907 5829
11636 2 2 2 1 5829 5907 5908
11637 2 2 2 1 5829 5908 5830
11638 2 2 2 1 5830 5908 5909
11639 2 2 2 1 5830 5909 5831
11640 2 2 2 1 5831 5909 5910
11641 2 2 2 1 5831 5910 5832
11642 2 2 2 1 5832 5910 5911
11643 2 2 2 1 5832 5911 5833
11644 2 2 2 1 5833 5911 5912
11645 2 2 2 1 5833 5912 5834
11646 2 2 2 1 5834 5912 5913
11647 2 2 2 1 5834 5913 5835
11648 2 2 2 1 5835 5913 5914
11649 2 2 2 1 5835 5914 5836
11650 2 2 2 1 5836 5914 5915
11651 2 2 2 1 5836 5915 5837
11652 2 2 2 1 5837 5915 5916
11653 2 2 2 1 5837 5916 5838
11654 2 2 2 1 5838 5916 5917
11655 2 2 2 1 5838 5917 5839
11656 2 2 2 1 5839 5917 5918
11657 2 2 2 1 5839 5918 5840
11658 2 2 2 1 5840 5918 5919
11659 2 2 2 1 5840 5919 5841
11660 2 2 2 1 5841 5919 5920
11661 2 2 2 1 5841 5920 5842
11662 2 2 2 1 5842 5920 5921
11663 2 2 2 1 5842 5921 5843
11664 2 2 2 1 5843 5921 5922
11665 2 2 2 1 5843 5922 5844
11666 2 2 2 1 5844 5922 5923
11667 2 2 2 1 5844 5923 5845
11668 2 2 2 1 5845 5923 5924
11669 2 2 2 1 5845 5924 5846
11670 2 2 2 1 5846 5924 5925
11671 2 2 2 1 5846 5925 5847
11672 2 2 2 1 5847 5925 5926
11673 2 2 2 1 5847 5926 5848
11674 2 2 2 1 5848 5926 5927
11675 2 2 2 1 5848 5927 5849
11676 2 2 2 1 5849 5927 5928
11677 2 2 2 1 5849 5928 5850
11678 2 2 2 1 5850 5928 5929
11679 2 2 2 1 5850 5929 172
11680 2 2 2 1 172 5929 171
11681 2 2 2 1 75 76 5851
11682 2 2 2 1 5851 76 5930
11683 2 2 2 1 5851 5930 5852
11684 2 2 2 1 5852 5930 5931
11685 2 2 2 1 5852 5931 5853
11686 2 2 2 1 5853 5931 5932
11687 2 2 2 1 5853 5932 5854
11688 2 2 2 1 5854 5932 5933
11689 2 2 2 1 5854 5933 5855
11690 2 2 2 1 5855 5933 5934
11691 2 2 2 1 5855 5934 5856
11692 2 2 2 1 5856 5934 5935
11693 2 2 2 1 5856 5935 5857
11694 2 2 2 1 5857 5935 5936
11695 2 2 2 1 5857 5936 5858
11696 2 2 2 1 5858 5936 5937
11697 2 2 2 1 5858 5937 5859
11698 2 2 2 1 5859 5937 5938
11699 2 2 2 1 5859 5938 5860
11700 2 2 2 1 5860 5938 5939
11701 2 2 2 1 5860 5939 5861
11702 2 2 2 1 5861 5939 5940
11703 2 2 2 1 5861 5940 5862
11704 2 2 2 1 5862 5940 5941
11705 2 2 2 1 5862 5941 5863
11706 2 2 2 1 5863 5941 5942
11707 2 2 2 1 5863 5942 5864
11708 2 2 2 1 5864 5942 5943
11709 2 2 2 1 5864 5943 5865
11710 2 2 2 1 5865 5943 5944
11711 2 2 2 1 5865 5944 5866
11712 2 2 2 1 5866 5944 5945
11713 2 2 2 1 5866 5945 5867
11714 2 2 2 1 5867 5945 5946
11715 2 2 2 1 5867 5946 5868
11716 2 2 2 1 5868 5946 5947
11717 2 2 2 1 5868 5947 5869
11718 2 2 2 1 5869 5947 5948
11719 2 2 2 1 5869 5948 5870
11720 2 2 2 1 5870 5948 5949
11721 2 2 2 1 5870 5949 5871
11722 2 2 2 1 5871 5949 5950
11723 2 2 2 1 5871 5950 5872
11724 2 2 2 1 5872 5950 5951
11725 2 2 2 1 5872 5951 5873
11726 2 2 2 1 5873 5951 5952
11727 2 2 2 1 5873 5952 5874
11728 2 2 2 1 5874 5952 5953
11729 2 2 2 1 5874 5953 5875
11730 2 2 2 1 5875 5953 5954
11731 2 2 2 1 5875 5954 5876
11732 2 2 2 1 5876 5954 5955
11733 2 2 2 1 5876 5955 5877
11734 2 2 2 1 5877 5955 5956
11735 2 2 2 1 5877 5956 5878
11736 2 2 2 1 5878 5956 5957
11737 2 2 2 1 5878 5957 5879
11738 2 2 2 1 5879 5957 5958
11739 2 2 2 1 5879 5958 5880
11740 2 2 2 1 5880 5958 5959
11741 2 2 2 1 5880 5959 5881
11742 2 2 2 1 5881 5959 5960
11743 2 2 2 1 5881 5960 5882
11744 2 2 2 1 5882 5960 5961
11745 2 2 2 1 5882 5961 5883
11746 2 2 2 1 5883 5961 5962
11747 2 2 2 1 5883 5962 5884
11748 2 2 2 1 5884 5962 5963
11749 2 2 2 1 5884 5963 5885
11750 2 2 2 1 5885 5963 5964
11751 2 2 2 1 5885 5964 5886
11752 2 2 2 1 5886 5964 5965
11753 2 2 2 1 5886 5965 5887
11754 2 2 2 1 5887 5965 5966
11755 2 2 2 1 5887 5966 5888
11756 2 2 2 1 5888 5966 5967
11757 2 2 2 1 5888 5967 5889
11758 2 2 2 1 5889 5967 5968
11759 2 2 2 1 5889 5968 5890
11760 2 2 2 1 5890 5968 5969
11761 2 2 2 1 5890 5969 5891
11762 2 2 2 1 5891 5969 5970
11763 2 2 2 1 5891 5970 5892
11764 2 2 2 1 5892 5970 5971
11765 2 2 2 1 5892 5971 5893
11766 2 2 2 1 5893 5971 5972
11767 2 2 2 1 5893 5972 5894
11768 2 2 2 1 5894 5972 5973
11769 2 2 2 1 5894 5973 5895
11770 2 2 2 1 5895 5973 5974
11771 2 2 2 1 5895 5974 5896
11772 2 2 2 1 5896 5974 5975
11773 2 2 2 1 5896 5975 5897
11774 2 2 2 1 5897 5975 5976
11775 2 2 2 1 5897 5976 5898
11776 2 2 2 1 5898 5976 5977
11777 2 2 2 1 5898 5977 5899
11778 2 2 2 1 5899 5977 5978
11779 2 2 2 1 5899 5978 5900
11780 2 2 2 1 5900 5978 5979
11781 2 2 2 1 5900 5979 5901
11782 2 2 2 1 5901 5979 5980
11783 2 2 2 1 5901 5980 5902
11784 2 2 2 1 5902 5980 5981
11785 2 2 2 1 5902 5981 5903
11786 2 2 2 1 5903 5981 5982
11787 2 2 2 1 5903 5982 5904
11788 2 2 2 1 5904 5982 5983
11789 2 2 2 1 5904 5983 5905
11790 2 2 2 1 5905 5983 5984
11791 2 2 2 1 5905 5984 5906
11792 2 2 2 1 5906 5984 5985
11793 2 2 2 1 5906 5985 5907
11794 2 2 2 1 5907 5985 5986
11795 2 2 2 1 5907 5986 5908
11796 2 2 2 1 5908 5986 5987
11797 2 2 2 1 5908 5987 5909
11798 2 2 2 1 5909 5987 5988
11799 2 2 2 1 5909 5988 5910
11800 2 2 2 1 5910 5988 5989
11801 2 2 2 1 5910 5989 5911
11802 2 2 2 1 5911 5989 5990
11803 2 2 2 1 5911 5990 5912
11804 2 2 2 1 5912 5990 5991
11805 2 2 2 1 5912 5991 5913
11806 2 2 2 1 5913 5991 5992
11807 2 2 2 1 5913 5992 5914
11808 2 2 2 1 5914 5992 5993
11809 2 2 2 1 5914 5993 5915
11810 2 2 2 1 5915 5993 5994
11811 2 2 2 1 5915 5994 5916
11812 2 2 2 1 5916 5994 5995
11813 2 2 2 1 5916 5995 5917
11814 2 2 2 1 5917 5995 5996
11815 2 2 2 1 5917 5996 5918
11816 2 2 2 1 5918 5996 5997
11817 2 2 2 1 5918 5997 5919
11818 2 2 2 1 5919 5997 5998
11819 2 2 2 1 5919 5998 5920
11820 2 2 2 1 5920 5998 5999
11821 2 2 2 1 5920 5999 5921
11822 2 2 2 1 5921 5999 6000
11823 2 2 2 1 5921 6000 5922
11824 2 2 2 1 5922 6000 6001
11825 2 2 2 1 5922 6001 5923
11826 2 2 2 1 5923 6001 6002
11827 2 2 2 1 5923 6002 5924
11828 2 2 2 1 5924 6002 6003
11829 2 2 2 1 5924 6003 5925
11830 2 2 2 1 5925 6003 6004
11831 2 2 2 1 5925 6004 5926
11832 2 2 2 1 5926 6004 6005
11833 2 2 2 1 5926 6005 5927
11834 2 2 2 1 5927 6005 6006
11835 2 2 2 1 5927 6006 5928
11836 2 2 2 1 5928 6006 6007
11837 2 2 2 1 5928 6007 5929
11838 2 2 2 1 5929 6007 6008
11839 2 2 2 1 5929 6008 171
11840 2 2 2 1 171 6008 170
11841 2 2 2 1 76 77 5930
11842 2 2 2 1 5930 77 6009
11843 2 2 2 1 5930 6009 5931
11844 2 2 2 1 5931 6009 6010
11845 2 2 2 1 5931 6010 5932
11846 2 2 2 1 5932 6010 6011
11847 2 2 2 1 5932 6011 5933
11848 2 2 2 1 5933 6011 6012
11849 2 2 2 1 5933 6012 5934
11850 2 2 2 1 5934 6012 6013
11851 2 2 2 1 5934 6013 5935
11852 2 2 2 1 5935 6013 6014
11853 2 2 2 1 5935 6014 5936
11854 2 2 2 1 5936 6014 6015
11855 2 2 2 1 5936 6015 5937
11856 2 2 2 1 5937 6015 6016
11857 2 2 2 1 5937 6016 5938
11858 2 2 2 1 5938 6016 6017
11859 2 2 2 1 5938 6017 5939
11860 2 2 2 1 5939 6017 6018
11861 2 2 2 1 5939 6018 5940
11862 2 2 2 1 5940 6018 6019
11863 2 2 2 1 5940 6019 5941
11864 2 2 2 1 5941 6019 6020
11865 2 2 2 1 5941 6020 5942
11866 2 2 2 1 5942 6020 6021
11867 2 2 2 1 5942 6021 5943
11868 2 2 2 1 5943 6021 6022
11869 2 2 2 1 5943 6022 5944
11870 2 2 2 1 5944 6022 6023
11871 2 2 2 1 5944 6023 5945
11872 2 2 2 1 5945 6023 6024
11873 2 2 2 1 5945 6024 5946
11874 2 2 2 1 5946 6024 6025
11875 2 2 2 1 5946 6025 5947
11876 2 2 2 1 5947 6025 6026
11877 2 2 2 1 5947 6026 5948
11878 2 2 2 1 5948 6026 6027
11879 2 2 2 1 5948 6027 5949
11880 2 2 2 1 5949 6027 6028
11881 2 2 2 1 5949 6028 5950
11882 2 2 2 1 5950 6028 6029
11883 2 2 2 1 5950 6029 5951
11884 2 2 2 1 5951 6029 6030
11885 2 2 2 1 5951 6030 5952
11886 2 2 2 1 5952 6030 6031
11887 2 2 2 1 5952 6031 5953
11888 2 2 2 1 5953 6031 6032
11889 2 2 2 1 5953 6032 5954
11890 2 2 2 1 5954 6032 6033
11891 2 2 2 1 5954 6033 5955
11892 2 2 2 1 5955 6033 6034
11893 2 2 2 1 5955 6034 5956
11894 2 2 2 1 5956 6034 6035
11895 2 2 2 1 5956 6035 5957
11896 2 2 2 1 5957 6035 6036
11897 2 2 2 1 5957 6036 5958
11898 2 2 2 1 5958 6036 6037
11899 2 2 2 1 5958 6037 5959
11900 2 2 2 1 5959 6037 6038
11901 2 2 2 1 5959 6038 5960
11902 2 2 2 1 5960 6038 6039
11903 2 2 2 1 5960 6039 5961
11904 2 2 2 1 5961 6039 6040
11905 2 2 2 1 5961 6040 5962
11906 2 2 2 1 5962 6040 6041
11907 2 2 2 1 5962 6041 5963
11908 2 2 2 1 5963 6041 6042
11909 2 2 2 1 5963 6042 5964
11910 2 2 2 1 5964 6042 6043
11911 2 2 2 1 5964 6043 5965
11912 2 2 2 1 5965 6043 6044
11913 2 2 2 1 5965 6044 5966
11914 2 2 2 1 5966 6044 6045
11915 2 2 2 1 5966 6045 5967
11916 2 2 2 1 5967 6045 6046
11917 2 2 2 1 5967 6046 5968
11918 2 2 2 1 5968 6046 6047
11919 2 2 2 1 5968 6047 5969
11920 2 2 2 1 5969 6047 6048
11921 2 2 2 1 5969 6048 5970
11922 2 2 2 1 5970 6048 6049
11923 2 2 2 1 5970 6049 5971
11924 2 2 2 1 5971 6049 6050
11925 2 2 2 1 5971 6050 5972
11926 2 2 2 1 5972 6050 6051
11927 2 2 2 1 5972 6051 5973
11928 2 2 2 1 5973 6051 6052
11929 2 2 2 1 5973 6052 5974
11930 2 2 2 1 5974 6052 6053
11931 2 2 2 1 5974 6053 5975
11932 2 2 2 1 5975 6053 6054
11933 2 2 2 1 5975 6054 5976
11934 2 2 2 1 5976 6054 6055
11935 2 2 2 1 5976 6055 5977
11936 2 2 2 1 5977 6055 6056
11937 2 2 2 1 5977 6056 5978
11938 2 2 2 1 5978 6056 6057
11939 2 2 2 1 5978 6057 5979
11940 2 2 2 1 5979 6057 6058
11941 2 2 2 1 5979 6058 5980
11942 2 2 2 1 5980 6058 6059
11943 2 2 2 1 5980 6059 5981
11944 2 2 2 1 5981 6059 6060
11945 2 2 2 1 5981 6060 5982
11946 2 2 2 1 5982 6060 6061
11947 2 2 2 1 5982 6061 5983
11948 2 2 2 1 5983 6061 6062
11949 2 2 2 1 5983 6062 5984
11950 2 2 2 1 5984 6062 6063
11951 2 2 2 1 5984 6063 5985
11952 2 2 2 1 5985 6063 6064
11953 2 2 2 1 5985 6064 5986
11954 2 2 2 1 5986 6064 6065
11955 2 2 2 1 5986 6065 5987
11956 2 2 2 1 5987 6065 6066
11957 2 2 2 1 5987 6066 5988
11958 2 2 2 1 5988 6066 6067
11959 2 2 2 1 5988 6067 5989
11960 2 2 2 1 5989 6067 6068
11961 2 2 2 1 5989 6068 5990
11962 2 2 2 1 5990 6068 6069
11963 2 2 2 1 5990 6069 5991
11964 2 2 2 1 5991 6069 6070
11965 2 2 2 1 5991 6070 5992
11966 2 2 2 1 5992 6070 6071
11967 2 2 2 1 5992 6071 5993
11968 2 2 2 1 5993 6071 6072
11969 2 2 2 1 5993 6072 5994
11970 2 2 2 1 5994 6072 6073
11971 2 2 2 1 5994 6073 5995
11972 2 2 2 1 5995 6073 6074
11973 2 2 2 1 5995 6074 5996
11974 2 2 2 1 5996 6074 6075
11975 2 2 2 1 5996 6075 5997
11976 2 2 2 1 5997 6075 6076
11977 2 2 2 1 5997 6076 5998
11978 2 2 2 1 5998 6076 6077
11979 2 2 2 1 5998 6077 5999
11980 2 2 2 1 5999 6077 6078
11981 2 2 2 1 5999 6078 6000
11982 2 2 2 1 6000 6078 6079
11983 2 2 2 1 6000 6079 6001
11984 2 2 2 1 6001 6079 6080
11985 2 2 2 1 6001 6080 6002
11986 2 2 2 1 6002 6080 6081
11987 2 2 2 1 6002 6081 6003
11988 2 2 2 1 6003 6081 6082
11989 2 2 2 1 6003 6082 6004
11990 2 2 2 1 6004 6082 6083
11991 2 2 2 1 6004 6083 6005
11992 2 2 2 1 6005 6083 6084
11993 2 2 2 1 6005 6084 6006
11994 2 2 2 1 6006 6084 6085
11995 2 2 2 1 6006 6085 6007
11996 2 2 2 1 6007 6085 6086
11997 2 2 2 1 6007 6086 6008
11998 2 2 2 1 6008 6086 6087
11999 2 2 2 1 6008 6087 170
12000 2 2 2 1 170 6087 169
12001 2 2 2 1 77 78 6009
12002 2 2 2 1 6009 78 6088
12003 2 2 2 1 6009 6088 6010
12004 2 2 2 1 6010 6088 6089
12005 2 2 2 1 6010 6089 6011
12006 2 2 2 1 6011 6089 6090
12007 2 2 2 1 6011 6090 6012
12008 2 2 2 1 6012 6090 6091
12009 2 2 2 1 6012 6091 6013
12010 2 2 2 1 6013 6091 6092
12011 2 2 2 1 6013 6092 6014
12012 2 2 2 1 6014 6092 6093
12013 2 2 2 1 6014 6093 6015
12014 2 2 2 1 6015 6093 6094
12015 2 2 2 1 6015 6094 6016
12016 2 2 2 1 6016 6094 6095
12017 2 2 2 1 6016 6095 6017
12018 2 2 2 1 6017 6095 6096
12019 2 2 2 1 6017 6096 6018
12020 2 2 2 1 6018 6096 6097
12021 2 2 2 1 6018 6097 6019
12022 2 2 2 1 6019 6097 6098
12023 2 2 2 1 6019 6098 6020
12024 2 2 2 1 6020 6098 6099
12025 2 2 2 1 6020 6099 6021
12026 2 2 2 1 6021 6099 6100
12027 2 2 2 1 6021 6100 6022
12028 2 2 2 1 6022 6100 6101
12029 2 2 2 1 6022 6101 6023
12030 2 2 2 1 6023 6101 6102
12031 2 2 2 1 6023 6102 6024
12032 2 2 2 1 6024 6102 6103
12033 2 2 2 1 6024 6103 6025
12034 2 2 2 1 6025 6103 6104
12035 2 2 2 1 6025 6104 6026
12036 2 2 2 1 6026 6104 6105
12037 2 2 2 1 6026 6105 6027
12038 2 2 2 1 6027 6105 6106
12039 2 2 2 1 6027 6106 6028
12040 2 2 2 1 6028 6106 6107
12041 2 2 2 1 6028 6107 6029
12042 2 2 2 1 6029 6107 6108
12043 2 2 2 1 6029 6108 6030
12044 2 2 2 1 6030 6108 6109
12045 2 2 2 1 6030 6109 6031
12046 2 2 2 1 6031 6109 6110
12047 2 2 2 1 6031 6110 6032
12048 2 2 2 1 6032 6110 6111
12049 2 2 2 1 6032 6111 6033
12050 2 2 2 1 6033 6111 6112
12051 2 2 2 1 6033 6112 6034
12052 2 2 2 1 6034 6112 6113
12053 2 2 2 1 6034 6113 6035
12054 2 2 2 1 6035 6113 6114
12055 2 2 2 1 6035 6114 6036
12056 2 2 2 1 6036 6114 6115
12057 2 2 2 1 6036 6115 6037
12058 2 2 2 1 6037 6115 6116
12059 2 2 2 1 6037 6116 6038
12060 2 2 2 1 6038 6116 6117
12061 2 2 2 1 6038 6117 6039
12062 2 2 2 1 6039 6117 6118
12063 2 2 2 1 6039 6118 6040
12064 2 2 2 1 6040 6118 6119
12065 2 2 2 1 6040 6119 6041
12066 2 2 2 1 6041 6119 6120
12067 2 2 2 1 6041 6120 6042
12068 2 2 2 1 6042 6120 6121
12069 2 2 2 1 6042 6121 6043
12070 2 2 2 1 6043 6121 6122
12071 2 2 2 1 6043 6122 6044
12072 2 2 2 1 6044 6122 6123
12073 2 2 2 1 6044 6123 6045
12074 2 2 2 1 6045 6123 6124
12075 2 2 2 1 6045 6124 6046
12076 2 2 2 1 6046 6124 6125
12077 2 2 2 1 6046 6125 6047
12078 2 2 2 1 6047 6125 6126
12079 2 2 2 1 6047 6126 6048
12080 2 2 2 1 6048 6126 6127
12081 2 2 2 1 6048 6127 6049
12082 2 2 2 1 6049 6127 6128
12083 2 2 2 1 6049 6128 6050
12084 2 2 2 1 6050 6128 6129
12085 2 2 2 1 6050 6129 6051
12086 2 2 2 1 6051 6129 6130
12087 2 2 2 1 6051 6130 6052
12088 2 2 2 1 6052 6130 6131
12089 2 2 2 1 6052 6131 6053
12090 2 2 2 1 6053 6131 6132
12091 2 2 2 1 6053 6132 6054
12092 2 2 2 1 6054 6132 6133
12093 2 2 2 1 6054 6133 6055
12094 2 2 2 1 6055 6133 6134
12095 2 2 2 1 6055 6134 6056
12096 2 2 2 1 6056 6134 6135
12097 2 2 2 1 6056 6135 6057
12098 2 2 2 1 6057 6135 6136
12099 2 2 2 1 6057 6136 6058
12100 2 2 2 1 6058 6136 6137
12101 2 2 2 1 6058 6137 6059
12102 2 2 2 1 6059 6137 6138
12103 2 2 2 1 6059 6138 6060
12104 2 2 2 1 6060 6138 6139
12105 2 2 2 1 6060 6139 6061
12106 2 2 2 1 6061 6139 6140
12107 2 2 2 1 6061 6140 6062
12108 2 2 2 1 6062 6140 6141
12109 2 2 2 1 6062 6141 6063
12110 2 2 2 1 6063 6141 6142
12111 2 2 2 1 6063 6142 6064
12112 2 2 2 1 6064 6142 6143
12113 2 2 2 1 6064 6143 6065
12114 2 2 2 1 6065 6143 6144
12115 2 2 2 1 6065 6144 6066
12116 2 2 2 1 6066 6144 6145
12117 2 2 2 1 6066 6145 6067
12118 2 2 2 1 6067 6145 6146
12119 2 2 2 1 6067 6146 6068
12120 2 2 2 1 6068 6146 6147
12121 2 2 2 1 6068 6147 6069
12122 2 2 2 1 6069 6147 6148
12123 2 2 2 1 6069 6148 6070
12124 2 2 2 1 6070 6148 6149
12125 2 2 2 1 6070 6149 6071
12126 2 2 2 1 6071 6149 6150
12127 2 2 2 1 6071 6150 6072
12128 2 2 2 1 6072 6150 6151
12129 2 2 2 1 6072 6151 6073
12130 2 2 2 1 6073 6151 6152
12131 2 2 2 1 6073 6152 6074
12132 2 2 2 1 6074 6152 6153
12133 2 2 2 1 6074 6153 6075
12134 2 2 2 1 6075 6153 6154
12135 2 2 2 1 6075 6154 6076
12136 2 2 2 1 6076 6154 6155
12137 2 2 2 1 6076 6155 6077
12138 2 2 2 1 6077 6155 6156
12139 2 2 2 1 6077 6156 6078
12140 2 2 2 1 6078 6156 6157
12141 2 2 2 1 6078 6157 6079
12142 2 2 2 1 6079 6157 6158
12143 2 2 2 1 6079 6158 6080
12144 2 2 2 1 6080 6158 6159
12145 2 2 2 1 6080 6159 6081
12146 2 2 2 1 6081 6159 6160
12147 2 2 2 1 6081 6160 6082
12148 2 2 2 1 6082 6160 6161
12149 2 2 2 1 6082 6161 6083
12150 2 2 2 1 6083 6161 6162
12151 2 2 2 1 6083 6162 6084
12152 2 2 2 1 6084 6162 6163
12153 2 2 2 1 6084 6163 6085
12154 2 2 2 1 6085 6163 6164
12155 2 2 2 1 6085 6164 6086
12156 2 2 2 1 6086 6164 6165
12157 2 2 2 1 6086 6165 6087
12158 2 2 2 1 6087 6165 6166
12159 2 2 2 1 6087 6166 169
12160 2 2 2 1 169 6166 168
12161 2 2 2 1 78 79 6088
12162 2 2 2 1 6088 79 6167
12163 2 2 2 1 6088 6167 6089
12164 2 2 2 1 6089 6167 6168
12165 2 2 2 1 6089 6168 6090
12166 2 2 2 1 6090 6168 6169
12167 2 2 2 1 6090 6169 6091
12168 2 2 2 1 6091 6169 6170
12169 2 2 2 1 6091 6170 6092
12170 2 2 2 1 6092 6170 6171
12171 2 2 2 1 6092 6171 6093
12172 2 2 2 1 6093 6171 6172
12173 2 2 2 1 6093 6172 6094
12174 2 2 2 1 6094 6172 6173
12175 2 2 2 1 6094 6173 6095
12176 2 2 2 1 6095 6173 6174
12177 2 2 2 1 6095 6174 6096
12178 2 2 2 1 6096 6174 6175
12179 2 2 2 1 6096 6175 6097
12180 2 2 2 1 6097 6175 6176
12181 2 2 2 1 6097 6176 6098
12182 2 2 2 1 6098 6176 6177
12183 2 2 2 1 6098 6177 6099
12184 2 2 2 1 6099 6177 6178
12185 2 2 2 1 6099 6178 6100
12186 2 2 2 1 6100 6178 6179
12187 2 2 2 1 6100 6179 6101
12188 2 2 2 1 6101 6179 6180
12189 2 2 2 1 6101 6180 6102
12190 2 2 2 1 6102 6180 6181
12191 2 2 2 1 6102 6181 6103
12192 2 2 2 1 6103 6181 6182
12193 2 2 2 1 6103 6182 6104
12194 2 2 2 1 6104 6182 6183
12195 2 2 2 1 6104 6183 6105
12196 2 2 2 1 6105 6183 6184
12197 2 2 2 1 6105 6184 6106
12198 2 2 2 1 6106 6184 6185
12199 2 2 2 1 6106 6185 6107
12200 2 2 2 1 6107 6185 6186
12201 2 2 2 1 6107 6186 6108
12202 2 2 2 1 6108 6186 6187
12203 2 2 2 1 6108 6187 6109
12204 2 2 2 1 6109 6187 6188
12205 2 2 2 1 6109 6188 6110
12206 2 2 2 1 6110 6188 6189
12207 2 2 2 1 6110 6189 6111
12208 2 2 2 1 6111 6189 6190
12209 2 2 2 1 6111 6190 6112
12210 2 2 2 1 6112 6190 6191
12211 2 2 2 1 6112 6191 6113
12212 2 2 2 1 6113 6191 6192
12213 2 2 2 1 6113 6192 6114
12214 2 2 2 1 6114 6192 6193
12215 2 2 2 1 6114 6193 6115
12216 2 2 2 1 6115 6193 6194
12217 2 2 2 1 6115 6194 6116
12218 2 2 2 1 6116 6194 6195
12219 2 2 2 1 6116 6195 6117
12220 2 2 2 1 6117 6195 6196
12221 2 2 2 1 6117 6196 6118
12222 2 2 2 1 6118 6196 6197
12223 2 2 2 1 6118 6197 6119
12224 2 2 2 1 6119 6197 6198
12225 2 2 2 1 6119 6198 6120
12226 2 2 2 1 6120 6198 6199
12227 2 2 2 1 6120 6199 6121
12228 2 2 2 1 6121 6199 6200
12229 2 2 2 1 6121 6200 6122
12230 2 2 2 1 6122 6200 6201
12231 2 2 2 1 6122 6201 6123
12232 2 2 2 1 6123 6201 6202
12233 2 2 2 1 6123 6202 6124
12234 2 2 2 1 6124 6202 6203
12235 2 2 2 1 6124 6203 6125
12236 2 2 2 1 6125 6203 6204
12237 2 2 2 1 6125 6204 6126
12238 2 2 2 1 6126 6204 6205
12239 2 2 2 1 6126 6205 6127
12240 2 2 2 1 6127 6205 6206
12241 2 2 2 1 6127 6206 6128
12242 2 2 2 1 6128 6206 6207
12243 2 2 2 1 6128 6207 6129
12244 2 2 2 1 6129 6207 6208
12245 2 2 2 1 6129 6208 6130
12246 2 2 2 1 6130 6208 6209
12247 2 2 2 1 6130 6209 6131
12248 2 2 2 1 6131 6209 6210
12249 2 2 2 1 6131 6210 6132
12250 2 2 2 1 6132 6210 6211
12251 2 2 2 1 6132 6211 6133
12252 2 2 2 1 6133 6211 6212
12253 2 2 2 1 6133 6212 6134
12254 2 2 2 1 6134 6212 6213
12255 2 2 2 1 6134 6213 6135
12256 2 2 2 1 6135 6213 6214
12257 2 2 2 1 6135 6214 6136
12258 2 2 2 1 6136 6214 6215
12259 2 2 2 1 6136 6215 6137
12260 2 2 2 1 6137 6215 6216
12261 2 2 2 1 6137 6216 6138
12262 2 2 2 1 6138 6216 6217
12263 2 2 2 1 6138 6217 6139
12264 2 2 2 1 6139 6217 6218
12265 2 2 2 1 6139 6218 6140
12266 2 2 2 1 6140 6218 6219
12267 2 2 2 1 6140 6219 6141
12268 2 2 2 1 6141 6219 6220
12269 2 2 2 1 6141 6220 6142
12270 2 2 2 1 6142 6220 6221
12271 2 2 2 1 6142 6221 6143
12272 2 2 2 1 6143 6221 6222
12273 2 2 2 1 6143 6222 6144
12274 2 2 2 1 6144 6222 6223
12275 2 2 2 1 6144 6223 6145
12276 2 2 2 1 6145 6223 6224
12277 2 2 2 1 6145 6224 6146
12278 2 2 2 1 6146 6224 6225
12279 2 2 2 1 6146 6225 6147
12280 2 2 2 1 6147 6225 6226
12281 2 2 2 1 6147 6226 6148
12282 2 2 2 1 6148 6226 6227
12283 2 2 2 1 6148 6227 6149
12284 2 2 2 1 6149 6227 6228
12285 2 2 2 1 6149 6228 6150
12286 2 2 2 1 6150 6228 6229
12287 2 2 2 1 6150 6229 6151
12288 2 2 2 1 6151 6229 6230
12289 2 2 2 1 6151 6230 6152
12290 2 2 2 1 6152 6230 6231
12291 2 2 2 1 6152 6231 6153
12292 2 2 2 1 6153 6231 6232
12293 2 2 2 1 6153 6232 6154
12294 2 2 2 1 6154 6232 6233
12295 2 2 2 1 6154 6233 6155
12296 2 2 2 1 6155 6233 6234
12297 2 2 2 1 6155 6234 6156
12298 2 2 2 1 6156 6234 6235
12299 2 2 2 1 6156 6235 6157
12300 2 2 2 1 6157 6235 6236
12301 2 2 2 1 6157 6236 6158
12302 2 2 2 1 6158 6236 6237
12303 2 2 2 1 6158 6237 6159
12304 2 2 2 1 6159 6237 6238
12305 2 2 2 1 6159 6238 6160
12306 2 2 2 1 6160 6238 6239
12307 2 2 2 1 6160 6239 6161
12308 2 2 2 1 6161 6239 6240
12309 2 2 2 1 6161 6240 6162
12310 2 2 2 1 6162 6240 6241
12311 2 2 2 1 6162 6241 6163
12312 2 2 2 1 6163 6241 6242
12313 2 2 2 1 6163 6242 6164
12314 2 2 2 1 6164 6242 6243
12315 2 2 2 1 6164 6243 6165
12316 2 2 2 1 6165 6243 6244
12317 2 2 2 1 6165 6244 6166
12318 2 2 2 1 6166 6244 6245
12319 2 2 2 1 6166 6245 168
12320 2 2 2 1 168 6245 167
12321 2 2 2 1 79 80 6167
12322 2 2 2 1 6167 80 6246
12323 2 2 2 1 6167 6246 6168
12324 2 2 2 1 6168 6246 6247
12325 2 2 2 1 6168 6247 6169
12326 2 2 2 1 6169 6247 6248
12327 2 2 2 1 6169 6248 6170
12328 2 2 2 1 6170 6248 6249
12329 2 2 2 1 6170 6249 6171
12330 2 2 2 1 6171 6249 6250
12331 2 2 2 1 6171 6250 6172
12332 2 2 2 1 6172 6250 6251
12333 2 2 2 1 6172 6251 6173
12334 2 2 2 1 6173 6251 6252
12335 2 2 2 1 6173 6252 6174
12336 2 2 2 1 6174 6252 6253
12337 2 2 2 1 6174 6253 6175
12338 2 2 2 1 6175 6253 6254
12339 2 2 2 1 6175 6254 6176
12340 2 2 2 1 6176 6254 6255
12341 2 2 2 1 6176 6255 6177
12342 2 2 2 1 6177 6255 6256
12343 2 2 2 1 6177 6256 6178
12344 2 2 2 1 6178 6256 6257
12345 2 2 2 1 6178 6257 6179
12346 2 2 2 1 6179 6257 6258
12347 2 2 2 1 6179 6258 6180
12348 2 2 2 1 6180 6258 6259
12349 2 2 2 1 6180 6259 6181
12350 2 2 2 1 6181 6259 6260
12351 2 2 2 1 6181 6260 6182
12352 2 2 2 1 6182 6260 6261
12353 2 2 2 1 6182 6261 6183
12354 2 2 2 1 6183 6261 6262
12355 2 2 2 1 6183 6262 6184
12356 2 2 2 1 6184 6262 6263
12357 2 2 2 1 6184 6263 6185
12358 2 2 2 1 6185 6263 6264
12359 2 2 2 1 6185 6264 6186
12360 2 2 2 1 6186 6264 6265
12361 2 2 2 1 6186 6265 6187
12362 2 2 2 1 6187 6265 6266
12363 2 2 2 1 6187 6266 6188
12364 2 2 2 1 6188 6266 6267
12365 2 2 2 1 6188 6267 6189
12366 2 2 2 1 6189 6267 6268
12367 2 2 2 1 6189 6268 6190
12368 2 2 2 1 6190 6268 6269
12369 2 2 2 1 6190 6269 6191
12370 2 2 2 1 6191 6269 6270
12371 2 2 2 1 6191 6270 6192
12372 2 2 2 1 6192 6270 6271
12373 2 2 2 1 6192 6271 6193
12374 2 2 2 1 6193 6271 6272
12375 2 2 2 1 6193 6272 6194
12376 2 2 2 1 6194 6272 6273
12377 2 2 2 1 6194 6273 6195
12378 2 2 2 1 6195 6273 6274
12379 2 2 2 1 6195 6274 6196
12380 2 2 2 1 6196 6274 6275
12381 2 2 2 1 6196 6275 6197
12382 2 2 2 1 6197 6275 6276
12383 2 2 2 1 6197 6276 6198
12384 2 2 2 1 6198 6276 6277
12385 2 2 2 1 6198 6277 6199
12386 2 2 2 1 6199 6277 6278
12387 2 2 2 1 6199 6278 6200
12388 2 2 2 1 6200 6278 6279
12389 2 2 2 1 6200 6279 6201
12390 2 2 2 1 6201 6279 6280
12391 2 2 2 1 6201 6280 6202
12392 2 2 2 1 6202 6280 6281
12393 2 2 2 1 6202 6281 6203
12394 2 2 2 1 6203 6281 6282
12395 2 2 2 1 6203 6282 6204
12396 2 2 2 1 6204 6282 6283
12397 2 2 2 1 6204 6283 6205
12398 2 2 2 1 6205 6283 6284
12399 2 2 2 1 6205 6284 6206
12400 2 2 2 1 6206 6284 6285
12401 2 2 2 1 6206 6285 6207
12402 2 2 2 1 6207 6285 6286
12403 2 2 2 1 6207 6286 6208
12404 2 2 2 1 6208 6286 6287
12405 2 2 2 1 6208 6287 6209
12406 2 2 2 1 6209 6287 6288
12407 2 2 2 1 6209 6288 6210
12408 2 2 2 1 6210 6288 6289
12409 2 2 2 1 6210 6289 6211
12410 2 2 2 1 6211 6289 6290
12411 2 2 2 1 6211 6290 6212
12412 2 2 2 1 6212 6290 6291
12413 2 2 2 1 6212 6291 6213
12414 2 2 2 1 6213 6291 6292
12415 2 2 2 1 6213 6292 6214
12416 2 2 2 1 6214 6292 6293
12417 2 2 2 1 6214 6293 6215
12418 2 2 2 1 6215 6293 6294
12419 2 2 2 1 6215 6294 6216
12420 2 2 2 1 6216 6294 6295
12421 2 2 2 1 6216 6295 6217
12422 2 2 2 1 6217 6295 6296
12423 2 2 2 1 6217 6296 6218
12424 2 2 2 1 6218 6296 6297
12425 2 2 2 1 6218 6297 6219
12426 2 2 2 1 6219 6297 6298
12427 2 2 2 1 6219 6298 6220
12428 2 2 2 1 6220 6298 6299
12429 2 2 2 1 6220 6299 6221
12430 2 2 2 1 6221 6299 6300
12431 2 2 2 1 6221 6300 6222
12432 2 2 2 1 6222 6300 6301
12433 2 2 2 1 6222 6301 6223
12434 2 2 2 1 6223 6301 6302
12435 2 2 2 1 6223 6302 6224
12436 2 2 2 1 6224 6302 6303
12437 2 2 2 1 6224 6303 6225
12438 2 2 2 1 6225 6303 6304
12439 2 2 2 1 6225 6304 6226
12440 2 2 2 1 6226 6304 6305
12441 2 2 2 1 6226 6305 6227
12442 2 2 2 1 6227 6305 6306
12443 2 2 2 1 6227 6306 6228
12444 2 2 2 1 6228 6306 6307
12445 2 2 2 1 6228 6307 6229
12446 2 2 2 1 6229 6307 6308
12447 2 2 2 1 6229 6308 6230
12448 2 2 2 1 6230 6308 6309
12449 2 2 2 1 6230 6309 6231
12450 2 2 2 1 6231 6309 6310
12451 2 2 2 1 6231 6310 6232
12452 2 2 2 1 6232 6310 6311
12453 2 2 2 1 6232 6311 6233
12454 2 2 2 1 6233 6311 6312
12455 2 2 2 1 6233 6312 6234
12456 2 2 2 1 6234 6312 6313
12457 2 2 2 1 6234 6313 6235
12458 2 2 2 1 6235 6313 6314
12459 2 2 2 1 6235 6314 6236
12460 2 2 2 1 6236 6314 6315
12461 2 2 2 1 6236 6315 6237
12462 2 2 2 1 6237 6315 6316
12463 2 2 2 1 6237 6316 6238
12464 2 2 2 1 6238 6316 6317
12465 2 2 2 1 6238 6317 6239
12466 2 2 2 1 6239 6317 6318
12467 2 2 2 1 6239 6318 6240
12468 2 2 2 1 6240 6318 6319
12469 2 2 2 1 6240 6319 6241
12470 2 2 2 1 6241 6319 6320
12471 2 2 2 1 6241 6320 6242
12472 2 2 2 1 6242 6320 6321
12473 2 2 2 1 6242 6321 6243
12474 2 2 2 1 6243 6321 6322
12475 2 2 2 1 6243 6322 6244
12476 2 2 2 1 6244 6322 6323
12477 2 2 2 1 6244 6323 6245
12478 2 2 2 1 6245 6323 6324
12479 2 2 2 1 6245 6324 167
12480 2 2 2 1 167 6324 166
12481 2 2 2 1 80 81 6246
12482 2 2 2 1 6246 81 6325
12483 2 2 2 1 6246 6325 6247
12484 2 2 2 1 6247 6325 6326
12485 2 2 2 1 6247 6326 6248
12486 2 2 2 1 6248 6326 6327
12487 2 2 2 1 6248 6327 6249
12488 2 2 2 1 6249 6327 6328
12489 2 2 2 1 6249 6328 6250
12490 2 2 2 1 6250 6328 6329
12491 2 2 2 1 6250 6329 6251
12492 2 2 2 1 6251 6329 6330
12493 2 2 2 1 6251 6330 6252
12494 2 2 2 1 6252 6330 6331
12495 2 2 2 1 6252 6331 6253
12496 2 2 2 1 6253 6331 6332
12497 2 2 2 1 6253 6332 6254
12498 2 2 2 1 6254 6332 6333
12499 2 2 2 1 6254 6333 6255
12500 2 2 2 1 6255 6333 6334
12501 2 2 2 1 6255 6334 6256
12502 2 2 2 1 6256 6334 6335
12503 2 2 2 1 6256 6335 6257
12504 2 2 2 1 6257 6335 6336
12505 2 2 2 1 6257 6336 6258
12506 2 2 2 1 6258 6336 6337
12507 2 2 2 1 6258 6337 6259
12508 2 2 2 1 6259 6337 6338
12509 2 2 2 1 6259 6338 6260
12510 2 2 2 1 6260 6338 6339
12511 2 2 2 1 6260 6339 6261
12512 2 2 2 1 6261 6339 6340
12513 2 2 2 1 6261 6340 6262
12514 2 2 2 1 6262 6340 6341
12515 2 2 2 1 6262 6341 6263
12516 2 2 2 1 6263 6341 6342
12517 2 2 2 1 6263 6342 6264
12518 2 2 2 1 6264 6342 6343
12519 2 2 2 1 6264 6343 6265
12520 2 2 2 1 6265 6343 6344
12521 2 2 2 1 6265 6344 6266
12522 2 2 2 1 6266 6344 6345
12523 2 2 2 1 6266 6345 6267
12524 2 2 2 1 6267 6345 6346
12525 2 2 2 1 6267 6346 6268
12526 2 2 2 1 6268 6346 6347
12527 2 2 2 1 6268 6347 6269
12528 2 2 2 1 6269 6347 6348
12529 2 2 2 1 6269 6348 6270
12530 2 2 2 1 6270 6348 6349
12531 2 2 2 1 6270 6349 6271
12532 2 2 2 1 6271 6349 6350
12533 2 2 2 1 6271 6350 6272
12534 2 2 2 1 6272 6350 6351
12535 2 2 2 1 6272 6351 6273
12536 2 2 2 1 6273 6351 6352
12537 2 2 2 1 6273 6352 6274
12538 2 2 2 1 6274 6352 6353
12539 2 2 2 1 6274 6353 6275
12540 2 2 2 1 6275 6353 6354
12541 2 2 2 1 6275 6354 6276
12542 2 2 2 1 6276 6354 6355
12543 2 2 2 1 6276 6355 6277
12544 2 2 2 1 6277 6355 6356
12545 2 2 2 1 6277 6356 6278
12546 2 2 2 1 6278 6356 6357
12547 2 2 2 1 6278 6357 6279
12548 2 2 2 1 6279 6357 6358
12549 2 2 2 1 6279 6358 6280
12550 2 2 2 1 6280 6358 6359
12551 2 2 2 1 6280 6359 6281
12552 2 2 2 1 6281 6359 6360
12553 2 2 2 1 6281 6360 6282
12554 2 2 2 1 6282 6360 6361
12555 2 2 2 1 6282 6361 6283
12556 2 2 2 1 6283 6361 6362
12557 2 2 2 1 6283 6362 6284
12558 2 2 2 1 6284 6362 6363
12559 2 2 2 1 6284 6363 6285
12560 2 2 2 1 6285 6363 6364
12561 2 2 2 1 6285 6364 6286
12562 2 2 2 1 6286 6364 6365
12563 2 2 2 1 6286 6365 6287
12564 2 2 2 1 6287 6365 6366
12565 2 2 2 1 6287 6366 6288
12566 2 2 2 1 6288 6366 6367
12567 2 2 2 1 6288 6367 6289
12568 2 2 2 1 6289 6367 6368
12569 2 2 2 1 6289 6368 6290
12570 2 2 2 1 6290 6368 6369
12571 2 2 2 1 6290 6369 6291
12572 2 2 2 1 6291 6369 6370
12573 2 2 2 1 6291 6370 6292
12574 2 2 2 1 6292 6370 6371
12575 2 2 2 1 6292 6371 6293
12576 2 2 2 1 6293 6371 6372
12577 2 2 2 1 6293 6372 6294
12578 2 2 2 1 6294 6372 6373
12579 2 2 2 1 6294 6373 6295
12580 2 2 2 1 6295 6373 6374
12581 2 2 2 1 6295 6374 6296
12582 2 2 2 1 6296 6374 6375
12583 2 2 2 1 6296 6375 6297
12584 2 2 2 1 6297 6375 6376
12585 2 2 2 1 6297 6376 6298
12586 2 2 2 1 6298 6376 6377
12587 2 2 2 1 6298 6377 6299
12588 2 2 2 1 6299 6377 6378
12589 2 2 2 1 6299 6378 6300
12590 2 2 2 1 6300 6378 6379
12591 2 2 2 1 6300 6379 6301
12592 2 2 2 1 6301 6379 6380
12593 2 2 2 1 6301 6380 6302
12594 2 2 2 1 6302 6380 6381
12595 2 2 2 1 6302 6381 6303
12596 2 2 2 1 6303 6381 6382
12597 2 2 2 1 6303 6382 6304
12598 2 2 2 1 6304 6382 6383
12599 2 2 2 1 6304 6383 6305
12600 2 2 2 1 6305 6383 6384
12601 2 2 2 1 6305 6384 6306
12602 2 2 2 1 6306 6384 6385
12603 2 2 2 1 6306 6385 6307
12604 2 2 2 1 6307 6385 6386
12605 2 2 2 1 6307 6386 6308
12606 2 2 2 1 6308 6386 6387
12607 2 2 2 1 6308 6387 6309
12608 2 2 2 1 6309 6387 6388
12609 2 2 2 1 6309 6388 6310
12610 2 2 2 1 6310 6388 6389
12611 2 2 2 1 6310 6389 6311
12612 2 2 2 1 6311 6389 6390
12613 2 2 2 1 6311 6390 6312
12614 2 2 2 1 6312 6390 6391
12615 2 2 2 1 6312 6391 6313
12616 2 2 2 1 6313 6391 6392
12617 2 2 2 1 6313 6392 6314
12618 2 2 2 1 6314 6392 6393
12619 2 2 2 1 6314 6393 6315
12620 2 2 2 1 6315 6393 6394
12621 2 2 2 1 6315 6394 6316
12622 2 2 2 1 6316 6394 6395
12623 2 2 2 1 6316 6395 6317
12624 2 2 2 1 6317 6395 6396
12625 2 2 2 1 6317 6396 6318
12626 2 2 2 1 6318 6396 6397
12627 2 2 2 1 6318 6397 6319
12628 2 2 2 1 6319 6397 6398
12629 2 2 2 1 6319 6398 6320
12630 2 2 2 1 6320 6398 6399
12631 2 2 2 1 6320 6399 6321
12632 2 2 2 1 6321 6399 6400
12633 2 2 2 1 6321 6400 6322
12634 2 2 2 1 6322 6400 6401
12635 2 2 2 1 6322 6401 6323
12636 2 2 2 1 6323 6401 6402
12637 2 2 2 1 6323 6402 6324
12638 2 2 2 1 6324 6402 6403
12639 2 2 2 1 6324 6403 166
12640 2 2 2 1 166 6403 165
12641 2 2 2 1 81 82 6325
12642 2 2 2 1 6325 82 6404
12643 2 2 2 1 6325 6404 6326
12644 2 2 2 1 6326 6404 6405
12645 2 2 2 1 6326 6405 6327
12646 2 2 2 1 6327 6405 6406
12647 2 2 2 1 6327 6406 6328
12648 2 2 2 1 6328 6406 6407
12649 2 2 2 1 6328 6407 6329
12650 2 2 2 1 6329 6407 6408
12651 2 2 2 1 6329 6408 6330
12652 2 2 2 1 6330 6408 6409
12653 2 2 2 1 6330 6409 6331
12654 2 2 2 1 6331 6409 6410
12655 2 2 2 1 6331 6410 6332
12656 2 2 2 1 6332 6410 6411
12657 2 2 2 1 6332 6411 6333
12658 2 2 2 1 6333 6411 6412
12659 2 2 2 1 6333 6412 6334
12660 2 2 2 1 6334 6412 6413
12661 2 2 2 1 6334 6413 6335
12662 2 2 2 1 6335 6413 6414
12663 2 2 2 1 6335 6414 6336
12664 2 2 2 1 6336 6414 6415
12665 2 2 2 1 6336 6415 6337
12666 2 2 2 1 6337 6415 6416
12667 2 2 2 1 6337 6416 6338
12668 2 2 2 1 6338 6416 6417
12669 2 2 2 1 6338 6417 6339
12670 2 2 2 1 6339 6417 6418
12671 2 2 2 1 6339 6418 6340
12672 2 2 2 1 6340 6418 6419
12673 2 2 2 1 6340 6419 6341
12674 2 2 2 1 6341 6419 6420
12675 2 2 2 1 6341 6420 6342
12676 2 2 2 1 6342 6420 6421
12677 2 2 2 1 6342 6421 6343
12678 2 2 2 1 6343 6421 6422
12679 2 2 2 1 6343 6422 6344
12680 2 2 2 1 6344 6422 6423
12681 2 2 2 1 6344 6423 6345
12682 2 2 2 1 6345 6423 6424
12683 2 2 2 1 6345 6424 6346
12684 2 2 2 1 6346 6424 6425
12685 2 2 2 1 6346 6425 6347
12686 2 2 2 1 6347 6425 6426
12687 2 2 2 1 6347 6426 6348
12688 2 2 2 1 6348 6426 6427
12689 2 2 2 1 6348 6427 6349
12690 2 2 2 1 6349 6427 6428
12691 2 2 2 1 6349 6428 6350
12692 2 2 2 1 6350 6428 6429
12693 2 2 2 1 6350 6429 6351
12694 2 2 2 1 6351 6429 6430
12695 2 2 2 1 6351 6430 6352
12696 2 2 2 1 6352 6430 6431
12697 2 2 2 1 6352 6431 6353
12698 2 2 2 1 6353 6431 6432
12699 2 2 2 1 6353 6432 6354
12700 2 2 2 1 6354 6432 6433
12701 2 2 2 1 6354 6433 6355
12702 2 2 2 1 6355 6433 6434
12703 2 2 2 1 6355 6434 6356
12704 2 2 2 1 6356 6434 6435
12705 2 2 2 1 6356 6435 6357
12706 2 2 2 1 6357 6435 6436
12707 2 2 2 1 6357 6436 6358
12708 2 2 2 1 6358 6436 6437
12709 2 2 2 1 6358 6437 6359
12710 2 2 2 1 6359 6437 6438
12711 2 2 2 1 6359 6438 6360
12712 2 2 2 1 6360 6438 6439
12713 2 2 2 1 6360 6439 6361
12714 2 2 2 1 6361 6439 6440
12715 2 2 2 1 6361 6440 6362
12716 2 2 2 1 6362 6440 6441
12717 2 2 2 1 6362 6441 6363
12718 2 2 2 1 6363 6441 6442
12719 2 2 2 1 6363 6442 6364
12720 2 2 2 1 6364 6442 6443
12721 2 2 2 1 6364 6443 6365
12722 2 2 2 1 6365 6443 6444
12723 2 2 2 1 6365 6444 6366
12724 2 2 2 1 6366 6444 6445
12725 2 2 2 1 6366 6445 6367
12726 2 2 2 1 6367 6445 6446
12727 2 2 2 1 6367 6446 6368
12728 2 2 2 1 6368 6446 6447
12729 2 2 2 1 6368 6447 6369
12730 2 2 2 1 6369 6447 6448
12731 2 2 2 1 6369 6448 6370
12732 2 2 2 1 6370 6448 6449
12733 2 2 2 1 6370 6449 6371
12734 2 2 2 1 6371 6449 6450
12735 2 2 2 1 6371 6450 6372
12736 2 2 2 1 6372 6450 6451
12737 2 2 2 1 6372 6451 6373
12738 2 2 2 1 6373 6451 6452
12739 2 2 2 1 6373 6452 6374
12740 2 2 2 1 6374 6452 6453
12741 2 2 2 1 6374 6453 6375
12742 2 2 2 1 6375 6453 6454
12743 2 2 2 1 6375 6454 6376
12744 2 2 2 1 6376 6454 6455
12745 2 2 2 1 6376 6455 6377
12746 2 2 2 1 6377 6455 6456
12747 2 2 2 1 6377 6456 6378
12748 2 2 2 1 6378 6456 6457
12749 2 2 2 1 6378 6457 6379
12750 2 2 2 1 6379 6457 6458
12751 2 2 2 1 6379 6458 6380
12752 2 2 2 1 6380 6458 6459
12753 2 2 2 1 6380 6459 6381
12754 2 2 2 1 6381 6459 6460
12755 2 2 2 1 6381 6460 6382
12756 2 2 2 1 6382 6460 6461
12757 2 2 2 1 6382 6461 6383
12758 2 2 2 1 6383 6461 6462
12759 2 2 2 1 6383 6462 6384
12760 2 2 2 1 6384 6462 6463
12761 2 2 2 1 6384 6463 6385
12762 2 2 2 1 6385 6463 6464
12763 2 2 2 1 6385 6464 6386
12764 2 2 2 1 6386 6464 6465
12765 2 2 2 1 6386 6465 6387
12766 2 2 2 1 6387 6465 6466
12767 2 2 2 1 6387 6466 6388
12768 2 2 2 1 6388 6466 6467
12769 2 2 2 1 6388 6467 6389
12770 2 2 2 1 6389 6467 6468
12771 2 2 2 1 6389 6468 6390
12772 2 2 2 1 6390 6468 6469
12773 2 2 2 1 6390 6469 6391
12774 2 2 2 1 6391 6469 6470
12775 2 2 2 1 6391 6470 6392
12776 2 2 2 1 6392 6470 6471
12777 2 2 2 1 6392 6471 6393
12778 2 2 2 1 6393 6471 6472
12779 2 2 2 1 6393 6472 6394
12780 2 2 2 1 6394 6472 6473
12781 2 2 2 1 6394 6473 6395
12782 2 2 2 1 6395 6473 6474
12783 2 2 2 1 6395 6474 6396
12784 2 2 2 1 6396 6474 6475
12785 2 2 2 1 6396 6475 6397
12786 2 2 2 1 6397 6475 6476
12787 2 2 2 1 6397 6476 6398
12788 2 2 2 1 6398 6476 6477
12789 2 2 2 1 6398 6477 6399
12790 2 2 2 1 6399 6477 6478
12791 2 2 2 1 6399 6478 6400
12792 2 2 2 1 6400 6478 6479
12793 2 2 2 1 6400 6479 6401
12794 2 2 2 1 6401 6479 6480
12795 2 2 2 1 6401 6480 6402
12796 2 2 2 1 6402 6480 6481
12797 2 2 2 1 6402 6481 6403
12798 2 2 2 1 6403 6481 6482
12799 2 2 2 1 6403 6482 165
12800 2 2 2 1 165 6482 164
12801 2 2 2 1 82 83 6404
12802 2 2 2 1 6404 83 6483
12803 2 2 2 1 6404 6483 6405
12804 2 2 2 1 6405 6483 6484
12805 2 2 2 1 6405 6484 6406
12806 2 2 2 1 6406 6484 6485
12807 2 2 2 1 6406 6485 6407
12808 2 2 2 1 6407 6485 6486
12809 2 2 2 1 6407 6486 6408
12810 2 2 2 1 6408 6486 6487
12811 2 2 2 1 6408 6487 6409
12812 2 2 2 1 6409 6487 6488
12813 2 2 2 1 6409 6488 6410
12814 2 2 2 1 6410 6488 6489
12815 2 2 2 1 6410 6489 6411
12816 2 2 2 1 6411 6489 6490
12817 2 2 2 1 6411 6490 6412
12818 2 2 2 1 6412 6490 6491
12819 2 2 2 1 6412 6491 6413
12820 2 2 2 1 6413 6491 6492
12821 2 2 2 1 6413 6492 6414
12822 2 2 2 1 6414 6492 6493
12823 2 2 2 1 6414 6493 6415
12824 2 2 2 1 6415 6493 6494
12825 2 2 2 1 6415 6494 6416
12826 2 2 2 1 6416 6494 6495
12827 2 2 2 1 6416 6495 6417
12828 2 2 2 1 6417 6495 6496
12829 2 2 2 1 6417 6496 6418
12830 2 2 2 1 6418 6496 6497
12831 2 2 2 1 6418 6497 6419
12832 2 2 2 1 6419 6497 6498
12833 2 2 2 1 6419 6498 6420
12834 2 2 2 1 6420 6498 6499
12835 2 2 2 1 6420 6499 6421
12836 2 2 2 1 6421 6499 6500
12837 2 2 2 1 6421 6500 6422
12838 2 2 2 1 6422 6500 6501
12839 2 2 2 1 6422 6501 6423
12840 2 2 2 1 6423 6501 6502
12841 2 2 2 1 6423 6502 6424
12842 2 2 2 1 6424 6502 6503
12843 2 2 2 1 6424 6503 6425
12844 2 2 2 1 6425 6503 6504
12845 2 2 2 1 6425 6504 6426
12846 2 2 2 1 6426 6504 6505
12847 2 2 2 1 6426 6505 6427
12848 2 2 2 1 6427 6505 6506
12849 2 2 2 1 6427 6506 6428
12850 2 2 2 1 6428 6506 6507
12851 2 2 2 1 6428 6507 6429
12852 2 2 2 1 6429 6507 6508
12853 2 2 2 1 6429 6508 6430
12854 2 2 2 1 6430 6508 6509
12855 2 2 2 1 6430 6509 6431
12856 2 2 2 1 6431 6509 6510
12857 2 2 2 1 6431 6510 6432
12858 2 2 2 1 6432 6510 6511
12859 2 2 2 1 6432 6511 6433
12860 2 2 2 1 6433 6511 6512
12861 2 2 2 1 6433 6512 6434
12862 2 2 2 1 6434 6512 6513
12863 2 2 2 1 6434 6513 6435
12864 2 2 2 1 6435 6513 6514
12865 2 2 2 1 6435 6514 6436
12866 2 2 2 1 6436 6514 6515
12867 2 2 2 1 6436 6515 6437
12868 2 2 2 1 6437 6515 6516
12869 2 2 2 1 6437 6516 6438
12870 2 2 2 1 6438 6516 6517
12871 2 2 2 1 6438 6517 6439
12872 2 2 2 1 6439 6517 6518
12873 2 2 2 1 6439 6518 6440
12874 2 2 2 1 6440 6518 6519
12875 2 2 2 1 6440 6519 6441
12876 2 2 2 1 6441 6519 6520
12877 2 2 2 1 6441 6520 6442
12878 2 2 2 1 6442 6520 6521
12879 2 2 2 1 6442 6521 6443
12880 2 2 2 1 6443 6521 6522
12881 2 2 2 1 6443 6522 6444
12882 2 2 2 1 6444 6522 6523
12883 2 2 2 1 6444 6523 6445
12884 2 2 2 1 6445 6523 6524
12885 2 2 2 1 6445 6524 6446
12886 2 2 2 1 6446 6524 6525
12887 2 2 2 1 6446 6525 6447
12888 2 2 2 1 6447 6525 6526
12889 2 2 2 1 6447 6526 6448
12890 2 2 2 1 6448 6526 6527
12891 2 2 2 1 6448 6527 6449
12892 2 2 2 1 6449 6527 6528
12893 2 2 2 1 6449 6528 6450
12894 2 2 2 1 6450 6528 6529
12895 2 2 2 1 6450 6529 6451
12896 2 2 2 1 6451 6529 6530
12897 2 2 2 1 6451 6530 6452
12898 2 2 2 1 6452 6530 6531
12899 2 2 2 1 6452 6531 6453
12900 2 2 2 1 6453 6531 6532
12901 2 2 2 1 6453 6532 6454
12902 2 2 2 1 6454 6532 6533
12903 2 2 2 1 6454 6533 6455
12904 2 2 2 1 6455 6533 6534
12905 2 2 2 1 6455 6534 6456
12906 2 2 2 1 6456 6534 6535
12907 2 2 2 1 6456 6535 6457
12908 2 2 2 1 6457 6535 6536
12909 2 2 2 1 6457 6536 6458
12910 2 2 2 1 6458 6536 6537
12911 2 2 2 1 6458 6537 6459
12912 2 2 2 1 6459 6537 6538
12913 2 2 2 1 6459 6538 6460
12914 2 2 2 1 6460 6538 6539
12915 2 2 2 1 6460 6539 6461
12916 2 2 2 1 6461 6539 6540
12917 2 2 2 1 6461 6540 6462
12918 2 2 2 1 6462 6540 6541
12919 2 2 2 1 6462 6541 6463
12920 2 2 2 1 6463 6541 6542
12921 2 2 2 1 6463 6542 6464
12922 2 2 2 1 6464 6542 6543
12923 2 2 2 1 6464 6543 6465
12924 2 2 2 1 6465 6543 6544
12925 2 2 2 1 6465 6544 6466
12926 2 2 2 1 6466 6544 6545
12927 2 2 2 1 6466 6545 6467
12928 2 2 2 1 6467 6545 6546
12929 2 2 2 1 6467 6546 6468
12930 2 2 2 1 6468 6546 6547
12931 2 2 2 1 6468 6547 6469
12932 2 2 2 1 6469 6547 6548
12933 2 2 2 1 6469 6548 6470
12934 2 2 2 1 6470 6548 6549
12935 2 2 2 1 6470 6549 6471
12936 2 2 2 1 6471 6549 6550
12937 2 2 2 1 6471 6550 6472
12938 2 2 2 1 6472 6550 6551
12939 2 2 2 1 6472 6551 6473
12940 2 2 2 1 6473 6551 6552
12941 2 2 2 1 6473 6552 6474
12942 2 2 2 1 6474 6552 6553
12943 2 2 2 1 6474 6553 6475
12944 2 2 2 1 6475 6553 6554
12945 2 2 2 1 6475 6554 6476
12946 2 2 2 1 6476 6554 6555
12947 2 2 2 1 6476 6555 6477
12948 2 2 2 1 6477 6555 6556
12949 2 2 2 1 6477 6556 6478
12950 2 2 2 1 6478 6556 6557
12951 2 2 2 1 6478 6557 6479
12952 2 2 2 1 6479 6557 6558
12953 2 2 2 1 6479 6558 6480
12954 2 2 2 1 6480 6558 6559
12955 2 2 2 1 6480 6559 6481
12956 2 2 2 1 6481 6559 6560
12957 2 2 2 1 6481 6560 6482
12958 2 2 2 1 6482 6560 6561
12959 2 2 2 1 6482 6561 164
12960 2 2 2 1 164 6561 163
12961 2 2 2 1 83 2 6483
12962 2 2 2 1 6483 2 84
12963 2 2 2 1 6483 84 6484
12964 2 2 2 1 6484 84 85
12965 2 2 2 1 6484 85 6485
12966 2 2 2 1 6485 85 86
12967 2 2 2 1 6485 86 6486
12968 2 2 2 1 6486 86 87
12969 2 2 2 1 6486 87 6487
12970 2 2 2 1 6487 87 88
12971 2 2 2 1 6487 88 6488
12972 2 2 2 1 6488 88 89
12973 2 2 2 1 6488 89 6489
12974 2 2 2 1 6489 89 90
12975 2 2 2 1 6489 90 6490
12976 2 2 2 1 6490 90 91
12977 2 2 2 1 6490 91 6491
12978 2 2 2 1 6491 91 92
12979 2 2 2 1 6491 92 6492
12980 2 2 2 1 6492 92 93
12981 2 2 2 1 6492 93 6493
12982 2 2 2 1 6493 93 94
12983 2 2 2 1 6493 94 6494
12984 2 2 2 1 6494 94 95
12985 2 2 2 1 6494 95 6495
12986 2 2 2 1 6495 95 96
12987 2 2 2 1 6495 96 6496
12988 2 2 2 1 6496 96 97
12989 2 2 2 1 6496 97 6497
12990 2 2 2 1 6497 97 98
12991 2 2 2 1 6497 98 6498
12992 2 2 2 1 6498 98 99
12993 2 2 2 1 6498 99 6499
12994 2 2 2 1 6499 99 100
12995 2 2 2 1 6499 100 6500
12996 2 2 2 1 6500 100 101
12997 2 2 2 1 6500 101 6501
12998 2 2 2 1 6501 101 102
12999 2 2 2 1 6501 102 6502
13000 2 2 2 1 6502 102 103
13001 2 2 2 1 6502 103 6503
13002 2 2 2 1 6503 103 104
13003 2 2 2 1 6503 104 6504
13004 2 2 2 1 6504 104 105
13005 2 2 2 1 6504 105 6505
13006 2 2 2 1 6505 105 106
13007 2 2 2 1 6505 106 6506
13008 2 2 2 1 6506 106 107
13009 2 2 2 1 6506 107 6507
13010 2 2 2 1 6507 107 108
13011 2 2 2 1 6507 108 6508
13012 2 2 2 1 6508 108 109
13013 2 2 2 1 6508 109 6509
13014 2 2 2 1 6509 109 110
13015 2 2 2 1 6509 110 6510
13016 2 2 2 1 6510 110 111
13017 2 2 2 1 6510 111 6511
13018 2 2 2 1 6511 111 112
13019 2 2 2 1 6511 112 6512
13020 2 2 2 1 6512 112 113
13021 2 2 2 1 6512 113 6513
13022 2 2 2 1 6513 113 114
13023 2 2 2 1 6513 114 6514
13024 2 2 2 1 6514 114 115
13025 2 2 2 1 6514 115 6515
13026 2 2 2 1 6515 115 116
13027 2 2 2 1 6515 116 6516
13028 2 2 2 1 6516 116 117
13029 2 2 2 1 6516 117 6517
13030 2 2 2 1 6517 117 118
13031 2 2 2 1 6517 118 6518
13032 2 2 2 1 6518 118 119
13033 2 2 2 1 6518 119 6519
13034 2 2 2 1 6519 119 120
13035 2 2 2 1 6519 120 6520
13036 2 2 2 1 6520 120 121
13037 2 2 2 1 6520 121 6521
13038 2 2 2 1 6521 121 122
13039 2 2 2 1 6521 122 6522
13040 2 2 2 1 6522 122 123
13041 2 2 2 1 6522 123 6523
13042 2 2 2 1 6523 123 124
13043 2 2 2 1 6523 124 6524
13044 2 2 2 1 6524 124 125
13045 2 2 2 1 6524 125 6525
13046 2 2 2 1 6525 125 126
13047 2 2 2 1 6525 126 6526
13048 2 2 2 1 6526 126 127
13049 2 2 2 1 6526 127 6527
13050 2 2 2 1 6527 127 128
13051 2 2 2 1 6527 128 6528
13052 2 2 2 1 6528 128 129
13053 2 2 2 1 6528 129 6529
13054 2 2 2 1 6529 129 130
13055 2 2 2 1 6529 130 6530
13056 2 2 2 1 6530 130 131
13057 2 2 2 1 6530 131 6531
13058 2 2 2 1 6531 131 132
13059 2 2 2 1 6531 132 6532
13060 2 2 2 1 6532 132 133
13061 2 2 2 1 6532 133 6533
13062 2 2 2 1 6533 133 134
13063 2 2 2 1 6533 134 6534
13064 2 2 2 1 6534 134 135
13065 2 2 2 1 6534 135 6535
13066 2 2 2 1 6535 135 136
13067 2 2 2 1 6535 136 6536
13068 2 2 2 1 6536 136 137
13069 2 2 2 1 6536 137 6537
13070 2 2 2 1 6537 137 138
13071 2 2 2 1 6537 138 6538
13072 2 2 2 1 6538 138 139
13073 2 2 2 1 6538 139 6539
13074 2 2 2 1 6539 139 140
13075 2 2 2 1 6539 140 6540
13076 2 2 2 1 6540 140 141
13077 2 2 2 1 6540 141 6541
13078 2 2 2 1 6541 141 142
13079 2 2 2 1 6541 142 6542
13080 2 2 2 1 6542 142 143
13081 2 2 2 1 6542 143 6543
13082 2 2 2 1 6543 143 144
13083 2 2 2 1 6543 144 6544
13084 2 2 2 1 6544 144 145
13085 2 2 2 1 6544 145 6545
13086 2 2 2 1 6545 145 146
13087 2 2 2 1 6545 146 6546
13088 2 2 2 1 6546 146 147
13089 2 2 2 1 6546 147 6547
13090 2 2 2 1 6547 147 148
13091 2 2 2 1 6547 148 6548
13092 2 2 2 1 6548 148 149
13093 2 2 2 1 6548 149 6549
13094 2 2 2 1 6549 149 150
13095 2 2 2 1 6549 150 6550
13096 2 2 2 1 6550 150 151
13097 2 2 2 1 6550 151 6551
13098 2 2 2 1 6551 151 152
13099 2 2 2 1 6551 152 6552
13100 2 2 2 1 6552 152 153
13101 2 2 2 1 6552 153 6553
13102 2 2 2 1 6553 153 154
13103 2 2 2 1 6553 154 6554
13104 2 2 2 1 6554 154 155
13105 2 2 2 1 6554 155 6555
13106 2 2 2 1 6555 155 156
13107 2 2 2 1 6555 156 6556
13108 2 2 2 1 6556 156 157
13109 2 2 2 1 6556 157 6557
13110 2 2 2 1 6557 157 158
13111 2 2 2 1 6557 158 6558
13112 2 2 2 1 6558 158 159
13113 2 2 2 1 6558 159 6559
13114 2 2 2 1 6559 159 160
13115 2 2 2 1 6559 160 6560
13116 2 2 2 1 6560 160 161
13117 2 2 2 1 6560 161 6561
13118 2 2 2 1 6561 161 162
13119 2 2 2 1 6561 162 163
13120 2 2 2 1 163 162 3
$EndElements
